令和３年経済センサス‐活動調査　事業所に関する集計－産業横断的集計－事業所数、従業者数,,,,,,,,,,,,,,,,,,,,
第３２－１－２７表　経営組織(5区分)別全事業所数及び従業者数－市区町村、町丁・大字,,,,,,,,,,,,,,,,,,,,
,,,,,,,,,,,,,,,,,,,,
,,,,,,,,,,,,,,,,,,,,
,,,,,経営組織,経営組織,経営組織,経営組織,経営組織,経営組織,経営組織,経営組織,経営組織,経営組織,経営組織,経営組織,経営組織,経営組織,経営組織,経営組織
,,,,,0_総数,0_総数,1_民営,1_民営,11_個人,11_個人,12_法人,12_法人,121_会社,121_会社,122_会社以外の法人,122_会社以外の法人,13_法人でない団体,13_法人でない団体,2_国、地方公共団体,2_国、地方公共団体
,,,,,事業所数,従業者数_男女計,事業所数,従業者数_男女計,事業所数,従業者数_男女計,事業所数,従業者数_男女計,事業所数,従業者数_男女計,事業所数,従業者数_男女計,事業所数,従業者数_男女計,事業所数,従業者数_男女計
,,,,,(事業所),(人),(事業所),(人),(事業所),(人),(事業所),(人),(事業所),(人),(事業所),(人),(事業所),(人),(事業所),(人)
市区町村・町丁大字コード,市区町村コード,都道府県名,市区町村名,町丁・大字名, ,,,,,,,,,,,,,,,
27100_大阪府大阪市,27100,大阪府,大阪市,,"178,312","2,394,461","177,184","2,308,581","51,271","152,295","125,137","2,153,758","113,668","1,925,109","11,469","228,649",776,"2,528","1,128","85,880"
27102_大阪府大阪市都島区,27102,大阪府,大阪市都島区,,"4,730","48,529","4,697","45,997","1,508","4,501","3,175","41,427","2,889","33,478",286,"7,949",14,69,33,"2,532"
27102004600004600_大阪府大阪市都島区御幸町１丁目,27102,大阪府,大阪市都島区,御幸町１丁目,54,536,53,489,10,20,41,464,35,429,6,35,2,5,1,47
27102004600004700_大阪府大阪市都島区御幸町２丁目,27102,大阪府,大阪市都島区,御幸町２丁目,37,219,36,182,11,47,25,135,18,89,7,46,-,-,1,37
27102001500001500_大阪府大阪市都島区高倉町１丁目,27102,大阪府,大阪市都島区,高倉町１丁目,119,"1,044",119,"1,044",47,127,71,913,65,727,6,186,1,4,-,-
27102001500001600_大阪府大阪市都島区高倉町２丁目,27102,大阪府,大阪市都島区,高倉町２丁目,85,472,85,472,38,115,47,357,43,326,4,31,-,-,-,-
27102001500001700_大阪府大阪市都島区高倉町３丁目,27102,大阪府,大阪市都島区,高倉町３丁目,79,928,78,877,22,62,56,815,56,815,-,-,-,-,1,51
27102001300001300_大阪府大阪市都島区善源寺町１丁目,27102,大阪府,大阪市都島区,善源寺町１丁目,99,983,97,786,33,110,64,676,60,652,4,24,-,-,2,197
27102001300001400_大阪府大阪市都島区善源寺町２丁目,27102,大阪府,大阪市都島区,善源寺町２丁目,60,447,60,447,20,80,40,367,37,312,3,55,-,-,-,-
27102001800001800_大阪府大阪市都島区大東町１丁目,27102,大阪府,大阪市都島区,大東町１丁目,67,317,67,317,39,99,28,218,26,151,2,67,-,-,-,-
27102001800001900_大阪府大阪市都島区大東町２丁目,27102,大阪府,大阪市都島区,大東町２丁目,95,609,95,609,45,119,50,490,43,417,7,73,-,-,-,-
27102001800002000_大阪府大阪市都島区大東町３丁目,27102,大阪府,大阪市都島区,大東町３丁目,24,128,24,128,11,24,13,104,13,104,-,-,-,-,-,-
27102002400002400_大阪府大阪市都島区中野町１丁目,27102,大阪府,大阪市都島区,中野町１丁目,39,711,39,711,5,11,34,700,29,410,5,290,-,-,-,-
27102002400002500_大阪府大阪市都島区中野町２丁目,27102,大阪府,大阪市都島区,中野町２丁目,86,782,84,569,23,50,61,519,54,482,7,37,-,-,2,213
27102002400002600_大阪府大阪市都島区中野町３丁目,27102,大阪府,大阪市都島区,中野町３丁目,87,802,85,718,32,61,52,655,47,589,5,66,1,2,2,84
27102002400002700_大阪府大阪市都島区中野町４丁目,27102,大阪府,大阪市都島区,中野町４丁目,129,834,129,834,40,101,89,733,81,689,8,44,-,-,-,-
27102002400002800_大阪府大阪市都島区中野町５丁目,27102,大阪府,大阪市都島区,中野町５丁目,110,933,108,879,28,85,80,794,64,604,16,190,-,-,2,54
27102003600003600_大阪府大阪市都島区都島中通１丁目,27102,大阪府,大阪市都島区,都島中通１丁目,47,585,47,585,24,48,22,498,20,379,2,119,1,39,-,-
27102003600003700_大阪府大阪市都島区都島中通２丁目,27102,大阪府,大阪市都島区,都島中通２丁目,88,536,88,536,36,74,52,462,50,440,2,22,-,-,-,-
27102003600003800_大阪府大阪市都島区都島中通３丁目,27102,大阪府,大阪市都島区,都島中通３丁目,103,539,103,539,43,100,59,438,50,261,9,177,1,1,-,-
27102004400004400_大阪府大阪市都島区都島南通１丁目,27102,大阪府,大阪市都島区,都島南通１丁目,62,478,62,478,26,55,36,423,32,233,4,190,-,-,-,-
27102004400004500_大阪府大阪市都島区都島南通２丁目,27102,大阪府,大阪市都島区,都島南通２丁目,112,632,112,632,59,143,53,489,47,254,6,235,-,-,-,-
27102003400003400_大阪府大阪市都島区都島北通１丁目,27102,大阪府,大阪市都島区,都島北通１丁目,155,"1,680",154,"1,455",58,210,96,"1,245",88,"1,009",8,236,-,-,1,225
27102003400003500_大阪府大阪市都島区都島北通２丁目,27102,大阪府,大阪市都島区,都島北通２丁目,143,696,143,696,50,99,93,597,86,520,7,77,-,-,-,-
27102003900003900_大阪府大阪市都島区都島本通１丁目,27102,大阪府,大阪市都島区,都島本通１丁目,110,742,110,742,26,108,83,632,77,603,6,29,1,2,-,-
27102003900004000_大阪府大阪市都島区都島本通２丁目,27102,大阪府,大阪市都島区,都島本通２丁目,85,"3,343",84,"3,275",29,87,53,"3,186",49,779,4,"2,407",2,2,1,68
27102003900004100_大阪府大阪市都島区都島本通３丁目,27102,大阪府,大阪市都島区,都島本通３丁目,206,"1,418",205,"1,378",93,251,112,"1,127",92,790,20,337,-,-,1,40
27102003900004200_大阪府大阪市都島区都島本通４丁目,27102,大阪府,大阪市都島区,都島本通４丁目,101,"1,023",99,802,36,101,63,701,56,570,7,131,-,-,2,221
27102003900004300_大阪府大阪市都島区都島本通５丁目,27102,大阪府,大阪市都島区,都島本通５丁目,59,700,59,700,12,51,47,649,42,491,5,158,-,-,-,-
27102002900002900_大阪府大阪市都島区東野田町１丁目,27102,大阪府,大阪市都島区,東野田町１丁目,177,"3,025",175,"2,980",39,165,136,"2,815",130,"2,343",6,472,-,-,2,45
27102002900003000_大阪府大阪市都島区東野田町２丁目,27102,大阪府,大阪市都島区,東野田町２丁目,453,"5,309",453,"5,309",56,263,397,"5,046",382,"4,245",15,801,-,-,-,-
27102002900003100_大阪府大阪市都島区東野田町３丁目,27102,大阪府,大阪市都島区,東野田町３丁目,213,"1,557",213,"1,557",83,310,130,"1,247",123,"1,217",7,30,-,-,-,-
27102002900003200_大阪府大阪市都島区東野田町４丁目,27102,大阪府,大阪市都島区,東野田町４丁目,173,"3,868",172,"3,782",44,152,128,"3,630",116,"3,543",12,87,-,-,1,86
27102002900003300_大阪府大阪市都島区東野田町５丁目,27102,大阪府,大阪市都島区,東野田町５丁目,162,"1,168",161,"1,133",79,251,82,882,69,497,13,385,-,-,1,35
27102000200000200_大阪府大阪市都島区内代町１丁目,27102,大阪府,大阪市都島区,内代町１丁目,89,431,89,431,33,92,56,339,50,273,6,66,-,-,-,-
27102000200000300_大阪府大阪市都島区内代町２丁目,27102,大阪府,大阪市都島区,内代町２丁目,95,624,95,624,37,90,57,533,51,500,6,33,1,1,-,-
27102000200000400_大阪府大阪市都島区内代町３丁目,27102,大阪府,大阪市都島区,内代町３丁目,33,231,32,200,15,38,17,162,16,160,1,2,-,-,1,31
27102000200000500_大阪府大阪市都島区内代町４丁目,27102,大阪府,大阪市都島区,内代町４丁目,32,144,32,144,12,20,20,124,19,123,1,1,-,-,-,-
27102000600000600_大阪府大阪市都島区片町１丁目,27102,大阪府,大阪市都島区,片町１丁目,117,"1,067",117,"1,067",20,41,96,"1,025",87,907,9,118,1,1,-,-
27102000600000700_大阪府大阪市都島区片町２丁目,27102,大阪府,大阪市都島区,片町２丁目,217,"2,873",216,"2,748",46,171,170,"2,577",160,"2,491",10,86,-,-,1,125
27102000800000800_大阪府大阪市都島区毛馬町１丁目,27102,大阪府,大阪市都島区,毛馬町１丁目,40,409,40,409,10,27,30,382,25,344,5,38,-,-,-,-
27102000800000900_大阪府大阪市都島区毛馬町２丁目,27102,大阪府,大阪市都島区,毛馬町２丁目,84,798,82,730,42,117,40,613,33,515,7,98,-,-,2,68
27102000800001000_大阪府大阪市都島区毛馬町３丁目,27102,大阪府,大阪市都島区,毛馬町３丁目,15,149,13,87,3,4,10,83,9,79,1,4,-,-,2,62
27102000800001100_大阪府大阪市都島区毛馬町４丁目,27102,大阪府,大阪市都島区,毛馬町４丁目,29,155,29,155,13,26,16,129,14,80,2,49,-,-,-,-
27102000800001200_大阪府大阪市都島区毛馬町５丁目,27102,大阪府,大阪市都島区,毛馬町５丁目,30,476,29,384,4,14,25,370,23,333,2,37,-,-,1,92
27102000100000100_大阪府大阪市都島区網島町,27102,大阪府,大阪市都島区,網島町,54,787,53,766,11,19,42,747,32,574,10,173,-,-,1,21
27102002100002100_大阪府大阪市都島区友渕町１丁目,27102,大阪府,大阪市都島区,友渕町１丁目,108,"1,234",104,516,22,54,81,461,74,347,7,114,1,1,4,718
27102002100002200_大阪府大阪市都島区友渕町２丁目,27102,大阪府,大阪市都島区,友渕町２丁目,114,"1,360",113,"1,348",30,178,83,"1,170",80,"1,151",3,19,-,-,1,12
27102002100002300_大阪府大阪市都島区友渕町３丁目,27102,大阪府,大阪市都島区,友渕町３丁目,54,747,54,747,13,31,39,705,36,631,3,74,2,11,-,-
27102999999999999_大阪府大阪市都島区その他,27102,大阪府,大阪市都島区,その他,-,-,-,-,-,-,-,-,-,-,-,-,-,-,-,-
27103_大阪府大阪市福島区,27103,大阪府,大阪市福島区,,"4,845","61,968","4,798","59,396","1,312","3,921","3,463","55,417","3,191","50,350",272,"5,067",23,58,47,"2,572"
27103000100000100_大阪府大阪市福島区海老江１丁目,27103,大阪府,大阪市福島区,海老江１丁目,154,"4,462",153,"4,421",19,74,132,"4,337",127,"4,258",5,79,2,10,1,41
27103000100000200_大阪府大阪市福島区海老江２丁目,27103,大阪府,大阪市福島区,海老江２丁目,71,918,71,918,20,70,51,848,42,498,9,350,-,-,-,-
27103000100000300_大阪府大阪市福島区海老江３丁目,27103,大阪府,大阪市福島区,海老江３丁目,69,"1,048",69,"1,048",17,26,52,"1,022",51,"1,021",1,1,-,-,-,-
27103000100000400_大阪府大阪市福島区海老江４丁目,27103,大阪府,大阪市福島区,海老江４丁目,23,90,23,90,11,25,12,65,11,60,1,5,-,-,-,-
27103000100000500_大阪府大阪市福島区海老江５丁目,27103,大阪府,大阪市福島区,海老江５丁目,105,983,105,983,29,86,75,897,72,870,3,27,1,-,-,-
27103000100000600_大阪府大阪市福島区海老江６丁目,27103,大阪府,大阪市福島区,海老江６丁目,49,523,47,461,11,22,36,439,27,265,9,174,-,-,2,62
27103000100000700_大阪府大阪市福島区海老江７丁目,27103,大阪府,大阪市福島区,海老江７丁目,98,713,98,713,31,121,67,592,63,558,4,34,-,-,-,-
27103000100000800_大阪府大阪市福島区海老江８丁目,27103,大阪府,大阪市福島区,海老江８丁目,55,498,52,466,14,32,38,434,35,393,3,41,-,-,3,32
27103003700003700_大阪府大阪市福島区吉野１丁目,27103,大阪府,大阪市福島区,吉野１丁目,139,"1,833",139,"1,833",35,90,104,"1,743",96,"1,220",8,523,-,-,-,-
27103003700003800_大阪府大阪市福島区吉野２丁目,27103,大阪府,大阪市福島区,吉野２丁目,186,"1,394",186,"1,394",90,222,96,"1,172",89,985,7,187,-,-,-,-
27103003700003900_大阪府大阪市福島区吉野３丁目,27103,大阪府,大阪市福島区,吉野３丁目,162,"1,351",158,"1,243",58,215,97,"1,017",86,916,11,101,3,11,4,108
27103003700004000_大阪府大阪市福島区吉野４丁目,27103,大阪府,大阪市福島区,吉野４丁目,157,"1,628",156,"1,463",45,129,108,"1,331",92,"1,087",16,244,3,3,1,165
27103003700004100_大阪府大阪市福島区吉野５丁目,27103,大阪府,大阪市福島区,吉野５丁目,71,732,70,690,11,52,59,638,55,527,4,111,-,-,1,42
27103001900001900_大阪府大阪市福島区玉川１丁目,27103,大阪府,大阪市福島区,玉川１丁目,62,806,61,753,7,14,54,739,47,640,7,99,-,-,1,53
27103001900002000_大阪府大阪市福島区玉川２丁目,27103,大阪府,大阪市福島区,玉川２丁目,67,828,65,732,13,41,52,691,43,506,9,185,-,-,2,96
27103001900002100_大阪府大阪市福島区玉川３丁目,27103,大阪府,大阪市福島区,玉川３丁目,59,629,59,629,18,71,41,558,39,554,2,4,-,-,-,-
27103001900002200_大阪府大阪市福島区玉川４丁目,27103,大阪府,大阪市福島区,玉川４丁目,95,656,95,656,29,92,65,562,53,493,12,69,1,2,-,-
27103001300001300_大阪府大阪市福島区鷺洲１丁目,27103,大阪府,大阪市福島区,鷺洲１丁目,77,"2,101",77,"2,101",27,91,50,"2,010",48,"1,965",2,45,-,-,-,-
27103001300001400_大阪府大阪市福島区鷺洲２丁目,27103,大阪府,大阪市福島区,鷺洲２丁目,101,560,101,560,44,97,57,463,50,362,7,101,-,-,-,-
27103001300001500_大阪府大阪市福島区鷺洲３丁目,27103,大阪府,大阪市福島区,鷺洲３丁目,74,378,74,378,29,125,45,253,43,222,2,31,-,-,-,-
27103001300001600_大阪府大阪市福島区鷺洲４丁目,27103,大阪府,大阪市福島区,鷺洲４丁目,37,365,37,365,11,31,26,334,25,329,1,5,-,-,-,-
27103001300001700_大阪府大阪市福島区鷺洲５丁目,27103,大阪府,大阪市福島区,鷺洲５丁目,60,712,58,660,8,51,50,609,47,596,3,13,-,-,2,52
27103001300001800_大阪府大阪市福島区鷺洲６丁目,27103,大阪府,大阪市福島区,鷺洲６丁目,6,70,5,30,-,-,5,30,5,30,-,-,-,-,1,40
27103000900000900_大阪府大阪市福島区大開１丁目,27103,大阪府,大阪市福島区,大開１丁目,165,"1,038",164,876,90,214,74,662,65,551,9,111,-,-,1,162
27103000900001000_大阪府大阪市福島区大開２丁目,27103,大阪府,大阪市福島区,大開２丁目,106,876,104,712,35,73,69,639,65,586,4,53,-,-,2,164
27103000900001100_大阪府大阪市福島区大開３丁目,27103,大阪府,大阪市福島区,大開３丁目,86,902,86,902,23,53,63,849,62,842,1,7,-,-,-,-
27103000900001200_大阪府大阪市福島区大開４丁目,27103,大阪府,大阪市福島区,大開４丁目,29,"1,023",29,"1,023",-,-,29,"1,023",28,813,1,210,-,-,-,-
27103002900002900_大阪府大阪市福島区福島１丁目,27103,大阪府,大阪市福島区,福島１丁目,220,"3,600",209,"2,595",60,180,147,"2,412",140,"2,347",7,65,2,3,11,"1,005"
27103002900003000_大阪府大阪市福島区福島２丁目,27103,大阪府,大阪市福島区,福島２丁目,180,"2,562",180,"2,562",64,176,116,"2,386",109,"2,233",7,153,-,-,-,-
27103002900003100_大阪府大阪市福島区福島３丁目,27103,大阪府,大阪市福島区,福島３丁目,155,"1,549",154,"1,538",47,141,106,"1,389",101,"1,377",5,12,1,8,1,11
27103002900003200_大阪府大阪市福島区福島４丁目,27103,大阪府,大阪市福島区,福島４丁目,101,"2,087",99,"2,031",12,42,86,"1,979",78,854,8,"1,125",1,10,2,56
27103002900003300_大阪府大阪市福島区福島５丁目,27103,大阪府,大阪市福島区,福島５丁目,389,"5,162",389,"5,162",100,328,287,"4,832",270,"4,740",17,92,2,2,-,-
27103002900003400_大阪府大阪市福島区福島６丁目,27103,大阪府,大阪市福島区,福島６丁目,217,"3,242",217,"3,242",42,157,174,"3,084",161,"2,960",13,124,1,1,-,-
27103002900003500_大阪府大阪市福島区福島７丁目,27103,大阪府,大阪市福島区,福島７丁目,359,"5,999",358,"5,968",103,337,254,"5,630",242,"5,492",12,138,1,1,1,31
27103002900003600_大阪府大阪市福島区福島８丁目,27103,大阪府,大阪市福島区,福島８丁目,147,935,147,935,47,121,100,814,95,744,5,70,-,-,-,-
27103002300002300_大阪府大阪市福島区野田１丁目,27103,大阪府,大阪市福島区,野田１丁目,400,"5,652",393,"5,367",28,87,361,"5,275",326,"5,091",35,184,4,5,7,285
27103002300002400_大阪府大阪市福島区野田２丁目,27103,大阪府,大阪市福島区,野田２丁目,86,"1,579",85,"1,553",21,65,64,"1,488",56,"1,445",8,43,-,-,1,26
27103002300002500_大阪府大阪市福島区野田３丁目,27103,大阪府,大阪市福島区,野田３丁目,88,522,88,522,39,105,49,417,42,307,7,110,-,-,-,-
27103002300002600_大阪府大阪市福島区野田４丁目,27103,大阪府,大阪市福島区,野田４丁目,40,485,40,485,1,8,39,477,39,477,-,-,-,-,-,-
27103002300002700_大阪府大阪市福島区野田５丁目,27103,大阪府,大阪市福島区,野田５丁目,60,524,59,481,21,33,37,446,34,349,3,97,1,2,1,43
27103002300002800_大阪府大阪市福島区野田６丁目,27103,大阪府,大阪市福島区,野田６丁目,40,953,38,855,2,24,36,831,32,787,4,44,-,-,2,98
27103999999999999_大阪府大阪市福島区その他,27103,大阪府,大阪市福島区,その他,-,-,-,-,-,-,-,-,-,-,-,-,-,-,-,-
27104_大阪府大阪市此花区,27104,大阪府,大阪市此花区,,"2,667","48,742","2,641","47,534",820,"2,170","1,810","45,319","1,605","42,177",205,"3,142",11,45,26,"1,208"
27104001700001700_大阪府大阪市此花区四貫島１丁目,27104,大阪府,大阪市此花区,四貫島１丁目,91,641,90,639,43,190,47,449,38,364,9,85,-,-,1,2
27104001700001800_大阪府大阪市此花区四貫島２丁目,27104,大阪府,大阪市此花区,四貫島２丁目,98,533,97,501,48,110,49,391,41,342,8,49,-,-,1,32
27104002500002500_大阪府大阪市此花区高見１丁目,27104,大阪府,大阪市此花区,高見１丁目,47,576,45,492,9,19,35,472,32,439,3,33,1,1,2,84
27104002500002600_大阪府大阪市此花区高見２丁目,27104,大阪府,大阪市此花区,高見２丁目,45,211,44,176,31,63,13,113,9,82,4,31,-,-,1,35
27104002500002700_大阪府大阪市此花区高見３丁目,27104,大阪府,大阪市此花区,高見３丁目,28,123,27,90,12,30,15,60,14,57,1,3,-,-,1,33
27104001400001400_大阪府大阪市此花区桜島１丁目,27104,大阪府,大阪市此花区,桜島１丁目,15,761,15,761,-,-,15,761,15,761,-,-,-,-,-,-
27104001400001500_大阪府大阪市此花区桜島２丁目,27104,大阪府,大阪市此花区,桜島２丁目,12,"4,689",12,"4,689",-,-,12,"4,689",12,"4,689",-,-,-,-,-,-
27104001400001600_大阪府大阪市此花区桜島３丁目,27104,大阪府,大阪市此花区,桜島３丁目,45,811,44,788,3,4,41,784,41,784,-,-,-,-,1,23
27104000800000800_大阪府大阪市此花区春日出中１丁目,27104,大阪府,大阪市此花区,春日出中１丁目,66,536,65,497,28,76,35,418,21,284,14,134,2,3,1,39
27104000800000900_大阪府大阪市此花区春日出中２丁目,27104,大阪府,大阪市此花区,春日出中２丁目,79,432,79,432,31,115,48,317,44,289,4,28,-,-,-,-
27104000800001000_大阪府大阪市此花区春日出中３丁目,27104,大阪府,大阪市此花区,春日出中３丁目,29,"2,447",29,"2,447",1,2,28,"2,445",27,"2,443",1,2,-,-,-,-
27104001100001100_大阪府大阪市此花区春日出南１丁目,27104,大阪府,大阪市此花区,春日出南１丁目,9,123,8,83,4,27,4,56,3,53,1,3,-,-,1,40
27104001100001200_大阪府大阪市此花区春日出南２丁目,27104,大阪府,大阪市此花区,春日出南２丁目,32,143,32,143,10,20,22,123,22,123,-,-,-,-,-,-
27104001100001300_大阪府大阪市此花区春日出南３丁目,27104,大阪府,大阪市此花区,春日出南３丁目,9,690,9,690,-,-,9,690,9,690,-,-,-,-,-,-
27104000500000500_大阪府大阪市此花区春日出北１丁目,27104,大阪府,大阪市此花区,春日出北１丁目,114,"1,251",111,805,47,126,61,675,47,485,14,190,3,4,3,446
27104000500000600_大阪府大阪市此花区春日出北２丁目,27104,大阪府,大阪市此花区,春日出北２丁目,76,490,76,490,36,101,40,389,32,306,8,83,-,-,-,-
27104000500000700_大阪府大阪市此花区春日出北３丁目,27104,大阪府,大阪市此花区,春日出北３丁目,32,310,31,261,13,21,18,240,16,225,2,15,-,-,1,49
27104002800002800_大阪府大阪市此花区常吉１丁目,27104,大阪府,大阪市此花区,常吉１丁目,31,521,31,521,-,-,31,521,31,521,-,-,-,-,-,-
27104002800002900_大阪府大阪市此花区常吉２丁目,27104,大阪府,大阪市此花区,常吉２丁目,70,894,70,894,1,2,69,892,61,873,8,19,-,-,-,-
27104004200004200_大阪府大阪市此花区西九条１丁目,27104,大阪府,大阪市此花区,西九条１丁目,142,"1,848",142,"1,848",38,81,104,"1,767",96,"1,676",8,91,-,-,-,-
27104004200004300_大阪府大阪市此花区西九条２丁目,27104,大阪府,大阪市此花区,西九条２丁目,73,481,73,481,32,73,40,400,34,363,6,37,1,8,-,-
27104004200004400_大阪府大阪市此花区西九条３丁目,27104,大阪府,大阪市此花区,西九条３丁目,138,722,138,722,62,166,75,543,65,480,10,63,1,13,-,-
27104004200004500_大阪府大阪市此花区西九条４丁目,27104,大阪府,大阪市此花区,西九条４丁目,47,441,46,395,16,53,30,342,26,283,4,59,-,-,1,46
27104004200004600_大阪府大阪市此花区西九条５丁目,27104,大阪府,大阪市此花区,西九条５丁目,45,"1,647",43,"1,605",6,15,37,"1,590",25,578,12,"1,012",-,-,2,42
27104004200004700_大阪府大阪市此花区西九条６丁目,27104,大阪府,大阪市此花区,西九条６丁目,12,391,10,273,2,3,8,270,6,259,2,11,-,-,2,118
27104004200004800_大阪府大阪市此花区西九条７丁目,27104,大阪府,大阪市此花区,西九条７丁目,8,207,8,207,-,-,8,207,8,207,-,-,-,-,-,-
27104000100000100_大阪府大阪市此花区朝日１丁目,27104,大阪府,大阪市此花区,朝日１丁目,14,185,14,185,2,2,12,183,9,63,3,120,-,-,-,-
27104000100000200_大阪府大阪市此花区朝日２丁目,27104,大阪府,大阪市此花区,朝日２丁目,22,149,22,149,4,10,18,139,16,98,2,41,-,-,-,-
27104003000003000_大阪府大阪市此花区伝法１丁目,27104,大阪府,大阪市此花区,伝法１丁目,17,222,17,222,7,15,10,207,10,207,-,-,-,-,-,-
27104003000003100_大阪府大阪市此花区伝法２丁目,27104,大阪府,大阪市此花区,伝法２丁目,44,317,44,317,24,52,20,265,13,95,7,170,-,-,-,-
27104003000003200_大阪府大阪市此花区伝法３丁目,27104,大阪府,大阪市此花区,伝法３丁目,30,209,29,172,13,21,16,151,8,75,8,76,-,-,1,37
27104003000003300_大阪府大阪市此花区伝法４丁目,27104,大阪府,大阪市此花区,伝法４丁目,32,477,31,467,13,24,18,443,16,373,2,70,-,-,1,10
27104003000003400_大阪府大阪市此花区伝法５丁目,27104,大阪府,大阪市此花区,伝法５丁目,48,451,48,451,20,63,28,388,23,348,5,40,-,-,-,-
27104003000003500_大阪府大阪市此花区伝法６丁目,27104,大阪府,大阪市此花区,伝法６丁目,30,257,30,257,13,34,17,223,11,112,6,111,-,-,-,-
27104001900001900_大阪府大阪市此花区島屋１丁目,27104,大阪府,大阪市此花区,島屋１丁目,39,"2,355",39,"2,355",7,26,32,"2,329",31,"2,323",1,6,-,-,-,-
27104001900002000_大阪府大阪市此花区島屋２丁目,27104,大阪府,大阪市此花区,島屋２丁目,19,357,18,299,4,7,14,292,12,269,2,23,-,-,1,58
27104001900002100_大阪府大阪市此花区島屋３丁目,27104,大阪府,大阪市此花区,島屋３丁目,51,660,51,660,8,32,43,628,38,575,5,53,-,-,-,-
27104001900002200_大阪府大阪市此花区島屋４丁目,27104,大阪府,大阪市此花区,島屋４丁目,59,"7,101",59,"7,101",-,-,59,"7,101",56,"6,998",3,103,-,-,-,-
27104001900002300_大阪府大阪市此花区島屋５丁目,27104,大阪府,大阪市此花区,島屋５丁目,34,"2,736",34,"2,736",-,-,33,"2,732",31,"2,723",2,9,1,4,-,-
27104001900002400_大阪府大阪市此花区島屋６丁目,27104,大阪府,大阪市此花区,島屋６丁目,90,"1,927",90,"1,927",4,44,86,"1,883",85,"1,875",1,8,-,-,-,-
27104003600003600_大阪府大阪市此花区酉島１丁目,27104,大阪府,大阪市此花区,酉島１丁目,27,165,26,141,15,40,11,101,8,67,3,34,-,-,1,24
27104003600003700_大阪府大阪市此花区酉島２丁目,27104,大阪府,大阪市此花区,酉島２丁目,13,143,12,106,2,23,10,83,9,81,1,2,-,-,1,37
27104003600003800_大阪府大阪市此花区酉島３丁目,27104,大阪府,大阪市此花区,酉島３丁目,48,334,48,334,17,36,31,298,27,264,4,34,-,-,-,-
27104003600003900_大阪府大阪市此花区酉島４丁目,27104,大阪府,大阪市此花区,酉島４丁目,14,247,14,247,2,17,12,230,10,187,2,43,-,-,-,-
27104003600004000_大阪府大阪市此花区酉島５丁目,27104,大阪府,大阪市此花区,酉島５丁目,42,951,42,951,5,6,37,945,37,945,-,-,-,-,-,-
27104003600004100_大阪府大阪市此花区酉島６丁目,27104,大阪府,大阪市此花区,酉島６丁目,24,233,24,233,8,10,16,223,14,221,2,2,-,-,-,-
27104004900004900_大阪府大阪市此花区梅香１丁目,27104,大阪府,大阪市此花区,梅香１丁目,115,445,115,445,68,148,47,297,38,229,9,68,-,-,-,-
27104004900005000_大阪府大阪市此花区梅香２丁目,27104,大阪府,大阪市此花区,梅香２丁目,30,184,30,184,8,20,22,164,21,161,1,3,-,-,-,-
27104004900005100_大阪府大阪市此花区梅香３丁目,27104,大阪府,大阪市此花区,梅香３丁目,184,964,183,938,103,243,80,695,70,626,10,69,-,-,1,26
27104000300000300_大阪府大阪市此花区梅町１丁目,27104,大阪府,大阪市此花区,梅町１丁目,15,394,15,394,-,-,15,394,15,394,-,-,-,-,-,-
27104000300000400_大阪府大阪市此花区梅町２丁目,27104,大阪府,大阪市此花区,梅町２丁目,54,968,54,968,-,-,54,968,53,967,1,1,-,-,-,-
27104005200005200_大阪府大阪市此花区北港１丁目,27104,大阪府,大阪市此花区,北港１丁目,27,941,27,941,-,-,26,929,26,929,-,-,1,12,-,-
27104005200005300_大阪府大阪市此花区北港２丁目,27104,大阪府,大阪市此花区,北港２丁目,35,663,35,663,-,-,34,663,33,662,1,1,1,-,-,-
27104005400005400_大阪府大阪市此花区北港白津１丁目,27104,大阪府,大阪市此花区,北港白津１丁目,63,"1,450",63,"1,450",-,-,63,"1,450",62,"1,437",1,13,-,-,-,-
27104005400005500_大阪府大阪市此花区北港白津２丁目,27104,大阪府,大阪市此花区,北港白津２丁目,13,434,12,425,-,-,12,425,10,346,2,79,-,-,1,9
27104005600005600_大阪府大阪市此花区北港緑地１丁目,27104,大阪府,大阪市此花区,北港緑地１丁目,5,79,5,79,-,-,5,79,4,77,1,2,-,-,-,-
27104005600005700_大阪府大阪市此花区北港緑地２丁目,27104,大阪府,大阪市此花区,北港緑地２丁目,22,687,21,669,-,-,21,669,21,669,-,-,-,-,1,18
27104400100400100_大阪府大阪市此花区夢洲中１丁目,27104,大阪府,大阪市此花区,夢洲中１丁目,-,-,-,-,-,-,-,-,-,-,-,-,-,-,-,-
27104005800005800_大阪府大阪市此花区夢洲東１丁目,27104,大阪府,大阪市此花区,夢洲東１丁目,13,135,13,135,-,-,13,135,12,122,1,13,-,-,-,-
27104999999999999_大阪府大阪市此花区その他,27104,大阪府,大阪市此花区,その他,1,3,1,3,-,-,1,3,1,3,-,-,-,-,-,-
27106_大阪府大阪市西区,27106,大阪府,大阪市西区,,"11,407","165,733","11,368","163,111","2,108","6,624","9,223","156,425","8,685","146,358",538,"10,067",37,62,39,"2,622"
27106003000003000_大阪府大阪市西区九条１丁目,27106,大阪府,大阪市西区,九条１丁目,277,"1,791",277,"1,791",134,408,143,"1,383",126,"1,080",17,303,-,-,-,-
27106003000003100_大阪府大阪市西区九条２丁目,27106,大阪府,大阪市西区,九条２丁目,120,596,118,561,65,163,52,397,48,376,4,21,1,1,2,35
27106003000003200_大阪府大阪市西区九条３丁目,27106,大阪府,大阪市西区,九条３丁目,80,321,80,321,38,81,41,238,35,198,6,40,1,2,-,-
27106003300003300_大阪府大阪市西区九条南１丁目,27106,大阪府,大阪市西区,九条南１丁目,74,"2,922",71,"2,391",11,24,60,"2,367",56,"1,573",4,794,-,-,3,531
27106003300003400_大阪府大阪市西区九条南２丁目,27106,大阪府,大阪市西区,九条南２丁目,176,"1,953",175,"1,918",51,121,123,"1,795",113,"1,649",10,146,1,2,1,35
27106003300003500_大阪府大阪市西区九条南３丁目,27106,大阪府,大阪市西区,九条南３丁目,137,"1,398",137,"1,398",36,134,101,"1,264",99,"1,170",2,94,-,-,-,-
27106003300003600_大阪府大阪市西区九条南４丁目,27106,大阪府,大阪市西区,九条南４丁目,144,728,143,696,51,130,92,566,89,559,3,7,-,-,1,32
27106000300000300_大阪府大阪市西区阿波座１丁目,27106,大阪府,大阪市西区,阿波座１丁目,370,"8,165",370,"8,165",40,95,328,"8,064",313,"7,953",15,111,2,6,-,-
27106000300000400_大阪府大阪市西区阿波座２丁目,27106,大阪府,大阪市西区,阿波座２丁目,102,"5,699",101,"5,652",6,25,95,"5,627",90,"5,587",5,40,-,-,1,47
27106000100000100_大阪府大阪市西区安治川１丁目,27106,大阪府,大阪市西区,安治川１丁目,29,257,29,257,3,9,25,246,25,246,-,-,1,2,-,-
27106000100000200_大阪府大阪市西区安治川２丁目,27106,大阪府,大阪市西区,安治川２丁目,34,477,34,477,5,14,29,463,29,463,-,-,-,-,-,-
27106002700002700_大阪府大阪市西区京町堀１丁目,27106,大阪府,大阪市西区,京町堀１丁目,651,"8,177",651,"8,177",150,406,499,"7,768",476,"7,577",23,191,2,3,-,-
27106002700002800_大阪府大阪市西区京町堀２丁目,27106,大阪府,大阪市西区,京町堀２丁目,174,"1,343",174,"1,343",47,117,127,"1,226",121,"1,134",6,92,-,-,-,-
27106002700002900_大阪府大阪市西区京町堀３丁目,27106,大阪府,大阪市西区,京町堀３丁目,71,"1,155",71,"1,155",18,64,52,"1,090",47,"1,057",5,33,1,1,-,-
27106003700003700_大阪府大阪市西区境川１丁目,27106,大阪府,大阪市西区,境川１丁目,71,836,71,836,14,51,57,785,51,544,6,241,-,-,-,-
27106003700003800_大阪府大阪市西区境川２丁目,27106,大阪府,大阪市西区,境川２丁目,65,871,65,871,4,18,61,853,60,847,1,6,-,-,-,-
27106001400001400_大阪府大阪市西区江戸堀１丁目,27106,大阪府,大阪市西区,江戸堀１丁目,"1,067","14,947","1,064","14,862",169,535,889,"14,316",841,"13,667",48,649,6,11,3,85
27106001400001500_大阪府大阪市西区江戸堀２丁目,27106,大阪府,大阪市西区,江戸堀２丁目,160,"4,388",159,"4,332",24,85,133,"4,244",123,"3,897",10,347,2,3,1,56
27106001400001600_大阪府大阪市西区江戸堀３丁目,27106,大阪府,大阪市西区,江戸堀３丁目,95,"1,575",95,"1,575",18,118,76,"1,455",69,"1,312",7,143,1,2,-,-
27106001700001700_大阪府大阪市西区江之子島１丁目,27106,大阪府,大阪市西区,江之子島１丁目,140,"1,045",140,"1,045",34,104,106,941,102,810,4,131,-,-,-,-
27106001700001800_大阪府大阪市西区江之子島２丁目,27106,大阪府,大阪市西区,江之子島２丁目,20,"1,404",19,"1,317",1,1,18,"1,316",16,478,2,838,-,-,1,87
27106003900003900_大阪府大阪市西区新町１丁目,27106,大阪府,大阪市西区,新町１丁目,820,"10,651",819,"10,629",159,467,660,"10,162",625,"9,853",35,309,-,-,1,22
27106003900004000_大阪府大阪市西区新町２丁目,27106,大阪府,大阪市西区,新町２丁目,197,"4,110",197,"4,110",35,157,162,"3,953",157,"3,889",5,64,-,-,-,-
27106003900004100_大阪府大阪市西区新町３丁目,27106,大阪府,大阪市西区,新町３丁目,155,"2,120",155,"2,120",39,106,116,"2,014",109,"1,897",7,117,-,-,-,-
27106003900004200_大阪府大阪市西区新町４丁目,27106,大阪府,大阪市西区,新町４丁目,139,"1,909",138,"1,720",25,114,113,"1,606",96,"1,236",17,370,-,-,1,189
27106004900004900_大阪府大阪市西区西本町１丁目,27106,大阪府,大阪市西区,西本町１丁目,816,"13,154",816,"13,154",101,317,711,"12,827",678,"12,536",33,291,4,10,-,-
27106004900005000_大阪府大阪市西区西本町２丁目,27106,大阪府,大阪市西区,西本町２丁目,152,"3,293",152,"3,293",17,41,135,"3,252",129,"3,171",6,81,-,-,-,-
27106004900005100_大阪府大阪市西区西本町３丁目,27106,大阪府,大阪市西区,西本町３丁目,70,897,70,897,9,34,61,863,56,806,5,57,-,-,-,-
27106004300004300_大阪府大阪市西区千代崎１丁目,27106,大阪府,大阪市西区,千代崎１丁目,83,634,83,634,26,94,57,540,53,462,4,78,-,-,-,-
27106004300004400_大阪府大阪市西区千代崎２丁目,27106,大阪府,大阪市西区,千代崎２丁目,104,713,104,713,33,92,71,621,66,567,5,54,-,-,-,-
27106004300004500_大阪府大阪市西区千代崎３丁目,27106,大阪府,大阪市西区,千代崎３丁目,134,"4,316",133,"4,276",1,6,132,"4,270",131,"4,263",1,7,-,-,1,40
27106001900001900_大阪府大阪市西区川口１丁目,27106,大阪府,大阪市西区,川口１丁目,17,141,16,91,3,9,13,82,12,80,1,2,-,-,1,50
27106001900002000_大阪府大阪市西区川口２丁目,27106,大阪府,大阪市西区,川口２丁目,42,"1,224",40,865,2,32,37,830,29,760,8,70,1,3,2,359
27106001900002100_大阪府大阪市西区川口３丁目,27106,大阪府,大阪市西区,川口３丁目,77,743,77,743,17,32,60,711,54,682,6,29,-,-,-,-
27106001900002200_大阪府大阪市西区川口４丁目,27106,大阪府,大阪市西区,川口４丁目,70,600,70,600,18,38,52,562,52,562,-,-,-,-,-,-
27106004600004600_大阪府大阪市西区土佐堀１丁目,27106,大阪府,大阪市西区,土佐堀１丁目,268,"6,311",268,"6,311",33,105,232,"6,200",212,"5,278",20,922,3,6,-,-
27106004600004700_大阪府大阪市西区土佐堀２丁目,27106,大阪府,大阪市西区,土佐堀２丁目,66,"3,375",66,"3,375",8,37,58,"3,338",56,"3,303",2,35,-,-,-,-
27106004600004800_大阪府大阪市西区土佐堀３丁目,27106,大阪府,大阪市西区,土佐堀３丁目,29,453,29,453,8,18,21,435,20,432,1,3,-,-,-,-
27106005600005600_大阪府大阪市西区南堀江１丁目,27106,大阪府,大阪市西区,南堀江１丁目,471,"7,919",470,"7,887",60,210,409,"7,677",394,"6,713",15,964,1,-,1,32
27106005600005700_大阪府大阪市西区南堀江２丁目,27106,大阪府,大阪市西区,南堀江２丁目,128,"1,385",128,"1,385",26,77,102,"1,308",99,"1,295",3,13,-,-,-,-
27106005600005800_大阪府大阪市西区南堀江３丁目,27106,大阪府,大阪市西区,南堀江３丁目,176,"1,561",175,"1,505",40,134,135,"1,371",125,"1,242",10,129,-,-,1,56
27106005600005900_大阪府大阪市西区南堀江４丁目,27106,大阪府,大阪市西区,南堀江４丁目,246,"2,494",242,"2,274",49,165,193,"2,109",179,"1,946",14,163,-,-,4,220
27106002300002300_大阪府大阪市西区北堀江１丁目,27106,大阪府,大阪市西区,北堀江１丁目,736,"7,907",735,"7,870",130,448,605,"7,422",582,"7,227",23,195,-,-,1,37
27106002300002400_大阪府大阪市西区北堀江２丁目,27106,大阪府,大阪市西区,北堀江２丁目,200,"1,878",200,"1,878",30,121,170,"1,757",161,"1,602",9,155,-,-,-,-
27106002300002500_大阪府大阪市西区北堀江３丁目,27106,大阪府,大阪市西区,北堀江３丁目,116,"1,241",115,"1,138",23,53,92,"1,085",80,822,12,263,-,-,1,103
27106002300002600_大阪府大阪市西区北堀江４丁目,27106,大阪府,大阪市西区,北堀江４丁目,86,"1,175",82,792,15,29,67,763,58,671,9,92,-,-,4,383
27106005200005200_大阪府大阪市西区本田１丁目,27106,大阪府,大阪市西区,本田１丁目,46,384,45,335,17,57,28,278,25,224,3,54,-,-,1,49
27106005200005300_大阪府大阪市西区本田２丁目,27106,大阪府,大阪市西区,本田２丁目,92,951,92,951,29,88,63,863,57,512,6,351,-,-,-,-
27106005200005400_大阪府大阪市西区本田３丁目,27106,大阪府,大阪市西区,本田３丁目,77,482,77,482,20,84,57,398,49,361,8,37,-,-,-,-
27106005200005500_大阪府大阪市西区本田４丁目,27106,大阪府,大阪市西区,本田４丁目,52,392,52,392,10,20,42,372,39,366,3,6,-,-,-,-
27106000500000500_大阪府大阪市西区立売堀１丁目,27106,大阪府,大阪市西区,立売堀１丁目,365,"3,920",365,"3,920",45,163,320,"3,757",299,"3,627",21,130,-,-,-,-
27106000500000600_大阪府大阪市西区立売堀２丁目,27106,大阪府,大阪市西区,立売堀２丁目,126,"1,960",125,"1,882",8,27,117,"1,855",115,"1,836",2,19,-,-,1,78
27106000500000700_大阪府大阪市西区立売堀３丁目,27106,大阪府,大阪市西区,立売堀３丁目,78,"1,285",78,"1,285",12,50,66,"1,235",65,"1,233",1,2,-,-,-,-
27106000500000800_大阪府大阪市西区立売堀４丁目,27106,大阪府,大阪市西区,立売堀４丁目,125,"2,321",121,"2,238",14,60,107,"2,178",100,"2,085",7,93,-,-,4,83
27106000500000900_大阪府大阪市西区立売堀５丁目,27106,大阪府,大阪市西区,立売堀５丁目,91,"1,069",91,"1,069",13,76,78,993,74,962,4,31,-,-,-,-
27106000500001000_大阪府大阪市西区立売堀６丁目,27106,大阪府,大阪市西区,立売堀６丁目,37,255,37,255,6,8,31,247,31,247,-,-,-,-,-,-
27106001100001100_大阪府大阪市西区靱本町１丁目,27106,大阪府,大阪市西区,靱本町１丁目,636,"10,188",634,"10,175",76,262,553,"9,906",517,"9,361",36,545,5,7,2,13
27106001100001200_大阪府大阪市西区靱本町２丁目,27106,大阪府,大阪市西区,靱本町２丁目,131,"1,355",131,"1,355",12,39,114,"1,313",106,"1,261",8,52,5,3,-,-
27106001100001300_大阪府大阪市西区靱本町３丁目,27106,大阪府,大阪市西区,靱本町３丁目,96,919,96,919,20,51,76,868,66,811,10,57,-,-,-,-
27106999999999999_大阪府大阪市西区その他,27106,大阪府,大阪市西区,その他,-,-,-,-,-,-,-,-,-,-,-,-,-,-,-,-
27107_大阪府大阪市港区,27107,大阪府,大阪市港区,,"3,792","45,579","3,741","42,662","1,306","3,569","2,420","39,055","2,161","34,241",259,"4,814",15,38,51,"2,917"
27107004800004800_大阪府大阪市港区三先１丁目,27107,大阪府,大阪市港区,三先１丁目,87,887,85,840,36,128,49,712,43,547,6,165,-,-,2,47
27107004800004900_大阪府大阪市港区三先２丁目,27107,大阪府,大阪市港区,三先２丁目,81,480,80,440,48,116,30,322,26,270,4,52,2,2,1,40
27107005300005300_大阪府大阪市港区八幡屋１丁目,27107,大阪府,大阪市港区,八幡屋１丁目,89,439,89,439,56,157,33,282,30,249,3,33,-,-,-,-
27107005300005400_大阪府大阪市港区八幡屋２丁目,27107,大阪府,大阪市港区,八幡屋２丁目,77,357,77,357,54,132,23,225,22,211,1,14,-,-,-,-
27107005300005500_大阪府大阪市港区八幡屋３丁目,27107,大阪府,大阪市港区,八幡屋３丁目,37,334,35,269,15,37,20,232,15,192,5,40,-,-,2,65
27107005300005600_大阪府大阪市港区八幡屋４丁目,27107,大阪府,大阪市港区,八幡屋４丁目,17,252,17,252,2,5,15,247,5,25,10,222,-,-,-,-
27107000700000700_大阪府大阪市港区磯路１丁目,27107,大阪府,大阪市港区,磯路１丁目,53,"1,073",52,"1,015",17,47,35,968,27,548,8,420,-,-,1,58
27107000700000800_大阪府大阪市港区磯路２丁目,27107,大阪府,大阪市港区,磯路２丁目,129,"1,097",128,"1,063",53,179,74,878,65,780,9,98,1,6,1,34
27107000700000900_大阪府大阪市港区磯路３丁目,27107,大阪府,大阪市港区,磯路３丁目,144,"1,171",142,"1,081",60,217,80,859,63,687,17,172,2,5,2,90
27107001700001700_大阪府大阪市港区海岸通１丁目,27107,大阪府,大阪市港区,海岸通１丁目,73,"2,011",71,"1,911",4,16,66,"1,892",66,"1,892",-,-,1,3,2,100
27107001700001800_大阪府大阪市港区海岸通２丁目,27107,大阪府,大阪市港区,海岸通２丁目,42,757,41,641,-,-,41,641,40,641,1,-,-,-,1,116
27107001700001900_大阪府大阪市港区海岸通３丁目,27107,大阪府,大阪市港区,海岸通３丁目,30,762,27,616,-,-,27,616,26,615,1,1,-,-,3,146
27107001700002000_大阪府大阪市港区海岸通４丁目,27107,大阪府,大阪市港区,海岸通４丁目,25,368,25,368,-,-,25,368,25,368,-,-,-,-,-,-
27107002100002100_大阪府大阪市港区港晴１丁目,27107,大阪府,大阪市港区,港晴１丁目,32,272,31,248,18,30,13,218,10,156,3,62,-,-,1,24
27107002100002200_大阪府大阪市港区港晴２丁目,27107,大阪府,大阪市港区,港晴２丁目,53,"1,208",52,"1,189",13,48,39,"1,141",35,"1,126",4,15,-,-,1,19
27107002100002300_大阪府大阪市港区港晴３丁目,27107,大阪府,大阪市港区,港晴３丁目,62,343,62,343,29,123,33,220,29,169,4,51,-,-,-,-
27107002100002400_大阪府大阪市港区港晴４丁目,27107,大阪府,大阪市港区,港晴４丁目,48,324,48,324,16,50,32,274,31,260,1,14,-,-,-,-
27107002100002500_大阪府大阪市港区港晴５丁目,27107,大阪府,大阪市港区,港晴５丁目,17,304,17,304,-,-,17,304,16,303,1,1,-,-,-,-
27107001000001000_大阪府大阪市港区市岡１丁目,27107,大阪府,大阪市港区,市岡１丁目,133,"1,636",129,"1,200",56,175,71,"1,021",61,845,10,176,2,4,4,436
27107001000001100_大阪府大阪市港区市岡２丁目,27107,大阪府,大阪市港区,市岡２丁目,66,969,65,909,16,34,49,875,45,860,4,15,-,-,1,60
27107001000001200_大阪府大阪市港区市岡３丁目,27107,大阪府,大阪市港区,市岡３丁目,54,333,53,298,16,44,36,252,34,246,2,6,1,2,1,35
27107001000001300_大阪府大阪市港区市岡４丁目,27107,大阪府,大阪市港区,市岡４丁目,23,257,23,257,8,21,15,236,15,236,-,-,-,-,-,-
27107001400001400_大阪府大阪市港区市岡元町１丁目,27107,大阪府,大阪市港区,市岡元町１丁目,80,688,80,688,15,53,65,635,62,613,3,22,-,-,-,-
27107001400001500_大阪府大阪市港区市岡元町２丁目,27107,大阪府,大阪市港区,市岡元町２丁目,119,670,118,583,50,119,68,464,64,402,4,62,-,-,1,87
27107001400001600_大阪府大阪市港区市岡元町３丁目,27107,大阪府,大阪市港区,市岡元町３丁目,84,791,83,760,39,99,44,661,40,634,4,27,-,-,1,31
27107000400000400_大阪府大阪市港区石田１丁目,27107,大阪府,大阪市港区,石田１丁目,16,297,16,297,-,-,16,297,16,297,-,-,-,-,-,-
27107000400000500_大阪府大阪市港区石田２丁目,27107,大阪府,大阪市港区,石田２丁目,12,163,12,163,-,-,12,163,12,163,-,-,-,-,-,-
27107000400000600_大阪府大阪市港区石田３丁目,27107,大阪府,大阪市港区,石田３丁目,27,499,27,499,-,-,27,499,26,492,1,7,-,-,-,-
27107000100000100_大阪府大阪市港区池島１丁目,27107,大阪府,大阪市港区,池島１丁目,24,184,23,138,16,52,7,86,4,23,3,63,-,-,1,46
27107000100000200_大阪府大阪市港区池島２丁目,27107,大阪府,大阪市港区,池島２丁目,8,76,7,42,4,8,3,34,2,6,1,28,-,-,1,34
27107000100000300_大阪府大阪市港区池島３丁目,27107,大阪府,大阪市港区,池島３丁目,11,107,11,107,1,1,10,106,6,20,4,86,-,-,-,-
27107002900002900_大阪府大阪市港区築港１丁目,27107,大阪府,大阪市港区,築港１丁目,58,"1,061",55,989,18,63,37,926,22,371,15,555,-,-,3,72
27107002900003000_大阪府大阪市港区築港２丁目,27107,大阪府,大阪市港区,築港２丁目,65,"2,407",65,"2,407",12,21,52,"2,383",45,"2,252",7,131,1,3,-,-
27107002900003100_大阪府大阪市港区築港３丁目,27107,大阪府,大阪市港区,築港３丁目,97,"1,018",95,928,24,73,71,855,58,592,13,263,-,-,2,90
27107002900003200_大阪府大阪市港区築港４丁目,27107,大阪府,大阪市港区,築港４丁目,96,"2,005",91,"1,439",21,91,67,"1,340",57,"1,200",10,140,3,8,5,566
27107002600002600_大阪府大阪市港区田中１丁目,27107,大阪府,大阪市港区,田中１丁目,47,215,47,215,27,63,20,152,19,123,1,29,-,-,-,-
27107002600002700_大阪府大阪市港区田中２丁目,27107,大阪府,大阪市港区,田中２丁目,64,587,62,544,25,55,37,489,36,477,1,12,-,-,2,43
27107002600002800_大阪府大阪市港区田中３丁目,27107,大阪府,大阪市港区,田中３丁目,17,262,15,215,5,16,10,199,6,38,4,161,-,-,2,47
27107005000005000_大阪府大阪市港区南市岡１丁目,27107,大阪府,大阪市港区,南市岡１丁目,56,505,55,361,22,44,33,317,26,160,7,157,-,-,1,144
27107005000005100_大阪府大阪市港区南市岡２丁目,27107,大阪府,大阪市港区,南市岡２丁目,77,512,76,478,28,74,48,404,46,402,2,2,-,-,1,34
27107005000005200_大阪府大阪市港区南市岡３丁目,27107,大阪府,大阪市港区,南市岡３丁目,69,374,69,374,41,92,28,282,26,279,2,3,-,-,-,-
27107003300003300_大阪府大阪市港区波除１丁目,27107,大阪府,大阪市港区,波除１丁目,39,407,39,407,5,14,34,393,33,363,1,30,-,-,-,-
27107003300003400_大阪府大阪市港区波除２丁目,27107,大阪府,大阪市港区,波除２丁目,61,536,60,472,14,30,46,442,42,391,4,51,-,-,1,64
27107003300003500_大阪府大阪市港区波除３丁目,27107,大阪府,大阪市港区,波除３丁目,127,868,126,827,63,209,63,618,60,529,3,89,-,-,1,41
27107003300003600_大阪府大阪市港区波除４丁目,27107,大阪府,大阪市港区,波除４丁目,71,362,71,362,33,60,38,302,30,205,8,97,-,-,-,-
27107003300003700_大阪府大阪市港区波除５丁目,27107,大阪府,大阪市港区,波除５丁目,60,867,60,867,21,45,39,822,27,578,12,244,-,-,-,-
27107003300003800_大阪府大阪市港区波除６丁目,27107,大阪府,大阪市港区,波除６丁目,42,669,42,669,3,11,39,658,36,593,3,65,-,-,-,-
27107003900003900_大阪府大阪市港区福崎１丁目,27107,大阪府,大阪市港区,福崎１丁目,36,"1,035",36,"1,035",2,5,34,"1,030",33,"1,029",1,1,-,-,-,-
27107003900004000_大阪府大阪市港区福崎２丁目,27107,大阪府,大阪市港区,福崎２丁目,94,"2,165",94,"2,165",7,16,87,"2,149",84,"2,020",3,129,-,-,-,-
27107003900004100_大阪府大阪市港区福崎３丁目,27107,大阪府,大阪市港区,福崎３丁目,55,"1,554",55,"1,554",1,1,54,"1,553",53,"1,539",1,14,-,-,-,-
27107004200004200_大阪府大阪市港区弁天１丁目,27107,大阪府,大阪市港区,弁天１丁目,149,"3,967",145,"3,659",11,41,133,"3,617",125,"3,457",8,160,1,1,4,308
27107004200004300_大阪府大阪市港区弁天２丁目,27107,大阪府,大阪市港区,弁天２丁目,69,733,67,693,26,75,41,618,32,391,9,227,-,-,2,40
27107004200004400_大阪府大阪市港区弁天３丁目,27107,大阪府,大阪市港区,弁天３丁目,92,857,92,857,41,81,51,776,48,747,3,29,-,-,-,-
27107004200004500_大阪府大阪市港区弁天４丁目,27107,大阪府,大阪市港区,弁天４丁目,108,637,108,637,55,125,53,512,48,369,5,143,-,-,-,-
27107004200004600_大阪府大阪市港区弁天５丁目,27107,大阪府,大阪市港区,弁天５丁目,93,504,93,504,42,91,51,413,51,413,-,-,-,-,-,-
27107004200004700_大阪府大阪市港区弁天６丁目,27107,大阪府,大阪市港区,弁天６丁目,52,781,52,781,7,25,45,756,44,755,1,1,-,-,-,-
27107005700005700_大阪府大阪市港区夕凪１丁目,27107,大阪府,大阪市港区,夕凪１丁目,114,521,114,521,64,121,50,400,46,370,4,30,-,-,-,-
27107005700005800_大阪府大阪市港区夕凪２丁目,27107,大阪府,大阪市港区,夕凪２丁目,131,"1,061",131,"1,061",46,136,84,921,67,722,17,199,1,4,-,-
27107999999999999_大阪府大阪市港区その他,27107,大阪府,大阪市港区,その他,-,-,-,-,-,-,-,-,-,-,-,-,-,-,-,-
27108_大阪府大阪市大正区,27108,大阪府,大阪市大正区,,"3,027","31,084","2,991","29,595","1,086","2,975","1,897","26,610","1,714","22,970",183,"3,640",8,10,36,"1,489"
27108001800001800_大阪府大阪市大正区三軒家西１丁目,27108,大阪府,大阪市大正区,三軒家西１丁目,152,779,150,748,80,211,69,537,60,382,9,155,1,-,2,31
27108001800001900_大阪府大阪市大正区三軒家西２丁目,27108,大阪府,大阪市大正区,三軒家西２丁目,71,307,71,307,36,82,35,225,32,198,3,27,-,-,-,-
27108001800002000_大阪府大阪市大正区三軒家西３丁目,27108,大阪府,大阪市大正区,三軒家西３丁目,45,481,45,481,15,41,30,440,28,423,2,17,-,-,-,-
27108002100002100_大阪府大阪市大正区三軒家東１丁目,27108,大阪府,大阪市大正区,三軒家東１丁目,175,"1,127",175,"1,127",82,264,93,863,82,617,11,246,-,-,-,-
27108002100002200_大阪府大阪市大正区三軒家東２丁目,27108,大阪府,大阪市大正区,三軒家東２丁目,66,818,63,734,10,34,53,700,48,657,5,43,-,-,3,84
27108002100002300_大阪府大阪市大正区三軒家東３丁目,27108,大阪府,大阪市大正区,三軒家東３丁目,82,"1,159",82,"1,159",15,34,67,"1,125",65,"1,120",2,5,-,-,-,-
27108002100002400_大阪府大阪市大正区三軒家東４丁目,27108,大阪府,大阪市大正区,三軒家東４丁目,83,725,82,671,25,97,57,574,47,520,10,54,-,-,1,54
27108002100002500_大阪府大阪市大正区三軒家東５丁目,27108,大阪府,大阪市大正区,三軒家東５丁目,76,749,75,745,22,103,53,642,47,431,6,211,-,-,1,4
27108002100002600_大阪府大阪市大正区三軒家東６丁目,27108,大阪府,大阪市大正区,三軒家東６丁目,25,109,25,109,11,27,14,82,9,50,5,32,-,-,-,-
27108001300001300_大阪府大阪市大正区小林西１丁目,27108,大阪府,大阪市大正区,小林西１丁目,89,"1,564",88,"1,453",13,34,74,"1,416",69,"1,334",5,82,1,3,1,111
27108001300001400_大阪府大阪市大正区小林西２丁目,27108,大阪府,大阪市大正区,小林西２丁目,95,567,95,567,37,105,58,462,57,435,1,27,-,-,-,-
27108001500001500_大阪府大阪市大正区小林東１丁目,27108,大阪府,大阪市大正区,小林東１丁目,36,336,36,336,12,29,24,307,24,307,-,-,-,-,-,-
27108001500001600_大阪府大阪市大正区小林東２丁目,27108,大阪府,大阪市大正区,小林東２丁目,28,368,27,339,6,15,21,324,18,169,3,155,-,-,1,29
27108001500001700_大阪府大阪市大正区小林東３丁目,27108,大阪府,大阪市大正区,小林東３丁目,57,598,54,316,17,44,37,272,35,267,2,5,-,-,3,282
27108002700002700_大阪府大阪市大正区千島１丁目,27108,大阪府,大阪市大正区,千島１丁目,131,"1,242",130,"1,210",49,152,81,"1,058",69,830,12,228,-,-,1,32
27108002700002800_大阪府大阪市大正区千島２丁目,27108,大阪府,大阪市大正区,千島２丁目,56,501,54,308,24,67,30,241,26,189,4,52,-,-,2,193
27108002700002900_大阪府大阪市大正区千島３丁目,27108,大阪府,大阪市大正区,千島３丁目,112,937,112,937,35,155,76,780,66,666,10,114,1,2,-,-
27108000100000100_大阪府大阪市大正区泉尾１丁目,27108,大阪府,大阪市大正区,泉尾１丁目,165,834,164,811,77,168,87,643,73,520,14,123,-,-,1,23
27108000100000200_大阪府大阪市大正区泉尾２丁目,27108,大阪府,大阪市大正区,泉尾２丁目,80,558,79,533,30,77,49,456,40,335,9,121,-,-,1,25
27108000100000300_大阪府大阪市大正区泉尾３丁目,27108,大阪府,大阪市大正区,泉尾３丁目,142,869,140,763,67,181,73,582,60,471,13,111,-,-,2,106
27108000100000400_大阪府大阪市大正区泉尾４丁目,27108,大阪府,大阪市大正区,泉尾４丁目,65,262,65,262,40,116,25,146,23,138,2,8,-,-,-,-
27108000100000500_大阪府大阪市大正区泉尾５丁目,27108,大阪府,大阪市大正区,泉尾５丁目,52,527,50,408,21,45,29,363,27,341,2,22,-,-,2,119
27108000100000600_大阪府大阪市大正区泉尾６丁目,27108,大阪府,大阪市大正区,泉尾６丁目,60,590,60,590,1,3,59,587,55,581,4,6,-,-,-,-
27108000100000700_大阪府大阪市大正区泉尾７丁目,27108,大阪府,大阪市大正区,泉尾７丁目,56,"1,048",55,"1,036",8,16,47,"1,020",45,990,2,30,-,-,1,12
27108004000004000_大阪府大阪市大正区船町１丁目,27108,大阪府,大阪市大正区,船町１丁目,30,"1,324",29,"1,314",-,-,28,"1,313",27,"1,311",1,2,1,1,1,10
27108004000004100_大阪府大阪市大正区船町２丁目,27108,大阪府,大阪市大正区,船町２丁目,6,990,6,990,-,-,6,990,6,990,-,-,-,-,-,-
27108003000003000_大阪府大阪市大正区鶴町１丁目,27108,大阪府,大阪市大正区,鶴町１丁目,63,771,62,761,13,59,49,702,44,592,5,110,-,-,1,10
27108003000003100_大阪府大阪市大正区鶴町２丁目,27108,大阪府,大阪市大正区,鶴町２丁目,60,"1,462",56,"1,300",23,54,33,"1,246",28,"1,035",5,211,-,-,4,162
27108003000003200_大阪府大阪市大正区鶴町３丁目,27108,大阪府,大阪市大正区,鶴町３丁目,49,387,48,375,14,34,34,341,29,258,5,83,-,-,1,12
27108003000003300_大阪府大阪市大正区鶴町４丁目,27108,大阪府,大阪市大正区,鶴町４丁目,37,711,37,711,7,13,30,698,28,673,2,25,-,-,-,-
27108003000003400_大阪府大阪市大正区鶴町５丁目,27108,大阪府,大阪市大正区,鶴町５丁目,29,491,29,491,1,3,28,488,28,488,-,-,-,-,-,-
27108004200004200_大阪府大阪市大正区南恩加島１丁目,27108,大阪府,大阪市大正区,南恩加島１丁目,34,303,33,293,6,23,27,270,24,259,3,11,-,-,1,10
27108004200004300_大阪府大阪市大正区南恩加島２丁目,27108,大阪府,大阪市大正区,南恩加島２丁目,53,335,53,335,24,61,29,274,27,258,2,16,-,-,-,-
27108004200004400_大阪府大阪市大正区南恩加島３丁目,27108,大阪府,大阪市大正区,南恩加島３丁目,41,154,40,125,30,55,10,70,9,69,1,1,-,-,1,29
27108004200004500_大阪府大阪市大正区南恩加島４丁目,27108,大阪府,大阪市大正区,南恩加島４丁目,38,534,38,534,4,36,34,498,33,491,1,7,-,-,-,-
27108004200004600_大阪府大阪市大正区南恩加島５丁目,27108,大阪府,大阪市大正区,南恩加島５丁目,115,"1,268",115,"1,268",15,27,100,"1,241",99,"1,181",1,60,-,-,-,-
27108004200004700_大阪府大阪市大正区南恩加島６丁目,27108,大阪府,大阪市大正区,南恩加島６丁目,47,446,46,415,17,55,29,360,28,359,1,1,-,-,1,31
27108004200004800_大阪府大阪市大正区南恩加島７丁目,27108,大阪府,大阪市大正区,南恩加島７丁目,16,607,16,607,-,-,15,606,15,606,-,-,1,1,-,-
27108003500003500_大阪府大阪市大正区平尾１丁目,27108,大阪府,大阪市大正区,平尾１丁目,18,352,18,352,-,-,18,352,17,348,1,4,-,-,-,-
27108003500003600_大阪府大阪市大正区平尾２丁目,27108,大阪府,大阪市大正区,平尾２丁目,33,178,31,106,17,49,12,55,12,55,-,-,2,2,2,72
27108003500003700_大阪府大阪市大正区平尾３丁目,27108,大阪府,大阪市大正区,平尾３丁目,54,210,54,210,34,77,20,133,20,133,-,-,-,-,-,-
27108003500003800_大阪府大阪市大正区平尾４丁目,27108,大阪府,大阪市大正区,平尾４丁目,81,334,81,334,48,106,33,228,28,171,5,57,-,-,-,-
27108003500003900_大阪府大阪市大正区平尾５丁目,27108,大阪府,大阪市大正区,平尾５丁目,66,300,66,300,48,104,18,196,14,172,4,24,-,-,-,-
27108000800000800_大阪府大阪市大正区北恩加島１丁目,27108,大阪府,大阪市大正区,北恩加島１丁目,58,944,58,944,12,24,46,920,46,920,-,-,-,-,-,-
27108000800000900_大阪府大阪市大正区北恩加島２丁目,27108,大阪府,大阪市大正区,北恩加島２丁目,8,118,7,108,3,5,4,103,4,103,-,-,-,-,1,10
27108001000001000_大阪府大阪市大正区北村１丁目,27108,大阪府,大阪市大正区,北村１丁目,41,152,41,152,20,39,20,112,18,96,2,16,1,1,-,-
27108001000001100_大阪府大阪市大正区北村２丁目,27108,大阪府,大阪市大正区,北村２丁目,28,305,28,305,16,50,12,255,12,255,-,-,-,-,-,-
27108001000001200_大阪府大阪市大正区北村３丁目,27108,大阪府,大阪市大正区,北村３丁目,23,"1,353",22,"1,315",1,1,21,"1,314",13,176,8,"1,138",-,-,1,38
27108999999999999_大阪府大阪市大正区その他,27108,大阪府,大阪市大正区,その他,-,-,-,-,-,-,-,-,-,-,-,-,-,-,-,-
27109_大阪府大阪市天王寺区,27109,大阪府,大阪市天王寺区,,"5,816","63,043","5,774","61,010","1,625","5,236","4,113","55,657","3,509","42,346",604,"13,311",36,117,42,"2,033"
27109004000004000_大阪府大阪市天王寺区四天王寺１丁目,27109,大阪府,大阪市天王寺区,四天王寺１丁目,104,"1,138",101,"1,075",47,131,54,944,40,513,14,431,-,-,3,63
27109004000004100_大阪府大阪市天王寺区四天王寺２丁目,27109,大阪府,大阪市天王寺区,四天王寺２丁目,22,188,22,188,3,6,19,182,18,178,1,4,-,-,-,-
27109007000007000_大阪府大阪市天王寺区六万体町,27109,大阪府,大阪市天王寺区,六万体町,65,824,61,416,24,65,37,351,25,267,12,84,-,-,4,408
27109002200002200_大阪府大阪市天王寺区逢阪１丁目,27109,大阪府,大阪市天王寺区,逢阪１丁目,43,347,43,347,12,20,30,320,25,297,5,23,1,7,-,-
27109002200002300_大阪府大阪市天王寺区逢阪２丁目,27109,大阪府,大阪市天王寺区,逢阪２丁目,82,558,82,558,22,67,60,491,51,372,9,119,-,-,-,-
27109003000003000_大阪府大阪市天王寺区烏ケ辻１丁目,27109,大阪府,大阪市天王寺区,烏ケ辻１丁目,88,"1,053",88,"1,053",26,126,61,925,54,858,7,67,1,2,-,-
27109003000003100_大阪府大阪市天王寺区烏ケ辻２丁目,27109,大阪府,大阪市天王寺区,烏ケ辻２丁目,38,656,37,579,20,53,17,526,15,118,2,408,-,-,1,77
27109002100002100_大阪府大阪市天王寺区餌差町,27109,大阪府,大阪市天王寺区,餌差町,50,562,48,466,6,10,42,456,23,259,19,197,-,-,2,96
27109004400004400_大阪府大阪市天王寺区下寺町１丁目,27109,大阪府,大阪市天王寺区,下寺町１丁目,22,112,22,112,2,4,20,108,3,25,17,83,-,-,-,-
27109004400004500_大阪府大阪市天王寺区下寺町２丁目,27109,大阪府,大阪市天王寺区,下寺町２丁目,30,124,30,124,3,5,27,119,15,96,12,23,-,-,-,-
27109004300004300_大阪府大阪市天王寺区下味原町,27109,大阪府,大阪市天王寺区,下味原町,50,648,50,648,16,69,34,579,34,579,-,-,-,-,-,-
27109004900004900_大阪府大阪市天王寺区玉造元町,27109,大阪府,大阪市天王寺区,玉造元町,214,"1,655",214,"1,655",84,263,130,"1,392",116,"1,190",14,202,-,-,-,-
27109004800004800_大阪府大阪市天王寺区玉造本町,27109,大阪府,大阪市天王寺区,玉造本町,102,892,101,833,31,104,69,728,62,647,7,81,1,1,1,59
27109002900002900_大阪府大阪市天王寺区空清町,27109,大阪府,大阪市天王寺区,空清町,46,541,46,541,10,28,36,513,30,244,6,269,-,-,-,-
27109003200003200_大阪府大阪市天王寺区空堀町,27109,大阪府,大阪市天王寺区,空堀町,110,714,110,714,37,88,73,626,70,574,3,52,-,-,-,-
27109003500003500_大阪府大阪市天王寺区国分町,27109,大阪府,大阪市天王寺区,国分町,111,"1,077",111,"1,077",42,114,69,963,64,907,5,56,-,-,-,-
27109003700003700_大阪府大阪市天王寺区細工谷１丁目,27109,大阪府,大阪市天王寺区,細工谷１丁目,21,282,21,282,9,38,12,244,9,44,3,200,-,-,-,-
27109003700003800_大阪府大阪市天王寺区細工谷２丁目,27109,大阪府,大阪市天王寺区,細工谷２丁目,14,28,14,28,6,10,8,18,7,17,1,1,-,-,-,-
27109005600005600_大阪府大阪市天王寺区寺田町１丁目,27109,大阪府,大阪市天王寺区,寺田町１丁目,31,375,30,332,8,15,22,317,20,140,2,177,-,-,1,43
27109005600005700_大阪府大阪市天王寺区寺田町２丁目,27109,大阪府,大阪市天王寺区,寺田町２丁目,87,615,87,615,38,120,47,492,45,442,2,50,2,3,-,-
27109006400006400_大阪府大阪市天王寺区舟橋町,27109,大阪府,大阪市天王寺区,舟橋町,97,522,97,522,49,151,48,371,45,357,3,14,-,-,-,-
27109002500002500_大阪府大阪市天王寺区勝山１丁目,27109,大阪府,大阪市天王寺区,勝山１丁目,43,138,43,138,14,37,29,101,25,88,4,13,-,-,-,-
27109002500002600_大阪府大阪市天王寺区勝山２丁目,27109,大阪府,大阪市天王寺区,勝山２丁目,95,563,95,563,33,87,62,476,57,461,5,15,-,-,-,-
27109002500002700_大阪府大阪市天王寺区勝山３丁目,27109,大阪府,大阪市天王寺区,勝山３丁目,75,371,75,371,31,76,43,290,40,272,3,18,1,5,-,-
27109002500002800_大阪府大阪市天王寺区勝山４丁目,27109,大阪府,大阪市天王寺区,勝山４丁目,49,227,49,227,19,65,30,162,29,137,1,25,-,-,-,-
27109003600003600_大阪府大阪市天王寺区小宮町,27109,大阪府,大阪市天王寺区,小宮町,34,204,32,97,11,25,21,72,18,68,3,4,-,-,2,107
27109002400002400_大阪府大阪市天王寺区小橋町,27109,大阪府,大阪市天王寺区,小橋町,116,"1,396",116,"1,396",24,63,92,"1,333",82,"1,126",10,207,-,-,-,-
27109006600006600_大阪府大阪市天王寺区松ケ鼻町,27109,大阪府,大阪市天王寺区,松ケ鼻町,24,156,24,156,8,14,16,142,11,54,5,88,-,-,-,-
27109000700000700_大阪府大阪市天王寺区上汐３丁目,27109,大阪府,大阪市天王寺区,上汐３丁目,144,920,144,920,64,203,79,716,74,630,5,86,1,1,-,-
27109000700000800_大阪府大阪市天王寺区上汐４丁目,27109,大阪府,大阪市天王寺区,上汐４丁目,33,455,31,371,7,39,24,332,19,307,5,25,-,-,2,84
27109000700000900_大阪府大阪市天王寺区上汐５丁目,27109,大阪府,大阪市天王寺区,上汐５丁目,55,580,55,580,24,78,31,502,25,379,6,123,-,-,-,-
27109000700001000_大阪府大阪市天王寺区上汐６丁目,27109,大阪府,大阪市天王寺区,上汐６丁目,49,488,49,488,20,45,27,440,24,418,3,22,2,3,-,-
27109001100001100_大阪府大阪市天王寺区上之宮町,27109,大阪府,大阪市天王寺区,上之宮町,36,493,33,451,7,22,26,429,22,235,4,194,-,-,3,42
27109001200001200_大阪府大阪市天王寺区上本町１丁目,27109,大阪府,大阪市天王寺区,上本町１丁目,27,193,27,193,7,18,20,175,20,175,-,-,-,-,-,-
27109001200001300_大阪府大阪市天王寺区上本町２丁目,27109,大阪府,大阪市天王寺区,上本町２丁目,16,169,16,169,4,10,12,159,5,42,7,117,-,-,-,-
27109001200001400_大阪府大阪市天王寺区上本町３丁目,27109,大阪府,大阪市天王寺区,上本町３丁目,29,277,29,277,7,19,22,258,22,258,-,-,-,-,-,-
27109001200001500_大阪府大阪市天王寺区上本町４丁目,27109,大阪府,大阪市天王寺区,上本町４丁目,23,87,23,87,6,19,17,68,13,56,4,12,-,-,-,-
27109001200001600_大阪府大阪市天王寺区上本町５丁目,27109,大阪府,大阪市天王寺区,上本町５丁目,92,770,92,770,16,59,75,710,64,633,11,77,1,1,-,-
27109001200001700_大阪府大阪市天王寺区上本町６丁目,27109,大阪府,大阪市天王寺区,上本町６丁目,499,"8,189",499,"8,189",122,464,377,"7,725",358,"7,432",19,293,-,-,-,-
27109001200001800_大阪府大阪市天王寺区上本町７丁目,27109,大阪府,大阪市天王寺区,上本町７丁目,44,271,44,271,7,40,37,231,31,204,6,27,-,-,-,-
27109001200001900_大阪府大阪市天王寺区上本町８丁目,27109,大阪府,大阪市天王寺区,上本町８丁目,109,"1,387",108,"1,315",24,88,82,"1,223",68,585,14,638,2,4,1,72
27109001200002000_大阪府大阪市天王寺区上本町９丁目,27109,大阪府,大阪市天王寺区,上本町９丁目,65,576,65,576,23,59,41,515,38,509,3,6,1,2,-,-
27109004700004700_大阪府大阪市天王寺区城南寺町,27109,大阪府,大阪市天王寺区,城南寺町,87,674,86,635,10,27,74,588,36,314,38,274,2,20,1,39
27109003900003900_大阪府大阪市天王寺区真田山町,27109,大阪府,大阪市天王寺区,真田山町,67,375,66,332,21,50,45,282,38,247,7,35,-,-,1,43
27109004600004600_大阪府大阪市天王寺区真法院町,27109,大阪府,大阪市天王寺区,真法院町,89,603,88,438,32,101,54,327,44,247,10,80,2,10,1,165
27109004200004200_大阪府大阪市天王寺区清水谷町,27109,大阪府,大阪市天王寺区,清水谷町,112,"1,360",111,"1,291",19,65,92,"1,226",80,990,12,236,-,-,1,69
27109000300000300_大阪府大阪市天王寺区生玉寺町,27109,大阪府,大阪市天王寺区,生玉寺町,62,724,62,724,5,51,57,673,28,330,29,343,-,-,-,-
27109000400000400_大阪府大阪市天王寺区生玉前町,27109,大阪府,大阪市天王寺区,生玉前町,170,"1,391",170,"1,391",49,184,119,"1,200",103,659,16,541,2,7,-,-
27109000500000500_大阪府大阪市天王寺区生玉町,27109,大阪府,大阪市天王寺区,生玉町,127,914,126,910,42,134,84,776,71,731,13,45,-,-,1,4
27109000600000600_大阪府大阪市天王寺区石ケ辻町,27109,大阪府,大阪市天王寺区,石ケ辻町,178,"1,828",178,"1,828",72,227,106,"1,601",97,"1,071",9,530,-,-,-,-
27109005000005000_大阪府大阪市天王寺区大道１丁目,27109,大阪府,大阪市天王寺区,大道１丁目,99,994,98,948,27,88,69,857,61,487,8,370,2,3,1,46
27109005000005100_大阪府大阪市天王寺区大道２丁目,27109,大阪府,大阪市天王寺区,大道２丁目,75,452,75,452,19,44,55,405,50,392,5,13,1,3,-,-
27109005000005200_大阪府大阪市天王寺区大道３丁目,27109,大阪府,大阪市天王寺区,大道３丁目,55,370,55,370,20,48,35,322,28,192,7,130,-,-,-,-
27109005000005300_大阪府大阪市天王寺区大道４丁目,27109,大阪府,大阪市天王寺区,大道４丁目,76,749,76,749,29,101,47,648,38,575,9,73,-,-,-,-
27109005000005400_大阪府大阪市天王寺区大道５丁目,27109,大阪府,大阪市天王寺区,大道５丁目,20,120,20,120,5,8,15,112,13,104,2,8,-,-,-,-
27109005500005500_大阪府大阪市天王寺区茶臼山町,27109,大阪府,大阪市天王寺区,茶臼山町,59,718,59,718,6,20,53,698,42,614,11,84,-,-,-,-
27109006100006100_大阪府大阪市天王寺区東高津町,27109,大阪府,大阪市天王寺区,東高津町,169,"1,949",169,"1,949",37,128,127,"1,793",103,"1,333",24,460,5,28,-,-
27109005800005800_大阪府大阪市天王寺区東上町,27109,大阪府,大阪市天王寺区,東上町,67,568,66,543,31,96,34,443,28,316,6,127,1,4,1,25
27109005900005900_大阪府大阪市天王寺区堂ケ芝１丁目,27109,大阪府,大阪市天王寺区,堂ケ芝１丁目,73,787,72,752,23,53,47,694,32,553,15,141,2,5,1,35
27109005900006000_大阪府大阪市天王寺区堂ケ芝２丁目,27109,大阪府,大阪市天王寺区,堂ケ芝２丁目,73,618,70,529,21,54,48,474,38,244,10,230,1,1,3,89
27109006700006700_大阪府大阪市天王寺区南河堀町,27109,大阪府,大阪市天王寺区,南河堀町,84,"1,122",84,"1,122",14,46,70,"1,076",56,664,14,412,-,-,-,-
27109006200006200_大阪府大阪市天王寺区悲田院町,27109,大阪府,大阪市天王寺区,悲田院町,408,"5,794",407,"5,790",30,126,373,"5,658",359,"5,429",14,229,4,6,1,4
27109006300006300_大阪府大阪市天王寺区筆ケ崎町,27109,大阪府,大阪市天王寺区,筆ケ崎町,89,"2,954",88,"2,921",18,110,70,"2,811",57,581,13,"2,230",-,-,1,33
27109003300003300_大阪府大阪市天王寺区北河堀町,27109,大阪府,大阪市天王寺区,北河堀町,62,"1,188",61,"1,114",10,34,51,"1,080",40,813,11,267,-,-,1,74
27109003400003400_大阪府大阪市天王寺区北山町,27109,大阪府,大阪市天王寺区,北山町,26,"1,696",25,"1,582",4,7,21,"1,575",14,181,7,"1,394",-,-,1,114
27109006500006500_大阪府大阪市天王寺区堀越町,27109,大阪府,大阪市天王寺区,堀越町,173,"2,072",172,"2,061",54,206,118,"1,855",109,"1,719",9,136,-,-,1,11
27109000100000100_大阪府大阪市天王寺区味原町,27109,大阪府,大阪市天王寺区,味原町,119,"1,388",116,"1,299",30,129,86,"1,170",76,"1,041",10,129,-,-,3,89
27109000200000200_大阪府大阪市天王寺区味原本町,27109,大阪府,大阪市天王寺区,味原本町,41,195,41,195,15,62,26,133,25,130,1,3,-,-,-,-
27109006800006800_大阪府大阪市天王寺区夕陽丘町,27109,大阪府,大阪市天王寺区,夕陽丘町,47,244,47,244,7,15,39,228,20,151,19,77,1,1,-,-
27109006900006900_大阪府大阪市天王寺区伶人町,27109,大阪府,大阪市天王寺区,伶人町,25,375,22,233,2,5,20,228,7,45,13,183,-,-,3,142
27109999999999999_大阪府大阪市天王寺区その他,27109,大阪府,大阪市天王寺区,その他,-,-,-,-,-,-,-,-,-,-,-,-,-,-,-,-
27111_大阪府大阪市浪速区,27111,大阪府,大阪市浪速区,,"5,257","73,570","5,224","71,682","1,268","4,030","3,930","67,522","3,650","62,074",280,"5,448",26,130,33,"1,888"
27111000100000100_大阪府大阪市浪速区芦原１丁目,27111,大阪府,大阪市浪速区,芦原１丁目,11,434,11,434,3,6,8,428,8,428,-,-,-,-,-,-
27111000100000200_大阪府大阪市浪速区芦原２丁目,27111,大阪府,大阪市浪速区,芦原２丁目,18,207,18,207,7,19,11,188,11,188,-,-,-,-,-,-
27111000300000300_大阪府大阪市浪速区稲荷１丁目,27111,大阪府,大阪市浪速区,稲荷１丁目,72,860,72,860,14,27,58,833,54,801,4,32,-,-,-,-
27111000300000400_大阪府大阪市浪速区稲荷２丁目,27111,大阪府,大阪市浪速区,稲荷２丁目,49,496,48,485,4,8,44,477,39,426,5,51,-,-,1,11
27111002400002400_大阪府大阪市浪速区塩草１丁目,27111,大阪府,大阪市浪速区,塩草１丁目,14,149,12,56,3,4,9,52,9,52,-,-,-,-,2,93
27111002400002500_大阪府大阪市浪速区塩草２丁目,27111,大阪府,大阪市浪速区,塩草２丁目,37,665,34,476,6,22,28,454,26,445,2,9,-,-,3,189
27111002400002600_大阪府大阪市浪速区塩草３丁目,27111,大阪府,大阪市浪速区,塩草３丁目,75,847,75,847,22,62,53,785,50,752,3,33,-,-,-,-
27111003200003200_大阪府大阪市浪速区下寺１丁目,27111,大阪府,大阪市浪速区,下寺１丁目,24,116,24,116,9,19,15,97,15,97,-,-,-,-,-,-
27111003200003300_大阪府大阪市浪速区下寺２丁目,27111,大阪府,大阪市浪速区,下寺２丁目,32,429,32,429,7,33,25,396,22,380,3,16,-,-,-,-
27111003200003400_大阪府大阪市浪速区下寺３丁目,27111,大阪府,大阪市浪速区,下寺３丁目,57,446,57,446,15,33,42,413,40,409,2,4,-,-,-,-
27111001500001500_大阪府大阪市浪速区久保吉１丁目,27111,大阪府,大阪市浪速区,久保吉１丁目,20,265,20,265,4,8,16,257,16,257,-,-,-,-,-,-
27111001500001600_大阪府大阪市浪速区久保吉２丁目,27111,大阪府,大阪市浪速区,久保吉２丁目,16,107,15,96,6,22,9,74,9,74,-,-,-,-,1,11
27111000500000500_大阪府大阪市浪速区恵美須西１丁目,27111,大阪府,大阪市浪速区,恵美須西１丁目,33,421,33,421,5,25,28,396,23,367,5,29,-,-,-,-
27111000500000600_大阪府大阪市浪速区恵美須西２丁目,27111,大阪府,大阪市浪速区,恵美須西２丁目,73,873,73,873,16,45,56,828,52,820,4,8,1,-,-,-
27111000500000700_大阪府大阪市浪速区恵美須西３丁目,27111,大阪府,大阪市浪速区,恵美須西３丁目,71,630,71,630,23,59,48,571,46,570,2,1,-,-,-,-
27111000800000800_大阪府大阪市浪速区恵美須東１丁目,27111,大阪府,大阪市浪速区,恵美須東１丁目,127,492,127,492,78,163,47,325,41,306,6,19,2,4,-,-
27111000800000900_大阪府大阪市浪速区恵美須東２丁目,27111,大阪府,大阪市浪速区,恵美須東２丁目,66,521,66,521,24,75,42,446,41,425,1,21,-,-,-,-
27111000800001000_大阪府大阪市浪速区恵美須東３丁目,27111,大阪府,大阪市浪速区,恵美須東３丁目,68,687,68,687,34,136,34,551,33,549,1,2,-,-,-,-
27111006000006000_大阪府大阪市浪速区元町１丁目,27111,大阪府,大阪市浪速区,元町１丁目,231,"2,728",229,"2,620",39,173,190,"2,447",174,"2,242",16,205,-,-,2,108
27111006000006100_大阪府大阪市浪速区元町２丁目,27111,大阪府,大阪市浪速区,元町２丁目,226,"1,498",226,"1,498",40,92,186,"1,406",166,"1,190",20,216,-,-,-,-
27111006000006200_大阪府大阪市浪速区元町３丁目,27111,大阪府,大阪市浪速区,元町３丁目,106,"1,249",106,"1,249",26,69,77,"1,176",74,"1,169",3,7,3,4,-,-
27111001700001700_大阪府大阪市浪速区幸町１丁目,27111,大阪府,大阪市浪速区,幸町１丁目,76,555,76,555,14,64,60,456,51,392,9,64,2,35,-,-
27111001700001800_大阪府大阪市浪速区幸町２丁目,27111,大阪府,大阪市浪速区,幸町２丁目,118,"1,810",118,"1,810",22,66,96,"1,744",89,"1,532",7,212,-,-,-,-
27111001700001900_大阪府大阪市浪速区幸町３丁目,27111,大阪府,大阪市浪速区,幸町３丁目,74,628,73,621,12,28,61,593,56,537,5,56,-,-,1,7
27111002000002000_大阪府大阪市浪速区桜川１丁目,27111,大阪府,大阪市浪速区,桜川１丁目,61,"1,321",61,"1,321",6,29,55,"1,292",50,"1,202",5,90,-,-,-,-
27111002000002100_大阪府大阪市浪速区桜川２丁目,27111,大阪府,大阪市浪速区,桜川２丁目,131,"1,104",130,"1,091",27,84,103,"1,007",102,999,1,8,-,-,1,13
27111002000002200_大阪府大阪市浪速区桜川３丁目,27111,大阪府,大阪市浪速区,桜川３丁目,64,691,64,691,21,48,43,643,42,642,1,1,-,-,-,-
27111002000002300_大阪府大阪市浪速区桜川４丁目,27111,大阪府,大阪市浪速区,桜川４丁目,120,"1,714",119,"1,709",27,67,92,"1,642",83,"1,464",9,178,-,-,1,5
27111001100001100_大阪府大阪市浪速区戎本町１丁目,27111,大阪府,大阪市浪速区,戎本町１丁目,77,746,76,710,22,74,53,635,52,626,1,9,1,1,1,36
27111001100001200_大阪府大阪市浪速区戎本町２丁目,27111,大阪府,大阪市浪速区,戎本町２丁目,41,584,40,499,14,64,26,435,24,424,2,11,-,-,1,85
27111003700003700_大阪府大阪市浪速区大国１丁目,27111,大阪府,大阪市浪速区,大国１丁目,84,"1,179",83,"1,139",28,71,55,"1,068",51,475,4,593,-,-,1,40
27111003700003800_大阪府大阪市浪速区大国２丁目,27111,大阪府,大阪市浪速区,大国２丁目,69,560,69,560,28,74,41,486,37,424,4,62,-,-,-,-
27111003700003900_大阪府大阪市浪速区大国３丁目,27111,大阪府,大阪市浪速区,大国３丁目,68,374,68,374,33,92,35,282,31,266,4,16,-,-,-,-
27111004700004700_大阪府大阪市浪速区難波中１丁目,27111,大阪府,大阪市浪速区,難波中１丁目,278,"3,434",278,"3,434",63,188,210,"3,215",195,"2,995",15,220,5,31,-,-
27111004700004800_大阪府大阪市浪速区難波中２丁目,27111,大阪府,大阪市浪速区,難波中２丁目,438,"7,057",438,"7,057",60,268,377,"6,787",365,"6,696",12,91,1,2,-,-
27111004700004900_大阪府大阪市浪速区難波中３丁目,27111,大阪府,大阪市浪速区,難波中３丁目,287,"3,175",285,"3,100",69,237,212,"2,859",193,"2,534",19,325,4,4,2,75
27111005000005000_大阪府大阪市浪速区日本橋３丁目,27111,大阪府,大阪市浪速区,日本橋３丁目,85,957,85,957,13,51,72,906,71,904,1,2,-,-,-,-
27111005000005100_大阪府大阪市浪速区日本橋４丁目,27111,大阪府,大阪市浪速区,日本橋４丁目,192,"1,666",192,"1,666",55,167,137,"1,499",130,"1,274",7,225,-,-,-,-
27111005000005200_大阪府大阪市浪速区日本橋５丁目,27111,大阪府,大阪市浪速区,日本橋５丁目,196,"2,173",194,"1,829",54,208,139,"1,611",126,977,13,634,1,10,2,344
27111005300005300_大阪府大阪市浪速区日本橋西１丁目,27111,大阪府,大阪市浪速区,日本橋西１丁目,128,"3,064",126,"2,987",30,98,96,"2,889",91,"2,851",5,38,-,-,2,77
27111005300005400_大阪府大阪市浪速区日本橋西２丁目,27111,大阪府,大阪市浪速区,日本橋西２丁目,53,521,53,521,14,45,39,476,37,432,2,44,-,-,-,-
27111005500005500_大阪府大阪市浪速区日本橋東１丁目,27111,大阪府,大阪市浪速区,日本橋東１丁目,58,612,58,612,9,19,49,593,46,498,3,95,-,-,-,-
27111005500005600_大阪府大阪市浪速区日本橋東２丁目,27111,大阪府,大阪市浪速区,日本橋東２丁目,40,426,40,426,12,67,28,359,25,304,3,55,-,-,-,-
27111005500005700_大阪府大阪市浪速区日本橋東３丁目,27111,大阪府,大阪市浪速区,日本橋東３丁目,84,863,83,859,31,101,52,758,48,712,4,46,-,-,1,4
27111002700002700_大阪府大阪市浪速区敷津西１丁目,27111,大阪府,大阪市浪速区,敷津西１丁目,76,716,74,697,24,43,50,654,47,639,3,15,-,-,2,19
27111002700002800_大阪府大阪市浪速区敷津西２丁目,27111,大阪府,大阪市浪速区,敷津西２丁目,105,986,105,986,30,106,75,880,64,744,11,136,-,-,-,-
27111002900002900_大阪府大阪市浪速区敷津東１丁目,27111,大阪府,大阪市浪速区,敷津東１丁目,76,"5,464",75,"5,246",14,48,61,"5,198",57,"5,120",4,78,-,-,1,218
27111002900003000_大阪府大阪市浪速区敷津東２丁目,27111,大阪府,大阪市浪速区,敷津東２丁目,193,"1,929",193,"1,929",83,316,107,"1,607",100,"1,536",7,71,3,6,-,-
27111002900003100_大阪府大阪市浪速区敷津東３丁目,27111,大阪府,大阪市浪速区,敷津東３丁目,48,542,47,507,5,10,41,496,38,436,3,60,1,1,1,35
27111005800005800_大阪府大阪市浪速区湊町１丁目,27111,大阪府,大阪市浪速区,湊町１丁目,217,"8,943",216,"8,782",7,37,208,"8,735",190,"7,723",18,"1,012",1,10,1,161
27111005800005900_大阪府大阪市浪速区湊町２丁目,27111,大阪府,大阪市浪速区,湊町２丁目,80,"3,300",80,"3,300",4,42,76,"3,258",69,"3,133",7,125,-,-,-,-
27111001300001300_大阪府大阪市浪速区木津川１丁目,27111,大阪府,大阪市浪速区,木津川１丁目,49,468,49,468,6,20,43,448,42,448,1,-,-,-,-,-
27111001300001400_大阪府大阪市浪速区木津川２丁目,27111,大阪府,大阪市浪速区,木津川２丁目,36,618,33,375,3,5,29,348,25,279,4,69,1,22,3,243
27111003500003500_大阪府大阪市浪速区立葉１丁目,27111,大阪府,大阪市浪速区,立葉１丁目,32,302,32,302,4,9,28,293,26,283,2,10,-,-,-,-
27111003500003600_大阪府大阪市浪速区立葉２丁目,27111,大阪府,大阪市浪速区,立葉２丁目,22,149,22,149,6,13,16,136,15,131,1,5,-,-,-,-
27111004000004000_大阪府大阪市浪速区浪速西１丁目,27111,大阪府,大阪市浪速区,浪速西１丁目,15,93,15,93,12,21,3,72,2,66,1,6,-,-,-,-
27111004000004100_大阪府大阪市浪速区浪速西２丁目,27111,大阪府,大阪市浪速区,浪速西２丁目,12,203,12,203,3,7,9,196,6,71,3,125,-,-,-,-
27111004000004200_大阪府大阪市浪速区浪速西３丁目,27111,大阪府,大阪市浪速区,浪速西３丁目,-,-,-,-,-,-,-,-,-,-,-,-,-,-,-,-
27111004000004300_大阪府大阪市浪速区浪速西４丁目,27111,大阪府,大阪市浪速区,浪速西４丁目,3,10,3,10,1,1,2,9,2,9,-,-,-,-,-,-
27111004400004400_大阪府大阪市浪速区浪速東１丁目,27111,大阪府,大阪市浪速区,浪速東１丁目,25,273,24,235,6,11,18,224,16,216,2,8,-,-,1,38
27111004400004500_大阪府大阪市浪速区浪速東２丁目,27111,大阪府,大阪市浪速区,浪速東２丁目,7,15,7,15,7,15,-,-,-,-,-,-,-,-,-,-
27111004400004600_大阪府大阪市浪速区浪速東３丁目,27111,大阪府,大阪市浪速区,浪速東３丁目,13,225,11,149,4,16,7,133,7,133,-,-,-,-,2,76
27111999999999999_大阪府大阪市浪速区その他,27111,大阪府,大阪市浪速区,その他,-,-,-,-,-,-,-,-,-,-,-,-,-,-,-,-
27113_大阪府大阪市西淀川区,27113,大阪府,大阪市西淀川区,,"4,048","52,295","4,015","50,691","1,143","2,972","2,860","47,674","2,622","42,271",238,"5,403",12,45,33,"1,604"
27113000100000100_大阪府大阪市西淀川区歌島１丁目,27113,大阪府,大阪市西淀川区,歌島１丁目,67,368,67,368,35,89,32,279,30,259,2,20,-,-,-,-
27113000100000200_大阪府大阪市西淀川区歌島２丁目,27113,大阪府,大阪市西淀川区,歌島２丁目,71,717,68,613,29,67,39,546,37,507,2,39,-,-,3,104
27113000100000300_大阪府大阪市西淀川区歌島３丁目,27113,大阪府,大阪市西淀川区,歌島３丁目,35,494,35,494,11,31,23,457,22,457,1,-,1,6,-,-
27113000100000400_大阪府大阪市西淀川区歌島４丁目,27113,大阪府,大阪市西淀川区,歌島４丁目,37,"1,561",37,"1,561",4,7,33,"1,554",30,"1,524",3,30,-,-,-,-
27113004200004200_大阪府大阪市西淀川区花川１丁目,27113,大阪府,大阪市西淀川区,花川１丁目,30,116,30,116,11,24,19,92,18,64,1,28,-,-,-,-
27113004200004300_大阪府大阪市西淀川区花川２丁目,27113,大阪府,大阪市西淀川区,花川２丁目,45,318,45,318,13,28,32,290,28,275,4,15,-,-,-,-
27113005800005800_大阪府大阪市西淀川区御幣島１丁目,27113,大阪府,大阪市西淀川区,御幣島１丁目,87,"1,242",84,969,17,59,67,910,62,855,5,55,-,-,3,273
27113005800005900_大阪府大阪市西淀川区御幣島２丁目,27113,大阪府,大阪市西淀川区,御幣島２丁目,172,"1,993",172,"1,993",61,183,110,"1,804",102,"1,760",8,44,1,6,-,-
27113005800006000_大阪府大阪市西淀川区御幣島３丁目,27113,大阪府,大阪市西淀川区,御幣島３丁目,62,"1,329",61,"1,288",11,14,49,"1,272",46,"1,238",3,34,1,2,1,41
27113005800006100_大阪府大阪市西淀川区御幣島４丁目,27113,大阪府,大阪市西淀川区,御幣島４丁目,49,417,49,417,22,44,27,373,24,266,3,107,-,-,-,-
27113005800006200_大阪府大阪市西淀川区御幣島５丁目,27113,大阪府,大阪市西淀川区,御幣島５丁目,84,"1,329",84,"1,329",6,22,78,"1,307",77,"1,276",1,31,-,-,-,-
27113005800006300_大阪府大阪市西淀川区御幣島６丁目,27113,大阪府,大阪市西淀川区,御幣島６丁目,75,"1,347",74,"1,318",13,48,61,"1,270",56,"1,053",5,217,-,-,1,29
27113003200003200_大阪府大阪市西淀川区出来島１丁目,27113,大阪府,大阪市西淀川区,出来島１丁目,53,566,53,566,25,61,28,505,22,431,6,74,-,-,-,-
27113003200003300_大阪府大阪市西淀川区出来島２丁目,27113,大阪府,大阪市西淀川区,出来島２丁目,51,262,50,228,25,71,25,157,24,152,1,5,-,-,1,34
27113003200003400_大阪府大阪市西淀川区出来島３丁目,27113,大阪府,大阪市西淀川区,出来島３丁目,9,152,9,152,-,-,9,152,9,152,-,-,-,-,-,-
27113003700003700_大阪府大阪市西淀川区西島１丁目,27113,大阪府,大阪市西淀川区,西島１丁目,51,"1,650",51,"1,650",-,-,51,"1,650",50,"1,649",1,1,-,-,-,-
27113003700003800_大阪府大阪市西淀川区西島２丁目,27113,大阪府,大阪市西淀川区,西島２丁目,-,-,-,-,-,-,-,-,-,-,-,-,-,-,-,-
27113002200002200_大阪府大阪市西淀川区千舟１丁目,27113,大阪府,大阪市西淀川区,千舟１丁目,47,"1,085",47,"1,085",2,2,44,"1,081",43,"1,070",1,11,1,2,-,-
27113002200002300_大阪府大阪市西淀川区千舟２丁目,27113,大阪府,大阪市西淀川区,千舟２丁目,103,"1,148",102,963,26,99,74,862,64,699,10,163,2,2,1,185
27113002200002400_大阪府大阪市西淀川区千舟３丁目,27113,大阪府,大阪市西淀川区,千舟３丁目,37,921,37,921,9,16,27,904,24,791,3,113,1,1,-,-
27113000500000500_大阪府大阪市西淀川区大野１丁目,27113,大阪府,大阪市西淀川区,大野１丁目,73,708,73,708,20,60,53,648,47,583,6,65,-,-,-,-
27113000500000600_大阪府大阪市西淀川区大野２丁目,27113,大阪府,大阪市西淀川区,大野２丁目,33,604,33,604,2,3,31,601,26,278,5,323,-,-,-,-
27113000500000700_大阪府大阪市西淀川区大野３丁目,27113,大阪府,大阪市西淀川区,大野３丁目,54,781,54,781,8,13,46,768,45,744,1,24,-,-,-,-
27113000800000800_大阪府大阪市西淀川区大和田１丁目,27113,大阪府,大阪市西淀川区,大和田１丁目,42,521,42,521,3,9,39,512,37,508,2,4,-,-,-,-
27113000800000900_大阪府大阪市西淀川区大和田２丁目,27113,大阪府,大阪市西淀川区,大和田２丁目,51,961,48,709,9,41,39,668,34,527,5,141,-,-,3,252
27113000800001000_大阪府大阪市西淀川区大和田３丁目,27113,大阪府,大阪市西淀川区,大和田３丁目,34,196,34,196,13,42,20,153,18,128,2,25,1,1,-,-
27113000800001100_大阪府大阪市西淀川区大和田４丁目,27113,大阪府,大阪市西淀川区,大和田４丁目,65,314,63,269,34,95,29,174,26,143,3,31,-,-,2,45
27113000800001200_大阪府大阪市西淀川区大和田５丁目,27113,大阪府,大阪市西淀川区,大和田５丁目,63,422,63,422,15,31,48,391,32,193,16,198,-,-,-,-
27113000800001300_大阪府大阪市西淀川区大和田６丁目,27113,大阪府,大阪市西淀川区,大和田６丁目,57,468,56,424,22,50,34,374,26,201,8,173,-,-,1,44
27113001700001700_大阪府大阪市西淀川区竹島１丁目,27113,大阪府,大阪市西淀川区,竹島１丁目,8,350,8,350,-,-,8,350,7,347,1,3,-,-,-,-
27113001700001800_大阪府大阪市西淀川区竹島２丁目,27113,大阪府,大阪市西淀川区,竹島２丁目,38,"1,461",37,"1,449",5,9,32,"1,440",31,"1,440",1,-,-,-,1,12
27113001700001900_大阪府大阪市西淀川区竹島３丁目,27113,大阪府,大阪市西淀川区,竹島３丁目,38,298,38,298,9,20,29,278,28,273,1,5,-,-,-,-
27113001700002000_大阪府大阪市西淀川区竹島４丁目,27113,大阪府,大阪市西淀川区,竹島４丁目,35,"1,141",35,"1,141",5,8,30,"1,133",30,"1,133",-,-,-,-,-,-
27113001700002100_大阪府大阪市西淀川区竹島５丁目,27113,大阪府,大阪市西淀川区,竹島５丁目,32,607,32,607,3,8,29,599,29,599,-,-,-,-,-,-
27113003500003500_大阪府大阪市西淀川区中島１丁目,27113,大阪府,大阪市西淀川区,中島１丁目,80,771,79,736,20,50,58,685,53,638,5,47,1,1,1,35
27113003500003600_大阪府大阪市西淀川区中島２丁目,27113,大阪府,大阪市西淀川区,中島２丁目,274,"5,350",274,"5,350",16,39,257,"5,291",251,"5,265",6,26,1,20,-,-
27113002500002500_大阪府大阪市西淀川区佃１丁目,27113,大阪府,大阪市西淀川区,佃１丁目,90,492,89,459,31,60,58,399,52,366,6,33,-,-,1,33
27113002500002600_大阪府大阪市西淀川区佃２丁目,27113,大阪府,大阪市西淀川区,佃２丁目,95,902,93,808,35,115,58,693,49,455,9,238,-,-,2,94
27113002500002700_大阪府大阪市西淀川区佃３丁目,27113,大阪府,大阪市西淀川区,佃３丁目,163,"1,089",163,"1,089",78,183,85,906,75,751,10,155,-,-,-,-
27113002500002800_大阪府大阪市西淀川区佃４丁目,27113,大阪府,大阪市西淀川区,佃４丁目,72,"1,155",71,"1,143",8,19,63,"1,124",63,"1,124",-,-,-,-,1,12
27113002500002900_大阪府大阪市西淀川区佃５丁目,27113,大阪府,大阪市西淀川区,佃５丁目,78,876,78,876,9,24,69,852,68,839,1,13,-,-,-,-
27113002500003000_大阪府大阪市西淀川区佃６丁目,27113,大阪府,大阪市西淀川区,佃６丁目,63,667,63,667,5,11,58,656,57,650,1,6,-,-,-,-
27113002500003100_大阪府大阪市西淀川区佃７丁目,27113,大阪府,大阪市西淀川区,佃７丁目,21,299,21,299,3,8,18,291,17,288,1,3,-,-,-,-
27113001400001400_大阪府大阪市西淀川区柏里１丁目,27113,大阪府,大阪市西淀川区,柏里１丁目,30,267,30,267,12,26,18,241,16,91,2,150,-,-,-,-
27113001400001500_大阪府大阪市西淀川区柏里２丁目,27113,大阪府,大阪市西淀川区,柏里２丁目,123,"1,314",122,"1,273",64,183,58,"1,090",55,"1,055",3,35,-,-,1,41
27113001400001600_大阪府大阪市西淀川区柏里３丁目,27113,大阪府,大阪市西淀川区,柏里３丁目,107,653,106,620,55,187,50,432,46,378,4,54,1,1,1,33
27113004700004700_大阪府大阪市西淀川区姫島１丁目,27113,大阪府,大阪市西淀川区,姫島１丁目,58,316,56,271,32,72,24,199,19,173,5,26,-,-,2,45
27113004700004800_大阪府大阪市西淀川区姫島２丁目,27113,大阪府,大阪市西淀川区,姫島２丁目,67,737,67,737,24,48,43,689,35,438,8,251,-,-,-,-
27113004700004900_大阪府大阪市西淀川区姫島３丁目,27113,大阪府,大阪市西淀川区,姫島３丁目,71,"1,002",71,"1,002",8,18,63,984,61,957,2,27,-,-,-,-
27113004700005000_大阪府大阪市西淀川区姫島４丁目,27113,大阪府,大阪市西淀川区,姫島４丁目,66,488,65,453,25,57,39,393,36,378,3,15,1,3,1,35
27113004700005100_大阪府大阪市西淀川区姫島５丁目,27113,大阪府,大阪市西淀川区,姫島５丁目,99,692,99,692,40,105,59,587,55,423,4,164,-,-,-,-
27113004700005200_大阪府大阪市西淀川区姫島６丁目,27113,大阪府,大阪市西淀川区,姫島６丁目,70,575,69,529,23,70,46,459,38,332,8,127,-,-,1,46
27113004400004400_大阪府大阪市西淀川区姫里１丁目,27113,大阪府,大阪市西淀川区,姫里１丁目,77,586,77,586,34,101,43,485,42,476,1,9,-,-,-,-
27113004400004500_大阪府大阪市西淀川区姫里２丁目,27113,大阪府,大阪市西淀川区,姫里２丁目,96,"1,004",95,957,31,82,64,875,54,738,10,137,-,-,1,47
27113004400004600_大阪府大阪市西淀川区姫里３丁目,27113,大阪府,大阪市西淀川区,姫里３丁目,28,701,28,701,3,11,25,690,23,651,2,39,-,-,-,-
27113005300005300_大阪府大阪市西淀川区百島１丁目,27113,大阪府,大阪市西淀川区,百島１丁目,22,167,22,167,4,5,18,162,15,157,3,5,-,-,-,-
27113005300005400_大阪府大阪市西淀川区百島２丁目,27113,大阪府,大阪市西淀川区,百島２丁目,18,615,18,615,1,8,17,607,17,607,-,-,-,-,-,-
27113005500005500_大阪府大阪市西淀川区福町１丁目,27113,大阪府,大阪市西淀川区,福町１丁目,41,"1,092",41,"1,092",7,17,34,"1,075",34,"1,075",-,-,-,-,-,-
27113005500005600_大阪府大阪市西淀川区福町２丁目,27113,大阪府,大阪市西淀川区,福町２丁目,78,774,77,743,15,37,62,706,50,459,12,247,-,-,1,31
27113005500005700_大阪府大阪市西淀川区福町３丁目,27113,大阪府,大阪市西淀川区,福町３丁目,36,"1,452",36,"1,452",2,4,34,"1,448",31,639,3,809,-,-,-,-
27113003900003900_大阪府大阪市西淀川区野里１丁目,27113,大阪府,大阪市西淀川区,野里１丁目,130,796,130,796,51,88,79,708,75,669,4,39,-,-,-,-
27113003900004000_大阪府大阪市西淀川区野里２丁目,27113,大阪府,大阪市西淀川区,野里２丁目,74,354,73,318,35,78,38,240,32,190,6,50,-,-,1,36
27113003900004100_大阪府大阪市西淀川区野里３丁目,27113,大阪府,大阪市西淀川区,野里３丁目,33,"1,262",31,"1,165",4,12,27,"1,153",19,434,8,719,-,-,2,97
27113999999999999_大阪府大阪市西淀川区その他,27113,大阪府,大阪市西淀川区,その他,-,-,-,-,-,-,-,-,-,-,-,-,-,-,-,-
27114_大阪府大阪市東淀川区,27114,大阪府,大阪市東淀川区,,"5,495","56,106","5,446","53,302","1,947","6,073","3,481","47,177","3,076","38,877",405,"8,300",18,52,49,"2,804"
27114000900000900_大阪府大阪市東淀川区井高野１丁目,27114,大阪府,大阪市東淀川区,井高野１丁目,26,193,25,155,11,25,14,130,11,92,3,38,-,-,1,38
27114000900001000_大阪府大阪市東淀川区井高野２丁目,27114,大阪府,大阪市東淀川区,井高野２丁目,48,517,46,433,20,74,26,359,22,303,4,56,-,-,2,84
27114000900001100_大阪府大阪市東淀川区井高野３丁目,27114,大阪府,大阪市東淀川区,井高野３丁目,45,377,45,377,14,29,31,348,23,193,8,155,-,-,-,-
27114000900001200_大阪府大阪市東淀川区井高野４丁目,27114,大阪府,大阪市東淀川区,井高野４丁目,33,432,33,432,8,29,25,403,17,168,8,235,-,-,-,-
27114003000003000_大阪府大阪市東淀川区下新庄１丁目,27114,大阪府,大阪市東淀川区,下新庄１丁目,16,82,16,82,6,12,10,70,9,63,1,7,-,-,-,-
27114003000003100_大阪府大阪市東淀川区下新庄２丁目,27114,大阪府,大阪市東淀川区,下新庄２丁目,21,72,21,72,10,19,11,53,11,53,-,-,-,-,-,-
27114003000003200_大阪府大阪市東淀川区下新庄３丁目,27114,大阪府,大阪市東淀川区,下新庄３丁目,38,634,38,634,9,23,29,611,29,611,-,-,-,-,-,-
27114003000003300_大阪府大阪市東淀川区下新庄４丁目,27114,大阪府,大阪市東淀川区,下新庄４丁目,58,324,58,324,25,76,33,248,30,239,3,9,-,-,-,-
27114003000003400_大阪府大阪市東淀川区下新庄５丁目,27114,大阪府,大阪市東淀川区,下新庄５丁目,99,779,98,744,39,124,59,620,52,562,7,58,-,-,1,35
27114003000003500_大阪府大阪市東淀川区下新庄６丁目,27114,大阪府,大阪市東淀川区,下新庄６丁目,40,906,40,906,15,40,25,866,25,866,-,-,-,-,-,-
27114002200002200_大阪府大阪市東淀川区柴島１丁目,27114,大阪府,大阪市東淀川区,柴島１丁目,18,469,14,127,3,4,11,123,10,120,1,3,-,-,4,342
27114002200002300_大阪府大阪市東淀川区柴島２丁目,27114,大阪府,大阪市東淀川区,柴島２丁目,34,418,33,387,16,22,17,365,14,353,3,12,-,-,1,31
27114002200002400_大阪府大阪市東淀川区柴島３丁目,27114,大阪府,大阪市東淀川区,柴島３丁目,21,113,19,88,7,13,12,75,9,59,3,16,-,-,2,25
27114002500002500_大阪府大阪市東淀川区小松１丁目,27114,大阪府,大阪市東淀川区,小松１丁目,149,"1,346",149,"1,346",61,235,88,"1,111",74,889,14,222,-,-,-,-
27114002500002600_大阪府大阪市東淀川区小松２丁目,27114,大阪府,大阪市東淀川区,小松２丁目,88,"1,545",88,"1,545",40,155,48,"1,390",48,"1,390",-,-,-,-,-,-
27114002500002700_大阪府大阪市東淀川区小松３丁目,27114,大阪府,大阪市東淀川区,小松３丁目,62,669,60,598,18,28,42,570,36,452,6,118,-,-,2,71
27114002500002800_大阪府大阪市東淀川区小松４丁目,27114,大阪府,大阪市東淀川区,小松４丁目,65,598,65,598,19,45,46,553,40,454,6,99,-,-,-,-
27114002500002900_大阪府大阪市東淀川区小松５丁目,27114,大阪府,大阪市東淀川区,小松５丁目,31,234,31,234,8,24,23,210,19,148,4,62,-,-,-,-
27114001500001500_大阪府大阪市東淀川区上新庄１丁目,27114,大阪府,大阪市東淀川区,上新庄１丁目,37,686,36,511,12,48,24,463,20,204,4,259,-,-,1,175
27114001500001600_大阪府大阪市東淀川区上新庄２丁目,27114,大阪府,大阪市東淀川区,上新庄２丁目,105,879,104,836,39,121,65,715,58,659,7,56,-,-,1,43
27114001500001700_大阪府大阪市東淀川区上新庄３丁目,27114,大阪府,大阪市東淀川区,上新庄３丁目,58,600,58,600,18,61,40,539,40,539,-,-,-,-,-,-
27114004300004300_大阪府大阪市東淀川区瑞光１丁目,27114,大阪府,大阪市東淀川区,瑞光１丁目,165,"1,366",165,"1,366",60,265,104,"1,097",95,950,9,147,1,4,-,-
27114004300004400_大阪府大阪市東淀川区瑞光２丁目,27114,大阪府,大阪市東淀川区,瑞光２丁目,68,437,68,437,28,75,40,362,38,348,2,14,-,-,-,-
27114004300004500_大阪府大阪市東淀川区瑞光３丁目,27114,大阪府,大阪市東淀川区,瑞光３丁目,44,349,44,349,18,32,25,316,25,316,-,-,1,1,-,-
27114004300004600_大阪府大阪市東淀川区瑞光４丁目,27114,大阪府,大阪市東淀川区,瑞光４丁目,47,725,46,668,13,65,33,603,28,509,5,94,-,-,1,57
27114004300004700_大阪府大阪市東淀川区瑞光５丁目,27114,大阪府,大阪市東淀川区,瑞光５丁目,12,126,11,93,6,10,5,83,4,43,1,40,-,-,1,33
27114003600003600_大阪府大阪市東淀川区菅原１丁目,27114,大阪府,大阪市東淀川区,菅原１丁目,19,154,19,154,10,33,9,121,7,17,2,104,-,-,-,-
27114003600003700_大阪府大阪市東淀川区菅原２丁目,27114,大阪府,大阪市東淀川区,菅原２丁目,73,"1,068",73,"1,068",22,84,51,984,48,952,3,32,-,-,-,-
27114003600003800_大阪府大阪市東淀川区菅原３丁目,27114,大阪府,大阪市東淀川区,菅原３丁目,62,459,62,459,21,55,41,404,41,404,-,-,-,-,-,-
27114003600003900_大阪府大阪市東淀川区菅原４丁目,27114,大阪府,大阪市東淀川区,菅原４丁目,72,763,71,696,15,31,56,665,53,607,3,58,-,-,1,67
27114003600004000_大阪府大阪市東淀川区菅原５丁目,27114,大阪府,大阪市東淀川区,菅原５丁目,33,130,33,130,16,53,16,75,12,43,4,32,1,2,-,-
27114003600004100_大阪府大阪市東淀川区菅原６丁目,27114,大阪府,大阪市東淀川区,菅原６丁目,56,"1,334",55,"1,277",24,59,30,"1,217",21,129,9,"1,088",1,1,1,57
27114003600004200_大阪府大阪市東淀川区菅原７丁目,27114,大阪府,大阪市東淀川区,菅原７丁目,87,819,87,819,27,89,59,729,50,568,9,161,1,1,-,-
27114006300006300_大阪府大阪市東淀川区西淡路１丁目,27114,大阪府,大阪市東淀川区,西淡路１丁目,179,"2,125",179,"2,125",26,73,153,"2,052",145,"1,952",8,100,-,-,-,-
27114006300006400_大阪府大阪市東淀川区西淡路２丁目,27114,大阪府,大阪市東淀川区,西淡路２丁目,26,242,25,220,7,12,18,208,14,88,4,120,-,-,1,22
27114006300006500_大阪府大阪市東淀川区西淡路３丁目,27114,大阪府,大阪市東淀川区,西淡路３丁目,61,"1,083",61,"1,083",28,67,33,"1,016",28,975,5,41,-,-,-,-
27114006300006600_大阪府大阪市東淀川区西淡路４丁目,27114,大阪府,大阪市東淀川区,西淡路４丁目,39,627,38,585,6,101,30,481,29,417,1,64,2,3,1,42
27114006300006700_大阪府大阪市東淀川区西淡路５丁目,27114,大阪府,大阪市東淀川区,西淡路５丁目,43,545,41,477,13,71,28,406,23,317,5,89,-,-,2,68
27114006300006800_大阪府大阪市東淀川区西淡路６丁目,27114,大阪府,大阪市東淀川区,西淡路６丁目,28,"1,218",28,"1,218",-,-,28,"1,218",28,"1,218",-,-,-,-,-,-
27114000100000100_大阪府大阪市東淀川区相川１丁目,27114,大阪府,大阪市東淀川区,相川１丁目,17,69,17,69,8,35,9,34,9,34,-,-,-,-,-,-
27114000100000200_大阪府大阪市東淀川区相川２丁目,27114,大阪府,大阪市東淀川区,相川２丁目,100,810,100,810,57,168,42,638,40,482,2,156,1,4,-,-
27114000100000300_大阪府大阪市東淀川区相川３丁目,27114,大阪府,大阪市東淀川区,相川３丁目,32,974,32,974,14,21,17,952,10,54,7,898,1,1,-,-
27114004800004800_大阪府大阪市東淀川区大桐１丁目,27114,大阪府,大阪市東淀川区,大桐１丁目,61,373,61,373,28,50,33,323,29,251,4,72,-,-,-,-
27114004800004900_大阪府大阪市東淀川区大桐２丁目,27114,大阪府,大阪市東淀川区,大桐２丁目,86,732,85,702,40,115,45,587,40,435,5,152,-,-,1,30
27114004800005000_大阪府大阪市東淀川区大桐３丁目,27114,大阪府,大阪市東淀川区,大桐３丁目,45,433,45,433,23,54,22,379,14,313,8,66,-,-,-,-
27114004800005100_大阪府大阪市東淀川区大桐４丁目,27114,大阪府,大阪市東淀川区,大桐４丁目,38,546,36,428,11,24,25,404,21,324,4,80,-,-,2,118
27114004800005200_大阪府大阪市東淀川区大桐５丁目,27114,大阪府,大阪市東淀川区,大桐５丁目,27,189,27,189,7,30,19,151,16,119,3,32,1,8,-,-
27114001300001300_大阪府大阪市東淀川区大隅１丁目,27114,大阪府,大阪市東淀川区,大隅１丁目,97,"1,105",97,"1,105",30,90,67,"1,015",63,932,4,83,-,-,-,-
27114001300001400_大阪府大阪市東淀川区大隅２丁目,27114,大阪府,大阪市東淀川区,大隅２丁目,16,448,15,420,7,28,8,392,7,116,1,276,-,-,1,28
27114005300005300_大阪府大阪市東淀川区大道南１丁目,27114,大阪府,大阪市東淀川区,大道南１丁目,40,277,39,243,14,39,25,204,19,159,6,45,-,-,1,34
27114005300005400_大阪府大阪市東淀川区大道南２丁目,27114,大阪府,大阪市東淀川区,大道南２丁目,31,103,30,101,13,21,17,80,13,56,4,24,-,-,1,2
27114005300005500_大阪府大阪市東淀川区大道南３丁目,27114,大阪府,大阪市東淀川区,大道南３丁目,54,306,54,306,25,79,29,227,22,179,7,48,-,-,-,-
27114000400000400_大阪府大阪市東淀川区淡路１丁目,27114,大阪府,大阪市東淀川区,淡路１丁目,24,83,24,83,4,9,20,74,18,70,2,4,-,-,-,-
27114000400000500_大阪府大阪市東淀川区淡路２丁目,27114,大阪府,大阪市東淀川区,淡路２丁目,26,295,26,295,8,22,18,273,15,258,3,15,-,-,-,-
27114000400000600_大阪府大阪市東淀川区淡路３丁目,27114,大阪府,大阪市東淀川区,淡路３丁目,82,624,81,508,34,89,47,419,33,263,14,156,-,-,1,116
27114000400000700_大阪府大阪市東淀川区淡路４丁目,27114,大阪府,大阪市東淀川区,淡路４丁目,247,"1,644",247,"1,644",130,364,114,"1,275",104,"1,165",10,110,3,5,-,-
27114000400000800_大阪府大阪市東淀川区淡路５丁目,27114,大阪府,大阪市東淀川区,淡路５丁目,77,539,77,539,24,94,53,445,40,265,13,180,-,-,-,-
27114006900006900_大阪府大阪市東淀川区東淡路１丁目,27114,大阪府,大阪市東淀川区,東淡路１丁目,68,815,67,813,23,55,44,758,36,462,8,296,-,-,1,2
27114006900007000_大阪府大阪市東淀川区東淡路２丁目,27114,大阪府,大阪市東淀川区,東淡路２丁目,36,300,36,300,8,19,28,281,16,136,12,145,-,-,-,-
27114006900007100_大阪府大阪市東淀川区東淡路３丁目,27114,大阪府,大阪市東淀川区,東淡路３丁目,15,154,14,117,7,12,7,105,5,82,2,23,-,-,1,37
27114006900007200_大阪府大阪市東淀川区東淡路４丁目,27114,大阪府,大阪市東淀川区,東淡路４丁目,133,"1,044",132,993,60,262,72,731,64,638,8,93,-,-,1,51
27114006900007300_大阪府大阪市東淀川区東淡路５丁目,27114,大阪府,大阪市東淀川区,東淡路５丁目,30,864,30,864,11,31,19,833,15,763,4,70,-,-,-,-
27114007400007400_大阪府大阪市東淀川区東中島１丁目,27114,大阪府,大阪市東淀川区,東中島１丁目,441,"3,985",441,"3,985",66,169,375,"3,816",347,"3,636",28,180,-,-,-,-
27114007400007500_大阪府大阪市東淀川区東中島２丁目,27114,大阪府,大阪市東淀川区,東中島２丁目,93,769,93,769,15,33,77,726,71,597,6,129,1,10,-,-
27114007400007600_大阪府大阪市東淀川区東中島３丁目,27114,大阪府,大阪市東淀川区,東中島３丁目,30,335,30,335,12,59,18,276,14,176,4,100,-,-,-,-
27114007400007700_大阪府大阪市東淀川区東中島４丁目,27114,大阪府,大阪市東淀川区,東中島４丁目,53,849,49,733,10,26,39,707,28,588,11,119,-,-,4,116
27114007400007800_大阪府大阪市東淀川区東中島５丁目,27114,大阪府,大阪市東淀川区,東中島５丁目,41,247,41,247,14,32,27,215,20,136,7,79,-,-,-,-
27114007400007900_大阪府大阪市東淀川区東中島６丁目,27114,大阪府,大阪市東淀川区,東中島６丁目,13,256,13,256,3,11,10,245,9,220,1,25,-,-,-,-
27114008500008500_大阪府大阪市東淀川区南江口１丁目,27114,大阪府,大阪市東淀川区,南江口１丁目,22,516,22,516,3,3,19,513,17,499,2,14,-,-,-,-
27114008500008600_大阪府大阪市東淀川区南江口２丁目,27114,大阪府,大阪市東淀川区,南江口２丁目,21,174,21,174,9,48,12,126,12,126,-,-,-,-,-,-
27114008500008700_大阪府大阪市東淀川区南江口３丁目,27114,大阪府,大阪市東淀川区,南江口３丁目,46,377,46,377,12,22,34,355,30,347,4,8,-,-,-,-
27114008000008000_大阪府大阪市東淀川区豊新１丁目,27114,大阪府,大阪市東淀川区,豊新１丁目,92,858,91,584,40,156,51,428,45,338,6,90,-,-,1,274
27114008000008100_大阪府大阪市東淀川区豊新２丁目,27114,大阪府,大阪市東淀川区,豊新２丁目,69,"1,609",68,"1,296",17,63,51,"1,233",44,"1,023",7,210,-,-,1,313
27114008000008200_大阪府大阪市東淀川区豊新３丁目,27114,大阪府,大阪市東淀川区,豊新３丁目,122,693,122,693,70,236,51,451,45,383,6,68,1,6,-,-
27114008000008300_大阪府大阪市東淀川区豊新４丁目,27114,大阪府,大阪市東淀川区,豊新４丁目,96,754,95,713,43,147,51,562,48,521,3,41,1,4,1,41
27114008000008400_大阪府大阪市東淀川区豊新５丁目,27114,大阪府,大阪市東淀川区,豊新５丁目,130,"1,110",129,"1,098",57,142,72,956,64,746,8,210,-,-,1,12
27114005600005600_大阪府大阪市東淀川区豊里１丁目,27114,大阪府,大阪市東淀川区,豊里１丁目,51,373,50,313,18,74,32,239,32,239,-,-,-,-,1,60
27114005600005700_大阪府大阪市東淀川区豊里２丁目,27114,大阪府,大阪市東淀川区,豊里２丁目,84,823,83,742,35,70,48,672,42,556,6,116,-,-,1,81
27114005600005800_大阪府大阪市東淀川区豊里３丁目,27114,大阪府,大阪市東淀川区,豊里３丁目,37,317,37,317,12,23,25,294,24,292,1,2,-,-,-,-
27114005600005900_大阪府大阪市東淀川区豊里４丁目,27114,大阪府,大阪市東淀川区,豊里４丁目,80,751,80,751,37,126,43,625,39,563,4,62,-,-,-,-
27114005600006000_大阪府大阪市東淀川区豊里５丁目,27114,大阪府,大阪市東淀川区,豊里５丁目,87,675,85,582,37,113,48,469,43,411,5,58,-,-,2,93
27114005600006100_大阪府大阪市東淀川区豊里６丁目,27114,大阪府,大阪市東淀川区,豊里６丁目,88,596,87,532,21,89,64,441,57,402,7,39,2,2,1,64
27114005600006200_大阪府大阪市東淀川区豊里７丁目,27114,大阪府,大阪市東淀川区,豊里７丁目,117,"1,272",115,"1,142",45,195,70,947,68,840,2,107,-,-,2,130
27114001800001800_大阪府大阪市東淀川区北江口１丁目,27114,大阪府,大阪市東淀川区,北江口１丁目,15,167,14,155,9,27,5,128,3,125,2,3,-,-,1,12
27114001800001900_大阪府大阪市東淀川区北江口２丁目,27114,大阪府,大阪市東淀川区,北江口２丁目,15,55,15,55,10,23,5,32,4,15,1,17,-,-,-,-
27114001800002000_大阪府大阪市東淀川区北江口３丁目,27114,大阪府,大阪市東淀川区,北江口３丁目,8,30,8,30,4,8,4,22,4,22,-,-,-,-,-,-
27114001800002100_大阪府大阪市東淀川区北江口４丁目,27114,大阪府,大阪市東淀川区,北江口４丁目,56,345,56,345,24,85,32,260,31,250,1,10,-,-,-,-
27114999999999999_大阪府大阪市東淀川区その他,27114,大阪府,大阪市東淀川区,その他,-,-,-,-,-,-,-,-,-,-,-,-,-,-,-,-
27115_大阪府大阪市東成区,27115,大阪府,大阪市東成区,,"4,671","42,083","4,643","40,950","1,772","4,794","2,857","36,130","2,534","30,599",323,"5,531",14,26,28,"1,133"
27115001800001800_大阪府大阪市東成区玉津１丁目,27115,大阪府,大阪市東成区,玉津１丁目,104,"1,039",102,972,28,75,74,897,69,843,5,54,-,-,2,67
27115001800001900_大阪府大阪市東成区玉津２丁目,27115,大阪府,大阪市東成区,玉津２丁目,131,721,131,721,48,121,83,600,68,469,15,131,-,-,-,-
27115001800002000_大阪府大阪市東成区玉津３丁目,27115,大阪府,大阪市東成区,玉津３丁目,62,427,62,427,26,56,35,370,32,359,3,11,1,1,-,-
27115004200004200_大阪府大阪市東成区深江南１丁目,27115,大阪府,大阪市東成区,深江南１丁目,101,884,100,854,43,169,56,684,52,660,4,24,1,1,1,30
27115004200004300_大阪府大阪市東成区深江南２丁目,27115,大阪府,大阪市東成区,深江南２丁目,144,998,144,998,47,148,97,850,92,678,5,172,-,-,-,-
27115004200004400_大阪府大阪市東成区深江南３丁目,27115,大阪府,大阪市東成区,深江南３丁目,110,502,110,502,50,100,60,402,50,266,10,136,-,-,-,-
27115003900003900_大阪府大阪市東成区深江北１丁目,27115,大阪府,大阪市東成区,深江北１丁目,135,"2,137",134,"2,116",41,98,92,"2,017",84,"1,772",8,245,1,1,1,21
27115003900004000_大阪府大阪市東成区深江北２丁目,27115,大阪府,大阪市東成区,深江北２丁目,128,"1,822",127,"1,787",23,71,104,"1,716",99,"1,682",5,34,-,-,1,35
27115003900004100_大阪府大阪市東成区深江北３丁目,27115,大阪府,大阪市東成区,深江北３丁目,137,"2,111",137,"2,111",28,76,109,"2,035",107,"2,029",2,6,-,-,-,-
27115001400001400_大阪府大阪市東成区神路１丁目,27115,大阪府,大阪市東成区,神路１丁目,101,888,100,842,28,72,72,770,65,686,7,84,-,-,1,46
27115001400001500_大阪府大阪市東成区神路２丁目,27115,大阪府,大阪市東成区,神路２丁目,49,748,48,711,8,17,40,694,40,694,-,-,-,-,1,37
27115001400001600_大阪府大阪市東成区神路３丁目,27115,大阪府,大阪市東成区,神路３丁目,94,715,94,715,37,110,57,605,50,529,7,76,-,-,-,-
27115001400001700_大阪府大阪市東成区神路４丁目,27115,大阪府,大阪市東成区,神路４丁目,71,453,71,453,30,88,41,365,41,365,-,-,-,-,-,-
27115000100000100_大阪府大阪市東成区大今里１丁目,27115,大阪府,大阪市東成区,大今里１丁目,148,"1,547",146,"1,512",73,185,73,"1,327",55,505,18,822,-,-,2,35
27115000100000200_大阪府大阪市東成区大今里２丁目,27115,大阪府,大阪市東成区,大今里２丁目,115,493,115,493,55,110,59,381,48,293,11,88,1,2,-,-
27115000100000300_大阪府大阪市東成区大今里３丁目,27115,大阪府,大阪市東成区,大今里３丁目,144,891,144,891,70,193,74,698,58,449,16,249,-,-,-,-
27115000100000400_大阪府大阪市東成区大今里４丁目,27115,大阪府,大阪市東成区,大今里４丁目,80,312,79,270,51,100,28,170,22,109,6,61,-,-,1,42
27115000500000500_大阪府大阪市東成区大今里西１丁目,27115,大阪府,大阪市東成区,大今里西１丁目,153,"1,387",150,"1,109",56,191,93,916,78,779,15,137,1,2,3,278
27115000500000600_大阪府大阪市東成区大今里西２丁目,27115,大阪府,大阪市東成区,大今里西２丁目,91,"1,408",90,"1,201",22,65,67,"1,135",53,847,14,288,1,1,1,207
27115000500000700_大阪府大阪市東成区大今里西３丁目,27115,大阪府,大阪市東成区,大今里西３丁目,102,687,100,652,50,148,50,504,42,407,8,97,-,-,2,35
27115000800000800_大阪府大阪市東成区大今里南１丁目,27115,大阪府,大阪市東成区,大今里南１丁目,157,"1,290",157,"1,290",44,149,113,"1,141",92,944,21,197,-,-,-,-
27115000800000900_大阪府大阪市東成区大今里南２丁目,27115,大阪府,大阪市東成区,大今里南２丁目,64,379,63,335,25,64,38,271,33,196,5,75,-,-,1,44
27115000800001000_大阪府大阪市東成区大今里南３丁目,27115,大阪府,大阪市東成区,大今里南３丁目,44,305,44,305,16,35,28,270,21,165,7,105,-,-,-,-
27115000800001100_大阪府大阪市東成区大今里南４丁目,27115,大阪府,大阪市東成区,大今里南４丁目,62,466,62,466,24,68,38,398,34,345,4,53,-,-,-,-
27115000800001200_大阪府大阪市東成区大今里南５丁目,27115,大阪府,大阪市東成区,大今里南５丁目,62,515,62,515,29,62,33,453,30,251,3,202,-,-,-,-
27115000800001300_大阪府大阪市東成区大今里南６丁目,27115,大阪府,大阪市東成区,大今里南６丁目,68,"1,202",68,"1,202",30,60,38,"1,142",31,"1,091",7,51,-,-,-,-
27115002100002100_大阪府大阪市東成区中道１丁目,27115,大阪府,大阪市東成区,中道１丁目,104,"2,834",104,"2,834",41,146,63,"2,688",53,"2,517",10,171,-,-,-,-
27115002100002200_大阪府大阪市東成区中道２丁目,27115,大阪府,大阪市東成区,中道２丁目,72,422,70,386,32,88,38,298,33,197,5,101,-,-,2,36
27115002100002300_大阪府大阪市東成区中道３丁目,27115,大阪府,大阪市東成区,中道３丁目,147,"1,703",147,"1,703",39,120,105,"1,571",90,"1,332",15,239,3,12,-,-
27115002100002400_大阪府大阪市東成区中道４丁目,27115,大阪府,大阪市東成区,中道４丁目,71,561,71,561,23,68,48,493,42,243,6,250,-,-,-,-
27115002500002500_大阪府大阪市東成区中本１丁目,27115,大阪府,大阪市東成区,中本１丁目,76,389,76,389,38,99,38,290,33,203,5,87,-,-,-,-
27115002500002600_大阪府大阪市東成区中本２丁目,27115,大阪府,大阪市東成区,中本２丁目,53,420,53,420,22,49,31,371,29,223,2,148,-,-,-,-
27115002500002700_大阪府大阪市東成区中本３丁目,27115,大阪府,大阪市東成区,中本３丁目,65,333,65,333,33,120,32,213,29,164,3,49,-,-,-,-
27115002500002800_大阪府大阪市東成区中本４丁目,27115,大阪府,大阪市東成区,中本４丁目,60,492,59,461,20,44,36,414,25,136,11,278,3,3,1,31
27115002500002900_大阪府大阪市東成区中本５丁目,27115,大阪府,大阪市東成区,中本５丁目,84,408,84,408,43,97,41,311,38,303,3,8,-,-,-,-
27115003000003000_大阪府大阪市東成区東今里１丁目,27115,大阪府,大阪市東成区,東今里１丁目,30,193,30,193,9,35,21,158,21,158,-,-,-,-,-,-
27115003000003100_大阪府大阪市東成区東今里２丁目,27115,大阪府,大阪市東成区,東今里２丁目,96,"1,483",96,"1,483",20,46,76,"1,437",74,"1,167",2,270,-,-,-,-
27115003000003200_大阪府大阪市東成区東今里３丁目,27115,大阪府,大阪市東成区,東今里３丁目,104,980,104,980,38,98,66,882,63,870,3,12,-,-,-,-
27115003300003300_大阪府大阪市東成区東小橋１丁目,27115,大阪府,大阪市東成区,東小橋１丁目,236,"2,016",236,"2,016",74,231,162,"1,785",153,"1,688",9,97,-,-,-,-
27115003300003400_大阪府大阪市東成区東小橋２丁目,27115,大阪府,大阪市東成区,東小橋２丁目,115,846,113,807,30,61,82,745,76,729,6,16,1,1,2,39
27115003300003500_大阪府大阪市東成区東小橋３丁目,27115,大阪府,大阪市東成区,東小橋３丁目,364,"1,540",362,"1,487",217,515,144,970,132,889,12,81,1,2,2,53
27115003600003600_大阪府大阪市東成区東中本１丁目,27115,大阪府,大阪市東成区,東中本１丁目,88,578,88,578,34,100,54,478,43,349,11,129,-,-,-,-
27115003600003700_大阪府大阪市東成区東中本２丁目,27115,大阪府,大阪市東成区,東中本２丁目,139,"1,588",136,"1,530",42,146,94,"1,384",82,"1,201",12,183,-,-,3,58
27115003600003800_大阪府大阪市東成区東中本３丁目,27115,大阪府,大阪市東成区,東中本３丁目,110,970,109,931,35,100,74,831,72,817,2,14,-,-,1,39
27115999999999999_大阪府大阪市東成区その他,27115,大阪府,大阪市東成区,その他,-,-,-,-,-,-,-,-,-,-,-,-,-,-,-,-
27116_大阪府大阪市生野区,27116,大阪府,大阪市生野区,,"6,633","48,125","6,586","45,504","3,090","7,838","3,470","37,573","2,944","29,014",526,"8,559",26,93,47,"2,621"
27116001800001800_大阪府大阪市生野区舎利寺１丁目,27116,大阪府,大阪市生野区,舎利寺１丁目,53,332,51,242,24,73,27,169,21,107,6,62,-,-,2,90
27116001800001900_大阪府大阪市生野区舎利寺２丁目,27116,大阪府,大阪市生野区,舎利寺２丁目,70,471,70,471,32,128,38,343,33,320,5,23,-,-,-,-
27116001800002000_大阪府大阪市生野区舎利寺３丁目,27116,大阪府,大阪市生野区,舎利寺３丁目,50,311,49,283,15,35,34,248,23,190,11,58,-,-,1,28
27116001400001400_大阪府大阪市生野区勝山南１丁目,27116,大阪府,大阪市生野区,勝山南１丁目,45,338,44,316,18,49,24,256,17,93,7,163,2,11,1,22
27116001400001500_大阪府大阪市生野区勝山南２丁目,27116,大阪府,大阪市生野区,勝山南２丁目,34,219,34,219,17,33,17,186,13,70,4,116,-,-,-,-
27116001400001600_大阪府大阪市生野区勝山南３丁目,27116,大阪府,大阪市生野区,勝山南３丁目,37,927,34,407,21,54,13,353,7,300,6,53,-,-,3,520
27116001400001700_大阪府大阪市生野区勝山南４丁目,27116,大阪府,大阪市生野区,勝山南４丁目,74,862,72,834,31,63,38,761,27,241,11,520,3,10,2,28
27116000900000900_大阪府大阪市生野区勝山北１丁目,27116,大阪府,大阪市生野区,勝山北１丁目,123,659,123,659,67,155,55,503,44,279,11,224,1,1,-,-
27116000900001000_大阪府大阪市生野区勝山北２丁目,27116,大阪府,大阪市生野区,勝山北２丁目,75,352,75,352,51,117,24,235,18,156,6,79,-,-,-,-
27116000900001100_大阪府大阪市生野区勝山北３丁目,27116,大阪府,大阪市生野区,勝山北３丁目,59,801,54,422,19,42,32,375,24,187,8,188,3,5,5,379
27116000900001200_大阪府大阪市生野区勝山北４丁目,27116,大阪府,大阪市生野区,勝山北４丁目,39,240,39,240,19,42,20,198,18,155,2,43,-,-,-,-
27116000900001300_大阪府大阪市生野区勝山北５丁目,27116,大阪府,大阪市生野区,勝山北５丁目,100,552,99,493,54,131,45,362,32,209,13,153,-,-,1,59
27116002100002100_大阪府大阪市生野区小路１丁目,27116,大阪府,大阪市生野区,小路１丁目,78,283,78,283,40,94,38,189,34,180,4,9,-,-,-,-
27116002100002200_大阪府大阪市生野区小路２丁目,27116,大阪府,大阪市生野区,小路２丁目,95,599,94,562,46,101,47,460,35,288,12,172,1,1,1,37
27116002100002300_大阪府大阪市生野区小路３丁目,27116,大阪府,大阪市生野区,小路３丁目,68,391,68,391,39,101,28,289,18,135,10,154,1,1,-,-
27116002400002400_大阪府大阪市生野区小路東１丁目,27116,大阪府,大阪市生野区,小路東１丁目,71,304,71,304,38,98,33,206,26,140,7,66,-,-,-,-
27116002400002500_大阪府大阪市生野区小路東２丁目,27116,大阪府,大阪市生野区,小路東２丁目,74,364,74,364,41,95,33,269,24,173,9,96,-,-,-,-
27116002400002600_大阪府大阪市生野区小路東３丁目,27116,大阪府,大阪市生野区,小路東３丁目,31,120,30,85,19,45,10,39,8,29,2,10,1,1,1,35
27116002400002700_大阪府大阪市生野区小路東４丁目,27116,大阪府,大阪市生野区,小路東４丁目,60,483,60,483,23,69,37,414,33,284,4,130,-,-,-,-
27116002400002800_大阪府大阪市生野区小路東５丁目,27116,大阪府,大阪市生野区,小路東５丁目,45,404,45,404,23,80,22,324,19,232,3,92,-,-,-,-
27116002400002900_大阪府大阪市生野区小路東６丁目,27116,大阪府,大阪市生野区,小路東６丁目,31,125,31,125,17,40,14,85,10,27,4,58,-,-,-,-
27116003000003000_大阪府大阪市生野区新今里１丁目,27116,大阪府,大阪市生野区,新今里１丁目,94,465,94,465,41,98,53,367,50,336,3,31,-,-,-,-
27116003000003100_大阪府大阪市生野区新今里２丁目,27116,大阪府,大阪市生野区,新今里２丁目,74,575,74,575,33,86,41,489,38,466,3,23,-,-,-,-
27116003000003200_大阪府大阪市生野区新今里３丁目,27116,大阪府,大阪市生野区,新今里３丁目,138,675,138,675,83,197,55,478,45,342,10,136,-,-,-,-
27116003000003300_大阪府大阪市生野区新今里４丁目,27116,大阪府,大阪市生野区,新今里４丁目,134,731,134,731,76,212,58,519,48,403,10,116,-,-,-,-
27116003000003400_大阪府大阪市生野区新今里５丁目,27116,大阪府,大阪市生野区,新今里５丁目,66,324,65,303,36,91,29,212,24,175,5,37,-,-,1,21
27116003000003500_大阪府大阪市生野区新今里６丁目,27116,大阪府,大阪市生野区,新今里６丁目,52,195,52,195,26,58,26,137,26,137,-,-,-,-,-,-
27116003000003600_大阪府大阪市生野区新今里７丁目,27116,大阪府,大阪市生野区,新今里７丁目,50,486,48,394,26,56,22,338,19,161,3,177,-,-,2,92
27116000100000100_大阪府大阪市生野区生野西１丁目,27116,大阪府,大阪市生野区,生野西１丁目,43,185,43,185,23,66,20,119,15,101,5,18,-,-,-,-
27116000100000200_大阪府大阪市生野区生野西２丁目,27116,大阪府,大阪市生野区,生野西２丁目,32,233,32,233,14,46,18,187,16,157,2,30,-,-,-,-
27116000100000300_大阪府大阪市生野区生野西３丁目,27116,大阪府,大阪市生野区,生野西３丁目,62,482,60,413,33,58,27,355,23,212,4,143,-,-,2,69
27116000100000400_大阪府大阪市生野区生野西４丁目,27116,大阪府,大阪市生野区,生野西４丁目,78,236,78,236,47,97,31,139,27,117,4,22,-,-,-,-
27116000500000500_大阪府大阪市生野区生野東１丁目,27116,大阪府,大阪市生野区,生野東１丁目,32,100,32,100,15,27,17,73,15,56,2,17,-,-,-,-
27116000500000600_大阪府大阪市生野区生野東２丁目,27116,大阪府,大阪市生野区,生野東２丁目,54,359,53,288,29,56,24,232,20,172,4,60,-,-,1,71
27116000500000700_大阪府大阪市生野区生野東３丁目,27116,大阪府,大阪市生野区,生野東３丁目,54,303,54,303,32,71,21,231,17,101,4,130,1,1,-,-
27116000500000800_大阪府大阪市生野区生野東４丁目,27116,大阪府,大阪市生野区,生野東４丁目,30,78,30,78,19,49,11,29,8,22,3,7,-,-,-,-
27116005100005100_大阪府大阪市生野区巽西１丁目,27116,大阪府,大阪市生野区,巽西１丁目,32,988,32,988,6,20,26,968,22,933,4,35,-,-,-,-
27116005100005200_大阪府大阪市生野区巽西２丁目,27116,大阪府,大阪市生野区,巽西２丁目,118,"1,129",118,"1,129",49,182,69,947,63,796,6,151,-,-,-,-
27116005100005300_大阪府大阪市生野区巽西３丁目,27116,大阪府,大阪市生野区,巽西３丁目,100,539,100,539,48,107,52,432,51,413,1,19,-,-,-,-
27116005100005400_大阪府大阪市生野区巽西４丁目,27116,大阪府,大阪市生野区,巽西４丁目,82,493,82,493,50,118,32,375,29,343,3,32,-,-,-,-
27116004700004700_大阪府大阪市生野区巽中１丁目,27116,大阪府,大阪市生野区,巽中１丁目,144,"1,804",143,"1,642",30,94,113,"1,548",99,"1,327",14,221,-,-,1,162
27116004700004800_大阪府大阪市生野区巽中２丁目,27116,大阪府,大阪市生野区,巽中２丁目,141,"1,007",141,"1,007",50,111,91,896,82,815,9,81,-,-,-,-
27116004700004900_大阪府大阪市生野区巽中３丁目,27116,大阪府,大阪市生野区,巽中３丁目,116,663,114,581,60,148,54,433,48,322,6,111,-,-,2,82
27116004700005000_大阪府大阪市生野区巽中４丁目,27116,大阪府,大阪市生野区,巽中４丁目,82,572,82,572,32,112,50,460,45,400,5,60,-,-,-,-
27116005500005500_大阪府大阪市生野区巽東１丁目,27116,大阪府,大阪市生野区,巽東１丁目,93,806,92,785,27,99,65,686,60,660,5,26,-,-,1,21
27116005500005600_大阪府大阪市生野区巽東２丁目,27116,大阪府,大阪市生野区,巽東２丁目,125,978,125,978,54,176,70,799,60,611,10,188,1,3,-,-
27116005500005700_大阪府大阪市生野区巽東３丁目,27116,大阪府,大阪市生野区,巽東３丁目,48,715,44,563,7,26,37,537,34,518,3,19,-,-,4,152
27116005500005800_大阪府大阪市生野区巽東４丁目,27116,大阪府,大阪市生野区,巽東４丁目,70,717,69,520,23,48,45,471,39,301,6,170,1,1,1,197
27116005900005900_大阪府大阪市生野区巽南１丁目,27116,大阪府,大阪市生野区,巽南１丁目,65,412,65,412,29,49,34,360,30,336,4,24,2,3,-,-
27116005900006000_大阪府大阪市生野区巽南２丁目,27116,大阪府,大阪市生野区,巽南２丁目,71,862,70,831,18,54,52,777,51,731,1,46,-,-,1,31
27116005900006100_大阪府大阪市生野区巽南３丁目,27116,大阪府,大阪市生野区,巽南３丁目,107,"1,002",107,"1,002",37,117,70,885,60,544,10,341,-,-,-,-
27116005900006200_大阪府大阪市生野区巽南４丁目,27116,大阪府,大阪市生野区,巽南４丁目,49,562,48,526,13,35,35,491,34,490,1,1,-,-,1,36
27116005900006300_大阪府大阪市生野区巽南５丁目,27116,大阪府,大阪市生野区,巽南５丁目,124,"1,286",124,"1,286",36,89,88,"1,197",85,"1,154",3,43,-,-,-,-
27116004300004300_大阪府大阪市生野区巽北１丁目,27116,大阪府,大阪市生野区,巽北１丁目,151,"1,129",150,"1,083",72,209,78,874,71,735,7,139,-,-,1,46
27116004300004400_大阪府大阪市生野区巽北２丁目,27116,大阪府,大阪市生野区,巽北２丁目,101,631,101,631,46,102,54,528,46,413,8,115,1,1,-,-
27116004300004500_大阪府大阪市生野区巽北３丁目,27116,大阪府,大阪市生野区,巽北３丁目,96,"1,120",96,"1,120",42,134,54,986,45,418,9,568,-,-,-,-
27116004300004600_大阪府大阪市生野区巽北４丁目,27116,大阪府,大阪市生野区,巽北４丁目,89,972,89,972,21,104,68,868,62,823,6,45,-,-,-,-
27116006900006900_大阪府大阪市生野区中川１丁目,27116,大阪府,大阪市生野区,中川１丁目,30,261,30,261,13,59,17,202,14,91,3,111,-,-,-,-
27116006900007000_大阪府大阪市生野区中川２丁目,27116,大阪府,大阪市生野区,中川２丁目,59,339,58,305,24,52,34,253,28,211,6,42,-,-,1,34
27116006900007100_大阪府大阪市生野区中川３丁目,27116,大阪府,大阪市生野区,中川３丁目,19,153,18,112,6,38,12,74,8,49,4,25,-,-,1,41
27116006900007200_大阪府大阪市生野区中川４丁目,27116,大阪府,大阪市生野区,中川４丁目,47,227,47,227,26,63,21,164,18,143,3,21,-,-,-,-
27116006900007300_大阪府大阪市生野区中川５丁目,27116,大阪府,大阪市生野区,中川５丁目,36,822,36,822,6,12,30,810,23,634,7,176,-,-,-,-
27116006900007400_大阪府大阪市生野区中川６丁目,27116,大阪府,大阪市生野区,中川６丁目,52,326,51,293,24,63,27,230,23,192,4,38,-,-,1,33
27116007500007500_大阪府大阪市生野区中川西１丁目,27116,大阪府,大阪市生野区,中川西１丁目,88,475,88,475,48,103,40,372,36,343,4,29,-,-,-,-
27116007500007600_大阪府大阪市生野区中川西２丁目,27116,大阪府,大阪市生野区,中川西２丁目,74,468,74,468,42,106,32,362,27,297,5,65,-,-,-,-
27116007500007700_大阪府大阪市生野区中川西３丁目,27116,大阪府,大阪市生野区,中川西３丁目,30,358,30,358,12,26,18,332,13,172,5,160,-,-,-,-
27116007800007800_大阪府大阪市生野区中川東１丁目,27116,大阪府,大阪市生野区,中川東１丁目,61,456,61,456,31,103,30,353,26,314,4,39,-,-,-,-
27116007800007900_大阪府大阪市生野区中川東２丁目,27116,大阪府,大阪市生野区,中川東２丁目,77,487,77,487,41,101,36,386,30,351,6,35,-,-,-,-
27116006400006400_大阪府大阪市生野区鶴橋１丁目,27116,大阪府,大阪市生野区,鶴橋１丁目,66,391,66,391,40,104,26,287,22,199,4,88,-,-,-,-
27116006400006500_大阪府大阪市生野区鶴橋２丁目,27116,大阪府,大阪市生野区,鶴橋２丁目,172,782,172,782,104,238,68,544,55,409,13,135,-,-,-,-
27116006400006600_大阪府大阪市生野区鶴橋３丁目,27116,大阪府,大阪市生野区,鶴橋３丁目,61,477,60,452,21,44,38,407,34,374,4,33,1,1,1,25
27116006400006700_大阪府大阪市生野区鶴橋４丁目,27116,大阪府,大阪市生野区,鶴橋４丁目,57,219,57,219,36,69,20,147,17,139,3,8,1,3,-,-
27116006400006800_大阪府大阪市生野区鶴橋５丁目,27116,大阪府,大阪市生野区,鶴橋５丁目,63,197,63,197,34,63,29,134,27,124,2,10,-,-,-,-
27116003700003700_大阪府大阪市生野区田島１丁目,27116,大阪府,大阪市生野区,田島１丁目,94,798,93,754,46,119,46,623,28,238,18,385,1,12,1,44
27116003700003800_大阪府大阪市生野区田島２丁目,27116,大阪府,大阪市生野区,田島２丁目,61,254,61,254,41,79,19,173,16,136,3,37,1,2,-,-
27116003700003900_大阪府大阪市生野区田島３丁目,27116,大阪府,大阪市生野区,田島３丁目,49,262,48,223,27,63,21,160,17,139,4,21,-,-,1,39
27116003700004000_大阪府大阪市生野区田島４丁目,27116,大阪府,大阪市生野区,田島４丁目,58,531,58,531,28,63,30,468,20,225,10,243,-,-,-,-
27116003700004100_大阪府大阪市生野区田島５丁目,27116,大阪府,大阪市生野区,田島５丁目,115,803,114,761,49,143,65,618,54,533,11,85,-,-,1,42
27116003700004200_大阪府大阪市生野区田島６丁目,27116,大阪府,大阪市生野区,田島６丁目,76,798,76,798,21,55,55,743,53,658,2,85,-,-,-,-
27116008600008600_大阪府大阪市生野区桃谷１丁目,27116,大阪府,大阪市生野区,桃谷１丁目,97,845,96,746,44,124,51,613,48,598,3,15,1,9,1,99
27116008600008700_大阪府大阪市生野区桃谷２丁目,27116,大阪府,大阪市生野区,桃谷２丁目,134,593,132,562,66,127,66,435,56,332,10,103,-,-,2,31
27116008600008800_大阪府大阪市生野区桃谷３丁目,27116,大阪府,大阪市生野区,桃谷３丁目,119,606,119,606,61,161,58,445,47,373,11,72,-,-,-,-
27116008600008900_大阪府大阪市生野区桃谷４丁目,27116,大阪府,大阪市生野区,桃谷４丁目,100,416,100,416,63,142,37,274,34,242,3,32,-,-,-,-
27116008600009000_大阪府大阪市生野区桃谷５丁目,27116,大阪府,大阪市生野区,桃谷５丁目,82,493,82,493,39,105,42,387,36,252,6,135,1,1,-,-
27116008000008000_大阪府大阪市生野区林寺１丁目,27116,大阪府,大阪市生野区,林寺１丁目,35,142,35,142,16,39,19,103,15,94,4,9,-,-,-,-
27116008000008100_大阪府大阪市生野区林寺２丁目,27116,大阪府,大阪市生野区,林寺２丁目,93,503,92,478,54,122,37,355,28,245,9,110,1,1,1,25
27116008000008200_大阪府大阪市生野区林寺３丁目,27116,大阪府,大阪市生野区,林寺３丁目,74,313,74,313,41,80,33,233,27,204,6,29,-,-,-,-
27116008000008300_大阪府大阪市生野区林寺４丁目,27116,大阪府,大阪市生野区,林寺４丁目,56,544,56,544,18,49,38,495,26,308,12,187,-,-,-,-
27116008000008400_大阪府大阪市生野区林寺５丁目,27116,大阪府,大阪市生野区,林寺５丁目,55,449,55,449,24,62,31,387,24,244,7,143,-,-,-,-
27116008000008500_大阪府大阪市生野区林寺６丁目,27116,大阪府,大阪市生野区,林寺６丁目,34,386,33,356,7,14,25,317,23,315,2,2,1,25,1,30
27116999999999999_大阪府大阪市生野区その他,27116,大阪府,大阪市生野区,その他,-,-,-,-,-,-,-,-,-,-,-,-,-,-,-,-
27117_大阪府大阪市旭区,27117,大阪府,大阪市旭区,,"3,168","27,605","3,139","25,874","1,397","3,779","1,728","22,028","1,459","15,481",269,"6,547",14,67,29,"1,731"
27117003200003200_大阪府大阪市旭区高殿１丁目,27117,大阪府,大阪市旭区,高殿１丁目,27,300,27,300,8,29,19,271,19,271,-,-,-,-,-,-
27117003200003300_大阪府大阪市旭区高殿２丁目,27117,大阪府,大阪市旭区,高殿２丁目,90,700,90,700,33,115,57,585,57,585,-,-,-,-,-,-
27117003200003400_大阪府大阪市旭区高殿３丁目,27117,大阪府,大阪市旭区,高殿３丁目,75,395,74,366,40,115,34,251,29,208,5,43,-,-,1,29
27117003200003500_大阪府大阪市旭区高殿４丁目,27117,大阪府,大阪市旭区,高殿４丁目,110,"1,063",110,"1,063",39,88,70,971,62,873,8,98,1,4,-,-
27117003200003600_大阪府大阪市旭区高殿５丁目,27117,大阪府,大阪市旭区,高殿５丁目,30,657,28,516,14,20,14,496,12,305,2,191,-,-,2,141
27117003200003700_大阪府大阪市旭区高殿６丁目,27117,大阪府,大阪市旭区,高殿６丁目,114,987,112,924,48,120,64,804,51,561,13,243,-,-,2,63
27117003200003800_大阪府大阪市旭区高殿７丁目,27117,大阪府,大阪市旭区,高殿７丁目,76,476,76,476,36,93,39,382,36,376,3,6,1,1,-,-
27117000800000800_大阪府大阪市旭区今市１丁目,27117,大阪府,大阪市旭区,今市１丁目,69,395,69,395,32,84,36,306,30,277,6,29,1,5,-,-
27117000800000900_大阪府大阪市旭区今市２丁目,27117,大阪府,大阪市旭区,今市２丁目,56,189,56,189,32,82,24,107,19,96,5,11,-,-,-,-
27117002000002000_大阪府大阪市旭区新森１丁目,27117,大阪府,大阪市旭区,新森１丁目,39,202,39,202,18,44,21,158,19,105,2,53,-,-,-,-
27117002000002100_大阪府大阪市旭区新森２丁目,27117,大阪府,大阪市旭区,新森２丁目,99,753,98,741,38,111,60,630,52,464,8,166,-,-,1,12
27117002000002200_大阪府大阪市旭区新森３丁目,27117,大阪府,大阪市旭区,新森３丁目,76,521,76,521,31,102,44,418,35,274,9,144,1,1,-,-
27117002000002300_大阪府大阪市旭区新森４丁目,27117,大阪府,大阪市旭区,新森４丁目,75,718,75,718,29,97,46,621,40,348,6,273,-,-,-,-
27117002000002400_大阪府大阪市旭区新森５丁目,27117,大阪府,大阪市旭区,新森５丁目,36,221,36,221,16,43,20,178,18,125,2,53,-,-,-,-
27117002000002500_大阪府大阪市旭区新森６丁目,27117,大阪府,大阪市旭区,新森６丁目,42,692,39,451,10,27,29,424,26,358,3,66,-,-,3,241
27117002000002600_大阪府大阪市旭区新森７丁目,27117,大阪府,大阪市旭区,新森７丁目,53,526,52,523,14,40,38,483,28,190,10,293,-,-,1,3
27117004400004400_大阪府大阪市旭区森小路１丁目,27117,大阪府,大阪市旭区,森小路１丁目,81,875,81,875,45,163,35,711,33,701,2,10,1,1,-,-
27117004400004500_大阪府大阪市旭区森小路２丁目,27117,大阪府,大阪市旭区,森小路２丁目,127,646,126,606,70,164,56,442,46,286,10,156,-,-,1,40
27117001500001500_大阪府大阪市旭区清水１丁目,27117,大阪府,大阪市旭区,清水１丁目,42,171,42,171,26,53,16,118,14,107,2,11,-,-,-,-
27117001500001600_大阪府大阪市旭区清水２丁目,27117,大阪府,大阪市旭区,清水２丁目,50,589,50,589,22,58,28,531,23,367,5,164,-,-,-,-
27117001500001700_大阪府大阪市旭区清水３丁目,27117,大阪府,大阪市旭区,清水３丁目,81,"1,197",81,"1,197",29,72,52,"1,125",33,298,19,827,-,-,-,-
27117001500001800_大阪府大阪市旭区清水４丁目,27117,大阪府,大阪市旭区,清水４丁目,52,416,52,416,20,35,32,381,24,275,8,106,-,-,-,-
27117001500001900_大阪府大阪市旭区清水５丁目,27117,大阪府,大阪市旭区,清水５丁目,29,166,28,119,16,30,12,89,9,77,3,12,-,-,1,47
27117000500000500_大阪府大阪市旭区生江１丁目,27117,大阪府,大阪市旭区,生江１丁目,72,588,71,556,29,61,41,494,33,255,8,239,1,1,1,32
27117000500000600_大阪府大阪市旭区生江２丁目,27117,大阪府,大阪市旭区,生江２丁目,62,464,62,464,26,57,36,407,26,251,10,156,-,-,-,-
27117000500000700_大阪府大阪市旭区生江３丁目,27117,大阪府,大阪市旭区,生江３丁目,65,537,64,505,24,52,40,453,27,192,13,261,-,-,1,32
27117000100000100_大阪府大阪市旭区赤川１丁目,27117,大阪府,大阪市旭区,赤川１丁目,53,984,53,984,22,64,29,886,25,754,4,132,2,34,-,-
27117000100000200_大阪府大阪市旭区赤川２丁目,27117,大阪府,大阪市旭区,赤川２丁目,85,760,84,748,38,101,46,647,36,471,10,176,-,-,1,12
27117000100000300_大阪府大阪市旭区赤川３丁目,27117,大阪府,大阪市旭区,赤川３丁目,71,498,70,467,48,100,22,367,22,367,-,-,-,-,1,31
27117000100000400_大阪府大阪市旭区赤川４丁目,27117,大阪府,大阪市旭区,赤川４丁目,60,364,60,364,23,87,37,277,28,179,9,98,-,-,-,-
27117002700002700_大阪府大阪市旭区千林１丁目,27117,大阪府,大阪市旭区,千林１丁目,78,330,78,330,38,91,40,239,36,225,4,14,-,-,-,-
27117002700002800_大阪府大阪市旭区千林２丁目,27117,大阪府,大阪市旭区,千林２丁目,224,"1,474",224,"1,474",122,409,102,"1,065",94,811,8,254,-,-,-,-
27117002900002900_大阪府大阪市旭区太子橋１丁目,27117,大阪府,大阪市旭区,太子橋１丁目,65,479,64,434,14,45,49,388,40,217,9,171,1,1,1,45
27117002900003000_大阪府大阪市旭区太子橋２丁目,27117,大阪府,大阪市旭区,太子橋２丁目,13,52,13,52,3,7,10,45,7,31,3,14,-,-,-,-
27117002900003100_大阪府大阪市旭区太子橋３丁目,27117,大阪府,大阪市旭区,太子橋３丁目,35,317,34,211,14,41,19,163,17,121,2,42,1,7,1,106
27117001000001000_大阪府大阪市旭区大宮１丁目,27117,大阪府,大阪市旭区,大宮１丁目,95,"1,239",92,871,40,117,51,752,44,598,7,154,1,2,3,368
27117001000001100_大阪府大阪市旭区大宮２丁目,27117,大阪府,大阪市旭区,大宮２丁目,102,989,102,989,54,137,46,845,40,778,6,67,2,7,-,-
27117001000001200_大阪府大阪市旭区大宮３丁目,27117,大阪府,大阪市旭区,大宮３丁目,90,498,90,498,43,109,47,389,39,330,8,59,-,-,-,-
27117001000001300_大阪府大阪市旭区大宮４丁目,27117,大阪府,大阪市旭区,大宮４丁目,114,"1,211",113,"1,167",53,148,60,"1,019",51,910,9,109,-,-,1,44
27117001000001400_大阪府大阪市旭区大宮５丁目,27117,大阪府,大阪市旭区,大宮５丁目,43,"1,914",41,"1,711",11,16,30,"1,695",23,210,7,"1,485",-,-,2,203
27117003900003900_大阪府大阪市旭区中宮１丁目,27117,大阪府,大阪市旭区,中宮１丁目,61,622,58,398,19,57,39,341,34,307,5,34,-,-,3,224
27117003900004000_大阪府大阪市旭区中宮２丁目,27117,大阪府,大阪市旭区,中宮２丁目,62,320,61,302,29,71,32,231,27,193,5,38,-,-,1,18
27117003900004100_大阪府大阪市旭区中宮３丁目,27117,大阪府,大阪市旭区,中宮３丁目,70,383,70,383,32,78,38,305,34,280,4,25,-,-,-,-
27117003900004200_大阪府大阪市旭区中宮４丁目,27117,大阪府,大阪市旭区,中宮４丁目,67,446,66,406,27,69,39,337,35,290,4,47,-,-,1,40
27117003900004300_大阪府大阪市旭区中宮５丁目,27117,大阪府,大阪市旭区,中宮５丁目,52,281,52,281,22,77,29,201,26,184,3,17,1,3,-,-
27117999999999999_大阪府大阪市旭区その他,27117,大阪府,大阪市旭区,その他,-,-,-,-,-,-,-,-,-,-,-,-,-,-,-,-
27118_大阪府大阪市城東区,27118,大阪府,大阪市城東区,,"5,141","52,937","5,092","50,058","1,919","5,320","3,154","44,706","2,745","34,347",409,"10,359",19,32,49,"2,879"
27118005200005200_大阪府大阪市城東区永田１丁目,27118,大阪府,大阪市城東区,永田１丁目,27,168,27,168,2,5,25,163,25,163,-,-,-,-,-,-
27118005200005300_大阪府大阪市城東区永田２丁目,27118,大阪府,大阪市城東区,永田２丁目,56,615,55,566,12,35,43,531,41,512,2,19,-,-,1,49
27118005200005400_大阪府大阪市城東区永田３丁目,27118,大阪府,大阪市城東区,永田３丁目,79,"1,150",78,"1,107",11,34,67,"1,073",65,"1,052",2,21,-,-,1,43
27118005200005500_大阪府大阪市城東区永田４丁目,27118,大阪府,大阪市城東区,永田４丁目,81,447,81,447,39,139,42,308,40,303,2,5,-,-,-,-
27118001400001400_大阪府大阪市城東区蒲生１丁目,27118,大阪府,大阪市城東区,蒲生１丁目,64,586,64,586,22,56,41,529,35,473,6,56,1,1,-,-
27118001400001500_大阪府大阪市城東区蒲生２丁目,27118,大阪府,大阪市城東区,蒲生２丁目,52,451,52,451,12,34,39,416,32,314,7,102,1,1,-,-
27118001400001600_大阪府大阪市城東区蒲生３丁目,27118,大阪府,大阪市城東区,蒲生３丁目,39,261,39,261,14,30,25,231,17,134,8,97,-,-,-,-
27118001400001700_大阪府大阪市城東区蒲生４丁目,27118,大阪府,大阪市城東区,蒲生４丁目,52,514,52,514,18,52,34,462,19,260,15,202,-,-,-,-
27118003900003900_大阪府大阪市城東区関目１丁目,27118,大阪府,大阪市城東区,関目１丁目,161,"1,560",160,"1,520",64,169,96,"1,351",87,"1,241",9,110,-,-,1,40
27118003900004000_大阪府大阪市城東区関目２丁目,27118,大阪府,大阪市城東区,関目２丁目,65,610,64,606,23,62,41,544,34,371,7,173,-,-,1,4
27118003900004100_大阪府大阪市城東区関目３丁目,27118,大阪府,大阪市城東区,関目３丁目,146,783,146,783,80,197,66,586,56,467,10,119,-,-,-,-
27118003900004200_大阪府大阪市城東区関目４丁目,27118,大阪府,大阪市城東区,関目４丁目,59,956,57,597,23,47,34,550,33,547,1,3,-,-,2,359
27118003900004300_大阪府大阪市城東区関目５丁目,27118,大阪府,大阪市城東区,関目５丁目,141,"1,100",141,"1,100",69,191,72,909,62,812,10,97,-,-,-,-
27118003900004400_大阪府大阪市城東区関目６丁目,27118,大阪府,大阪市城東区,関目６丁目,54,983,51,772,10,46,41,726,39,505,2,221,-,-,3,211
27118007200007200_大阪府大阪市城東区古市１丁目,27118,大阪府,大阪市城東区,古市１丁目,105,"2,654",104,"2,594",36,96,68,"2,498",52,992,16,"1,506",-,-,1,60
27118007200007300_大阪府大阪市城東区古市２丁目,27118,大阪府,大阪市城東区,古市２丁目,45,572,44,525,14,42,30,483,21,164,9,319,-,-,1,47
27118007200007400_大阪府大阪市城東区古市３丁目,27118,大阪府,大阪市城東区,古市３丁目,115,620,115,620,54,120,60,499,57,470,3,29,1,1,-,-
27118000100000100_大阪府大阪市城東区今福西１丁目,27118,大阪府,大阪市城東区,今福西１丁目,114,811,113,759,52,149,61,610,50,414,11,196,-,-,1,52
27118000100000200_大阪府大阪市城東区今福西２丁目,27118,大阪府,大阪市城東区,今福西２丁目,67,585,66,507,25,72,40,434,35,394,5,40,1,1,1,78
27118000100000300_大阪府大阪市城東区今福西３丁目,27118,大阪府,大阪市城東区,今福西３丁目,100,802,98,739,43,144,53,589,47,498,6,91,2,6,2,63
27118000100000400_大阪府大阪市城東区今福西４丁目,27118,大阪府,大阪市城東区,今福西４丁目,48,373,47,319,18,77,29,242,26,224,3,18,-,-,1,54
27118000100000500_大阪府大阪市城東区今福西５丁目,27118,大阪府,大阪市城東区,今福西５丁目,82,443,82,443,38,61,44,382,39,370,5,12,-,-,-,-
27118000100000600_大阪府大阪市城東区今福西６丁目,27118,大阪府,大阪市城東区,今福西６丁目,31,505,31,505,3,6,27,498,23,347,4,151,1,1,-,-
27118000700000700_大阪府大阪市城東区今福東１丁目,27118,大阪府,大阪市城東区,今福東１丁目,116,"1,332",115,"1,288",42,169,73,"1,119",69,"1,043",4,76,-,-,1,44
27118000700000800_大阪府大阪市城東区今福東２丁目,27118,大阪府,大阪市城東区,今福東２丁目,90,814,90,814,36,98,53,715,51,603,2,112,1,1,-,-
27118000700000900_大阪府大阪市城東区今福東３丁目,27118,大阪府,大阪市城東区,今福東３丁目,64,794,64,794,35,90,29,704,27,666,2,38,-,-,-,-
27118001000001000_大阪府大阪市城東区今福南１丁目,27118,大阪府,大阪市城東区,今福南１丁目,25,143,25,143,5,18,20,125,18,116,2,9,-,-,-,-
27118001000001100_大阪府大阪市城東区今福南２丁目,27118,大阪府,大阪市城東区,今福南２丁目,37,256,36,228,15,28,21,200,17,132,4,68,-,-,1,28
27118001000001200_大阪府大阪市城東区今福南３丁目,27118,大阪府,大阪市城東区,今福南３丁目,10,495,10,495,2,3,8,492,8,492,-,-,-,-,-,-
27118001000001300_大阪府大阪市城東区今福南４丁目,27118,大阪府,大阪市城東区,今福南４丁目,24,145,24,145,12,33,12,112,11,84,1,28,-,-,-,-
27118002200002200_大阪府大阪市城東区鴫野西１丁目,27118,大阪府,大阪市城東区,鴫野西１丁目,65,404,65,404,35,106,30,298,26,259,4,39,-,-,-,-
27118002200002300_大阪府大阪市城東区鴫野西２丁目,27118,大阪府,大阪市城東区,鴫野西２丁目,112,"1,225",112,"1,225",24,57,87,"1,167",63,881,24,286,1,1,-,-
27118002200002400_大阪府大阪市城東区鴫野西３丁目,27118,大阪府,大阪市城東区,鴫野西３丁目,36,303,35,255,13,50,22,205,18,158,4,47,-,-,1,48
27118002200002500_大阪府大阪市城東区鴫野西４丁目,27118,大阪府,大阪市城東区,鴫野西４丁目,56,789,55,745,16,53,39,692,32,604,7,88,-,-,1,44
27118002200002600_大阪府大阪市城東区鴫野西５丁目,27118,大阪府,大阪市城東区,鴫野西５丁目,96,"1,170",95,"1,115",37,165,55,942,52,568,3,374,3,8,1,55
27118002700002700_大阪府大阪市城東区鴫野東１丁目,27118,大阪府,大阪市城東区,鴫野東１丁目,64,938,64,938,18,59,45,878,39,820,6,58,1,1,-,-
27118002700002800_大阪府大阪市城東区鴫野東２丁目,27118,大阪府,大阪市城東区,鴫野東２丁目,70,379,70,379,34,58,36,321,27,143,9,178,-,-,-,-
27118002700002900_大阪府大阪市城東区鴫野東３丁目,27118,大阪府,大阪市城東区,鴫野東３丁目,149,895,147,844,69,191,78,653,57,495,21,158,-,-,2,51
27118001800001800_大阪府大阪市城東区新喜多１丁目,27118,大阪府,大阪市城東区,新喜多１丁目,80,891,79,887,23,87,56,800,52,767,4,33,-,-,1,4
27118001800001900_大阪府大阪市城東区新喜多２丁目,27118,大阪府,大阪市城東区,新喜多２丁目,16,187,15,144,4,4,11,140,10,139,1,1,-,-,1,43
27118002000002000_大阪府大阪市城東区新喜多東１丁目,27118,大阪府,大阪市城東区,新喜多東１丁目,40,213,40,213,18,66,22,147,17,85,5,62,-,-,-,-
27118002000002100_大阪府大阪市城東区新喜多東２丁目,27118,大阪府,大阪市城東区,新喜多東２丁目,38,251,38,251,9,21,29,230,29,230,-,-,-,-,-,-
27118007500007500_大阪府大阪市城東区森之宮１丁目,27118,大阪府,大阪市城東区,森之宮１丁目,40,"2,893",38,"2,774",2,6,35,"2,767",30,"1,904",5,863,1,1,2,119
27118007500007600_大阪府大阪市城東区森之宮２丁目,27118,大阪府,大阪市城東区,森之宮２丁目,44,"2,094",44,"2,094",9,34,35,"2,060",25,798,10,"1,262",-,-,-,-
27118003000003000_大阪府大阪市城東区諏訪１丁目,27118,大阪府,大阪市城東区,諏訪１丁目,51,239,51,239,20,43,31,196,24,102,7,94,-,-,-,-
27118003000003100_大阪府大阪市城東区諏訪２丁目,27118,大阪府,大阪市城東区,諏訪２丁目,59,462,59,462,25,51,34,411,29,382,5,29,-,-,-,-
27118003000003200_大阪府大阪市城東区諏訪３丁目,27118,大阪府,大阪市城東区,諏訪３丁目,91,908,90,781,28,81,61,699,60,646,1,53,1,1,1,127
27118003000003300_大阪府大阪市城東区諏訪４丁目,27118,大阪府,大阪市城東区,諏訪４丁目,132,867,132,867,54,147,78,720,74,662,4,58,-,-,-,-
27118003400003400_大阪府大阪市城東区成育１丁目,27118,大阪府,大阪市城東区,成育１丁目,51,481,50,429,11,15,39,414,33,341,6,73,-,-,1,52
27118003400003500_大阪府大阪市城東区成育２丁目,27118,大阪府,大阪市城東区,成育２丁目,103,"1,004",103,"1,004",38,84,64,917,58,869,6,48,1,3,-,-
27118003400003600_大阪府大阪市城東区成育３丁目,27118,大阪府,大阪市城東区,成育３丁目,73,897,73,897,39,125,34,772,32,750,2,22,-,-,-,-
27118003400003700_大阪府大阪市城東区成育４丁目,27118,大阪府,大阪市城東区,成育４丁目,92,543,91,532,47,114,44,418,34,257,10,161,-,-,1,11
27118003400003800_大阪府大阪市城東区成育５丁目,27118,大阪府,大阪市城東区,成育５丁目,99,631,99,631,44,156,55,475,47,396,8,79,-,-,-,-
27118004500004500_大阪府大阪市城東区中央１丁目,27118,大阪府,大阪市城東区,中央１丁目,140,"1,999",139,"1,765",38,120,100,"1,642",76,773,24,869,1,3,1,234
27118004500004600_大阪府大阪市城東区中央２丁目,27118,大阪府,大阪市城東区,中央２丁目,67,629,66,541,17,44,49,497,40,384,9,113,-,-,1,88
27118004500004700_大阪府大阪市城東区中央３丁目,27118,大阪府,大阪市城東区,中央３丁目,58,790,54,366,20,46,34,320,29,246,5,74,-,-,4,424
27118004900004900_大阪府大阪市城東区中浜１丁目,27118,大阪府,大阪市城東区,中浜１丁目,36,486,31,351,12,20,19,331,18,328,1,3,-,-,5,135
27118004900005000_大阪府大阪市城東区中浜２丁目,27118,大阪府,大阪市城東区,中浜２丁目,53,288,52,261,23,47,29,214,24,185,5,29,-,-,1,27
27118004900005100_大阪府大阪市城東区中浜３丁目,27118,大阪府,大阪市城東区,中浜３丁目,81,565,81,565,40,133,41,432,36,403,5,29,-,-,-,-
27118004800004800_大阪府大阪市城東区天王田,27118,大阪府,大阪市城東区,天王田,44,155,44,155,21,36,23,119,21,115,2,4,-,-,-,-
27118006300006300_大阪府大阪市城東区東中浜１丁目,27118,大阪府,大阪市城東区,東中浜１丁目,58,772,58,772,25,53,33,719,27,210,6,509,-,-,-,-
27118006300006400_大阪府大阪市城東区東中浜２丁目,27118,大阪府,大阪市城東区,東中浜２丁目,58,323,57,302,15,30,42,272,37,252,5,20,-,-,1,21
27118006300006500_大阪府大阪市城東区東中浜３丁目,27118,大阪府,大阪市城東区,東中浜３丁目,77,273,77,273,36,88,41,185,34,132,7,53,-,-,-,-
27118006300006600_大阪府大阪市城東区東中浜４丁目,27118,大阪府,大阪市城東区,東中浜４丁目,25,410,24,336,9,42,15,294,14,201,1,93,-,-,1,74
27118006300006700_大阪府大阪市城東区東中浜５丁目,27118,大阪府,大阪市城東区,東中浜５丁目,28,285,27,237,7,17,19,219,19,219,-,-,1,1,1,48
27118006300006800_大阪府大阪市城東区東中浜６丁目,27118,大阪府,大阪市城東区,東中浜６丁目,46,367,46,367,18,43,28,324,24,283,4,41,-,-,-,-
27118006300006900_大阪府大阪市城東区東中浜７丁目,27118,大阪府,大阪市城東区,東中浜７丁目,43,451,43,451,15,44,28,407,28,407,-,-,-,-,-,-
27118006300007000_大阪府大阪市城東区東中浜８丁目,27118,大阪府,大阪市城東区,東中浜８丁目,45,389,45,389,12,30,33,359,33,359,-,-,-,-,-,-
27118006300007100_大阪府大阪市城東区東中浜９丁目,27118,大阪府,大阪市城東区,東中浜９丁目,56,471,56,471,19,32,37,439,35,351,2,88,-,-,-,-
27118006000006000_大阪府大阪市城東区放出西１丁目,27118,大阪府,大阪市城東区,放出西１丁目,36,280,35,267,6,19,29,248,28,217,1,31,-,-,1,13
27118006000006100_大阪府大阪市城東区放出西２丁目,27118,大阪府,大阪市城東区,放出西２丁目,77,"1,006",76,961,22,58,54,903,52,844,2,59,-,-,1,45
27118006000006200_大阪府大阪市城東区放出西３丁目,27118,大阪府,大阪市城東区,放出西３丁目,74,857,73,816,25,109,47,706,45,682,2,24,1,1,1,41
27118005600005600_大阪府大阪市城東区野江１丁目,27118,大阪府,大阪市城東区,野江１丁目,44,783,44,783,14,27,30,756,25,600,5,156,-,-,-,-
27118005600005700_大阪府大阪市城東区野江２丁目,27118,大阪府,大阪市城東区,野江２丁目,47,396,47,396,14,26,33,370,28,252,5,118,-,-,-,-
27118005600005800_大阪府大阪市城東区野江３丁目,27118,大阪府,大阪市城東区,野江３丁目,91,501,91,501,41,109,50,392,47,366,3,26,-,-,-,-
27118005600005900_大阪府大阪市城東区野江４丁目,27118,大阪府,大阪市城東区,野江４丁目,51,269,50,226,24,71,26,155,21,119,5,36,-,-,1,43
27118999999999999_大阪府大阪市城東区その他,27118,大阪府,大阪市城東区,その他,-,-,-,-,-,-,-,-,-,-,-,-,-,-,-,-
27119_大阪府大阪市阿倍野区,27119,大阪府,大阪市阿倍野区,,"5,388","58,939","5,347","56,055","1,791","5,218","3,537","50,750","3,130","41,204",407,"9,546",19,87,41,"2,884"
27119002100002100_大阪府大阪市阿倍野区三明町１丁目,27119,大阪府,大阪市阿倍野区,三明町１丁目,36,323,36,323,16,42,19,274,15,166,4,108,1,7,-,-
27119002100002200_大阪府大阪市阿倍野区三明町２丁目,27119,大阪府,大阪市阿倍野区,三明町２丁目,47,650,45,512,11,55,31,454,24,418,7,36,3,3,2,138
27119000600000600_大阪府大阪市阿倍野区阿倍野筋１丁目,27119,大阪府,大阪市阿倍野区,阿倍野筋１丁目,882,"17,249",881,"17,006",28,222,852,"16,782",822,"16,378",30,404,1,2,1,243
27119000600000700_大阪府大阪市阿倍野区阿倍野筋２丁目,27119,大阪府,大阪市阿倍野区,阿倍野筋２丁目,141,"1,257",141,"1,257",29,95,111,"1,157",108,"1,127",3,30,1,5,-,-
27119000600000800_大阪府大阪市阿倍野区阿倍野筋３丁目,27119,大阪府,大阪市阿倍野区,阿倍野筋３丁目,119,"1,217",115,"1,131",32,91,81,"1,010",70,687,11,323,2,30,4,86
27119000600000900_大阪府大阪市阿倍野区阿倍野筋４丁目,27119,大阪府,大阪市阿倍野区,阿倍野筋４丁目,75,416,74,414,40,102,34,312,25,225,9,87,-,-,1,2
27119000600001000_大阪府大阪市阿倍野区阿倍野筋５丁目,27119,大阪府,大阪市阿倍野区,阿倍野筋５丁目,77,649,76,415,33,95,43,320,31,228,12,92,-,-,1,234
27119001100001100_大阪府大阪市阿倍野区阿倍野元町,27119,大阪府,大阪市阿倍野区,阿倍野元町,91,370,91,370,44,129,46,239,38,193,8,46,1,2,-,-
27119000300000300_大阪府大阪市阿倍野区旭町１丁目,27119,大阪府,大阪市阿倍野区,旭町１丁目,163,"6,458",160,"5,903",30,94,130,"5,809",109,"2,366",21,"3,443",-,-,3,555
27119000300000400_大阪府大阪市阿倍野区旭町２丁目,27119,大阪府,大阪市阿倍野区,旭町２丁目,46,237,46,237,26,58,20,179,14,100,6,79,-,-,-,-
27119000300000500_大阪府大阪市阿倍野区旭町３丁目,27119,大阪府,大阪市阿倍野区,旭町３丁目,26,195,25,167,7,20,18,147,16,119,2,28,-,-,1,28
27119001200001200_大阪府大阪市阿倍野区王子町１丁目,27119,大阪府,大阪市阿倍野区,王子町１丁目,53,322,53,322,28,56,25,266,23,237,2,29,-,-,-,-
27119001200001300_大阪府大阪市阿倍野区王子町２丁目,27119,大阪府,大阪市阿倍野区,王子町２丁目,66,286,66,286,43,79,23,207,16,110,7,97,-,-,-,-
27119001200001400_大阪府大阪市阿倍野区王子町３丁目,27119,大阪府,大阪市阿倍野区,王子町３丁目,77,233,77,233,49,97,26,121,23,91,3,30,2,15,-,-
27119001200001500_大阪府大阪市阿倍野区王子町４丁目,27119,大阪府,大阪市阿倍野区,王子町４丁目,28,572,28,572,9,30,19,542,14,427,5,115,-,-,-,-
27119006400006400_大阪府大阪市阿倍野区丸山通１丁目,27119,大阪府,大阪市阿倍野区,丸山通１丁目,38,632,37,589,11,33,25,555,15,114,10,441,1,1,1,43
27119006400006500_大阪府大阪市阿倍野区丸山通２丁目,27119,大阪府,大阪市阿倍野区,丸山通２丁目,17,70,17,70,9,14,8,56,7,55,1,1,-,-,-,-
27119001900001900_大阪府大阪市阿倍野区共立通１丁目,27119,大阪府,大阪市阿倍野区,共立通１丁目,16,53,16,53,7,16,9,37,6,13,3,24,-,-,-,-
27119001900002000_大阪府大阪市阿倍野区共立通２丁目,27119,大阪府,大阪市阿倍野区,共立通２丁目,13,223,13,223,3,23,10,200,6,15,4,185,-,-,-,-
27119003900003900_大阪府大阪市阿倍野区橋本町,27119,大阪府,大阪市阿倍野区,橋本町,11,58,11,58,-,-,11,58,8,31,3,27,-,-,-,-
27119004300004300_大阪府大阪市阿倍野区阪南町１丁目,27119,大阪府,大阪市阿倍野区,阪南町１丁目,276,"1,980",274,"1,848",105,288,169,"1,560",144,"1,358",25,202,-,-,2,132
27119004300004400_大阪府大阪市阿倍野区阪南町２丁目,27119,大阪府,大阪市阿倍野区,阪南町２丁目,122,"1,132",121,"1,086",43,163,77,921,69,802,8,119,1,2,1,46
27119004300004500_大阪府大阪市阿倍野区阪南町３丁目,27119,大阪府,大阪市阿倍野区,阪南町３丁目,159,"1,018",158,975,79,186,79,789,63,498,16,291,-,-,1,43
27119004300004600_大阪府大阪市阿倍野区阪南町４丁目,27119,大阪府,大阪市阿倍野区,阪南町４丁目,66,331,66,331,23,58,43,273,38,255,5,18,-,-,-,-
27119004300004700_大阪府大阪市阿倍野区阪南町５丁目,27119,大阪府,大阪市阿倍野区,阪南町５丁目,182,"1,652",181,"1,590",70,278,111,"1,312",94,962,17,350,-,-,1,62
27119004300004800_大阪府大阪市阿倍野区阪南町６丁目,27119,大阪府,大阪市阿倍野区,阪南町６丁目,46,135,46,135,20,36,26,99,23,88,3,11,-,-,-,-
27119004300004900_大阪府大阪市阿倍野区阪南町７丁目,27119,大阪府,大阪市阿倍野区,阪南町７丁目,36,334,36,334,14,32,22,302,22,302,-,-,-,-,-,-
27119002300002300_大阪府大阪市阿倍野区昭和町１丁目,27119,大阪府,大阪市阿倍野区,昭和町１丁目,208,"1,400",208,"1,400",109,278,99,"1,122",90,"1,043",9,79,-,-,-,-
27119002300002400_大阪府大阪市阿倍野区昭和町２丁目,27119,大阪府,大阪市阿倍野区,昭和町２丁目,164,929,164,929,74,183,90,746,78,578,12,168,-,-,-,-
27119002300002500_大阪府大阪市阿倍野区昭和町３丁目,27119,大阪府,大阪市阿倍野区,昭和町３丁目,49,622,48,584,17,41,30,540,18,197,12,343,1,3,1,38
27119002300002600_大阪府大阪市阿倍野区昭和町４丁目,27119,大阪府,大阪市阿倍野区,昭和町４丁目,37,191,37,191,13,34,24,157,19,97,5,60,-,-,-,-
27119002300002700_大阪府大阪市阿倍野区昭和町５丁目,27119,大阪府,大阪市阿倍野区,昭和町５丁目,111,582,111,582,38,101,73,481,67,382,6,99,-,-,-,-
27119005700005700_大阪府大阪市阿倍野区松崎町１丁目,27119,大阪府,大阪市阿倍野区,松崎町１丁目,28,"1,527",28,"1,527",-,-,28,"1,527",24,"1,466",4,61,-,-,-,-
27119005700005800_大阪府大阪市阿倍野区松崎町２丁目,27119,大阪府,大阪市阿倍野区,松崎町２丁目,178,"2,154",178,"2,154",57,215,120,"1,939",106,"1,709",14,230,1,-,-,-
27119005700005900_大阪府大阪市阿倍野区松崎町３丁目,27119,大阪府,大阪市阿倍野区,松崎町３丁目,98,"1,035",95,934,32,95,63,839,54,566,9,273,-,-,3,101
27119005700006000_大阪府大阪市阿倍野区松崎町４丁目,27119,大阪府,大阪市阿倍野区,松崎町４丁目,54,518,53,438,23,74,29,354,26,321,3,33,1,10,1,80
27119006100006100_大阪府大阪市阿倍野区松虫通１丁目,27119,大阪府,大阪市阿倍野区,松虫通１丁目,22,215,22,215,12,16,10,199,7,182,3,17,-,-,-,-
27119006100006200_大阪府大阪市阿倍野区松虫通２丁目,27119,大阪府,大阪市阿倍野区,松虫通２丁目,25,87,25,87,6,7,19,80,18,72,1,8,-,-,-,-
27119006100006300_大阪府大阪市阿倍野区松虫通３丁目,27119,大阪府,大阪市阿倍野区,松虫通３丁目,13,86,12,51,5,9,7,42,6,39,1,3,-,-,1,35
27119002800002800_大阪府大阪市阿倍野区晴明通,27119,大阪府,大阪市阿倍野区,晴明通,60,382,58,326,19,35,39,291,34,204,5,87,-,-,2,56
27119003700003700_大阪府大阪市阿倍野区西田辺町１丁目,27119,大阪府,大阪市阿倍野区,西田辺町１丁目,126,"1,785",126,"1,785",64,174,62,"1,611",55,"1,545",7,66,-,-,-,-
27119003700003800_大阪府大阪市阿倍野区西田辺町２丁目,27119,大阪府,大阪市阿倍野区,西田辺町２丁目,81,660,81,660,26,90,55,570,50,499,5,71,-,-,-,-
27119000100000100_大阪府大阪市阿倍野区相生通１丁目,27119,大阪府,大阪市阿倍野区,相生通１丁目,26,103,26,103,6,17,20,86,16,64,4,22,-,-,-,-
27119000100000200_大阪府大阪市阿倍野区相生通２丁目,27119,大阪府,大阪市阿倍野区,相生通２丁目,29,121,29,121,15,31,14,90,12,77,2,13,-,-,-,-
27119003600003600_大阪府大阪市阿倍野区長池町,27119,大阪府,大阪市阿倍野区,長池町,59,319,58,280,26,61,32,219,28,184,4,35,-,-,1,39
27119002900002900_大阪府大阪市阿倍野区帝塚山１丁目,27119,大阪府,大阪市阿倍野区,帝塚山１丁目,89,701,88,660,29,140,59,520,53,301,6,219,-,-,1,41
27119003300003300_大阪府大阪市阿倍野区天王寺町南１丁目,27119,大阪府,大阪市阿倍野区,天王寺町南１丁目,24,388,23,359,4,7,19,352,18,341,1,11,-,-,1,29
27119003300003400_大阪府大阪市阿倍野区天王寺町南２丁目,27119,大阪府,大阪市阿倍野区,天王寺町南２丁目,64,496,64,496,23,80,41,416,32,287,9,129,-,-,-,-
27119003300003500_大阪府大阪市阿倍野区天王寺町南３丁目,27119,大阪府,大阪市阿倍野区,天王寺町南３丁目,24,104,24,104,9,47,15,57,15,57,-,-,-,-,-,-
27119003000003000_大阪府大阪市阿倍野区天王寺町北１丁目,27119,大阪府,大阪市阿倍野区,天王寺町北１丁目,43,230,43,230,21,54,22,176,21,168,1,8,-,-,-,-
27119003000003100_大阪府大阪市阿倍野区天王寺町北２丁目,27119,大阪府,大阪市阿倍野区,天王寺町北２丁目,144,791,144,791,76,258,66,528,59,383,7,145,2,5,-,-
27119003000003200_大阪府大阪市阿倍野区天王寺町北３丁目,27119,大阪府,大阪市阿倍野区,天王寺町北３丁目,92,994,91,946,32,88,59,858,52,706,7,152,-,-,1,48
27119006700006700_大阪府大阪市阿倍野区桃ケ池町１丁目,27119,大阪府,大阪市阿倍野区,桃ケ池町１丁目,21,255,21,255,6,12,15,243,12,227,3,16,-,-,-,-
27119006700006800_大阪府大阪市阿倍野区桃ケ池町２丁目,27119,大阪府,大阪市阿倍野区,桃ケ池町２丁目,30,186,29,148,13,29,16,119,15,100,1,19,-,-,1,38
27119004000004000_大阪府大阪市阿倍野区播磨町１丁目,27119,大阪府,大阪市阿倍野区,播磨町１丁目,96,586,95,566,32,95,63,471,59,448,4,23,-,-,1,20
27119004000004100_大阪府大阪市阿倍野区播磨町２丁目,27119,大阪府,大阪市阿倍野区,播磨町２丁目,20,77,20,77,8,12,12,65,9,61,3,4,-,-,-,-
27119004000004200_大阪府大阪市阿倍野区播磨町３丁目,27119,大阪府,大阪市阿倍野区,播磨町３丁目,11,80,11,80,6,17,5,63,4,60,1,3,-,-,-,-
27119005000005000_大阪府大阪市阿倍野区美章園１丁目,27119,大阪府,大阪市阿倍野区,美章園１丁目,25,142,24,71,15,40,9,31,9,31,-,-,-,-,1,71
27119005000005100_大阪府大阪市阿倍野区美章園２丁目,27119,大阪府,大阪市阿倍野区,美章園２丁目,103,507,103,507,63,149,40,358,38,259,2,99,-,-,-,-
27119005000005200_大阪府大阪市阿倍野区美章園３丁目,27119,大阪府,大阪市阿倍野区,美章園３丁目,23,185,23,185,8,59,15,126,11,54,4,72,-,-,-,-
27119005300005300_大阪府大阪市阿倍野区文の里１丁目,27119,大阪府,大阪市阿倍野区,文の里１丁目,49,760,44,226,19,57,24,167,23,166,1,1,1,2,5,534
27119005300005400_大阪府大阪市阿倍野区文の里２丁目,27119,大阪府,大阪市阿倍野区,文の里２丁目,28,142,28,142,11,44,17,98,14,67,3,31,-,-,-,-
27119005300005500_大阪府大阪市阿倍野区文の里３丁目,27119,大阪府,大阪市阿倍野区,文の里３丁目,26,198,26,198,10,25,16,173,10,39,6,134,-,-,-,-
27119005300005600_大阪府大阪市阿倍野区文の里４丁目,27119,大阪府,大阪市阿倍野区,文の里４丁目,46,228,46,228,16,24,30,204,26,152,4,52,-,-,-,-
27119001600001600_大阪府大阪市阿倍野区北畠１丁目,27119,大阪府,大阪市阿倍野区,北畠１丁目,76,419,75,363,22,80,53,283,48,246,5,37,-,-,1,56
27119001600001700_大阪府大阪市阿倍野区北畠２丁目,27119,大阪府,大阪市阿倍野区,北畠２丁目,27,229,26,143,5,29,21,114,20,112,1,2,-,-,1,86
27119001600001800_大阪府大阪市阿倍野区北畠３丁目,27119,大阪府,大阪市阿倍野区,北畠３丁目,30,378,30,378,6,8,24,370,21,279,3,91,-,-,-,-
27119006600006600_大阪府大阪市阿倍野区万代１丁目,27119,大阪府,大阪市阿倍野区,万代１丁目,20,95,20,95,6,11,14,84,10,70,4,14,-,-,-,-
27119999999999999_大阪府大阪市阿倍野区その他,27119,大阪府,大阪市阿倍野区,その他,-,-,-,-,-,-,-,-,-,-,-,-,-,-,-,-
27120_大阪府大阪市住吉区,27120,大阪府,大阪市住吉区,,"4,860","46,452","4,818","43,851","1,992","5,593","2,801","38,161","2,366","23,778",435,"14,383",25,97,42,"2,601"
27120001500001500_大阪府大阪市住吉区遠里小野１丁目,27120,大阪府,大阪市住吉区,遠里小野１丁目,70,651,69,575,31,78,38,497,28,269,10,228,-,-,1,76
27120001500001600_大阪府大阪市住吉区遠里小野２丁目,27120,大阪府,大阪市住吉区,遠里小野２丁目,36,338,35,307,9,41,26,266,19,103,7,163,-,-,1,31
27120001500001700_大阪府大阪市住吉区遠里小野３丁目,27120,大阪府,大阪市住吉区,遠里小野３丁目,23,113,23,113,17,47,6,66,6,66,-,-,-,-,-,-
27120001500001800_大阪府大阪市住吉区遠里小野４丁目,27120,大阪府,大阪市住吉区,遠里小野４丁目,28,217,28,217,15,39,13,178,12,174,1,4,-,-,-,-
27120001500001900_大阪府大阪市住吉区遠里小野５丁目,27120,大阪府,大阪市住吉区,遠里小野５丁目,64,273,64,273,32,86,32,187,27,178,5,9,-,-,-,-
27120001500002000_大阪府大阪市住吉区遠里小野６丁目,27120,大阪府,大阪市住吉区,遠里小野６丁目,26,142,25,111,8,11,17,100,16,99,1,1,-,-,1,31
27120001500002100_大阪府大阪市住吉区遠里小野７丁目,27120,大阪府,大阪市住吉区,遠里小野７丁目,16,125,16,125,10,37,6,88,6,88,-,-,-,-,-,-
27120000300000300_大阪府大阪市住吉区我孫子１丁目,27120,大阪府,大阪市住吉区,我孫子１丁目,44,389,44,389,17,33,27,356,23,301,4,55,-,-,-,-
27120000300000400_大阪府大阪市住吉区我孫子２丁目,27120,大阪府,大阪市住吉区,我孫子２丁目,41,260,41,260,18,40,23,220,21,169,2,51,-,-,-,-
27120000300000500_大阪府大阪市住吉区我孫子３丁目,27120,大阪府,大阪市住吉区,我孫子３丁目,113,849,113,849,64,170,49,679,42,364,7,315,-,-,-,-
27120000300000600_大阪府大阪市住吉区我孫子４丁目,27120,大阪府,大阪市住吉区,我孫子４丁目,58,326,57,279,21,35,36,244,27,146,9,98,-,-,1,47
27120000300000700_大阪府大阪市住吉区我孫子５丁目,27120,大阪府,大阪市住吉区,我孫子５丁目,44,379,44,379,15,36,29,343,25,320,4,23,-,-,-,-
27120000800000800_大阪府大阪市住吉区我孫子西１丁目,27120,大阪府,大阪市住吉区,我孫子西１丁目,30,301,29,251,10,14,19,237,15,134,4,103,-,-,1,50
27120000800000900_大阪府大阪市住吉区我孫子西２丁目,27120,大阪府,大阪市住吉区,我孫子西２丁目,59,620,59,620,31,71,28,549,24,437,4,112,-,-,-,-
27120001000001000_大阪府大阪市住吉区我孫子東１丁目,27120,大阪府,大阪市住吉区,我孫子東１丁目,34,870,33,824,8,40,25,784,22,696,3,88,-,-,1,46
27120001000001100_大阪府大阪市住吉区我孫子東２丁目,27120,大阪府,大阪市住吉区,我孫子東２丁目,117,"1,246",117,"1,246",36,114,80,"1,129",73,"1,042",7,87,1,3,-,-
27120001000001200_大阪府大阪市住吉区我孫子東３丁目,27120,大阪府,大阪市住吉区,我孫子東３丁目,65,585,65,585,19,53,46,532,39,392,7,140,-,-,-,-
27120002200002200_大阪府大阪市住吉区苅田１丁目,27120,大阪府,大阪市住吉区,苅田１丁目,24,309,22,210,4,16,18,194,16,139,2,55,-,-,2,99
27120002200002300_大阪府大阪市住吉区苅田２丁目,27120,大阪府,大阪市住吉区,苅田２丁目,61,321,61,321,28,115,32,205,29,171,3,34,1,1,-,-
27120002200002400_大阪府大阪市住吉区苅田３丁目,27120,大阪府,大阪市住吉区,苅田３丁目,119,772,118,719,61,159,55,558,49,448,6,110,2,2,1,53
27120002200002500_大阪府大阪市住吉区苅田４丁目,27120,大阪府,大阪市住吉区,苅田４丁目,31,842,29,609,12,25,16,579,8,33,8,546,1,5,2,233
27120002200002600_大阪府大阪市住吉区苅田５丁目,27120,大阪府,大阪市住吉区,苅田５丁目,127,"1,309",127,"1,309",44,164,82,"1,138",65,965,17,173,1,7,-,-
27120002200002700_大阪府大阪市住吉区苅田６丁目,27120,大阪府,大阪市住吉区,苅田６丁目,40,235,40,235,21,44,18,189,12,94,6,95,1,2,-,-
27120002200002800_大阪府大阪市住吉区苅田７丁目,27120,大阪府,大阪市住吉区,苅田７丁目,141,"1,290",141,"1,290",65,219,76,"1,071",70,596,6,475,-,-,-,-
27120002200002900_大阪府大阪市住吉区苅田８丁目,27120,大阪府,大阪市住吉区,苅田８丁目,40,282,40,282,11,32,29,250,28,221,1,29,-,-,-,-
27120002200003000_大阪府大阪市住吉区苅田９丁目,27120,大阪府,大阪市住吉区,苅田９丁目,77,526,75,469,35,124,39,340,35,331,4,9,1,5,2,57
27120002200003100_大阪府大阪市住吉区苅田１０丁目,27120,大阪府,大阪市住吉区,苅田１０丁目,12,162,11,128,1,1,10,127,10,127,-,-,-,-,1,34
27120009900009900_大阪府大阪市住吉区山之内１丁目,27120,大阪府,大阪市住吉区,山之内１丁目,93,914,92,749,40,108,51,640,47,578,4,62,1,1,1,165
27120009900010000_大阪府大阪市住吉区山之内２丁目,27120,大阪府,大阪市住吉区,山之内２丁目,41,418,40,372,20,54,20,318,15,68,5,250,-,-,1,46
27120009900010100_大阪府大阪市住吉区山之内３丁目,27120,大阪府,大阪市住吉区,山之内３丁目,93,592,93,592,51,176,42,416,39,371,3,45,-,-,-,-
27120009900010200_大阪府大阪市住吉区山之内４丁目,27120,大阪府,大阪市住吉区,山之内４丁目,30,167,30,167,15,31,14,124,12,90,2,34,1,12,-,-
27120009900010300_大阪府大阪市住吉区山之内５丁目,27120,大阪府,大阪市住吉区,山之内５丁目,6,63,6,63,-,-,6,63,6,63,-,-,-,-,-,-
27120010400010400_大阪府大阪市住吉区山之内元町,27120,大阪府,大阪市住吉区,山之内元町,13,334,13,334,-,-,13,334,9,55,4,279,-,-,-,-
27120004400004400_大阪府大阪市住吉区住吉１丁目,27120,大阪府,大阪市住吉区,住吉１丁目,42,313,42,313,20,62,22,251,15,158,7,93,-,-,-,-
27120004400004500_大阪府大阪市住吉区住吉２丁目,27120,大阪府,大阪市住吉区,住吉２丁目,30,357,29,275,10,14,19,261,11,155,8,106,-,-,1,82
27120001300001300_大阪府大阪市住吉区上住吉１丁目,27120,大阪府,大阪市住吉区,上住吉１丁目,44,228,44,228,16,50,28,178,24,166,4,12,-,-,-,-
27120001300001400_大阪府大阪市住吉区上住吉２丁目,27120,大阪府,大阪市住吉区,上住吉２丁目,23,80,23,80,11,36,12,44,10,38,2,6,-,-,-,-
27120003700003700_大阪府大阪市住吉区杉本１丁目,27120,大阪府,大阪市住吉区,杉本１丁目,35,223,35,223,12,25,23,198,22,184,1,14,-,-,-,-
27120003700003800_大阪府大阪市住吉区杉本２丁目,27120,大阪府,大阪市住吉区,杉本２丁目,43,339,43,339,18,38,25,301,17,249,8,52,-,-,-,-
27120003700003900_大阪府大阪市住吉区杉本３丁目,27120,大阪府,大阪市住吉区,杉本３丁目,9,"2,756",9,"2,756",2,2,7,"2,754",3,21,4,"2,733",-,-,-,-
27120003400003400_大阪府大阪市住吉区清水丘１丁目,27120,大阪府,大阪市住吉区,清水丘１丁目,56,301,56,301,26,67,30,234,23,165,7,69,-,-,-,-
27120003400003500_大阪府大阪市住吉区清水丘２丁目,27120,大阪府,大阪市住吉区,清水丘２丁目,122,681,121,639,73,175,48,464,42,364,6,100,-,-,1,42
27120003400003600_大阪府大阪市住吉区清水丘３丁目,27120,大阪府,大阪市住吉区,清水丘３丁目,60,530,60,530,20,38,40,492,35,450,5,42,-,-,-,-
27120004600004600_大阪府大阪市住吉区千躰１丁目,27120,大阪府,大阪市住吉区,千躰１丁目,15,157,14,100,3,4,10,94,9,94,1,-,1,2,1,57
27120004600004700_大阪府大阪市住吉区千躰２丁目,27120,大阪府,大阪市住吉区,千躰２丁目,31,217,31,217,10,27,21,190,19,139,2,51,-,-,-,-
27120000100000100_大阪府大阪市住吉区浅香１丁目,27120,大阪府,大阪市住吉区,浅香１丁目,20,566,19,522,-,-,18,495,5,281,13,214,1,27,1,44
27120000100000200_大阪府大阪市住吉区浅香２丁目,27120,大阪府,大阪市住吉区,浅香２丁目,6,73,6,73,-,-,6,73,1,30,5,43,-,-,-,-
27120004800004800_大阪府大阪市住吉区大領１丁目,27120,大阪府,大阪市住吉区,大領１丁目,7,44,7,44,2,4,5,40,2,3,3,37,-,-,-,-
27120004800004900_大阪府大阪市住吉区大領２丁目,27120,大阪府,大阪市住吉区,大領２丁目,27,153,27,153,9,19,17,128,14,71,3,57,1,6,-,-
27120004800005000_大阪府大阪市住吉区大領３丁目,27120,大阪府,大阪市住吉区,大領３丁目,10,195,7,28,3,8,4,20,3,17,1,3,-,-,3,167
27120004800005100_大阪府大阪市住吉区大領４丁目,27120,大阪府,大阪市住吉区,大領４丁目,52,425,51,390,21,61,30,329,25,275,5,54,-,-,1,35
27120004800005200_大阪府大阪市住吉区大領５丁目,27120,大阪府,大阪市住吉区,大領５丁目,44,204,44,204,10,20,34,184,29,97,5,87,-,-,-,-
27120003200003200_大阪府大阪市住吉区沢之町１丁目,27120,大阪府,大阪市住吉区,沢之町１丁目,45,228,45,228,23,91,20,135,18,129,2,6,2,2,-,-
27120003200003300_大阪府大阪市住吉区沢之町２丁目,27120,大阪府,大阪市住吉区,沢之町２丁目,20,185,20,185,4,7,16,178,16,178,-,-,-,-,-,-
27120006900006900_大阪府大阪市住吉区長居１丁目,27120,大阪府,大阪市住吉区,長居１丁目,49,890,49,890,12,43,37,847,28,515,9,332,-,-,-,-
27120006900007000_大阪府大阪市住吉区長居２丁目,27120,大阪府,大阪市住吉区,長居２丁目,99,495,99,495,46,138,53,357,46,307,7,50,-,-,-,-
27120006900007100_大阪府大阪市住吉区長居３丁目,27120,大阪府,大阪市住吉区,長居３丁目,100,538,100,538,57,196,43,342,39,321,4,21,-,-,-,-
27120006900007200_大阪府大阪市住吉区長居４丁目,27120,大阪府,大阪市住吉区,長居４丁目,41,221,41,221,13,24,28,197,26,179,2,18,-,-,-,-
27120007300007300_大阪府大阪市住吉区長居西１丁目,27120,大阪府,大阪市住吉区,長居西１丁目,28,159,28,159,9,16,19,143,16,124,3,19,-,-,-,-
27120007300007400_大阪府大阪市住吉区長居西２丁目,27120,大阪府,大阪市住吉区,長居西２丁目,31,132,31,132,13,30,18,102,13,80,5,22,-,-,-,-
27120007300007500_大阪府大阪市住吉区長居西３丁目,27120,大阪府,大阪市住吉区,長居西３丁目,40,313,40,313,13,35,27,278,23,245,4,33,-,-,-,-
27120007600007600_大阪府大阪市住吉区長居東１丁目,27120,大阪府,大阪市住吉区,長居東１丁目,51,338,51,338,18,35,33,303,28,270,5,33,-,-,-,-
27120007600007700_大阪府大阪市住吉区長居東２丁目,27120,大阪府,大阪市住吉区,長居東２丁目,55,392,55,392,18,40,37,352,37,352,-,-,-,-,-,-
27120007600007800_大阪府大阪市住吉区長居東３丁目,27120,大阪府,大阪市住吉区,長居東３丁目,148,"1,141",147,"1,084",65,167,80,911,68,738,12,173,2,6,1,57
27120007600007900_大阪府大阪市住吉区長居東４丁目,27120,大阪府,大阪市住吉区,長居東４丁目,251,"2,197",251,"2,197",105,344,144,"1,849",136,"1,632",8,217,2,4,-,-
27120008000008000_大阪府大阪市住吉区長峡町,27120,大阪府,大阪市住吉区,長峡町,79,508,79,508,37,121,42,387,38,330,4,57,-,-,-,-
27120005800005800_大阪府大阪市住吉区帝塚山西１丁目,27120,大阪府,大阪市住吉区,帝塚山西１丁目,17,133,17,133,2,2,15,131,11,88,4,43,-,-,-,-
27120005800005900_大阪府大阪市住吉区帝塚山西２丁目,27120,大阪府,大阪市住吉区,帝塚山西２丁目,17,72,17,72,3,16,14,56,14,56,-,-,-,-,-,-
27120005800006000_大阪府大阪市住吉区帝塚山西３丁目,27120,大阪府,大阪市住吉区,帝塚山西３丁目,5,60,4,19,-,-,4,19,4,19,-,-,-,-,1,41
27120005800006100_大阪府大阪市住吉区帝塚山西４丁目,27120,大阪府,大阪市住吉区,帝塚山西４丁目,14,95,12,31,3,7,9,24,9,24,-,-,-,-,2,64
27120005300005300_大阪府大阪市住吉区帝塚山中１丁目,27120,大阪府,大阪市住吉区,帝塚山中１丁目,25,115,25,115,9,19,16,96,15,86,1,10,-,-,-,-
27120005300005400_大阪府大阪市住吉区帝塚山中２丁目,27120,大阪府,大阪市住吉区,帝塚山中２丁目,20,61,20,61,4,8,16,53,15,51,1,2,-,-,-,-
27120005300005500_大阪府大阪市住吉区帝塚山中３丁目,27120,大阪府,大阪市住吉区,帝塚山中３丁目,28,418,28,418,5,32,23,386,17,84,6,302,-,-,-,-
27120005300005600_大阪府大阪市住吉区帝塚山中４丁目,27120,大阪府,大阪市住吉区,帝塚山中４丁目,20,58,20,58,7,9,13,49,12,48,1,1,-,-,-,-
27120005300005700_大阪府大阪市住吉区帝塚山中５丁目,27120,大阪府,大阪市住吉区,帝塚山中５丁目,8,15,8,15,6,11,2,4,2,4,-,-,-,-,-,-
27120006200006200_大阪府大阪市住吉区帝塚山東１丁目,27120,大阪府,大阪市住吉区,帝塚山東１丁目,47,288,47,288,18,82,29,206,28,203,1,3,-,-,-,-
27120006200006300_大阪府大阪市住吉区帝塚山東２丁目,27120,大阪府,大阪市住吉区,帝塚山東２丁目,21,456,21,456,5,9,16,447,8,90,8,357,-,-,-,-
27120006200006400_大阪府大阪市住吉区帝塚山東３丁目,27120,大阪府,大阪市住吉区,帝塚山東３丁目,29,132,29,132,16,36,13,96,12,58,1,38,-,-,-,-
27120006200006500_大阪府大阪市住吉区帝塚山東４丁目,27120,大阪府,大阪市住吉区,帝塚山東４丁目,30,604,30,604,14,22,16,582,14,223,2,359,-,-,-,-
27120006200006600_大阪府大阪市住吉区帝塚山東５丁目,27120,大阪府,大阪市住吉区,帝塚山東５丁目,29,386,27,315,5,12,22,303,3,14,19,289,-,-,2,71
27120008100008100_大阪府大阪市住吉区庭井１丁目,27120,大阪府,大阪市住吉区,庭井１丁目,13,49,13,49,5,8,8,41,7,39,1,2,-,-,-,-
27120008100008200_大阪府大阪市住吉区庭井２丁目,27120,大阪府,大阪市住吉区,庭井２丁目,11,100,10,34,4,7,6,27,4,23,2,4,-,-,1,66
27120006700006700_大阪府大阪市住吉区殿辻１丁目,27120,大阪府,大阪市住吉区,殿辻１丁目,29,241,29,241,14,26,15,215,12,130,3,85,-,-,-,-
27120006700006800_大阪府大阪市住吉区殿辻２丁目,27120,大阪府,大阪市住吉区,殿辻２丁目,38,166,38,166,16,36,22,130,22,130,-,-,-,-,-,-
27120009200009200_大阪府大阪市住吉区東粉浜１丁目,27120,大阪府,大阪市住吉区,東粉浜１丁目,35,103,35,103,21,56,13,46,12,45,1,1,1,1,-,-
27120009200009300_大阪府大阪市住吉区東粉浜２丁目,27120,大阪府,大阪市住吉区,東粉浜２丁目,49,312,48,276,21,74,26,201,21,146,5,55,1,1,1,36
27120009200009400_大阪府大阪市住吉区東粉浜３丁目,27120,大阪府,大阪市住吉区,東粉浜３丁目,97,926,96,684,51,182,44,499,37,355,7,144,1,3,1,242
27120009500009500_大阪府大阪市住吉区南住吉１丁目,27120,大阪府,大阪市住吉区,南住吉１丁目,88,"1,121",88,"1,121",31,130,57,991,45,695,12,296,-,-,-,-
27120009500009600_大阪府大阪市住吉区南住吉２丁目,27120,大阪府,大阪市住吉区,南住吉２丁目,78,595,78,595,32,82,46,513,41,434,5,79,-,-,-,-
27120009500009700_大阪府大阪市住吉区南住吉３丁目,27120,大阪府,大阪市住吉区,南住吉３丁目,83,"1,928",80,"1,528",22,67,57,"1,456",46,487,11,969,1,5,3,400
27120009500009800_大阪府大阪市住吉区南住吉４丁目,27120,大阪府,大阪市住吉区,南住吉４丁目,47,374,47,374,22,54,25,320,21,251,4,69,-,-,-,-
27120004000004000_大阪府大阪市住吉区墨江１丁目,27120,大阪府,大阪市住吉区,墨江１丁目,26,82,26,82,13,46,13,36,11,31,2,5,-,-,-,-
27120004000004100_大阪府大阪市住吉区墨江２丁目,27120,大阪府,大阪市住吉区,墨江２丁目,27,267,25,215,11,32,14,183,12,77,2,106,-,-,2,52
27120004000004200_大阪府大阪市住吉区墨江３丁目,27120,大阪府,大阪市住吉区,墨江３丁目,30,233,30,233,15,31,15,202,13,195,2,7,-,-,-,-
27120004000004300_大阪府大阪市住吉区墨江４丁目,27120,大阪府,大阪市住吉区,墨江４丁目,50,244,49,194,27,70,21,123,17,110,4,13,1,1,1,50
27120008300008300_大阪府大阪市住吉区万代２丁目,27120,大阪府,大阪市住吉区,万代２丁目,29,182,29,182,10,19,19,163,16,140,3,23,-,-,-,-
27120008300008400_大阪府大阪市住吉区万代３丁目,27120,大阪府,大阪市住吉区,万代３丁目,38,389,38,389,12,18,26,371,21,279,5,92,-,-,-,-
27120008300008500_大阪府大阪市住吉区万代４丁目,27120,大阪府,大阪市住吉区,万代４丁目,41,447,41,447,24,68,17,379,16,377,1,2,-,-,-,-
27120008300008600_大阪府大阪市住吉区万代５丁目,27120,大阪府,大阪市住吉区,万代５丁目,41,229,41,229,13,22,28,207,23,182,5,25,-,-,-,-
27120008300008700_大阪府大阪市住吉区万代６丁目,27120,大阪府,大阪市住吉区,万代６丁目,58,440,58,440,24,53,34,387,27,318,7,69,-,-,-,-
27120008800008800_大阪府大阪市住吉区万代東１丁目,27120,大阪府,大阪市住吉区,万代東１丁目,39,211,39,211,12,34,26,176,22,119,4,57,1,1,-,-
27120008800008900_大阪府大阪市住吉区万代東２丁目,27120,大阪府,大阪市住吉区,万代東２丁目,36,118,36,118,15,37,21,81,18,76,3,5,-,-,-,-
27120008800009000_大阪府大阪市住吉区万代東３丁目,27120,大阪府,大阪市住吉区,万代東３丁目,15,"2,794",14,"2,704",3,4,11,"2,700",10,256,1,"2,444",-,-,1,90
27120008800009100_大阪府大阪市住吉区万代東４丁目,27120,大阪府,大阪市住吉区,万代東４丁目,23,209,21,172,9,22,12,150,12,150,-,-,-,-,2,37
27120999999999999_大阪府大阪市住吉区その他,27120,大阪府,大阪市住吉区,その他,-,-,-,-,-,-,-,-,-,-,-,-,-,-,-,-
27121_大阪府大阪市東住吉区,27121,大阪府,大阪市東住吉区,,"5,426","45,140","5,389","42,910","2,111","5,516","3,257","37,346","2,777","28,772",480,"8,574",21,48,37,"2,230"
27121003600003600_大阪府大阪市東住吉区駒川１丁目,27121,大阪府,大阪市東住吉区,駒川１丁目,105,405,105,405,59,143,46,262,35,202,11,60,-,-,-,-
27121003600003700_大阪府大阪市東住吉区駒川２丁目,27121,大阪府,大阪市東住吉区,駒川２丁目,19,122,19,122,10,19,9,103,8,94,1,9,-,-,-,-
27121003600003800_大阪府大阪市東住吉区駒川３丁目,27121,大阪府,大阪市東住吉区,駒川３丁目,81,427,81,427,44,134,37,293,30,223,7,70,-,-,-,-
27121003600003900_大阪府大阪市東住吉区駒川４丁目,27121,大阪府,大阪市東住吉区,駒川４丁目,134,660,134,660,75,197,58,461,49,383,9,78,1,2,-,-
27121003600004000_大阪府大阪市東住吉区駒川５丁目,27121,大阪府,大阪市東住吉区,駒川５丁目,215,"1,281",215,"1,281",113,317,102,964,97,858,5,106,-,-,-,-
27121002700002700_大阪府大阪市東住吉区桑津１丁目,27121,大阪府,大阪市東住吉区,桑津１丁目,121,"1,108",121,"1,108",36,95,84,"1,012",82,"1,008",2,4,1,1,-,-
27121002700002800_大阪府大阪市東住吉区桑津２丁目,27121,大阪府,大阪市東住吉区,桑津２丁目,67,696,67,696,24,45,43,651,39,486,4,165,-,-,-,-
27121002700002900_大阪府大阪市東住吉区桑津３丁目,27121,大阪府,大阪市東住吉区,桑津３丁目,81,417,81,417,32,64,49,353,41,327,8,26,-,-,-,-
27121002700003000_大阪府大阪市東住吉区桑津４丁目,27121,大阪府,大阪市東住吉区,桑津４丁目,53,341,53,341,20,47,33,294,31,221,2,73,-,-,-,-
27121002700003100_大阪府大阪市東住吉区桑津５丁目,27121,大阪府,大阪市東住吉区,桑津５丁目,73,530,71,430,31,104,39,325,31,201,8,124,1,1,2,100
27121003200003200_大阪府大阪市東住吉区公園南矢田１丁目,27121,大阪府,大阪市東住吉区,公園南矢田１丁目,62,378,62,378,26,48,36,330,33,274,3,56,-,-,-,-
27121003200003300_大阪府大阪市東住吉区公園南矢田２丁目,27121,大阪府,大阪市東住吉区,公園南矢田２丁目,52,472,50,407,12,29,38,378,37,362,1,16,-,-,2,65
27121003200003400_大阪府大阪市東住吉区公園南矢田３丁目,27121,大阪府,大阪市東住吉区,公園南矢田３丁目,60,597,60,597,19,57,41,540,35,343,6,197,-,-,-,-
27121003200003500_大阪府大阪市東住吉区公園南矢田４丁目,27121,大阪府,大阪市東住吉区,公園南矢田４丁目,37,268,37,268,17,29,20,239,16,110,4,129,-,-,-,-
27121001900001900_大阪府大阪市東住吉区杭全１丁目,27121,大阪府,大阪市東住吉区,杭全１丁目,82,"1,188",81,"1,049",27,101,54,948,52,790,2,158,-,-,1,139
27121001900002000_大阪府大阪市東住吉区杭全２丁目,27121,大阪府,大阪市東住吉区,杭全２丁目,53,547,53,547,24,71,29,476,27,462,2,14,-,-,-,-
27121001900002100_大阪府大阪市東住吉区杭全３丁目,27121,大阪府,大阪市東住吉区,杭全３丁目,51,251,51,251,20,40,30,208,26,121,4,87,1,3,-,-
27121001900002200_大阪府大阪市東住吉区杭全４丁目,27121,大阪府,大阪市東住吉区,杭全４丁目,44,256,43,204,13,31,28,166,27,165,1,1,2,7,1,52
27121001900002300_大阪府大阪市東住吉区杭全５丁目,27121,大阪府,大阪市東住吉区,杭全５丁目,73,648,73,648,28,69,45,579,44,554,1,25,-,-,-,-
27121001900002400_大阪府大阪市東住吉区杭全６丁目,27121,大阪府,大阪市東住吉区,杭全６丁目,45,227,45,227,12,24,32,196,32,196,-,-,1,7,-,-
27121001900002500_大阪府大阪市東住吉区杭全７丁目,27121,大阪府,大阪市東住吉区,杭全７丁目,55,667,55,667,20,31,35,636,33,356,2,280,-,-,-,-
27121001900002600_大阪府大阪市東住吉区杭全８丁目,27121,大阪府,大阪市東住吉区,杭全８丁目,55,283,54,261,26,60,28,201,25,196,3,5,-,-,1,22
27121000100000100_大阪府大阪市東住吉区今川１丁目,27121,大阪府,大阪市東住吉区,今川１丁目,28,239,27,185,11,40,16,145,15,81,1,64,-,-,1,54
27121000100000200_大阪府大阪市東住吉区今川２丁目,27121,大阪府,大阪市東住吉区,今川２丁目,36,229,36,229,9,17,27,212,26,211,1,1,-,-,-,-
27121000100000300_大阪府大阪市東住吉区今川３丁目,27121,大阪府,大阪市東住吉区,今川３丁目,42,396,42,396,9,39,32,354,30,314,2,40,1,3,-,-
27121000100000400_大阪府大阪市東住吉区今川４丁目,27121,大阪府,大阪市東住吉区,今川４丁目,71,850,70,799,25,74,45,725,38,672,7,53,-,-,1,51
27121000100000500_大阪府大阪市東住吉区今川５丁目,27121,大阪府,大阪市東住吉区,今川５丁目,43,520,43,520,9,18,34,502,34,502,-,-,-,-,-,-
27121000100000600_大阪府大阪市東住吉区今川６丁目,27121,大阪府,大阪市東住吉区,今川６丁目,25,200,25,200,7,12,18,188,17,184,1,4,-,-,-,-
27121000100000700_大阪府大阪市東住吉区今川７丁目,27121,大阪府,大阪市東住吉区,今川７丁目,35,502,35,502,13,24,22,478,18,342,4,136,-,-,-,-
27121000100000800_大阪府大阪市東住吉区今川８丁目,27121,大阪府,大阪市東住吉区,今川８丁目,52,878,52,878,18,46,34,832,29,771,5,61,-,-,-,-
27121000900000900_大阪府大阪市東住吉区今林１丁目,27121,大阪府,大阪市東住吉区,今林１丁目,130,"2,058",128,"2,027",6,19,122,"2,008",117,"1,968",5,40,-,-,2,31
27121000900001000_大阪府大阪市東住吉区今林２丁目,27121,大阪府,大阪市東住吉区,今林２丁目,115,"1,575",115,"1,575",23,55,92,"1,520",88,"1,499",4,21,-,-,-,-
27121000900001100_大阪府大阪市東住吉区今林３丁目,27121,大阪府,大阪市東住吉区,今林３丁目,19,410,19,410,-,-,19,410,16,352,3,58,-,-,-,-
27121000900001200_大阪府大阪市東住吉区今林４丁目,27121,大阪府,大阪市東住吉区,今林４丁目,92,645,92,645,25,74,67,571,67,571,-,-,-,-,-,-
27121009200009200_大阪府大阪市東住吉区山坂１丁目,27121,大阪府,大阪市東住吉区,山坂１丁目,45,441,45,441,16,71,29,370,23,256,6,114,-,-,-,-
27121009200009300_大阪府大阪市東住吉区山坂２丁目,27121,大阪府,大阪市東住吉区,山坂２丁目,52,229,52,229,29,70,23,159,18,126,5,33,-,-,-,-
27121009200009400_大阪府大阪市東住吉区山坂３丁目,27121,大阪府,大阪市東住吉区,山坂３丁目,30,388,29,157,14,44,15,113,14,112,1,1,-,-,1,231
27121009200009500_大阪府大阪市東住吉区山坂４丁目,27121,大阪府,大阪市東住吉区,山坂４丁目,36,154,36,154,12,27,24,127,20,105,4,22,-,-,-,-
27121009200009600_大阪府大阪市東住吉区山坂５丁目,27121,大阪府,大阪市東住吉区,山坂５丁目,72,754,72,754,34,102,38,652,31,154,7,498,-,-,-,-
27121004100004100_大阪府大阪市東住吉区住道矢田１丁目,27121,大阪府,大阪市東住吉区,住道矢田１丁目,66,275,66,275,45,86,21,189,16,159,5,30,-,-,-,-
27121004100004200_大阪府大阪市東住吉区住道矢田２丁目,27121,大阪府,大阪市東住吉区,住道矢田２丁目,19,166,18,133,9,16,9,117,5,70,4,47,-,-,1,33
27121004100004300_大阪府大阪市東住吉区住道矢田３丁目,27121,大阪府,大阪市東住吉区,住道矢田３丁目,3,18,3,18,1,3,2,15,2,15,-,-,-,-,-,-
27121004100004400_大阪府大阪市東住吉区住道矢田４丁目,27121,大阪府,大阪市東住吉区,住道矢田４丁目,34,456,34,456,3,5,29,449,24,264,5,185,2,2,-,-
27121004100004500_大阪府大阪市東住吉区住道矢田５丁目,27121,大阪府,大阪市東住吉区,住道矢田５丁目,54,775,54,775,13,30,41,745,39,739,2,6,-,-,-,-
27121004100004600_大阪府大阪市東住吉区住道矢田６丁目,27121,大阪府,大阪市東住吉区,住道矢田６丁目,57,631,57,631,7,20,50,611,43,505,7,106,-,-,-,-
27121004100004700_大阪府大阪市東住吉区住道矢田７丁目,27121,大阪府,大阪市東住吉区,住道矢田７丁目,30,200,30,200,9,63,21,137,19,132,2,5,-,-,-,-
27121004100004800_大阪府大阪市東住吉区住道矢田８丁目,27121,大阪府,大阪市東住吉区,住道矢田８丁目,33,259,33,259,5,11,28,248,28,248,-,-,-,-,-,-
27121004100004900_大阪府大阪市東住吉区住道矢田９丁目,27121,大阪府,大阪市東住吉区,住道矢田９丁目,34,449,33,406,5,9,28,397,21,169,7,228,-,-,1,43
27121006000006000_大阪府大阪市東住吉区照ケ丘矢田１丁目,27121,大阪府,大阪市東住吉区,照ケ丘矢田１丁目,48,331,48,331,23,56,25,275,19,223,6,52,-,-,-,-
27121006000006100_大阪府大阪市東住吉区照ケ丘矢田２丁目,27121,大阪府,大阪市東住吉区,照ケ丘矢田２丁目,37,235,36,207,17,49,19,158,12,59,7,99,-,-,1,28
27121006000006200_大阪府大阪市東住吉区照ケ丘矢田３丁目,27121,大阪府,大阪市東住吉区,照ケ丘矢田３丁目,72,404,72,404,46,128,25,275,20,230,5,45,1,1,-,-
27121006000006300_大阪府大阪市東住吉区照ケ丘矢田４丁目,27121,大阪府,大阪市東住吉区,照ケ丘矢田４丁目,20,127,20,127,6,9,14,118,11,89,3,29,-,-,-,-
27121007300007300_大阪府大阪市東住吉区針中野１丁目,27121,大阪府,大阪市東住吉区,針中野１丁目,40,118,40,118,24,47,16,71,16,71,-,-,-,-,-,-
27121007300007400_大阪府大阪市東住吉区針中野２丁目,27121,大阪府,大阪市東住吉区,針中野２丁目,23,99,23,99,6,11,17,88,10,66,7,22,-,-,-,-
27121007300007500_大阪府大阪市東住吉区針中野３丁目,27121,大阪府,大阪市東住吉区,針中野３丁目,80,353,80,353,38,94,42,259,37,239,5,20,-,-,-,-
27121007300007600_大阪府大阪市東住吉区針中野４丁目,27121,大阪府,大阪市東住吉区,針中野４丁目,33,184,33,184,6,18,26,162,22,143,4,19,1,4,-,-
27121006900006900_大阪府大阪市東住吉区西今川１丁目,27121,大阪府,大阪市東住吉区,西今川１丁目,72,370,72,370,25,49,47,321,35,225,12,96,-,-,-,-
27121006900007000_大阪府大阪市東住吉区西今川２丁目,27121,大阪府,大阪市東住吉区,西今川２丁目,78,345,78,345,39,79,39,266,31,204,8,62,-,-,-,-
27121006900007100_大阪府大阪市東住吉区西今川３丁目,27121,大阪府,大阪市東住吉区,西今川３丁目,59,285,59,285,33,81,26,204,17,132,9,72,-,-,-,-
27121006900007200_大阪府大阪市東住吉区西今川４丁目,27121,大阪府,大阪市東住吉区,西今川４丁目,51,231,51,231,24,56,27,175,21,98,6,77,-,-,-,-
27121005000005000_大阪府大阪市東住吉区鷹合１丁目,27121,大阪府,大阪市東住吉区,鷹合１丁目,52,372,51,338,18,32,33,306,30,288,3,18,-,-,1,34
27121005000005100_大阪府大阪市東住吉区鷹合２丁目,27121,大阪府,大阪市東住吉区,鷹合２丁目,94,485,94,485,47,142,47,343,42,254,5,89,-,-,-,-
27121005000005200_大阪府大阪市東住吉区鷹合３丁目,27121,大阪府,大阪市東住吉区,鷹合３丁目,53,968,52,928,21,60,31,868,20,128,11,740,-,-,1,40
27121005000005300_大阪府大阪市東住吉区鷹合４丁目,27121,大阪府,大阪市東住吉区,鷹合４丁目,35,151,35,151,12,24,22,126,18,118,4,8,1,1,-,-
27121006400006400_大阪府大阪市東住吉区中野１丁目,27121,大阪府,大阪市東住吉区,中野１丁目,36,197,36,197,14,37,22,160,18,146,4,14,-,-,-,-
27121006400006500_大阪府大阪市東住吉区中野２丁目,27121,大阪府,大阪市東住吉区,中野２丁目,33,284,33,284,9,24,24,260,21,227,3,33,-,-,-,-
27121006400006600_大阪府大阪市東住吉区中野３丁目,27121,大阪府,大阪市東住吉区,中野３丁目,42,317,42,317,14,43,28,274,23,234,5,40,-,-,-,-
27121006400006700_大阪府大阪市東住吉区中野４丁目,27121,大阪府,大阪市東住吉区,中野４丁目,75,694,74,643,31,87,43,556,38,461,5,95,-,-,1,51
27121006800006800_大阪府大阪市東住吉区長居公園,27121,大阪府,大阪市東住吉区,長居公園,12,345,11,283,-,-,11,283,3,50,8,233,-,-,1,62
27121005400005400_大阪府大阪市東住吉区田辺１丁目,27121,大阪府,大阪市東住吉区,田辺１丁目,37,241,37,241,16,41,21,200,17,184,4,16,-,-,-,-
27121005400005500_大阪府大阪市東住吉区田辺２丁目,27121,大阪府,大阪市東住吉区,田辺２丁目,41,309,40,259,20,69,20,190,19,162,1,28,-,-,1,50
27121005400005600_大阪府大阪市東住吉区田辺３丁目,27121,大阪府,大阪市東住吉区,田辺３丁目,66,370,66,370,40,104,26,266,20,235,6,31,-,-,-,-
27121005400005700_大阪府大阪市東住吉区田辺４丁目,27121,大阪府,大阪市東住吉区,田辺４丁目,29,327,29,327,13,26,16,301,12,37,4,264,-,-,-,-
27121005400005800_大阪府大阪市東住吉区田辺５丁目,27121,大阪府,大阪市東住吉区,田辺５丁目,34,194,34,194,15,46,19,148,12,76,7,72,-,-,-,-
27121005400005900_大阪府大阪市東住吉区田辺６丁目,27121,大阪府,大阪市東住吉区,田辺６丁目,37,359,37,359,12,21,24,337,19,188,5,149,1,1,-,-
27121007700007700_大阪府大阪市東住吉区東田辺１丁目,27121,大阪府,大阪市東住吉区,東田辺１丁目,65,680,64,361,27,120,35,239,30,188,5,51,2,2,1,319
27121007700007800_大阪府大阪市東住吉区東田辺２丁目,27121,大阪府,大阪市東住吉区,東田辺２丁目,69,372,67,335,23,94,43,240,32,151,11,89,1,1,2,37
27121007700007900_大阪府大阪市東住吉区東田辺３丁目,27121,大阪府,大阪市東住吉区,東田辺３丁目,66,355,66,355,36,95,30,260,28,206,2,54,-,-,-,-
27121009700009700_大阪府大阪市東住吉区湯里１丁目,27121,大阪府,大阪市東住吉区,湯里１丁目,65,617,64,570,25,71,39,499,25,293,14,206,-,-,1,47
27121009700009800_大阪府大阪市東住吉区湯里２丁目,27121,大阪府,大阪市東住吉区,湯里２丁目,84,"1,303",84,"1,303",36,74,48,"1,229",37,841,11,388,-,-,-,-
27121009700009900_大阪府大阪市東住吉区湯里３丁目,27121,大阪府,大阪市東住吉区,湯里３丁目,4,13,4,13,2,10,2,3,2,3,-,-,-,-,-,-
27121009700010000_大阪府大阪市東住吉区湯里４丁目,27121,大阪府,大阪市東住吉区,湯里４丁目,50,215,50,215,20,57,30,158,20,89,10,69,-,-,-,-
27121009700010100_大阪府大阪市東住吉区湯里５丁目,27121,大阪府,大阪市東住吉区,湯里５丁目,61,575,61,575,16,29,45,546,40,333,5,213,-,-,-,-
27121009700010200_大阪府大阪市東住吉区湯里６丁目,27121,大阪府,大阪市東住吉区,湯里６丁目,57,684,56,660,16,61,40,599,31,390,9,209,-,-,1,24
27121008000008000_大阪府大阪市東住吉区南田辺１丁目,27121,大阪府,大阪市東住吉区,南田辺１丁目,86,404,86,404,39,97,46,305,39,275,7,30,1,2,-,-
27121008000008100_大阪府大阪市東住吉区南田辺２丁目,27121,大阪府,大阪市東住吉区,南田辺２丁目,18,99,18,99,5,20,13,79,12,78,1,1,-,-,-,-
27121008000008200_大阪府大阪市東住吉区南田辺３丁目,27121,大阪府,大阪市東住吉区,南田辺３丁目,63,822,61,628,21,50,40,578,34,530,6,48,-,-,2,194
27121008000008300_大阪府大阪市東住吉区南田辺４丁目,27121,大阪府,大阪市東住吉区,南田辺４丁目,22,294,20,196,8,17,12,179,8,34,4,145,-,-,2,98
27121008000008400_大阪府大阪市東住吉区南田辺５丁目,27121,大阪府,大阪市東住吉区,南田辺５丁目,51,365,51,365,11,27,40,338,36,308,4,30,-,-,-,-
27121001300001300_大阪府大阪市東住吉区北田辺１丁目,27121,大阪府,大阪市東住吉区,北田辺１丁目,43,264,43,264,20,56,23,208,19,137,4,71,-,-,-,-
27121001300001400_大阪府大阪市東住吉区北田辺２丁目,27121,大阪府,大阪市東住吉区,北田辺２丁目,25,120,25,120,12,19,13,101,11,84,2,17,-,-,-,-
27121001300001500_大阪府大阪市東住吉区北田辺３丁目,27121,大阪府,大阪市東住吉区,北田辺３丁目,27,149,26,103,15,37,10,64,8,41,2,23,1,2,1,46
27121001300001600_大阪府大阪市東住吉区北田辺４丁目,27121,大阪府,大阪市東住吉区,北田辺４丁目,106,444,105,432,63,156,41,269,27,200,14,69,1,7,1,12
27121001300001700_大阪府大阪市東住吉区北田辺５丁目,27121,大阪府,大阪市東住吉区,北田辺５丁目,14,51,14,51,9,21,5,30,5,30,-,-,-,-,-,-
27121001300001800_大阪府大阪市東住吉区北田辺６丁目,27121,大阪府,大阪市東住吉区,北田辺６丁目,62,229,62,229,32,75,29,153,20,58,9,95,1,1,-,-
27121008500008500_大阪府大阪市東住吉区矢田１丁目,27121,大阪府,大阪市東住吉区,矢田１丁目,56,722,56,722,8,20,48,702,44,552,4,150,-,-,-,-
27121008500008600_大阪府大阪市東住吉区矢田２丁目,27121,大阪府,大阪市東住吉区,矢田２丁目,72,872,72,872,25,77,47,795,39,574,8,221,-,-,-,-
27121008500008700_大阪府大阪市東住吉区矢田３丁目,27121,大阪府,大阪市東住吉区,矢田３丁目,16,159,14,95,5,7,9,88,4,14,5,74,-,-,2,64
27121008500008800_大阪府大阪市東住吉区矢田４丁目,27121,大阪府,大阪市東住吉区,矢田４丁目,41,247,41,247,14,39,27,208,19,112,8,96,-,-,-,-
27121008500008900_大阪府大阪市東住吉区矢田５丁目,27121,大阪府,大阪市東住吉区,矢田５丁目,15,398,13,119,2,12,11,107,5,18,6,89,-,-,2,279
27121008500009000_大阪府大阪市東住吉区矢田６丁目,27121,大阪府,大阪市東住吉区,矢田６丁目,13,252,11,228,4,6,7,222,3,26,4,196,-,-,2,24
27121008500009100_大阪府大阪市東住吉区矢田７丁目,27121,大阪府,大阪市東住吉区,矢田７丁目,15,274,15,274,3,6,12,268,8,187,4,81,-,-,-,-
27121999999999999_大阪府大阪市東住吉区その他,27121,大阪府,大阪市東住吉区,その他,-,-,-,-,-,-,-,-,-,-,-,-,-,-,-,-
27122_大阪府大阪市西成区,27122,大阪府,大阪市西成区,,"4,253","40,438","4,210","37,649","1,755","4,618","2,437","32,997","2,135","27,273",302,"5,724",18,34,43,"2,789"
27122000100000100_大阪府大阪市西成区旭１丁目,27122,大阪府,大阪市西成区,旭１丁目,60,449,60,449,30,87,30,362,24,246,6,116,-,-,-,-
27122000100000200_大阪府大阪市西成区旭２丁目,27122,大阪府,大阪市西成区,旭２丁目,14,187,13,142,7,45,6,97,5,96,1,1,-,-,1,45
27122000100000300_大阪府大阪市西成区旭３丁目,27122,大阪府,大阪市西成区,旭３丁目,29,197,29,197,14,38,15,159,12,156,3,3,-,-,-,-
27122006800006800_大阪府大阪市西成区花園南１丁目,27122,大阪府,大阪市西成区,花園南１丁目,97,"1,041",97,"1,041",44,117,53,924,40,798,13,126,-,-,-,-
27122006800006900_大阪府大阪市西成区花園南２丁目,27122,大阪府,大阪市西成区,花園南２丁目,40,345,40,345,15,37,25,308,24,298,1,10,-,-,-,-
27122006600006600_大阪府大阪市西成区花園北１丁目,27122,大阪府,大阪市西成区,花園北１丁目,39,270,37,196,10,18,27,178,26,177,1,1,-,-,2,74
27122006600006700_大阪府大阪市西成区花園北２丁目,27122,大阪府,大阪市西成区,花園北２丁目,95,581,95,581,45,136,50,445,44,394,6,51,-,-,-,-
27122000400000400_大阪府大阪市西成区岸里１丁目,27122,大阪府,大阪市西成区,岸里１丁目,82,"1,606",79,"1,019",17,70,62,949,55,775,7,174,-,-,3,587
27122000400000500_大阪府大阪市西成区岸里２丁目,27122,大阪府,大阪市西成区,岸里２丁目,44,464,44,464,20,57,22,403,19,303,3,100,2,4,-,-
27122000400000600_大阪府大阪市西成区岸里３丁目,27122,大阪府,大阪市西成区,岸里３丁目,49,503,49,503,18,51,31,452,28,354,3,98,-,-,-,-
27122000700000700_大阪府大阪市西成区岸里東１丁目,27122,大阪府,大阪市西成区,岸里東１丁目,88,779,88,779,35,61,53,718,48,633,5,85,-,-,-,-
27122000700000800_大阪府大阪市西成区岸里東２丁目,27122,大阪府,大阪市西成区,岸里東２丁目,46,364,46,364,17,48,29,316,23,281,6,35,-,-,-,-
27122003000003000_大阪府大阪市西成区橘１丁目,27122,大阪府,大阪市西成区,橘１丁目,54,288,53,254,29,105,23,147,22,145,1,2,1,2,1,34
27122003000003100_大阪府大阪市西成区橘２丁目,27122,大阪府,大阪市西成区,橘２丁目,28,132,27,85,18,36,9,49,8,44,1,5,-,-,1,47
27122003000003200_大阪府大阪市西成区橘３丁目,27122,大阪府,大阪市西成区,橘３丁目,46,192,46,192,29,61,17,131,13,119,4,12,-,-,-,-
27122003500003500_大阪府大阪市西成区玉出西１丁目,27122,大阪府,大阪市西成区,玉出西１丁目,89,539,88,500,35,101,53,399,49,385,4,14,-,-,1,39
27122003500003600_大阪府大阪市西成区玉出西２丁目,27122,大阪府,大阪市西成区,玉出西２丁目,135,"1,197",135,"1,197",49,157,86,"1,040",77,921,9,119,-,-,-,-
27122003300003300_大阪府大阪市西成区玉出中１丁目,27122,大阪府,大阪市西成区,玉出中１丁目,69,422,69,422,37,111,32,311,31,310,1,1,-,-,-,-
27122003300003400_大阪府大阪市西成区玉出中２丁目,27122,大阪府,大阪市西成区,玉出中２丁目,64,569,61,475,28,97,33,378,27,310,6,68,-,-,3,94
27122003700003700_大阪府大阪市西成区玉出東１丁目,27122,大阪府,大阪市西成区,玉出東１丁目,29,263,29,263,7,17,22,246,21,222,1,24,-,-,-,-
27122003700003800_大阪府大阪市西成区玉出東２丁目,27122,大阪府,大阪市西成区,玉出東２丁目,32,331,32,331,14,34,18,297,15,284,3,13,-,-,-,-
27122001500001500_大阪府大阪市西成区山王１丁目,27122,大阪府,大阪市西成区,山王１丁目,53,392,52,375,25,49,27,326,16,137,11,189,-,-,1,17
27122001500001600_大阪府大阪市西成区山王２丁目,27122,大阪府,大阪市西成区,山王２丁目,69,203,69,203,41,76,28,127,23,114,5,13,-,-,-,-
27122001500001700_大阪府大阪市西成区山王３丁目,27122,大阪府,大阪市西成区,山王３丁目,67,425,67,425,48,121,18,301,16,290,2,11,1,3,-,-
27122005400005400_大阪府大阪市西成区出城１丁目,27122,大阪府,大阪市西成区,出城１丁目,27,464,26,318,4,12,22,306,21,289,1,17,-,-,1,146
27122005400005500_大阪府大阪市西成区出城２丁目,27122,大阪府,大阪市西成区,出城２丁目,27,416,26,394,6,16,20,378,15,226,5,152,-,-,1,22
27122005400005600_大阪府大阪市西成区出城３丁目,27122,大阪府,大阪市西成区,出城３丁目,24,98,24,98,18,50,6,48,5,44,1,4,-,-,-,-
27122007300007300_大阪府大阪市西成区松１丁目,27122,大阪府,大阪市西成区,松１丁目,55,474,55,474,27,58,28,416,25,180,3,236,-,-,-,-
27122007300007400_大阪府大阪市西成区松２丁目,27122,大阪府,大阪市西成区,松２丁目,46,229,46,229,20,35,26,194,13,91,13,103,-,-,-,-
27122007300007500_大阪府大阪市西成区松３丁目,27122,大阪府,大阪市西成区,松３丁目,38,191,38,191,15,40,23,151,20,134,3,17,-,-,-,-
27122002000002000_大阪府大阪市西成区聖天下１丁目,27122,大阪府,大阪市西成区,聖天下１丁目,35,128,33,94,19,32,14,62,9,33,5,29,-,-,2,34
27122002000002100_大阪府大阪市西成区聖天下２丁目,27122,大阪府,大阪市西成区,聖天下２丁目,23,87,23,87,13,33,10,54,10,54,-,-,-,-,-,-
27122002400002400_大阪府大阪市西成区千本中１丁目,27122,大阪府,大阪市西成区,千本中１丁目,70,616,67,469,28,71,36,390,29,362,7,28,3,8,3,147
27122002400002500_大阪府大阪市西成区千本中２丁目,27122,大阪府,大阪市西成区,千本中２丁目,35,297,34,259,11,43,23,216,17,155,6,61,-,-,1,38
27122002600002600_大阪府大阪市西成区千本南１丁目,27122,大阪府,大阪市西成区,千本南１丁目,61,384,61,384,27,87,34,297,29,254,5,43,-,-,-,-
27122002600002700_大阪府大阪市西成区千本南２丁目,27122,大阪府,大阪市西成区,千本南２丁目,46,308,45,274,24,50,21,224,20,199,1,25,-,-,1,34
27122002200002200_大阪府大阪市西成区千本北１丁目,27122,大阪府,大阪市西成区,千本北１丁目,50,199,50,199,35,86,15,113,14,109,1,4,-,-,-,-
27122002200002300_大阪府大阪市西成区千本北２丁目,27122,大阪府,大阪市西成区,千本北２丁目,60,607,60,607,26,62,33,544,24,416,9,128,1,1,-,-
27122002800002800_大阪府大阪市西成区太子１丁目,27122,大阪府,大阪市西成区,太子１丁目,97,782,95,703,36,92,59,611,54,579,5,32,-,-,2,79
27122002800002900_大阪府大阪市西成区太子２丁目,27122,大阪府,大阪市西成区,太子２丁目,27,137,27,137,11,19,16,118,13,77,3,41,-,-,-,-
27122005700005700_大阪府大阪市西成区中開１丁目,27122,大阪府,大阪市西成区,中開１丁目,17,161,17,161,2,14,15,147,14,146,1,1,-,-,-,-
27122005700005800_大阪府大阪市西成区中開２丁目,27122,大阪府,大阪市西成区,中開２丁目,16,81,16,81,12,27,4,54,4,54,-,-,-,-,-,-
27122005700005900_大阪府大阪市西成区中開３丁目,27122,大阪府,大阪市西成区,中開３丁目,10,70,10,70,7,13,3,57,3,57,-,-,-,-,-,-
27122001800001800_大阪府大阪市西成区潮路１丁目,27122,大阪府,大阪市西成区,潮路１丁目,88,636,88,636,38,102,48,531,42,465,6,66,2,3,-,-
27122001800001900_大阪府大阪市西成区潮路２丁目,27122,大阪府,大阪市西成区,潮路２丁目,35,209,35,209,22,68,13,141,12,131,1,10,-,-,-,-
27122006000006000_大阪府大阪市西成区長橋１丁目,27122,大阪府,大阪市西成区,長橋１丁目,27,485,27,485,8,13,19,472,17,230,2,242,-,-,-,-
27122006000006100_大阪府大阪市西成区長橋２丁目,27122,大阪府,大阪市西成区,長橋２丁目,13,99,12,68,6,8,6,60,3,19,3,41,-,-,1,31
27122006000006200_大阪府大阪市西成区長橋３丁目,27122,大阪府,大阪市西成区,長橋３丁目,36,599,35,568,12,49,23,519,19,250,4,269,-,-,1,31
27122003900003900_大阪府大阪市西成区津守１丁目,27122,大阪府,大阪市西成区,津守１丁目,40,341,39,263,12,28,27,235,26,218,1,17,-,-,1,78
27122003900004000_大阪府大阪市西成区津守２丁目,27122,大阪府,大阪市西成区,津守２丁目,26,439,23,329,2,3,21,326,21,326,-,-,-,-,3,110
27122003900004100_大阪府大阪市西成区津守３丁目,27122,大阪府,大阪市西成区,津守３丁目,86,"1,039",86,"1,039",26,64,60,975,57,912,3,63,-,-,-,-
27122004200004200_大阪府大阪市西成区鶴見橋１丁目,27122,大阪府,大阪市西成区,鶴見橋１丁目,130,"1,315",130,"1,315",65,149,65,"1,166",60,"1,130",5,36,-,-,-,-
27122004200004300_大阪府大阪市西成区鶴見橋２丁目,27122,大阪府,大阪市西成区,鶴見橋２丁目,46,209,46,209,30,73,16,136,13,62,3,74,-,-,-,-
27122004200004400_大阪府大阪市西成区鶴見橋３丁目,27122,大阪府,大阪市西成区,鶴見橋３丁目,54,186,54,186,38,100,16,86,13,66,3,20,-,-,-,-
27122004500004500_大阪府大阪市西成区天下茶屋１丁目,27122,大阪府,大阪市西成区,天下茶屋１丁目,65,776,64,629,26,55,38,574,28,276,10,298,-,-,1,147
27122004500004600_大阪府大阪市西成区天下茶屋２丁目,27122,大阪府,大阪市西成区,天下茶屋２丁目,104,400,104,400,58,150,44,248,40,233,4,15,2,2,-,-
27122004500004700_大阪府大阪市西成区天下茶屋３丁目,27122,大阪府,大阪市西成区,天下茶屋３丁目,140,766,140,766,70,202,69,561,61,474,8,87,1,3,-,-
27122005000005000_大阪府大阪市西成区天下茶屋東１丁目,27122,大阪府,大阪市西成区,天下茶屋東１丁目,26,75,26,75,13,21,13,54,11,52,2,2,-,-,-,-
27122005000005100_大阪府大阪市西成区天下茶屋東２丁目,27122,大阪府,大阪市西成区,天下茶屋東２丁目,47,220,46,196,27,52,19,144,15,115,4,29,-,-,1,24
27122004800004800_大阪府大阪市西成区天下茶屋北１丁目,27122,大阪府,大阪市西成区,天下茶屋北１丁目,18,165,18,165,10,30,8,135,7,47,1,88,-,-,-,-
27122004800004900_大阪府大阪市西成区天下茶屋北２丁目,27122,大阪府,大阪市西成区,天下茶屋北２丁目,21,215,21,215,5,9,16,206,10,59,6,147,-,-,-,-
27122005200005200_大阪府大阪市西成区天神ノ森１丁目,27122,大阪府,大阪市西成区,天神ノ森１丁目,38,199,38,199,18,54,20,145,19,144,1,1,-,-,-,-
27122005200005300_大阪府大阪市西成区天神ノ森２丁目,27122,大阪府,大阪市西成区,天神ノ森２丁目,6,38,6,38,1,1,5,37,4,27,1,10,-,-,-,-
27122008300008300_大阪府大阪市西成区南開１丁目,27122,大阪府,大阪市西成区,南開１丁目,18,294,17,261,3,7,14,254,14,254,-,-,-,-,1,33
27122008300008400_大阪府大阪市西成区南開２丁目,27122,大阪府,大阪市西成区,南開２丁目,15,65,15,65,7,18,8,47,6,36,2,11,-,-,-,-
27122007600007600_大阪府大阪市西成区南津守１丁目,27122,大阪府,大阪市西成区,南津守１丁目,27,618,27,618,6,22,21,596,17,326,4,270,-,-,-,-
27122007600007700_大阪府大阪市西成区南津守２丁目,27122,大阪府,大阪市西成区,南津守２丁目,39,821,38,802,2,4,36,798,35,719,1,79,-,-,1,19
27122007600007800_大阪府大阪市西成区南津守３丁目,27122,大阪府,大阪市西成区,南津守３丁目,60,646,60,646,22,51,36,592,33,578,3,14,2,3,-,-
27122007600007900_大阪府大阪市西成区南津守４丁目,27122,大阪府,大阪市西成区,南津守４丁目,60,992,60,992,16,44,44,948,42,567,2,381,-,-,-,-
27122007600008000_大阪府大阪市西成区南津守５丁目,27122,大阪府,大阪市西成区,南津守５丁目,165,"2,226",164,"2,036",28,79,136,"1,957",135,"1,951",1,6,-,-,1,190
27122007600008100_大阪府大阪市西成区南津守６丁目,27122,大阪府,大阪市西成区,南津守６丁目,59,"1,093",58,"1,048",6,33,52,"1,015",51,"1,004",1,11,-,-,1,45
27122007600008200_大阪府大阪市西成区南津守７丁目,27122,大阪府,大阪市西成区,南津守７丁目,89,"1,418",89,"1,418",21,62,67,"1,353",62,"1,065",5,288,1,3,-,-
27122007000007000_大阪府大阪市西成区梅南１丁目,27122,大阪府,大阪市西成区,梅南１丁目,81,"1,369",81,"1,369",35,93,46,"1,276",38,"1,176",8,100,-,-,-,-
27122007000007100_大阪府大阪市西成区梅南２丁目,27122,大阪府,大阪市西成区,梅南２丁目,16,332,16,332,4,6,12,326,9,242,3,84,-,-,-,-
27122007000007200_大阪府大阪市西成区梅南３丁目,27122,大阪府,大阪市西成区,梅南３丁目,29,255,27,179,13,23,13,155,11,93,2,62,1,1,2,76
27122006300006300_大阪府大阪市西成区萩之茶屋１丁目,27122,大阪府,大阪市西成区,萩之茶屋１丁目,97,"1,310",96,"1,294",27,83,69,"1,211",61,740,8,471,-,-,1,16
27122006300006400_大阪府大阪市西成区萩之茶屋２丁目,27122,大阪府,大阪市西成区,萩之茶屋２丁目,84,812,83,348,39,122,43,225,33,172,10,53,1,1,1,464
27122006300006500_大阪府大阪市西成区萩之茶屋３丁目,27122,大阪府,大阪市西成区,萩之茶屋３丁目,58,398,57,359,30,57,27,302,24,279,3,23,-,-,1,39
27122001300001300_大阪府大阪市西成区北開１丁目,27122,大阪府,大阪市西成区,北開１丁目,7,36,7,36,3,6,4,30,4,30,-,-,-,-,-,-
27122001300001400_大阪府大阪市西成区北開２丁目,27122,大阪府,大阪市西成区,北開２丁目,13,108,13,108,3,20,10,88,9,56,1,32,-,-,-,-
27122000900000900_大阪府大阪市西成区北津守１丁目,27122,大阪府,大阪市西成区,北津守１丁目,12,95,12,95,3,4,9,91,6,55,3,36,-,-,-,-
27122000900001000_大阪府大阪市西成区北津守２丁目,27122,大阪府,大阪市西成区,北津守２丁目,16,694,16,694,5,13,11,681,11,681,-,-,-,-,-,-
27122000900001100_大阪府大阪市西成区北津守３丁目,27122,大阪府,大阪市西成区,北津守３丁目,34,474,32,425,7,42,25,383,24,346,1,37,-,-,2,49
27122000900001200_大阪府大阪市西成区北津守４丁目,27122,大阪府,大阪市西成区,北津守４丁目,46,503,46,503,15,28,31,475,27,416,4,59,-,-,-,-
27122999999999999_大阪府大阪市西成区その他,27122,大阪府,大阪市西成区,その他,-,-,-,-,-,-,-,-,-,-,-,-,-,-,-,-
27123_大阪府大阪市淀川区,27123,大阪府,大阪市淀川区,,"11,980","163,124","11,928","159,904","2,873","8,823","9,009","150,974","8,372","140,448",637,"10,526",46,107,52,"3,220"
27123007200007200_大阪府大阪市淀川区三国本町１丁目,27123,大阪府,大阪市淀川区,三国本町１丁目,87,"1,019",84,934,18,33,65,900,64,899,1,1,1,1,3,85
27123007200007300_大阪府大阪市淀川区三国本町２丁目,27123,大阪府,大阪市淀川区,三国本町２丁目,127,"1,615",127,"1,615",31,97,96,"1,518",85,"1,340",11,178,-,-,-,-
27123007200007400_大阪府大阪市淀川区三国本町３丁目,27123,大阪府,大阪市淀川区,三国本町３丁目,107,"1,000",106,952,42,282,64,670,58,554,6,116,-,-,1,48
27123007800007800_大阪府大阪市淀川区三津屋中１丁目,27123,大阪府,大阪市淀川区,三津屋中１丁目,42,318,41,275,21,47,20,228,13,196,7,32,-,-,1,43
27123007800007900_大阪府大阪市淀川区三津屋中２丁目,27123,大阪府,大阪市淀川区,三津屋中２丁目,46,918,46,918,17,34,29,884,27,835,2,49,-,-,-,-
27123007800008000_大阪府大阪市淀川区三津屋中３丁目,27123,大阪府,大阪市淀川区,三津屋中３丁目,82,964,82,964,12,47,70,917,69,892,1,25,-,-,-,-
27123008100008100_大阪府大阪市淀川区三津屋南１丁目,27123,大阪府,大阪市淀川区,三津屋南１丁目,52,757,52,757,16,23,35,726,31,674,4,52,1,8,-,-
27123008100008200_大阪府大阪市淀川区三津屋南２丁目,27123,大阪府,大阪市淀川区,三津屋南２丁目,68,480,68,480,30,74,38,406,33,375,5,31,-,-,-,-
27123008100008300_大阪府大阪市淀川区三津屋南３丁目,27123,大阪府,大阪市淀川区,三津屋南３丁目,109,"1,516",109,"1,516",22,48,87,"1,468",87,"1,468",-,-,-,-,-,-
27123007500007500_大阪府大阪市淀川区三津屋北１丁目,27123,大阪府,大阪市淀川区,三津屋北１丁目,150,743,150,743,93,214,57,529,43,397,14,132,-,-,-,-
27123007500007600_大阪府大阪市淀川区三津屋北２丁目,27123,大阪府,大阪市淀川区,三津屋北２丁目,65,885,65,885,20,29,45,856,42,819,3,37,-,-,-,-
27123007500007700_大阪府大阪市淀川区三津屋北３丁目,27123,大阪府,大阪市淀川区,三津屋北３丁目,21,579,21,579,2,8,19,571,19,571,-,-,-,-,-,-
27123002400002400_大阪府大阪市淀川区十三元今里１丁目,27123,大阪府,大阪市淀川区,十三元今里１丁目,84,751,83,714,34,80,49,634,41,447,8,187,-,-,1,37
27123002400002500_大阪府大阪市淀川区十三元今里２丁目,27123,大阪府,大阪市淀川区,十三元今里２丁目,129,"1,065",128,"1,028",61,184,67,844,61,777,6,67,-,-,1,37
27123002400002600_大阪府大阪市淀川区十三元今里３丁目,27123,大阪府,大阪市淀川区,十三元今里３丁目,39,497,39,497,9,28,30,469,17,129,13,340,-,-,-,-
27123001600001600_大阪府大阪市淀川区十三東１丁目,27123,大阪府,大阪市淀川区,十三東１丁目,143,"1,002",143,"1,002",46,129,95,867,74,710,21,157,2,6,-,-
27123001600001700_大阪府大阪市淀川区十三東２丁目,27123,大阪府,大阪市淀川区,十三東２丁目,182,"1,703",181,"1,409",85,272,96,"1,137",82,938,14,199,-,-,1,294
27123001600001800_大阪府大阪市淀川区十三東３丁目,27123,大阪府,大阪市淀川区,十三東３丁目,144,566,144,566,92,245,52,321,42,272,10,49,-,-,-,-
27123001600001900_大阪府大阪市淀川区十三東４丁目,27123,大阪府,大阪市淀川区,十三東４丁目,47,260,46,229,27,49,19,180,17,170,2,10,-,-,1,31
27123001600002000_大阪府大阪市淀川区十三東５丁目,27123,大阪府,大阪市淀川区,十三東５丁目,20,340,19,290,8,12,11,278,8,94,3,184,-,-,1,50
27123002100002100_大阪府大阪市淀川区十三本町１丁目,27123,大阪府,大阪市淀川区,十三本町１丁目,305,"2,254",305,"2,254",115,429,189,"1,824",183,"1,663",6,161,1,1,-,-
27123002100002200_大阪府大阪市淀川区十三本町２丁目,27123,大阪府,大阪市淀川区,十三本町２丁目,111,"1,192",111,"1,192",50,178,60,"1,012",56,974,4,38,1,2,-,-
27123002100002300_大阪府大阪市淀川区十三本町３丁目,27123,大阪府,大阪市淀川区,十三本町３丁目,42,"2,933",40,"2,358",4,14,36,"2,344",31,"2,196",5,148,-,-,2,575
27123002700002700_大阪府大阪市淀川区十八条１丁目,27123,大阪府,大阪市淀川区,十八条１丁目,40,291,40,291,15,38,25,253,25,253,-,-,-,-,-,-
27123002700002800_大阪府大阪市淀川区十八条２丁目,27123,大阪府,大阪市淀川区,十八条２丁目,75,821,75,821,20,35,54,785,52,779,2,6,1,1,-,-
27123002700002900_大阪府大阪市淀川区十八条３丁目,27123,大阪府,大阪市淀川区,十八条３丁目,61,489,61,489,13,20,48,469,45,460,3,9,-,-,-,-
27123000100000100_大阪府大阪市淀川区加島１丁目,27123,大阪府,大阪市淀川区,加島１丁目,122,"1,439",117,"1,202",38,98,79,"1,104",71,833,8,271,-,-,5,237
27123000100000200_大阪府大阪市淀川区加島２丁目,27123,大阪府,大阪市淀川区,加島２丁目,33,481,33,481,11,25,22,456,21,439,1,17,-,-,-,-
27123000100000300_大阪府大阪市淀川区加島３丁目,27123,大阪府,大阪市淀川区,加島３丁目,108,"1,467",108,"1,467",45,144,63,"1,323",57,"1,296",6,27,-,-,-,-
27123000100000400_大阪府大阪市淀川区加島４丁目,27123,大阪府,大阪市淀川区,加島４丁目,88,996,88,996,20,38,67,957,56,817,11,140,1,1,-,-
27123008400008400_大阪府大阪市淀川区宮原１丁目,27123,大阪府,大阪市淀川区,宮原１丁目,296,"5,876",296,"5,876",38,151,258,"5,725",236,"5,317",22,408,-,-,-,-
27123008400008500_大阪府大阪市淀川区宮原２丁目,27123,大阪府,大阪市淀川区,宮原２丁目,236,"1,845",236,"1,845",65,170,171,"1,675",165,"1,589",6,86,-,-,-,-
27123008400008600_大阪府大阪市淀川区宮原３丁目,27123,大阪府,大阪市淀川区,宮原３丁目,292,"12,379",292,"12,379",4,9,288,"12,370",274,"11,839",14,531,-,-,-,-
27123008400008700_大阪府大阪市淀川区宮原４丁目,27123,大阪府,大阪市淀川区,宮原４丁目,517,"11,460",516,"11,369",33,135,483,"11,234",448,"10,536",35,698,-,-,1,91
27123008400008800_大阪府大阪市淀川区宮原５丁目,27123,大阪府,大阪市淀川区,宮原５丁目,241,"3,347",240,"3,299",58,189,181,"3,109",175,"3,051",6,58,1,1,1,48
27123004200004200_大阪府大阪市淀川区新高１丁目,27123,大阪府,大阪市淀川区,新高１丁目,71,"1,627",68,"1,463",7,16,61,"1,447",55,"1,304",6,143,-,-,3,164
27123004200004300_大阪府大阪市淀川区新高２丁目,27123,大阪府,大阪市淀川区,新高２丁目,50,741,50,741,8,23,42,718,41,692,1,26,-,-,-,-
27123004200004400_大阪府大阪市淀川区新高３丁目,27123,大阪府,大阪市淀川区,新高３丁目,62,"2,239",62,"2,239",19,70,43,"2,169",39,"2,143",4,26,-,-,-,-
27123004200004500_大阪府大阪市淀川区新高４丁目,27123,大阪府,大阪市淀川区,新高４丁目,66,557,66,557,19,49,47,508,41,381,6,127,-,-,-,-
27123004200004600_大阪府大阪市淀川区新高５丁目,27123,大阪府,大阪市淀川区,新高５丁目,55,609,54,586,22,49,32,537,29,486,3,51,-,-,1,23
27123004200004700_大阪府大阪市淀川区新高６丁目,27123,大阪府,大阪市淀川区,新高６丁目,67,391,67,391,40,145,27,246,23,210,4,36,-,-,-,-
27123001300001300_大阪府大阪市淀川区新北野１丁目,27123,大阪府,大阪市淀川区,新北野１丁目,103,"2,644",102,"2,642",21,49,80,"2,592",72,"2,506",8,86,1,1,1,2
27123001300001400_大阪府大阪市淀川区新北野２丁目,27123,大阪府,大阪市淀川区,新北野２丁目,52,465,50,321,11,19,37,299,33,293,4,6,2,3,2,144
27123001300001500_大阪府大阪市淀川区新北野３丁目,27123,大阪府,大阪市淀川区,新北野３丁目,72,562,72,562,20,32,52,530,47,478,5,52,-,-,-,-
27123005500005500_大阪府大阪市淀川区西三国１丁目,27123,大阪府,大阪市淀川区,西三国１丁目,131,"1,330",130,"1,282",46,235,84,"1,047",78,986,6,61,-,-,1,48
27123005500005600_大阪府大阪市淀川区西三国２丁目,27123,大阪府,大阪市淀川区,西三国２丁目,51,310,50,244,25,132,24,105,19,82,5,23,1,7,1,66
27123005500005700_大阪府大阪市淀川区西三国３丁目,27123,大阪府,大阪市淀川区,西三国３丁目,103,495,103,495,65,174,38,321,33,250,5,71,-,-,-,-
27123005500005800_大阪府大阪市淀川区西三国４丁目,27123,大阪府,大阪市淀川区,西三国４丁目,85,"1,095",84,"1,045",28,106,56,939,53,925,3,14,-,-,1,50
27123005900005900_大阪府大阪市淀川区西宮原１丁目,27123,大阪府,大阪市淀川区,西宮原１丁目,339,"4,639",339,"4,639",39,85,297,"4,551",283,"4,025",14,526,3,3,-,-
27123005900006000_大阪府大阪市淀川区西宮原２丁目,27123,大阪府,大阪市淀川区,西宮原２丁目,213,"8,334",211,"8,252",22,104,188,"8,146",176,"7,482",12,664,1,2,2,82
27123005900006100_大阪府大阪市淀川区西宮原３丁目,27123,大阪府,大阪市淀川区,西宮原３丁目,71,554,70,508,24,73,46,435,42,344,4,91,-,-,1,46
27123004800004800_大阪府大阪市淀川区西中島１丁目,27123,大阪府,大阪市淀川区,西中島１丁目,192,"2,583",192,"2,583",30,108,161,"2,474",154,"2,430",7,44,1,1,-,-
27123004800004900_大阪府大阪市淀川区西中島２丁目,27123,大阪府,大阪市淀川区,西中島２丁目,70,"1,162",70,"1,162",6,41,64,"1,121",64,"1,121",-,-,-,-,-,-
27123004800005000_大阪府大阪市淀川区西中島３丁目,27123,大阪府,大阪市淀川区,西中島３丁目,600,"6,256",600,"6,256",93,338,505,"5,910",481,"5,359",24,551,2,8,-,-
27123004800005100_大阪府大阪市淀川区西中島４丁目,27123,大阪府,大阪市淀川区,西中島４丁目,745,"7,781",745,"7,781",137,440,604,"7,329",571,"6,888",33,441,4,12,-,-
27123004800005200_大阪府大阪市淀川区西中島５丁目,27123,大阪府,大阪市淀川区,西中島５丁目,981,"17,571",980,"17,530",59,294,917,"17,232",874,"16,364",43,868,4,4,1,41
27123004800005300_大阪府大阪市淀川区西中島６丁目,27123,大阪府,大阪市淀川区,西中島６丁目,553,"6,813",553,"6,813",63,192,489,"6,618",458,"6,298",31,320,1,3,-,-
27123004800005400_大阪府大阪市淀川区西中島７丁目,27123,大阪府,大阪市淀川区,西中島７丁目,450,"5,043",448,"5,011",54,160,393,"4,851",373,"4,724",20,127,1,-,2,32
27123003600003600_大阪府大阪市淀川区塚本１丁目,27123,大阪府,大阪市淀川区,塚本１丁目,62,644,62,644,27,92,35,552,32,531,3,21,-,-,-,-
27123003600003700_大阪府大阪市淀川区塚本２丁目,27123,大阪府,大阪市淀川区,塚本２丁目,242,"1,370",242,"1,370",116,316,124,"1,047",112,843,12,204,2,7,-,-
27123003600003800_大阪府大阪市淀川区塚本３丁目,27123,大阪府,大阪市淀川区,塚本３丁目,51,395,50,350,14,48,36,302,35,293,1,9,-,-,1,45
27123003600003900_大阪府大阪市淀川区塚本４丁目,27123,大阪府,大阪市淀川区,塚本４丁目,52,209,52,209,14,30,38,179,33,146,5,33,-,-,-,-
27123003600004000_大阪府大阪市淀川区塚本５丁目,27123,大阪府,大阪市淀川区,塚本５丁目,37,121,37,121,11,33,26,88,24,75,2,13,-,-,-,-
27123003600004100_大阪府大阪市淀川区塚本６丁目,27123,大阪府,大阪市淀川区,塚本６丁目,28,167,28,167,7,28,21,139,18,107,3,32,-,-,-,-
27123003000003000_大阪府大阪市淀川区田川１丁目,27123,大阪府,大阪市淀川区,田川１丁目,27,86,27,86,9,17,17,66,12,38,5,28,1,3,-,-
27123003000003100_大阪府大阪市淀川区田川２丁目,27123,大阪府,大阪市淀川区,田川２丁目,65,"1,650",63,"1,611",10,46,53,"1,565",50,"1,557",3,8,-,-,2,39
27123003000003200_大阪府大阪市淀川区田川３丁目,27123,大阪府,大阪市淀川区,田川３丁目,68,"1,083",68,"1,083",4,7,64,"1,076",63,"1,033",1,43,-,-,-,-
27123003300003300_大阪府大阪市淀川区田川北１丁目,27123,大阪府,大阪市淀川区,田川北１丁目,56,571,56,571,13,23,43,548,39,461,4,87,-,-,-,-
27123003300003400_大阪府大阪市淀川区田川北２丁目,27123,大阪府,大阪市淀川区,田川北２丁目,49,635,49,635,9,32,40,603,40,603,-,-,-,-,-,-
27123003300003500_大阪府大阪市淀川区田川北３丁目,27123,大阪府,大阪市淀川区,田川北３丁目,71,698,71,698,17,47,54,651,53,553,1,98,-,-,-,-
27123006600006600_大阪府大阪市淀川区東三国１丁目,27123,大阪府,大阪市淀川区,東三国１丁目,217,"1,131",217,"1,131",100,269,115,859,104,797,11,62,2,3,-,-
27123006600006700_大阪府大阪市淀川区東三国２丁目,27123,大阪府,大阪市淀川区,東三国２丁目,169,"1,358",168,"1,346",52,158,115,"1,187",103,"1,030",12,157,1,1,1,12
27123006600006800_大阪府大阪市淀川区東三国３丁目,27123,大阪府,大阪市淀川区,東三国３丁目,49,663,48,631,8,15,39,616,35,592,4,24,1,-,1,32
27123006600006900_大阪府大阪市淀川区東三国４丁目,27123,大阪府,大阪市淀川区,東三国４丁目,205,"1,721",205,"1,721",78,241,124,"1,470",116,"1,392",8,78,3,10,-,-
27123006600007000_大阪府大阪市淀川区東三国５丁目,27123,大阪府,大阪市淀川区,東三国５丁目,163,"1,792",163,"1,792",79,225,83,"1,559",82,"1,546",1,13,1,8,-,-
27123006600007100_大阪府大阪市淀川区東三国６丁目,27123,大阪府,大阪市淀川区,東三国６丁目,137,"1,188",135,"1,120",57,221,78,899,65,720,13,179,-,-,2,68
27123000500000500_大阪府大阪市淀川区木川西１丁目,27123,大阪府,大阪市淀川区,木川西１丁目,50,255,50,255,16,44,34,211,25,184,9,27,-,-,-,-
27123000500000600_大阪府大阪市淀川区木川西２丁目,27123,大阪府,大阪市淀川区,木川西２丁目,65,381,65,381,31,107,33,273,30,249,3,24,1,1,-,-
27123000500000700_大阪府大阪市淀川区木川西３丁目,27123,大阪府,大阪市淀川区,木川西３丁目,45,367,45,367,16,31,28,333,27,232,1,101,1,3,-,-
27123000500000800_大阪府大阪市淀川区木川西４丁目,27123,大阪府,大阪市淀川区,木川西４丁目,35,420,34,386,11,25,23,361,20,240,3,121,-,-,1,34
27123000900000900_大阪府大阪市淀川区木川東１丁目,27123,大阪府,大阪市淀川区,木川東１丁目,32,257,31,230,10,28,21,202,19,191,2,11,-,-,1,27
27123000900001000_大阪府大阪市淀川区木川東２丁目,27123,大阪府,大阪市淀川区,木川東２丁目,75,"1,874",73,"1,577",13,39,60,"1,538",54,"1,398",6,140,-,-,2,297
27123000900001100_大阪府大阪市淀川区木川東３丁目,27123,大阪府,大阪市淀川区,木川東３丁目,96,"1,353",95,"1,302",10,20,85,"1,282",81,"1,169",4,113,-,-,1,51
27123000900001200_大阪府大阪市淀川区木川東４丁目,27123,大阪府,大阪市淀川区,木川東４丁目,124,"1,248",123,"1,168",32,66,88,"1,096",83,"1,068",5,28,3,6,1,80
27123006400006400_大阪府大阪市淀川区野中南１丁目,27123,大阪府,大阪市淀川区,野中南１丁目,32,283,32,283,7,11,25,272,22,256,3,16,-,-,-,-
27123006400006500_大阪府大阪市淀川区野中南２丁目,27123,大阪府,大阪市淀川区,野中南２丁目,61,"1,136",59,"1,061",4,4,55,"1,057",53,"1,002",2,55,-,-,2,75
27123006200006200_大阪府大阪市淀川区野中北１丁目,27123,大阪府,大阪市淀川区,野中北１丁目,74,"1,329",73,"1,288",10,21,63,"1,267",61,"1,264",2,3,-,-,1,41
27123006200006300_大阪府大阪市淀川区野中北２丁目,27123,大阪府,大阪市淀川区,野中北２丁目,49,545,49,545,15,37,34,508,34,508,-,-,-,-,-,-
27123999999999999_大阪府大阪市淀川区その他,27123,大阪府,大阪市淀川区,その他,1,145,-,-,-,-,-,-,-,-,-,-,-,-,1,145
27124_大阪府大阪市鶴見区,27124,大阪府,大阪市鶴見区,,"3,678","39,607","3,648","37,748","1,113","3,456","2,519","34,259","2,271","29,137",248,"5,122",16,33,30,"1,859"
27124005000005000_大阪府大阪市鶴見区安田１丁目,27124,大阪府,大阪市鶴見区,安田１丁目,40,557,39,494,10,97,29,397,29,397,-,-,-,-,1,63
27124005000005100_大阪府大阪市鶴見区安田２丁目,27124,大阪府,大阪市鶴見区,安田２丁目,32,664,31,628,4,7,27,621,25,471,2,150,-,-,1,36
27124005000005200_大阪府大阪市鶴見区安田３丁目,27124,大阪府,大阪市鶴見区,安田３丁目,47,169,47,169,16,24,31,145,29,138,2,7,-,-,-,-
27124005000005300_大阪府大阪市鶴見区安田４丁目,27124,大阪府,大阪市鶴見区,安田４丁目,40,304,40,304,16,47,24,257,24,257,-,-,-,-,-,-
27124003300003300_大阪府大阪市鶴見区茨田大宮１丁目,27124,大阪府,大阪市鶴見区,茨田大宮１丁目,50,303,49,252,16,32,33,220,31,214,2,6,-,-,1,51
27124003300003400_大阪府大阪市鶴見区茨田大宮２丁目,27124,大阪府,大阪市鶴見区,茨田大宮２丁目,135,"1,275",135,"1,275",13,76,122,"1,199",115,"1,128",7,71,-,-,-,-
27124003300003500_大阪府大阪市鶴見区茨田大宮３丁目,27124,大阪府,大阪市鶴見区,茨田大宮３丁目,32,334,31,295,11,30,20,265,19,229,1,36,-,-,1,39
27124003300003600_大阪府大阪市鶴見区茨田大宮４丁目,27124,大阪府,大阪市鶴見区,茨田大宮４丁目,20,126,20,126,12,50,8,76,6,60,2,16,-,-,-,-
27124005400005400_大阪府大阪市鶴見区横堤１丁目,27124,大阪府,大阪市鶴見区,横堤１丁目,95,703,93,607,39,148,53,458,49,435,4,23,1,1,2,96
27124005400005500_大阪府大阪市鶴見区横堤２丁目,27124,大阪府,大阪市鶴見区,横堤２丁目,87,380,87,380,39,91,48,289,43,244,5,45,-,-,-,-
27124005400005600_大阪府大阪市鶴見区横堤３丁目,27124,大阪府,大阪市鶴見区,横堤３丁目,99,"1,175",99,"1,175",40,131,59,"1,044",46,722,13,322,-,-,-,-
27124005400005700_大阪府大阪市鶴見区横堤４丁目,27124,大阪府,大阪市鶴見区,横堤４丁目,106,"1,256",106,"1,256",24,75,82,"1,181",76,"1,004",6,177,-,-,-,-
27124005400005800_大阪府大阪市鶴見区横堤５丁目,27124,大阪府,大阪市鶴見区,横堤５丁目,83,"1,516",79,"1,185",20,50,58,"1,134",50,945,8,189,1,1,4,331
27124000600000600_大阪府大阪市鶴見区今津中１丁目,27124,大阪府,大阪市鶴見区,今津中１丁目,69,620,68,561,18,83,48,476,46,440,2,36,2,2,1,59
27124000600000700_大阪府大阪市鶴見区今津中２丁目,27124,大阪府,大阪市鶴見区,今津中２丁目,31,675,30,602,8,11,22,591,20,526,2,65,-,-,1,73
27124000600000800_大阪府大阪市鶴見区今津中３丁目,27124,大阪府,大阪市鶴見区,今津中３丁目,66,545,66,545,17,54,49,491,41,399,8,92,-,-,-,-
27124000600000900_大阪府大阪市鶴見区今津中４丁目,27124,大阪府,大阪市鶴見区,今津中４丁目,29,237,28,181,6,11,22,170,19,122,3,48,-,-,1,56
27124000600001000_大阪府大阪市鶴見区今津中５丁目,27124,大阪府,大阪市鶴見区,今津中５丁目,51,237,51,237,22,50,29,187,19,134,10,53,-,-,-,-
27124001100001100_大阪府大阪市鶴見区今津南１丁目,27124,大阪府,大阪市鶴見区,今津南１丁目,102,"1,189",101,"1,177",41,136,60,"1,041",50,792,10,249,-,-,1,12
27124001100001200_大阪府大阪市鶴見区今津南２丁目,27124,大阪府,大阪市鶴見区,今津南２丁目,89,629,89,629,35,82,54,547,50,503,4,44,-,-,-,-
27124001100001300_大阪府大阪市鶴見区今津南３丁目,27124,大阪府,大阪市鶴見区,今津南３丁目,21,135,21,135,8,19,13,116,10,106,3,10,-,-,-,-
27124001100001400_大阪府大阪市鶴見区今津南４丁目,27124,大阪府,大阪市鶴見区,今津南４丁目,21,73,21,73,5,8,16,65,13,46,3,19,-,-,-,-
27124000100000100_大阪府大阪市鶴見区今津北１丁目,27124,大阪府,大阪市鶴見区,今津北１丁目,57,816,55,744,6,12,49,732,46,657,3,75,-,-,2,72
27124000100000200_大阪府大阪市鶴見区今津北２丁目,27124,大阪府,大阪市鶴見区,今津北２丁目,49,509,49,509,7,20,42,489,42,489,-,-,-,-,-,-
27124000100000300_大阪府大阪市鶴見区今津北３丁目,27124,大阪府,大阪市鶴見区,今津北３丁目,56,962,56,962,3,48,53,914,52,901,1,13,-,-,-,-
27124000100000400_大阪府大阪市鶴見区今津北４丁目,27124,大阪府,大阪市鶴見区,今津北４丁目,89,934,89,934,21,48,68,886,67,878,1,8,-,-,-,-
27124000100000500_大阪府大阪市鶴見区今津北５丁目,27124,大阪府,大阪市鶴見区,今津北５丁目,62,376,62,376,26,102,36,274,32,173,4,101,-,-,-,-
27124004100004100_大阪府大阪市鶴見区諸口１丁目,27124,大阪府,大阪市鶴見区,諸口１丁目,76,542,75,492,30,59,43,428,35,281,8,147,2,5,1,50
27124004100004200_大阪府大阪市鶴見区諸口２丁目,27124,大阪府,大阪市鶴見区,諸口２丁目,48,175,48,175,26,63,21,111,18,99,3,12,1,1,-,-
27124004100004300_大阪府大阪市鶴見区諸口３丁目,27124,大阪府,大阪市鶴見区,諸口３丁目,49,402,48,337,13,51,35,286,31,242,4,44,-,-,1,65
27124004100004400_大阪府大阪市鶴見区諸口４丁目,27124,大阪府,大阪市鶴見区,諸口４丁目,67,537,67,537,33,97,34,440,29,388,5,52,-,-,-,-
27124004100004500_大阪府大阪市鶴見区諸口５丁目,27124,大阪府,大阪市鶴見区,諸口５丁目,50,417,48,356,13,22,35,334,29,228,6,106,-,-,2,61
27124004100004600_大阪府大阪市鶴見区諸口６丁目,27124,大阪府,大阪市鶴見区,諸口６丁目,37,651,36,465,8,32,27,430,22,303,5,127,1,3,1,186
27124004700004700_大阪府大阪市鶴見区焼野１丁目,27124,大阪府,大阪市鶴見区,焼野１丁目,51,387,50,355,11,31,39,324,35,280,4,44,-,-,1,32
27124004700004800_大阪府大阪市鶴見区焼野２丁目,27124,大阪府,大阪市鶴見区,焼野２丁目,45,554,44,346,10,12,34,334,33,333,1,1,-,-,1,208
27124004700004900_大阪府大阪市鶴見区焼野３丁目,27124,大阪府,大阪市鶴見区,焼野３丁目,43,"1,124",43,"1,124",8,13,35,"1,111",35,"1,111",-,-,-,-,-,-
27124002300002300_大阪府大阪市鶴見区中茶屋１丁目,27124,大阪府,大阪市鶴見区,中茶屋１丁目,46,448,46,448,13,40,32,407,28,297,4,110,1,1,-,-
27124002300002400_大阪府大阪市鶴見区中茶屋２丁目,27124,大阪府,大阪市鶴見区,中茶屋２丁目,10,251,10,251,2,5,8,246,7,201,1,45,-,-,-,-
27124001500001500_大阪府大阪市鶴見区鶴見１丁目,27124,大阪府,大阪市鶴見区,鶴見１丁目,54,"1,174",54,"1,174",14,25,40,"1,149",37,"1,015",3,134,-,-,-,-
27124001500001600_大阪府大阪市鶴見区鶴見２丁目,27124,大阪府,大阪市鶴見区,鶴見２丁目,44,453,43,394,19,56,24,338,22,310,2,28,-,-,1,59
27124001500001700_大阪府大阪市鶴見区鶴見３丁目,27124,大阪府,大阪市鶴見区,鶴見３丁目,135,860,135,860,52,146,81,707,57,487,24,220,2,7,-,-
27124001500001800_大阪府大阪市鶴見区鶴見４丁目,27124,大阪府,大阪市鶴見区,鶴見４丁目,289,"4,553",288,"4,517",54,206,233,"4,311",220,"3,806",13,505,1,-,1,36
27124001500001900_大阪府大阪市鶴見区鶴見５丁目,27124,大阪府,大阪市鶴見区,鶴見５丁目,55,772,55,772,18,59,36,707,33,641,3,66,1,6,-,-
27124001500002000_大阪府大阪市鶴見区鶴見６丁目,27124,大阪府,大阪市鶴見区,鶴見６丁目,47,497,46,429,12,37,34,392,33,385,1,7,-,-,1,68
27124002100002100_大阪府大阪市鶴見区徳庵１丁目,27124,大阪府,大阪市鶴見区,徳庵１丁目,11,81,11,81,2,12,8,68,7,60,1,8,1,1,-,-
27124002100002200_大阪府大阪市鶴見区徳庵２丁目,27124,大阪府,大阪市鶴見区,徳庵２丁目,9,32,9,32,4,6,5,26,5,26,-,-,-,-,-,-
27124002800002800_大阪府大阪市鶴見区浜１丁目,27124,大阪府,大阪市鶴見区,浜１丁目,5,125,5,125,-,-,5,125,3,111,2,14,-,-,-,-
27124002800002900_大阪府大阪市鶴見区浜２丁目,27124,大阪府,大阪市鶴見区,浜２丁目,40,491,40,491,6,17,34,474,31,421,3,53,-,-,-,-
27124002800003000_大阪府大阪市鶴見区浜３丁目,27124,大阪府,大阪市鶴見区,浜３丁目,71,411,70,358,30,139,40,219,36,182,4,37,-,-,1,53
27124002800003100_大阪府大阪市鶴見区浜４丁目,27124,大阪府,大阪市鶴見区,浜４丁目,61,520,61,520,16,51,45,469,40,440,5,29,-,-,-,-
27124002800003200_大阪府大阪市鶴見区浜５丁目,27124,大阪府,大阪市鶴見区,浜５丁目,33,560,33,560,4,37,29,523,25,383,4,140,-,-,-,-
27124002500002500_大阪府大阪市鶴見区放出東１丁目,27124,大阪府,大阪市鶴見区,放出東１丁目,121,"1,436",121,"1,436",29,66,92,"1,370",86,"1,314",6,56,-,-,-,-
27124002500002600_大阪府大阪市鶴見区放出東２丁目,27124,大阪府,大阪市鶴見区,放出東２丁目,100,"1,077",100,"1,077",43,119,57,958,51,501,6,457,-,-,-,-
27124002500002700_大阪府大阪市鶴見区放出東３丁目,27124,大阪府,大阪市鶴見区,放出東３丁目,194,"1,276",194,"1,276",96,311,98,965,89,823,9,142,-,-,-,-
27124003700003700_大阪府大阪市鶴見区緑１丁目,27124,大阪府,大阪市鶴見区,緑１丁目,109,"1,042",109,"1,042",35,133,73,905,70,848,3,57,1,4,-,-
27124003700003800_大阪府大阪市鶴見区緑２丁目,27124,大阪府,大阪市鶴見区,緑２丁目,34,712,32,607,4,12,27,594,27,594,-,-,1,1,2,105
27124003700003900_大阪府大阪市鶴見区緑３丁目,27124,大阪府,大阪市鶴見区,緑３丁目,51,978,51,978,18,37,33,941,26,378,7,563,-,-,-,-
27124003700004000_大阪府大阪市鶴見区緑４丁目,27124,大阪府,大阪市鶴見区,緑４丁目,21,158,21,158,7,20,14,138,14,138,-,-,-,-,-,-
27124005900005900_大阪府大阪市鶴見区緑地公園,27124,大阪府,大阪市鶴見区,緑地公園,14,212,13,164,-,-,13,164,8,101,5,63,-,-,1,48
27124999999999999_大阪府大阪市鶴見区その他,27124,大阪府,大阪市鶴見区,その他,-,-,-,-,-,-,-,-,-,-,-,-,-,-,-,-
27125_大阪府大阪市住之江区,27125,大阪府,大阪市住之江区,,"4,869","78,754","4,804","71,996","1,369","4,229","3,420","67,740","3,074","60,016",346,"7,724",15,27,65,"6,758"
27125000100000100_大阪府大阪市住之江区安立１丁目,27125,大阪府,大阪市住之江区,安立１丁目,40,199,40,199,16,31,24,168,16,108,8,60,-,-,-,-
27125000100000200_大阪府大阪市住之江区安立２丁目,27125,大阪府,大阪市住之江区,安立２丁目,34,113,34,113,21,48,13,65,10,36,3,29,-,-,-,-
27125000100000300_大阪府大阪市住之江区安立３丁目,27125,大阪府,大阪市住之江区,安立３丁目,73,374,73,374,47,126,26,248,24,247,2,1,-,-,-,-
27125000100000400_大阪府大阪市住之江区安立４丁目,27125,大阪府,大阪市住之江区,安立４丁目,37,222,37,222,11,30,26,192,21,138,5,54,-,-,-,-
27125008700008700_大阪府大阪市住之江区御崎１丁目,27125,大阪府,大阪市住之江区,御崎１丁目,37,183,37,183,22,46,15,137,13,110,2,27,-,-,-,-
27125008700008800_大阪府大阪市住之江区御崎２丁目,27125,大阪府,大阪市住之江区,御崎２丁目,35,299,34,247,15,29,19,218,19,218,-,-,-,-,1,52
27125008700008900_大阪府大阪市住之江区御崎３丁目,27125,大阪府,大阪市住之江区,御崎３丁目,29,427,28,182,10,26,18,156,9,43,9,113,-,-,1,245
27125008700009000_大阪府大阪市住之江区御崎４丁目,27125,大阪府,大阪市住之江区,御崎４丁目,26,324,24,223,8,31,16,192,12,96,4,96,-,-,2,101
27125008700009100_大阪府大阪市住之江区御崎５丁目,27125,大阪府,大阪市住之江区,御崎５丁目,58,482,57,443,25,80,32,363,28,327,4,36,-,-,1,39
27125008700009200_大阪府大阪市住之江区御崎６丁目,27125,大阪府,大阪市住之江区,御崎６丁目,59,522,59,522,19,71,40,451,39,441,1,10,-,-,-,-
27125008700009300_大阪府大阪市住之江区御崎７丁目,27125,大阪府,大阪市住之江区,御崎７丁目,24,245,22,147,7,20,15,127,14,107,1,20,-,-,2,98
27125008700009400_大阪府大阪市住之江区御崎８丁目,27125,大阪府,大阪市住之江区,御崎８丁目,27,287,26,233,7,54,19,179,14,134,5,45,-,-,1,54
27125002100002100_大阪府大阪市住之江区柴谷１丁目,27125,大阪府,大阪市住之江区,柴谷１丁目,55,"2,638",55,"2,638",-,-,55,"2,638",55,"2,638",-,-,-,-,-,-
27125002100002200_大阪府大阪市住之江区柴谷２丁目,27125,大阪府,大阪市住之江区,柴谷２丁目,59,"1,488",58,"1,477",9,20,49,"1,457",48,"1,446",1,11,-,-,1,11
27125003100003100_大阪府大阪市住之江区住之江１丁目,27125,大阪府,大阪市住之江区,住之江１丁目,29,196,28,154,14,33,14,121,13,107,1,14,-,-,1,42
27125003100003200_大阪府大阪市住之江区住之江２丁目,27125,大阪府,大阪市住之江区,住之江２丁目,35,233,35,233,19,56,16,177,13,144,3,33,-,-,-,-
27125003100003300_大阪府大阪市住之江区住之江３丁目,27125,大阪府,大阪市住之江区,住之江３丁目,17,87,17,87,8,35,9,52,8,25,1,27,-,-,-,-
27125002300002300_大阪府大阪市住之江区新北島１丁目,27125,大阪府,大阪市住之江区,新北島１丁目,137,"1,962",136,"1,693",37,145,99,"1,548",90,"1,377",9,171,-,-,1,269
27125002300002400_大阪府大阪市住之江区新北島２丁目,27125,大阪府,大阪市住之江区,新北島２丁目,26,366,26,366,6,23,20,343,18,332,2,11,-,-,-,-
27125002300002500_大阪府大阪市住之江区新北島３丁目,27125,大阪府,大阪市住之江区,新北島３丁目,83,"1,031",81,725,29,86,50,635,48,586,2,49,2,4,2,306
27125002300002600_大阪府大阪市住之江区新北島４丁目,27125,大阪府,大阪市住之江区,新北島４丁目,9,215,9,215,1,8,8,207,6,182,2,25,-,-,-,-
27125002300002700_大阪府大阪市住之江区新北島５丁目,27125,大阪府,大阪市住之江区,新北島５丁目,28,652,28,652,4,30,24,622,24,622,-,-,-,-,-,-
27125002300002800_大阪府大阪市住之江区新北島６丁目,27125,大阪府,大阪市住之江区,新北島６丁目,14,171,13,119,-,-,13,119,13,119,-,-,-,-,1,52
27125002300002900_大阪府大阪市住之江区新北島７丁目,27125,大阪府,大阪市住之江区,新北島７丁目,57,486,57,486,13,50,43,436,31,319,12,117,1,-,-,-
27125002300003000_大阪府大阪市住之江区新北島８丁目,27125,大阪府,大阪市住之江区,新北島８丁目,22,271,21,225,1,1,20,224,17,189,3,35,-,-,1,46
27125006500006500_大阪府大阪市住之江区西加賀屋１丁目,27125,大阪府,大阪市住之江区,西加賀屋１丁目,25,348,25,348,8,21,17,327,15,255,2,72,-,-,-,-
27125006500006600_大阪府大阪市住之江区西加賀屋２丁目,27125,大阪府,大阪市住之江区,西加賀屋２丁目,38,688,37,651,11,26,26,625,20,417,6,208,-,-,1,37
27125006500006700_大阪府大阪市住之江区西加賀屋３丁目,27125,大阪府,大阪市住之江区,西加賀屋３丁目,51,221,51,221,25,47,26,174,19,126,7,48,-,-,-,-
27125006500006800_大阪府大阪市住之江区西加賀屋４丁目,27125,大阪府,大阪市住之江区,西加賀屋４丁目,43,266,42,210,25,47,17,163,14,111,3,52,-,-,1,56
27125006900006900_大阪府大阪市住之江区西住之江１丁目,27125,大阪府,大阪市住之江区,西住之江１丁目,57,773,57,773,14,70,43,703,41,699,2,4,-,-,-,-
27125006900007000_大阪府大阪市住之江区西住之江２丁目,27125,大阪府,大阪市住之江区,西住之江２丁目,56,303,56,303,29,94,27,209,26,197,1,12,-,-,-,-
27125006900007100_大阪府大阪市住之江区西住之江３丁目,27125,大阪府,大阪市住之江区,西住之江３丁目,36,228,36,228,8,17,27,210,24,146,3,64,1,1,-,-
27125006900007200_大阪府大阪市住之江区西住之江４丁目,27125,大阪府,大阪市住之江区,西住之江４丁目,9,54,9,54,3,7,6,47,6,47,-,-,-,-,-,-
27125000500000500_大阪府大阪市住之江区泉１丁目,27125,大阪府,大阪市住之江区,泉１丁目,36,"1,060",33,805,3,8,30,797,27,767,3,30,-,-,3,255
27125000500000600_大阪府大阪市住之江区泉２丁目,27125,大阪府,大阪市住之江区,泉２丁目,36,779,36,779,1,6,35,773,34,767,1,6,-,-,-,-
27125003400003400_大阪府大阪市住之江区中加賀屋１丁目,27125,大阪府,大阪市住之江区,中加賀屋１丁目,23,263,22,251,11,30,11,221,9,194,2,27,-,-,1,12
27125003400003500_大阪府大阪市住之江区中加賀屋２丁目,27125,大阪府,大阪市住之江区,中加賀屋２丁目,121,646,120,605,71,188,47,415,38,314,9,101,2,2,1,41
27125003400003600_大阪府大阪市住之江区中加賀屋３丁目,27125,大阪府,大阪市住之江区,中加賀屋３丁目,126,661,126,661,72,168,54,493,42,368,12,125,-,-,-,-
27125003400003700_大阪府大阪市住之江区中加賀屋４丁目,27125,大阪府,大阪市住之江区,中加賀屋４丁目,37,551,37,551,19,67,18,484,14,395,4,89,-,-,-,-
27125007900007900_大阪府大阪市住之江区東加賀屋１丁目,27125,大阪府,大阪市住之江区,東加賀屋１丁目,51,"1,506",50,"1,470",11,46,39,"1,424",35,682,4,742,-,-,1,36
27125007900008000_大阪府大阪市住之江区東加賀屋２丁目,27125,大阪府,大阪市住之江区,東加賀屋２丁目,48,267,48,267,24,54,24,213,23,208,1,5,-,-,-,-
27125007900008100_大阪府大阪市住之江区東加賀屋３丁目,27125,大阪府,大阪市住之江区,東加賀屋３丁目,39,373,39,373,18,59,21,314,17,253,4,61,-,-,-,-
27125007900008200_大阪府大阪市住之江区東加賀屋４丁目,27125,大阪府,大阪市住之江区,東加賀屋４丁目,41,189,41,189,28,86,11,100,10,78,1,22,2,3,-,-
27125009700009700_大阪府大阪市住之江区南加賀屋１丁目,27125,大阪府,大阪市住之江区,南加賀屋１丁目,2,9,2,9,-,-,2,9,-,-,2,9,-,-,-,-
27125009700009800_大阪府大阪市住之江区南加賀屋２丁目,27125,大阪府,大阪市住之江区,南加賀屋２丁目,64,562,64,562,24,81,40,481,39,467,1,14,-,-,-,-
27125009700009900_大阪府大阪市住之江区南加賀屋３丁目,27125,大阪府,大阪市住之江区,南加賀屋３丁目,50,631,49,629,7,42,42,587,36,435,6,152,-,-,1,2
27125009700010000_大阪府大阪市住之江区南加賀屋４丁目,27125,大阪府,大阪市住之江区,南加賀屋４丁目,54,529,54,529,19,48,35,481,28,249,7,232,-,-,-,-
27125004100004100_大阪府大阪市住之江区南港中１丁目,27125,大阪府,大阪市住之江区,南港中１丁目,41,"1,434",40,"1,395",-,-,40,"1,395",40,"1,395",-,-,-,-,1,39
27125004100004200_大阪府大阪市住之江区南港中２丁目,27125,大阪府,大阪市住之江区,南港中２丁目,86,"1,009",86,"1,009",32,162,54,847,47,470,7,377,-,-,-,-
27125004100004300_大阪府大阪市住之江区南港中３丁目,27125,大阪府,大阪市住之江区,南港中３丁目,48,610,46,536,6,28,40,508,29,292,11,216,-,-,2,74
27125004100004400_大阪府大阪市住之江区南港中４丁目,27125,大阪府,大阪市住之江区,南港中４丁目,35,837,33,768,5,19,28,749,23,105,5,644,-,-,2,69
27125004100004500_大阪府大阪市住之江区南港中５丁目,27125,大阪府,大阪市住之江区,南港中５丁目,27,171,26,128,7,41,19,87,18,62,1,25,-,-,1,43
27125004100004600_大阪府大阪市住之江区南港中６丁目,27125,大阪府,大阪市住之江区,南港中６丁目,42,740,40,692,-,-,40,692,38,648,2,44,-,-,2,48
27125004100004700_大阪府大阪市住之江区南港中７丁目,27125,大阪府,大阪市住之江区,南港中７丁目,28,432,28,432,-,-,28,432,27,380,1,52,-,-,-,-
27125004100004800_大阪府大阪市住之江区南港中８丁目,27125,大阪府,大阪市住之江区,南港中８丁目,28,663,28,663,-,-,27,662,26,653,1,9,1,1,-,-
27125004900004900_大阪府大阪市住之江区南港東１丁目,27125,大阪府,大阪市住之江区,南港東１丁目,28,376,28,376,3,8,25,368,24,342,1,26,-,-,-,-
27125004900005000_大阪府大阪市住之江区南港東２丁目,27125,大阪府,大阪市住之江区,南港東２丁目,31,973,30,909,1,14,29,895,28,890,1,5,-,-,1,64
27125004900005100_大阪府大阪市住之江区南港東３丁目,27125,大阪府,大阪市住之江区,南港東３丁目,95,"1,490",93,"1,452",1,9,91,"1,441",69,"1,266",22,175,1,2,2,38
27125004900005200_大阪府大阪市住之江区南港東４丁目,27125,大阪府,大阪市住之江区,南港東４丁目,97,"2,599",96,"2,594",2,22,94,"2,572",94,"2,572",-,-,-,-,1,5
27125004900005300_大阪府大阪市住之江区南港東５丁目,27125,大阪府,大阪市住之江区,南港東５丁目,28,485,28,485,-,-,28,485,27,479,1,6,-,-,-,-
27125004900005400_大阪府大阪市住之江区南港東６丁目,27125,大阪府,大阪市住之江区,南港東６丁目,15,250,15,250,-,-,15,250,15,250,-,-,-,-,-,-
27125004900005500_大阪府大阪市住之江区南港東７丁目,27125,大阪府,大阪市住之江区,南港東７丁目,32,524,30,379,-,-,30,379,30,379,-,-,-,-,2,145
27125004900005600_大阪府大阪市住之江区南港東８丁目,27125,大阪府,大阪市住之江区,南港東８丁目,49,"1,254",49,"1,254",-,-,49,"1,254",47,"1,242",2,12,-,-,-,-
27125004900005700_大阪府大阪市住之江区南港東９丁目,27125,大阪府,大阪市住之江区,南港東９丁目,29,613,29,613,-,-,29,613,29,613,-,-,-,-,-,-
27125005800005800_大阪府大阪市住之江区南港南１丁目,27125,大阪府,大阪市住之江区,南港南１丁目,28,450,28,450,-,-,28,450,27,434,1,16,-,-,-,-
27125005800005900_大阪府大阪市住之江区南港南２丁目,27125,大阪府,大阪市住之江区,南港南２丁目,47,"1,077",47,"1,077",1,5,46,"1,072",43,"1,049",3,23,-,-,-,-
27125005800006000_大阪府大阪市住之江区南港南３丁目,27125,大阪府,大阪市住之江区,南港南３丁目,33,400,33,400,-,-,33,400,31,397,2,3,-,-,-,-
27125005800006100_大阪府大阪市住之江区南港南４丁目,27125,大阪府,大阪市住之江区,南港南４丁目,15,395,15,395,-,-,15,395,14,385,1,10,-,-,-,-
27125005800006200_大阪府大阪市住之江区南港南５丁目,27125,大阪府,大阪市住之江区,南港南５丁目,45,799,43,677,1,4,42,673,35,653,7,20,-,-,2,122
27125005800006300_大阪府大阪市住之江区南港南６丁目,27125,大阪府,大阪市住之江区,南港南６丁目,22,"1,061",22,"1,061",-,-,22,"1,061",22,"1,061",-,-,-,-,-,-
27125005800006400_大阪府大阪市住之江区南港南７丁目,27125,大阪府,大阪市住之江区,南港南７丁目,8,162,8,162,-,-,8,162,8,162,-,-,-,-,-,-
27125003800003800_大阪府大阪市住之江区南港北１丁目,27125,大阪府,大阪市住之江区,南港北１丁目,142,"11,786",135,"9,619",10,71,124,"9,547",106,"8,764",18,783,1,1,7,"2,167"
27125003800003900_大阪府大阪市住之江区南港北２丁目,27125,大阪府,大阪市住之江区,南港北２丁目,143,"3,832",136,"2,039",6,43,130,"1,996",123,"1,802",7,194,-,-,7,"1,793"
27125003800004000_大阪府大阪市住之江区南港北３丁目,27125,大阪府,大阪市住之江区,南港北３丁目,12,129,12,129,-,-,12,129,12,129,-,-,-,-,-,-
27125007300007300_大阪府大阪市住之江区浜口西１丁目,27125,大阪府,大阪市住之江区,浜口西１丁目,44,214,44,214,24,62,20,152,17,126,3,26,-,-,-,-
27125007300007400_大阪府大阪市住之江区浜口西２丁目,27125,大阪府,大阪市住之江区,浜口西２丁目,35,176,35,176,14,37,21,139,15,83,6,56,-,-,-,-
27125007300007500_大阪府大阪市住之江区浜口西３丁目,27125,大阪府,大阪市住之江区,浜口西３丁目,38,"2,068",38,"2,068",2,3,36,"2,065",31,"1,643",5,422,-,-,-,-
27125007600007600_大阪府大阪市住之江区浜口東１丁目,27125,大阪府,大阪市住之江区,浜口東１丁目,1,1,1,1,-,-,1,1,1,1,-,-,-,-,-,-
27125007600007700_大阪府大阪市住之江区浜口東２丁目,27125,大阪府,大阪市住之江区,浜口東２丁目,41,272,41,272,21,64,19,206,16,109,3,97,1,2,-,-
27125007600007800_大阪府大阪市住之江区浜口東３丁目,27125,大阪府,大阪市住之江区,浜口東３丁目,28,293,26,269,8,62,18,207,14,178,4,29,-,-,2,24
27125001500001500_大阪府大阪市住之江区粉浜１丁目,27125,大阪府,大阪市住之江区,粉浜１丁目,94,632,92,591,52,129,40,462,36,338,4,124,-,-,2,41
27125001500001600_大阪府大阪市住之江区粉浜２丁目,27125,大阪府,大阪市住之江区,粉浜２丁目,113,615,112,580,70,201,41,378,33,248,8,130,1,1,1,35
27125001500001700_大阪府大阪市住之江区粉浜３丁目,27125,大阪府,大阪市住之江区,粉浜３丁目,131,490,131,490,76,199,55,291,45,188,10,103,-,-,-,-
27125001800001800_大阪府大阪市住之江区粉浜西１丁目,27125,大阪府,大阪市住之江区,粉浜西１丁目,58,889,57,848,17,57,40,791,39,790,1,1,-,-,1,41
27125001800001900_大阪府大阪市住之江区粉浜西２丁目,27125,大阪府,大阪市住之江区,粉浜西２丁目,43,293,43,293,14,27,29,266,25,246,4,20,-,-,-,-
27125001800002000_大阪府大阪市住之江区粉浜西３丁目,27125,大阪府,大阪市住之江区,粉浜西３丁目,26,223,26,223,12,30,14,193,14,193,-,-,-,-,-,-
27125008500008500_大阪府大阪市住之江区平林南１丁目,27125,大阪府,大阪市住之江区,平林南１丁目,111,"1,823",111,"1,823",8,48,102,"1,767",100,"1,759",2,8,1,8,-,-
27125008500008600_大阪府大阪市住之江区平林南２丁目,27125,大阪府,大阪市住之江区,平林南２丁目,92,"1,831",90,"1,793",10,42,80,"1,751",76,"1,652",4,99,-,-,2,38
27125008300008300_大阪府大阪市住之江区平林北１丁目,27125,大阪府,大阪市住之江区,平林北１丁目,23,"1,804",23,"1,804",2,5,21,"1,799",21,"1,799",-,-,-,-,-,-
27125008300008400_大阪府大阪市住之江区平林北２丁目,27125,大阪府,大阪市住之江区,平林北２丁目,139,"1,721",139,"1,721",19,56,120,"1,665",117,"1,650",3,15,-,-,-,-
27125000700000700_大阪府大阪市住之江区北加賀屋１丁目,27125,大阪府,大阪市住之江区,北加賀屋１丁目,86,547,86,547,39,119,47,428,41,329,6,99,-,-,-,-
27125000700000800_大阪府大阪市住之江区北加賀屋２丁目,27125,大阪府,大阪市住之江区,北加賀屋２丁目,111,"1,132",110,"1,096",42,92,67,"1,002",58,692,9,310,1,2,1,36
27125000700000900_大阪府大阪市住之江区北加賀屋３丁目,27125,大阪府,大阪市住之江区,北加賀屋３丁目,34,863,34,863,2,3,32,860,32,860,-,-,-,-,-,-
27125000700001000_大阪府大阪市住之江区北加賀屋４丁目,27125,大阪府,大阪市住之江区,北加賀屋４丁目,67,583,67,583,15,50,52,533,52,533,-,-,-,-,-,-
27125000700001100_大阪府大阪市住之江区北加賀屋５丁目,27125,大阪府,大阪市住之江区,北加賀屋５丁目,76,"1,323",76,"1,323",16,58,60,"1,265",51,"1,060",9,205,-,-,-,-
27125001200001200_大阪府大阪市住之江区北島１丁目,27125,大阪府,大阪市住之江区,北島１丁目,20,83,20,83,12,24,8,59,7,52,1,7,-,-,-,-
27125001200001300_大阪府大阪市住之江区北島２丁目,27125,大阪府,大阪市住之江区,北島２丁目,43,551,42,504,18,55,24,449,21,310,3,139,-,-,1,47
27125001200001400_大阪府大阪市住之江区北島３丁目,27125,大阪府,大阪市住之江区,北島３丁目,32,219,32,219,10,37,22,182,16,47,6,135,-,-,-,-
27125009500009500_大阪府大阪市住之江区緑木１丁目,27125,大阪府,大阪市住之江区,緑木１丁目,35,819,34,684,8,46,26,638,26,638,-,-,-,-,1,135
27125009500009600_大阪府大阪市住之江区緑木２丁目,27125,大阪府,大阪市住之江区,緑木２丁目,21,358,21,358,3,6,18,352,18,352,-,-,-,-,-,-
27125999999999999_大阪府大阪市住之江区その他,27125,大阪府,大阪市住之江区,その他,-,-,-,-,-,-,-,-,-,-,-,-,-,-,-,-
27126_大阪府大阪市平野区,27126,大阪府,大阪市平野区,,"7,369","68,360","7,305","64,909","2,577","7,563","4,711","57,291","4,201","47,740",510,"9,551",17,55,64,"3,451"
27126000100000100_大阪府大阪市平野区瓜破１丁目,27126,大阪府,大阪市平野区,瓜破１丁目,79,656,77,605,29,77,48,528,37,316,11,212,-,-,2,51
27126000100000200_大阪府大阪市平野区瓜破２丁目,27126,大阪府,大阪市平野区,瓜破２丁目,183,"1,891",182,"1,849",67,266,115,"1,583",101,"1,184",14,399,-,-,1,42
27126000100000300_大阪府大阪市平野区瓜破３丁目,27126,大阪府,大阪市平野区,瓜破３丁目,54,345,53,309,28,75,25,234,22,221,3,13,-,-,1,36
27126000100000400_大阪府大阪市平野区瓜破４丁目,27126,大阪府,大阪市平野区,瓜破４丁目,24,475,24,475,2,6,22,469,20,449,2,20,-,-,-,-
27126000100000500_大阪府大阪市平野区瓜破５丁目,27126,大阪府,大阪市平野区,瓜破５丁目,28,123,27,84,16,37,11,47,8,29,3,18,-,-,1,39
27126000100000600_大阪府大阪市平野区瓜破６丁目,27126,大阪府,大阪市平野区,瓜破６丁目,27,110,27,110,9,20,17,89,16,86,1,3,1,1,-,-
27126000100000700_大阪府大阪市平野区瓜破７丁目,27126,大阪府,大阪市平野区,瓜破７丁目,17,92,17,92,5,10,12,82,12,82,-,-,-,-,-,-
27126000800000800_大阪府大阪市平野区瓜破西１丁目,27126,大阪府,大阪市平野区,瓜破西１丁目,82,533,82,533,45,152,36,378,25,214,11,164,1,3,-,-
27126000800000900_大阪府大阪市平野区瓜破西２丁目,27126,大阪府,大阪市平野区,瓜破西２丁目,65,494,63,421,28,100,35,321,30,201,5,120,-,-,2,73
27126000800001000_大阪府大阪市平野区瓜破西３丁目,27126,大阪府,大阪市平野区,瓜破西３丁目,32,157,32,157,9,22,23,135,23,135,-,-,-,-,-,-
27126001100001100_大阪府大阪市平野区瓜破東１丁目,27126,大阪府,大阪市平野区,瓜破東１丁目,30,380,30,380,14,34,16,346,12,104,4,242,-,-,-,-
27126001100001200_大阪府大阪市平野区瓜破東２丁目,27126,大阪府,大阪市平野区,瓜破東２丁目,54,365,53,333,22,88,31,245,29,185,2,60,-,-,1,32
27126001100001300_大阪府大阪市平野区瓜破東３丁目,27126,大阪府,大阪市平野区,瓜破東３丁目,30,221,30,221,13,35,17,186,17,186,-,-,-,-,-,-
27126001100001400_大阪府大阪市平野区瓜破東４丁目,27126,大阪府,大阪市平野区,瓜破東４丁目,29,446,28,424,10,22,17,401,16,391,1,10,1,1,1,22
27126001100001500_大阪府大阪市平野区瓜破東５丁目,27126,大阪府,大阪市平野区,瓜破東５丁目,22,57,22,57,7,13,15,44,14,40,1,4,-,-,-,-
27126001100001600_大阪府大阪市平野区瓜破東６丁目,27126,大阪府,大阪市平野区,瓜破東６丁目,10,50,10,50,2,4,8,46,5,19,3,27,-,-,-,-
27126001100001700_大阪府大阪市平野区瓜破東７丁目,27126,大阪府,大阪市平野区,瓜破東７丁目,6,30,6,30,2,8,4,22,4,22,-,-,-,-,-,-
27126001100001800_大阪府大阪市平野区瓜破東８丁目,27126,大阪府,大阪市平野区,瓜破東８丁目,25,268,25,268,6,22,19,246,17,104,2,142,-,-,-,-
27126001900001900_大阪府大阪市平野区瓜破南１丁目,27126,大阪府,大阪市平野区,瓜破南１丁目,36,607,35,487,6,6,29,481,24,254,5,227,-,-,1,120
27126001900002000_大阪府大阪市平野区瓜破南２丁目,27126,大阪府,大阪市平野区,瓜破南２丁目,76,971,76,971,17,38,59,933,56,806,3,127,-,-,-,-
27126002100002100_大阪府大阪市平野区加美北１丁目,27126,大阪府,大阪市平野区,加美北１丁目,144,"1,110",144,"1,110",73,212,71,898,68,874,3,24,-,-,-,-
27126002100002200_大阪府大阪市平野区加美北２丁目,27126,大阪府,大阪市平野区,加美北２丁目,45,568,45,568,11,31,34,537,34,537,-,-,-,-,-,-
27126002100002300_大阪府大阪市平野区加美北３丁目,27126,大阪府,大阪市平野区,加美北３丁目,144,"1,358",144,"1,358",56,157,88,"1,201",84,"1,143",4,58,-,-,-,-
27126002100002400_大阪府大阪市平野区加美北４丁目,27126,大阪府,大阪市平野区,加美北４丁目,93,"1,432",92,"1,427",25,91,67,"1,336",65,"1,306",2,30,-,-,1,5
27126002100002500_大阪府大阪市平野区加美北５丁目,27126,大阪府,大阪市平野区,加美北５丁目,103,"1,586",103,"1,586",23,65,80,"1,521",75,"1,410",5,111,-,-,-,-
27126002100002600_大阪府大阪市平野区加美北６丁目,27126,大阪府,大阪市平野区,加美北６丁目,113,653,113,653,47,148,66,505,64,500,2,5,-,-,-,-
27126002100002700_大阪府大阪市平野区加美北７丁目,27126,大阪府,大阪市平野区,加美北７丁目,59,788,58,745,10,21,48,724,44,488,4,236,-,-,1,43
27126002100002800_大阪府大阪市平野区加美北８丁目,27126,大阪府,大阪市平野区,加美北８丁目,53,488,53,488,24,48,29,440,28,434,1,6,-,-,-,-
27126002100002900_大阪府大阪市平野区加美北９丁目,27126,大阪府,大阪市平野区,加美北９丁目,121,743,121,743,65,200,56,543,56,543,-,-,-,-,-,-
27126003000003000_大阪府大阪市平野区加美鞍作１丁目,27126,大阪府,大阪市平野区,加美鞍作１丁目,85,416,83,387,46,103,37,284,31,241,6,43,-,-,2,29
27126003000003100_大阪府大阪市平野区加美鞍作２丁目,27126,大阪府,大阪市平野区,加美鞍作２丁目,58,363,58,363,35,74,23,289,18,202,5,87,-,-,-,-
27126003000003200_大阪府大阪市平野区加美鞍作３丁目,27126,大阪府,大阪市平野区,加美鞍作３丁目,69,632,69,632,27,68,42,564,41,562,1,2,-,-,-,-
27126003300003300_大阪府大阪市平野区加美正覚寺１丁目,27126,大阪府,大阪市平野区,加美正覚寺１丁目,83,465,82,453,29,81,53,372,50,364,3,8,-,-,1,12
27126003300003400_大阪府大阪市平野区加美正覚寺２丁目,27126,大阪府,大阪市平野区,加美正覚寺２丁目,42,222,41,192,14,35,27,157,23,133,4,24,-,-,1,30
27126003300003500_大阪府大阪市平野区加美正覚寺３丁目,27126,大阪府,大阪市平野区,加美正覚寺３丁目,34,346,32,250,14,40,18,210,18,210,-,-,-,-,2,96
27126003300003600_大阪府大阪市平野区加美正覚寺４丁目,27126,大阪府,大阪市平野区,加美正覚寺４丁目,46,513,46,513,18,46,28,467,28,467,-,-,-,-,-,-
27126003700003700_大阪府大阪市平野区加美西１丁目,27126,大阪府,大阪市平野区,加美西１丁目,74,683,74,683,23,64,51,619,50,617,1,2,-,-,-,-
27126003700003800_大阪府大阪市平野区加美西２丁目,27126,大阪府,大阪市平野区,加美西２丁目,51,533,51,533,17,46,34,487,29,249,5,238,-,-,-,-
27126003900003900_大阪府大阪市平野区加美東１丁目,27126,大阪府,大阪市平野区,加美東１丁目,113,784,113,784,46,123,67,661,63,617,4,44,-,-,-,-
27126003900004000_大阪府大阪市平野区加美東２丁目,27126,大阪府,大阪市平野区,加美東２丁目,67,985,67,985,25,71,42,914,39,854,3,60,-,-,-,-
27126003900004100_大阪府大阪市平野区加美東３丁目,27126,大阪府,大阪市平野区,加美東３丁目,53,382,53,382,27,87,26,295,25,288,1,7,-,-,-,-
27126003900004200_大阪府大阪市平野区加美東４丁目,27126,大阪府,大阪市平野区,加美東４丁目,131,954,131,954,61,213,70,741,63,609,7,132,-,-,-,-
27126003900004300_大阪府大阪市平野区加美東５丁目,27126,大阪府,大阪市平野区,加美東５丁目,51,338,50,294,22,58,28,236,27,224,1,12,-,-,1,44
27126003900004400_大阪府大阪市平野区加美東６丁目,27126,大阪府,大阪市平野区,加美東６丁目,64,"1,551",64,"1,551",12,41,52,"1,510",52,"1,510",-,-,-,-,-,-
27126003900004500_大阪府大阪市平野区加美東７丁目,27126,大阪府,大阪市平野区,加美東７丁目,21,345,21,345,2,7,18,337,16,317,2,20,1,1,-,-
27126004600004600_大阪府大阪市平野区加美南１丁目,27126,大阪府,大阪市平野区,加美南１丁目,34,615,31,504,13,44,18,460,14,442,4,18,-,-,3,111
27126004600004700_大阪府大阪市平野区加美南２丁目,27126,大阪府,大阪市平野区,加美南２丁目,31,324,31,324,12,35,19,289,19,289,-,-,-,-,-,-
27126004600004800_大阪府大阪市平野区加美南３丁目,27126,大阪府,大阪市平野区,加美南３丁目,38,904,38,904,7,59,31,845,31,845,-,-,-,-,-,-
27126004600004900_大阪府大阪市平野区加美南４丁目,27126,大阪府,大阪市平野区,加美南４丁目,44,368,44,368,18,53,26,315,25,288,1,27,-,-,-,-
27126004600005000_大阪府大阪市平野区加美南５丁目,27126,大阪府,大阪市平野区,加美南５丁目,66,355,66,355,31,62,35,293,30,265,5,28,-,-,-,-
27126005100005100_大阪府大阪市平野区喜連１丁目,27126,大阪府,大阪市平野区,喜連１丁目,44,416,43,375,9,23,34,352,33,340,1,12,-,-,1,41
27126005100005200_大阪府大阪市平野区喜連２丁目,27126,大阪府,大阪市平野区,喜連２丁目,77,774,77,774,19,59,58,715,49,570,9,145,-,-,-,-
27126005100005300_大阪府大阪市平野区喜連３丁目,27126,大阪府,大阪市平野区,喜連３丁目,30,142,30,142,13,31,17,111,14,100,3,11,-,-,-,-
27126005100005400_大阪府大阪市平野区喜連４丁目,27126,大阪府,大阪市平野区,喜連４丁目,74,364,74,364,32,86,42,278,34,134,8,144,-,-,-,-
27126005100005500_大阪府大阪市平野区喜連５丁目,27126,大阪府,大阪市平野区,喜連５丁目,56,332,56,332,22,45,34,287,33,285,1,2,-,-,-,-
27126005100005600_大阪府大阪市平野区喜連６丁目,27126,大阪府,大阪市平野区,喜連６丁目,29,174,28,137,7,15,21,122,17,102,4,20,-,-,1,37
27126005100005700_大阪府大阪市平野区喜連７丁目,27126,大阪府,大阪市平野区,喜連７丁目,22,155,21,113,5,9,16,104,15,103,1,1,-,-,1,42
27126005800005800_大阪府大阪市平野区喜連西１丁目,27126,大阪府,大阪市平野区,喜連西１丁目,41,263,41,263,22,54,19,209,15,129,4,80,-,-,-,-
27126005800005900_大阪府大阪市平野区喜連西２丁目,27126,大阪府,大阪市平野区,喜連西２丁目,20,193,19,105,12,29,7,76,7,76,-,-,-,-,1,88
27126005800006000_大阪府大阪市平野区喜連西３丁目,27126,大阪府,大阪市平野区,喜連西３丁目,31,212,30,169,13,25,17,144,8,21,9,123,-,-,1,43
27126005800006100_大阪府大阪市平野区喜連西４丁目,27126,大阪府,大阪市平野区,喜連西４丁目,51,800,51,800,12,53,39,747,32,667,7,80,-,-,-,-
27126005800006200_大阪府大阪市平野区喜連西５丁目,27126,大阪府,大阪市平野区,喜連西５丁目,51,619,51,619,14,35,37,584,32,527,5,57,-,-,-,-
27126005800006300_大阪府大阪市平野区喜連西６丁目,27126,大阪府,大阪市平野区,喜連西６丁目,39,"1,296",34,675,12,38,22,637,15,487,7,150,-,-,5,621
27126006400006400_大阪府大阪市平野区喜連東１丁目,27126,大阪府,大阪市平野区,喜連東１丁目,54,371,54,371,16,42,38,329,34,223,4,106,-,-,-,-
27126006400006500_大阪府大阪市平野区喜連東２丁目,27126,大阪府,大阪市平野区,喜連東２丁目,40,342,39,306,12,36,27,270,21,203,6,67,-,-,1,36
27126006400006600_大阪府大阪市平野区喜連東３丁目,27126,大阪府,大阪市平野区,喜連東３丁目,31,265,31,265,5,25,26,240,22,150,4,90,-,-,-,-
27126006400006700_大阪府大阪市平野区喜連東４丁目,27126,大阪府,大阪市平野区,喜連東４丁目,14,180,14,180,4,14,10,166,6,100,4,66,-,-,-,-
27126006400006800_大阪府大阪市平野区喜連東５丁目,27126,大阪府,大阪市平野区,喜連東５丁目,41,397,41,397,16,42,25,355,20,191,5,164,-,-,-,-
27126006900006900_大阪府大阪市平野区背戸口１丁目,27126,大阪府,大阪市平野区,背戸口１丁目,79,738,77,650,25,69,52,581,46,389,6,192,-,-,2,88
27126006900007000_大阪府大阪市平野区背戸口２丁目,27126,大阪府,大阪市平野区,背戸口２丁目,65,388,65,388,28,58,37,330,37,330,-,-,-,-,-,-
27126006900007100_大阪府大阪市平野区背戸口３丁目,27126,大阪府,大阪市平野区,背戸口３丁目,30,684,29,248,11,25,18,223,12,164,6,59,-,-,1,436
27126006900007200_大阪府大阪市平野区背戸口４丁目,27126,大阪府,大阪市平野区,背戸口４丁目,35,279,34,232,11,44,23,188,22,187,1,1,-,-,1,47
27126006900007300_大阪府大阪市平野区背戸口５丁目,27126,大阪府,大阪市平野区,背戸口５丁目,51,548,51,548,18,120,33,428,28,389,5,39,-,-,-,-
27126007400007400_大阪府大阪市平野区長吉川辺１丁目,27126,大阪府,大阪市平野区,長吉川辺１丁目,51,344,50,306,6,34,44,272,39,219,5,53,-,-,1,38
27126007400007500_大阪府大阪市平野区長吉川辺２丁目,27126,大阪府,大阪市平野区,長吉川辺２丁目,66,421,66,421,12,40,53,380,51,366,2,14,1,1,-,-
27126007400007600_大阪府大阪市平野区長吉川辺３丁目,27126,大阪府,大阪市平野区,長吉川辺３丁目,117,"1,802",116,"1,716",12,72,104,"1,644",93,"1,181",11,463,-,-,1,86
27126007400007700_大阪府大阪市平野区長吉川辺４丁目,27126,大阪府,大阪市平野区,長吉川辺４丁目,14,228,13,173,1,1,12,172,12,172,-,-,-,-,1,55
27126007800007800_大阪府大阪市平野区長吉出戸１丁目,27126,大阪府,大阪市平野区,長吉出戸１丁目,27,137,27,137,11,33,16,104,14,87,2,17,-,-,-,-
27126007800007900_大阪府大阪市平野区長吉出戸２丁目,27126,大阪府,大阪市平野区,長吉出戸２丁目,19,130,19,130,5,21,14,109,13,100,1,9,-,-,-,-
27126007800008000_大阪府大阪市平野区長吉出戸３丁目,27126,大阪府,大阪市平野区,長吉出戸３丁目,48,303,47,266,22,48,25,218,25,218,-,-,-,-,1,37
27126007800008100_大阪府大阪市平野区長吉出戸４丁目,27126,大阪府,大阪市平野区,長吉出戸４丁目,50,209,50,209,23,67,26,142,22,93,4,49,1,-,-,-
27126007800008200_大阪府大阪市平野区長吉出戸５丁目,27126,大阪府,大阪市平野区,長吉出戸５丁目,37,331,36,325,10,35,26,290,24,221,2,69,-,-,1,6
27126007800008300_大阪府大阪市平野区長吉出戸６丁目,27126,大阪府,大阪市平野区,長吉出戸６丁目,70,482,70,482,12,21,58,461,51,412,7,49,-,-,-,-
27126007800008400_大阪府大阪市平野区長吉出戸７丁目,27126,大阪府,大阪市平野区,長吉出戸７丁目,69,895,69,895,14,36,55,859,51,605,4,254,-,-,-,-
27126007800008500_大阪府大阪市平野区長吉出戸８丁目,27126,大阪府,大阪市平野区,長吉出戸８丁目,27,259,26,214,7,23,19,191,19,191,-,-,-,-,1,45
27126008600008600_大阪府大阪市平野区長吉長原１丁目,27126,大阪府,大阪市平野区,長吉長原１丁目,91,"1,401",90,"1,394",23,86,67,"1,308",61,625,6,683,-,-,1,7
27126008600008700_大阪府大阪市平野区長吉長原２丁目,27126,大阪府,大阪市平野区,長吉長原２丁目,59,320,57,258,8,18,49,240,40,167,9,73,-,-,2,62
27126008600008800_大阪府大阪市平野区長吉長原３丁目,27126,大阪府,大阪市平野区,長吉長原３丁目,56,354,56,354,14,52,42,302,37,283,5,19,-,-,-,-
27126008600008900_大阪府大阪市平野区長吉長原４丁目,27126,大阪府,大阪市平野区,長吉長原４丁目,64,697,64,697,11,40,53,657,50,578,3,79,-,-,-,-
27126009000009000_大阪府大阪市平野区長吉長原西１丁目,27126,大阪府,大阪市平野区,長吉長原西１丁目,61,811,61,811,9,24,52,787,45,683,7,104,-,-,-,-
27126009000009100_大阪府大阪市平野区長吉長原西２丁目,27126,大阪府,大阪市平野区,長吉長原西２丁目,44,391,44,391,10,21,33,370,30,363,3,7,1,-,-,-
27126009000009200_大阪府大阪市平野区長吉長原西３丁目,27126,大阪府,大阪市平野区,長吉長原西３丁目,49,494,47,353,17,41,30,312,29,287,1,25,-,-,2,141
27126009000009300_大阪府大阪市平野区長吉長原西４丁目,27126,大阪府,大阪市平野区,長吉長原西４丁目,14,155,14,155,4,6,10,149,9,126,1,23,-,-,-,-
27126009400009400_大阪府大阪市平野区長吉長原東１丁目,27126,大阪府,大阪市平野区,長吉長原東１丁目,34,362,33,330,13,52,20,278,18,248,2,30,-,-,1,32
27126009400009500_大阪府大阪市平野区長吉長原東２丁目,27126,大阪府,大阪市平野区,長吉長原東２丁目,18,139,17,109,7,17,10,92,8,76,2,16,-,-,1,30
27126009400009600_大阪府大阪市平野区長吉長原東３丁目,27126,大阪府,大阪市平野区,長吉長原東３丁目,77,617,75,585,33,119,42,466,37,412,5,54,-,-,2,32
27126009700009700_大阪府大阪市平野区長吉六反１丁目,27126,大阪府,大阪市平野区,長吉六反１丁目,51,538,51,538,9,24,42,514,35,376,7,138,-,-,-,-
27126009700009800_大阪府大阪市平野区長吉六反２丁目,27126,大阪府,大阪市平野区,長吉六反２丁目,90,656,90,656,37,106,52,513,48,452,4,61,1,37,-,-
27126009700009900_大阪府大阪市平野区長吉六反３丁目,27126,大阪府,大阪市平野区,長吉六反３丁目,82,430,81,396,47,125,34,271,29,200,5,71,-,-,1,34
27126009700010000_大阪府大阪市平野区長吉六反４丁目,27126,大阪府,大阪市平野区,長吉六反４丁目,58,531,57,493,15,34,42,459,40,423,2,36,-,-,1,38
27126009700010100_大阪府大阪市平野区長吉六反５丁目,27126,大阪府,大阪市平野区,長吉六反５丁目,23,107,22,105,11,26,11,79,8,38,3,41,-,-,1,2
27126010200010200_大阪府大阪市平野区流町１丁目,27126,大阪府,大阪市平野区,流町１丁目,52,349,52,349,15,56,37,293,33,237,4,56,-,-,-,-
27126010200010300_大阪府大阪市平野区流町２丁目,27126,大阪府,大阪市平野区,流町２丁目,13,187,13,187,3,5,10,182,4,41,6,141,-,-,-,-
27126010200010400_大阪府大阪市平野区流町３丁目,27126,大阪府,大阪市平野区,流町３丁目,72,285,72,285,36,99,36,186,31,181,5,5,-,-,-,-
27126010200010500_大阪府大阪市平野区流町４丁目,27126,大阪府,大阪市平野区,流町４丁目,45,583,45,583,13,36,32,547,28,251,4,296,-,-,-,-
27126010600010600_大阪府大阪市平野区西脇１丁目,27126,大阪府,大阪市平野区,西脇１丁目,108,551,108,551,39,88,68,460,66,445,2,15,1,3,-,-
27126010600010700_大阪府大阪市平野区西脇２丁目,27126,大阪府,大阪市平野区,西脇２丁目,64,741,64,741,16,58,48,683,47,668,1,15,-,-,-,-
27126010600010800_大阪府大阪市平野区西脇３丁目,27126,大阪府,大阪市平野区,西脇３丁目,33,228,33,228,17,49,16,179,15,178,1,1,-,-,-,-
27126010600010900_大阪府大阪市平野区西脇４丁目,27126,大阪府,大阪市平野区,西脇４丁目,40,426,40,426,5,14,35,412,33,399,2,13,-,-,-,-
27126011000011000_大阪府大阪市平野区平野市町１丁目,27126,大阪府,大阪市平野区,平野市町１丁目,26,121,26,121,12,18,14,103,9,83,5,20,-,-,-,-
27126011000011100_大阪府大阪市平野区平野市町２丁目,27126,大阪府,大阪市平野区,平野市町２丁目,17,145,17,145,3,10,14,135,12,120,2,15,-,-,-,-
27126011000011200_大阪府大阪市平野区平野市町３丁目,27126,大阪府,大阪市平野区,平野市町３丁目,23,133,23,133,8,23,15,110,11,80,4,30,-,-,-,-
27126011300011300_大阪府大阪市平野区平野上町１丁目,27126,大阪府,大阪市平野区,平野上町１丁目,61,453,61,453,24,49,37,404,28,178,9,226,-,-,-,-
27126011300011400_大阪府大阪市平野区平野上町２丁目,27126,大阪府,大阪市平野区,平野上町２丁目,43,153,43,153,24,51,19,102,15,68,4,34,-,-,-,-
27126011500011500_大阪府大阪市平野区平野北１丁目,27126,大阪府,大阪市平野区,平野北１丁目,79,964,79,964,10,44,68,918,63,813,5,105,1,2,-,-
27126011500011600_大阪府大阪市平野区平野北２丁目,27126,大阪府,大阪市平野区,平野北２丁目,38,579,38,579,3,10,35,569,33,520,2,49,-,-,-,-
27126011700011700_大阪府大阪市平野区平野西１丁目,27126,大阪府,大阪市平野区,平野西１丁目,56,510,55,446,16,72,39,374,35,352,4,22,-,-,1,64
27126011700011800_大阪府大阪市平野区平野西２丁目,27126,大阪府,大阪市平野区,平野西２丁目,18,318,16,105,7,35,9,70,7,19,2,51,-,-,2,213
27126011700011900_大阪府大阪市平野区平野西３丁目,27126,大阪府,大阪市平野区,平野西３丁目,31,451,30,406,12,27,18,379,17,358,1,21,-,-,1,45
27126011700012000_大阪府大阪市平野区平野西４丁目,27126,大阪府,大阪市平野区,平野西４丁目,60,574,60,574,25,76,35,498,34,493,1,5,-,-,-,-
27126011700012100_大阪府大阪市平野区平野西５丁目,27126,大阪府,大阪市平野区,平野西５丁目,67,752,67,752,26,76,41,676,34,556,7,120,-,-,-,-
27126011700012200_大阪府大阪市平野区平野西６丁目,27126,大阪府,大阪市平野区,平野西６丁目,36,291,36,291,11,46,25,245,23,230,2,15,-,-,-,-
27126012300012300_大阪府大阪市平野区平野馬場１丁目,27126,大阪府,大阪市平野区,平野馬場１丁目,75,939,75,939,16,59,59,880,55,834,4,46,-,-,-,-
27126012300012400_大阪府大阪市平野区平野馬場２丁目,27126,大阪府,大阪市平野区,平野馬場２丁目,32,415,32,415,6,20,26,395,26,395,-,-,-,-,-,-
27126012500012500_大阪府大阪市平野区平野東１丁目,27126,大阪府,大阪市平野区,平野東１丁目,53,346,52,344,27,131,24,212,19,121,5,91,1,1,1,2
27126012500012600_大阪府大阪市平野区平野東２丁目,27126,大阪府,大阪市平野区,平野東２丁目,39,242,39,242,17,37,22,205,15,85,7,120,-,-,-,-
27126012500012700_大阪府大阪市平野区平野東３丁目,27126,大阪府,大阪市平野区,平野東３丁目,26,184,26,184,12,38,14,146,12,93,2,53,-,-,-,-
27126012500012800_大阪府大阪市平野区平野東４丁目,27126,大阪府,大阪市平野区,平野東４丁目,38,518,38,518,12,24,26,494,22,431,4,63,-,-,-,-
27126012900012900_大阪府大阪市平野区平野本町１丁目,27126,大阪府,大阪市平野区,平野本町１丁目,57,321,57,321,26,76,30,245,27,206,3,39,1,-,-,-
27126012900013000_大阪府大阪市平野区平野本町２丁目,27126,大阪府,大阪市平野区,平野本町２丁目,60,545,60,545,24,88,36,457,32,400,4,57,-,-,-,-
27126012900013100_大阪府大阪市平野区平野本町３丁目,27126,大阪府,大阪市平野区,平野本町３丁目,66,167,66,167,30,55,33,108,27,82,6,26,3,4,-,-
27126012900013200_大阪府大阪市平野区平野本町４丁目,27126,大阪府,大阪市平野区,平野本町４丁目,71,362,71,362,38,66,33,296,23,151,10,145,-,-,-,-
27126012900013300_大阪府大阪市平野区平野本町５丁目,27126,大阪府,大阪市平野区,平野本町５丁目,49,255,49,255,22,65,26,190,23,152,3,38,1,-,-,-
27126013400013400_大阪府大阪市平野区平野南１丁目,27126,大阪府,大阪市平野区,平野南１丁目,57,655,56,577,22,72,34,505,27,329,7,176,-,-,1,78
27126013400013500_大阪府大阪市平野区平野南２丁目,27126,大阪府,大阪市平野区,平野南２丁目,26,229,25,183,11,58,14,125,13,114,1,11,-,-,1,46
27126013400013600_大阪府大阪市平野区平野南３丁目,27126,大阪府,大阪市平野区,平野南３丁目,41,355,41,355,14,33,27,322,25,299,2,23,-,-,-,-
27126013400013700_大阪府大阪市平野区平野南４丁目,27126,大阪府,大阪市平野区,平野南４丁目,20,320,20,320,6,19,14,301,9,172,5,129,-,-,-,-
27126013800013800_大阪府大阪市平野区平野宮町１丁目,27126,大阪府,大阪市平野区,平野宮町１丁目,91,616,89,522,33,84,56,438,44,389,12,49,-,-,2,94
27126013800013900_大阪府大阪市平野区平野宮町２丁目,27126,大阪府,大阪市平野区,平野宮町２丁目,23,151,23,151,11,44,12,107,7,31,5,76,-,-,-,-
27126014000014000_大阪府大阪市平野区平野元町,27126,大阪府,大阪市平野区,平野元町,53,395,53,395,14,35,38,359,29,261,9,98,1,1,-,-
27126999999999999_大阪府大阪市平野区その他,27126,大阪府,大阪市平野区,その他,-,-,-,-,-,-,-,-,-,-,-,-,-,-,-,-
27127_大阪府大阪市北区,27127,大阪府,大阪市北区,,"27,633","493,551","27,534","483,501","6,719","22,764","20,695","460,343","19,169","431,625","1,526","28,718",120,394,99,"10,050"
27127001000001000_大阪府大阪市北区角田町,27127,大阪府,大阪市北区,角田町,762,"24,244",762,"24,244",26,175,736,"24,069",718,"23,217",18,852,-,-,-,-
27127006200006200_大阪府大阪市北区錦町,27127,大阪府,大阪市北区,錦町,68,845,68,845,8,43,55,795,48,753,7,42,5,7,-,-
27127001400001400_大阪府大阪市北区紅梅町,27127,大阪府,大阪市北区,紅梅町,168,"1,158",168,"1,158",60,191,107,963,101,911,6,52,1,4,-,-
27127009000009000_大阪府大阪市北区国分寺１丁目,27127,大阪府,大阪市北区,国分寺１丁目,54,283,54,283,20,71,34,212,29,197,5,15,-,-,-,-
27127009000009100_大阪府大阪市北区国分寺２丁目,27127,大阪府,大阪市北区,国分寺２丁目,57,376,57,376,24,59,33,317,33,317,-,-,-,-,-,-
27127001300001300_大阪府大阪市北区黒崎町,27127,大阪府,大阪市北区,黒崎町,89,848,89,848,59,134,30,714,30,714,-,-,-,-,-,-
27127007800007800_大阪府大阪市北区山崎町,27127,大阪府,大阪市北区,山崎町,40,285,40,285,13,45,27,240,24,220,3,20,-,-,-,-
27127001600001600_大阪府大阪市北区芝田１丁目,27127,大阪府,大阪市北区,芝田１丁目,683,"13,611",683,"13,611",51,210,631,"13,401",603,"13,048",28,353,1,-,-,-
27127001600001700_大阪府大阪市北区芝田２丁目,27127,大阪府,大阪市北区,芝田２丁目,415,"10,005",415,"10,005",83,292,327,"9,695",284,"7,193",43,"2,502",5,18,-,-
27127001500001500_大阪府大阪市北区小松原町,27127,大阪府,大阪市北区,小松原町,160,"6,054",160,"6,054",10,35,150,"6,019",139,"5,949",11,70,-,-,-,-
27127007400007400_大阪府大阪市北区松ケ枝町,27127,大阪府,大阪市北区,松ケ枝町,165,"1,088",164,"1,035",50,111,114,924,108,886,6,38,-,-,1,53
27127001100001100_大阪府大阪市北区神山町,27127,大阪府,大阪市北区,神山町,151,"1,089",150,"1,021",45,163,101,855,86,611,15,244,4,3,1,68
27127001200001200_大阪府大阪市北区菅栄町,27127,大阪府,大阪市北区,菅栄町,78,438,77,404,26,65,51,339,44,250,7,89,-,-,1,34
27127001900001900_大阪府大阪市北区菅原町,27127,大阪府,大阪市北区,菅原町,138,"1,079",136,"1,041",20,52,116,989,112,977,4,12,-,-,2,38
27127006300006300_大阪府大阪市北区西天満１丁目,27127,大阪府,大阪市北区,西天満１丁目,241,"2,417",239,"2,133",105,321,134,"1,812",101,"1,370",33,442,-,-,2,284
27127006300006400_大阪府大阪市北区西天満２丁目,27127,大阪府,大阪市北区,西天満２丁目,468,"5,466",465,"4,039",173,534,289,"3,498",251,"3,196",38,302,3,7,3,"1,427"
27127006300006500_大阪府大阪市北区西天満３丁目,27127,大阪府,大阪市北区,西天満３丁目,714,"5,690",711,"5,577",289,816,417,"4,737",388,"4,530",29,207,5,24,3,113
27127006300006600_大阪府大阪市北区西天満４丁目,27127,大阪府,大阪市北区,西天満４丁目,940,"8,348",938,"8,341",415,"1,366",514,"6,962",462,"6,442",52,520,9,13,2,7
27127006300006700_大阪府大阪市北区西天満５丁目,27127,大阪府,大阪市北区,西天満５丁目,688,"5,888",688,"5,888",241,758,445,"5,121",406,"4,616",39,505,2,9,-,-
27127006300006800_大阪府大阪市北区西天満６丁目,27127,大阪府,大阪市北区,西天満６丁目,313,"2,447",313,"2,447",145,446,168,"2,001",154,"1,914",14,87,-,-,-,-
27127000700000700_大阪府大阪市北区扇町１丁目,27127,大阪府,大阪市北区,扇町１丁目,2,184,1,138,-,-,1,138,1,138,-,-,-,-,1,46
27127000700000800_大阪府大阪市北区扇町２丁目,27127,大阪府,大阪市北区,扇町２丁目,27,"2,904",23,"2,577",1,2,22,"2,575",16,864,6,"1,711",-,-,4,327
27127012000012000_大阪府大阪市北区曽根崎１丁目,27127,大阪府,大阪市北区,曽根崎１丁目,78,"2,675",78,"2,675",31,76,47,"2,599",43,"2,522",4,77,-,-,-,-
27127012000012100_大阪府大阪市北区曽根崎２丁目,27127,大阪府,大阪市北区,曽根崎２丁目,465,"11,267",464,"10,789",111,367,350,"10,421",330,"10,093",20,328,3,1,1,478
27127012200012200_大阪府大阪市北区曽根崎新地１丁目,27127,大阪府,大阪市北区,曽根崎新地１丁目,"1,112","7,441","1,112","7,441",691,"3,209",421,"4,232",410,"4,077",11,155,-,-,-,-
27127012200012300_大阪府大阪市北区曽根崎新地２丁目,27127,大阪府,大阪市北区,曽根崎新地２丁目,264,"7,013",264,"7,013",31,149,233,"6,864",218,"6,670",15,194,-,-,-,-
27127002000002000_大阪府大阪市北区太融寺町,27127,大阪府,大阪市北区,太融寺町,221,"3,416",221,"3,416",34,150,184,"3,249",167,"2,971",17,278,3,17,-,-
27127000900000900_大阪府大阪市北区大深町,27127,大阪府,大阪市北区,大深町,654,"26,531",654,"26,531",2,154,651,"26,376",615,"25,459",36,917,1,1,-,-
27127008200008200_大阪府大阪市北区大淀中１丁目,27127,大阪府,大阪市北区,大淀中１丁目,267,"9,314",267,"9,314",33,118,231,"9,175",219,"8,894",12,281,3,21,-,-
27127008200008300_大阪府大阪市北区大淀中２丁目,27127,大阪府,大阪市北区,大淀中２丁目,91,826,90,790,20,63,70,727,67,686,3,41,-,-,1,36
27127008200008400_大阪府大阪市北区大淀中３丁目,27127,大阪府,大阪市北区,大淀中３丁目,128,"1,253",128,"1,253",33,82,95,"1,171",91,"1,149",4,22,-,-,-,-
27127008200008500_大阪府大阪市北区大淀中４丁目,27127,大阪府,大阪市北区,大淀中４丁目,55,535,52,435,13,29,39,406,38,379,1,27,-,-,3,100
27127008200008600_大阪府大阪市北区大淀中５丁目,27127,大阪府,大阪市北区,大淀中５丁目,76,907,76,907,19,43,57,864,54,849,3,15,-,-,-,-
27127008700008700_大阪府大阪市北区大淀南１丁目,27127,大阪府,大阪市北区,大淀南１丁目,142,"3,616",142,"3,616",21,76,121,"3,540",118,"3,521",3,19,-,-,-,-
27127008700008800_大阪府大阪市北区大淀南２丁目,27127,大阪府,大阪市北区,大淀南２丁目,83,485,83,485,19,33,64,452,53,329,11,123,-,-,-,-
27127008700008900_大阪府大阪市北区大淀南３丁目,27127,大阪府,大阪市北区,大淀南３丁目,58,551,58,551,15,27,43,524,37,371,6,153,-,-,-,-
27127008000008000_大阪府大阪市北区大淀北１丁目,27127,大阪府,大阪市北区,大淀北１丁目,34,823,33,801,4,9,29,792,28,752,1,40,-,-,1,22
27127008000008100_大阪府大阪市北区大淀北２丁目,27127,大阪府,大阪市北区,大淀北２丁目,24,964,24,964,-,-,24,964,23,960,1,4,-,-,-,-
27127000100000100_大阪府大阪市北区池田町,27127,大阪府,大阪市北区,池田町,218,"1,520",218,"1,520",109,365,109,"1,155",102,"1,114",7,41,-,-,-,-
27127002100002100_大阪府大阪市北区茶屋町,27127,大阪府,大阪市北区,茶屋町,417,"10,699",416,"10,614",25,159,389,"10,450",350,"9,554",39,896,2,5,1,85
27127004800004800_大阪府大阪市北区中崎１丁目,27127,大阪府,大阪市北区,中崎１丁目,102,721,102,721,54,144,48,577,39,434,9,143,-,-,-,-
27127004800004900_大阪府大阪市北区中崎２丁目,27127,大阪府,大阪市北区,中崎２丁目,80,463,79,442,27,71,51,370,44,329,7,41,1,1,1,21
27127004800005000_大阪府大阪市北区中崎３丁目,27127,大阪府,大阪市北区,中崎３丁目,58,257,58,257,30,61,28,196,25,145,3,51,-,-,-,-
27127005100005100_大阪府大阪市北区中崎西１丁目,27127,大阪府,大阪市北区,中崎西１丁目,167,"1,231",167,"1,231",63,140,103,"1,089",94,835,9,254,1,2,-,-
27127005100005200_大阪府大阪市北区中崎西２丁目,27127,大阪府,大阪市北区,中崎西２丁目,208,"8,383",208,"8,383",27,79,181,"8,304",159,"7,638",22,666,-,-,-,-
27127005100005300_大阪府大阪市北区中崎西３丁目,27127,大阪府,大阪市北区,中崎西３丁目,47,706,47,706,10,40,37,666,35,590,2,76,-,-,-,-
27127005100005400_大阪府大阪市北区中崎西４丁目,27127,大阪府,大阪市北区,中崎西４丁目,57,834,57,834,17,72,40,762,39,761,1,1,-,-,-,-
27127009900009900_大阪府大阪市北区中津１丁目,27127,大阪府,大阪市北区,中津１丁目,380,"3,742",378,"3,532",104,287,269,"3,241",240,"2,961",29,280,5,4,2,210
27127009900010000_大阪府大阪市北区中津２丁目,27127,大阪府,大阪市北区,中津２丁目,67,775,66,693,12,23,54,670,46,384,8,286,-,-,1,82
27127009900010100_大阪府大阪市北区中津３丁目,27127,大阪府,大阪市北区,中津３丁目,192,"1,348",191,"1,313",69,137,121,"1,175",109,"1,106",12,69,1,1,1,35
27127009900010200_大阪府大阪市北区中津４丁目,27127,大阪府,大阪市北区,中津４丁目,38,295,38,295,10,20,28,275,27,275,1,-,-,-,-,-
27127009900010300_大阪府大阪市北区中津５丁目,27127,大阪府,大阪市北区,中津５丁目,56,"1,057",56,"1,057",10,43,46,"1,014",44,"1,003",2,11,-,-,-,-
27127009900010400_大阪府大阪市北区中津６丁目,27127,大阪府,大阪市北区,中津６丁目,86,"1,483",86,"1,483",12,20,74,"1,463",67,"1,276",7,187,-,-,-,-
27127009900010500_大阪府大阪市北区中津７丁目,27127,大阪府,大阪市北区,中津７丁目,53,426,53,426,17,40,35,385,33,381,2,4,1,1,-,-
27127005500005500_大阪府大阪市北区中之島１丁目,27127,大阪府,大阪市北区,中之島１丁目,21,"4,969",16,163,-,-,16,163,12,130,4,33,-,-,5,"4,806"
27127005500005600_大阪府大阪市北区中之島２丁目,27127,大阪府,大阪市北区,中之島２丁目,341,"16,731",341,"16,731",16,179,324,"16,550",305,"15,817",19,733,1,2,-,-
27127005500005700_大阪府大阪市北区中之島３丁目,27127,大阪府,大阪市北区,中之島３丁目,470,"27,009",470,"27,009",19,122,447,"26,881",426,"26,501",21,380,4,6,-,-
27127005500005800_大阪府大阪市北区中之島４丁目,27127,大阪府,大阪市北区,中之島４丁目,83,767,82,753,13,42,69,711,63,630,6,81,-,-,1,14
27127005500005900_大阪府大阪市北区中之島５丁目,27127,大阪府,大阪市北区,中之島５丁目,119,"3,956",117,"3,908",4,11,110,"3,892",104,"2,922",6,970,3,5,2,48
27127005500006000_大阪府大阪市北区中之島６丁目,27127,大阪府,大阪市北区,中之島６丁目,107,"4,952",107,"4,952",12,63,90,"4,870",78,"4,722",12,148,5,19,-,-
27127010900010900_大阪府大阪市北区長柄西１丁目,27127,大阪府,大阪市北区,長柄西１丁目,60,577,60,577,17,31,43,546,41,519,2,27,-,-,-,-
27127010900011000_大阪府大阪市北区長柄西２丁目,27127,大阪府,大阪市北区,長柄西２丁目,64,385,63,346,19,42,44,304,42,291,2,13,-,-,1,39
27127010600010600_大阪府大阪市北区長柄中１丁目,27127,大阪府,大阪市北区,長柄中１丁目,55,281,55,281,29,87,26,194,21,129,5,65,-,-,-,-
27127010600010700_大阪府大阪市北区長柄中２丁目,27127,大阪府,大阪市北区,長柄中２丁目,36,206,35,171,14,46,21,125,20,119,1,6,-,-,1,35
27127010600010800_大阪府大阪市北区長柄中３丁目,27127,大阪府,大阪市北区,長柄中３丁目,43,311,43,311,15,29,27,281,26,277,1,4,1,1,-,-
27127011100011100_大阪府大阪市北区長柄東１丁目,27127,大阪府,大阪市北区,長柄東１丁目,15,100,15,100,3,8,12,92,9,52,3,40,-,-,-,-
27127011100011200_大阪府大阪市北区長柄東２丁目,27127,大阪府,大阪市北区,長柄東２丁目,45,867,44,833,9,27,35,806,33,801,2,5,-,-,1,34
27127011100011300_大阪府大阪市北区長柄東３丁目,27127,大阪府,大阪市北区,長柄東３丁目,31,185,29,175,8,18,21,157,17,116,4,41,-,-,2,10
27127002200002200_大阪府大阪市北区鶴野町,27127,大阪府,大阪市北区,鶴野町,236,"2,632",236,"2,632",59,181,177,"2,451",166,"1,994",11,457,-,-,-,-
27127002400002400_大阪府大阪市北区天神橋１丁目,27127,大阪府,大阪市北区,天神橋１丁目,364,"1,779",364,"1,779",152,359,208,"1,415",198,"1,363",10,52,4,5,-,-
27127002400002500_大阪府大阪市北区天神橋２丁目,27127,大阪府,大阪市北区,天神橋２丁目,666,"5,334",666,"5,334",239,710,425,"4,559",392,"3,948",33,611,2,65,-,-
27127002400002600_大阪府大阪市北区天神橋３丁目,27127,大阪府,大阪市北区,天神橋３丁目,416,"2,736",416,"2,736",118,348,291,"2,338",262,"2,174",29,164,7,50,-,-
27127002400002700_大阪府大阪市北区天神橋４丁目,27127,大阪府,大阪市北区,天神橋４丁目,319,"3,286",319,"3,286",126,433,192,"2,852",186,"2,758",6,94,1,1,-,-
27127002400002800_大阪府大阪市北区天神橋５丁目,27127,大阪府,大阪市北区,天神橋５丁目,268,"1,686",268,"1,686",122,379,146,"1,307",136,"1,181",10,126,-,-,-,-
27127002400002900_大阪府大阪市北区天神橋６丁目,27127,大阪府,大阪市北区,天神橋６丁目,158,"1,384",158,"1,384",52,203,105,"1,176",94,949,11,227,1,5,-,-
27127002400003000_大阪府大阪市北区天神橋７丁目,27127,大阪府,大阪市北区,天神橋７丁目,147,"2,244",147,"2,244",39,128,107,"2,114",97,"1,291",10,823,1,2,-,-
27127002400003100_大阪府大阪市北区天神橋８丁目,27127,大阪府,大阪市北区,天神橋８丁目,35,328,35,328,7,28,28,300,24,256,4,44,-,-,-,-
27127002300002300_大阪府大阪市北区天神西町,27127,大阪府,大阪市北区,天神西町,86,570,86,570,20,40,66,530,59,447,7,83,-,-,-,-
27127003200003200_大阪府大阪市北区天満１丁目,27127,大阪府,大阪市北区,天満１丁目,225,"3,231",223,"3,190",37,99,185,"3,090",171,"2,285",14,805,1,1,2,41
27127003200003300_大阪府大阪市北区天満２丁目,27127,大阪府,大阪市北区,天満２丁目,262,"2,288",262,"2,288",64,167,197,"2,120",185,"2,003",12,117,1,1,-,-
27127003200003400_大阪府大阪市北区天満３丁目,27127,大阪府,大阪市北区,天満３丁目,134,985,134,985,35,76,98,907,93,900,5,7,1,2,-,-
27127003200003500_大阪府大阪市北区天満４丁目,27127,大阪府,大阪市北区,天満４丁目,241,"1,314",241,"1,314",57,142,184,"1,172",171,"1,104",13,68,-,-,-,-
27127003600003600_大阪府大阪市北区天満橋１丁目,27127,大阪府,大阪市北区,天満橋１丁目,237,"9,244",232,"8,933",16,116,216,"8,817",209,"8,647",7,170,-,-,5,311
27127003600003700_大阪府大阪市北区天満橋２丁目,27127,大阪府,大阪市北区,天満橋２丁目,25,124,25,124,4,7,21,117,20,113,1,4,-,-,-,-
27127003600003800_大阪府大阪市北区天満橋３丁目,27127,大阪府,大阪市北区,天満橋３丁目,31,789,31,789,2,3,29,786,24,685,5,101,-,-,-,-
27127003900003900_大阪府大阪市北区兎我野町,27127,大阪府,大阪市北区,兎我野町,165,"1,556",165,"1,556",43,147,122,"1,409",110,"1,358",12,51,-,-,-,-
27127007100007100_大阪府大阪市北区東天満１丁目,27127,大阪府,大阪市北区,東天満１丁目,297,"3,851",297,"3,851",55,153,240,"3,693",222,"3,525",18,168,2,5,-,-
27127007100007200_大阪府大阪市北区東天満２丁目,27127,大阪府,大阪市北区,東天満２丁目,472,"4,075",471,"4,017",116,330,354,"3,685",338,"3,526",16,159,1,2,1,58
27127004000004000_大阪府大阪市北区同心１丁目,27127,大阪府,大阪市北区,同心１丁目,133,"1,992",131,"1,976",30,79,100,"1,896",84,"1,829",16,67,1,1,2,16
27127004000004100_大阪府大阪市北区同心２丁目,27127,大阪府,大阪市北区,同心２丁目,157,"1,013",157,"1,013",49,122,108,891,103,845,5,46,-,-,-,-
27127004700004700_大阪府大阪市北区堂山町,27127,大阪府,大阪市北区,堂山町,503,"4,960",502,"4,954",185,504,316,"4,446",306,"4,369",10,77,1,4,1,6
27127004200004200_大阪府大阪市北区堂島１丁目,27127,大阪府,大阪市北区,堂島１丁目,818,"15,991",818,"15,991",357,"1,861",459,"14,126",442,"13,695",17,431,2,4,-,-
27127004200004300_大阪府大阪市北区堂島２丁目,27127,大阪府,大阪市北区,堂島２丁目,450,"16,936",450,"16,936",45,141,404,"16,789",378,"15,902",26,887,1,6,-,-
27127004200004400_大阪府大阪市北区堂島３丁目,27127,大阪府,大阪市北区,堂島３丁目,53,"1,584",53,"1,584",8,37,45,"1,547",40,"1,533",5,14,-,-,-,-
27127004500004500_大阪府大阪市北区堂島浜１丁目,27127,大阪府,大阪市北区,堂島浜１丁目,269,"9,451",269,"9,451",22,113,247,"9,338",231,"9,055",16,283,-,-,-,-
27127004500004600_大阪府大阪市北区堂島浜２丁目,27127,大阪府,大阪市北区,堂島浜２丁目,137,"6,091",137,"6,091",4,20,130,"6,061",119,"6,022",11,39,3,10,-,-
27127007600007600_大阪府大阪市北区南森町１丁目,27127,大阪府,大阪市北区,南森町１丁目,175,"2,622",174,"2,600",43,146,130,"2,452",118,"2,366",12,86,1,2,1,22
27127007600007700_大阪府大阪市北区南森町２丁目,27127,大阪府,大阪市北区,南森町２丁目,206,"2,481",206,"2,481",53,155,153,"2,326",145,"2,183",8,143,-,-,-,-
27127007500007500_大阪府大阪市北区南扇町,27127,大阪府,大阪市北区,南扇町,86,"1,264",85,995,16,45,69,950,60,745,9,205,-,-,1,269
27127000400000400_大阪府大阪市北区梅田１丁目,27127,大阪府,大阪市北区,梅田１丁目,"1,790","34,859","1,758","34,142",208,861,"1,546","33,262","1,408","31,580",138,"1,682",4,19,32,717
27127000400000500_大阪府大阪市北区梅田２丁目,27127,大阪府,大阪市北区,梅田２丁目,704,"17,731",703,"17,724",28,117,672,"17,597",613,"16,550",59,"1,047",3,10,1,7
27127000400000600_大阪府大阪市北区梅田３丁目,27127,大阪府,大阪市北区,梅田３丁目,887,"23,062",886,"23,058",5,43,880,"23,014",843,"21,565",37,"1,449",1,1,1,4
27127007300007300_大阪府大阪市北区樋之口町,27127,大阪府,大阪市北区,樋之口町,27,262,27,262,4,8,23,254,23,254,-,-,-,-,-,-
27127000200000200_大阪府大阪市北区浮田１丁目,27127,大阪府,大阪市北区,浮田１丁目,62,285,62,285,26,77,36,208,35,205,1,3,-,-,-,-
27127000200000300_大阪府大阪市北区浮田２丁目,27127,大阪府,大阪市北区,浮田２丁目,32,669,31,647,11,36,20,611,17,259,3,352,-,-,1,22
27127009200009200_大阪府大阪市北区豊崎１丁目,27127,大阪府,大阪市北区,豊崎１丁目,68,691,68,691,20,41,48,650,43,620,5,30,-,-,-,-
27127009200009300_大阪府大阪市北区豊崎２丁目,27127,大阪府,大阪市北区,豊崎２丁目,126,"1,281",126,"1,281",13,27,113,"1,254",108,"1,234",5,20,-,-,-,-
27127009200009400_大阪府大阪市北区豊崎３丁目,27127,大阪府,大阪市北区,豊崎３丁目,544,"10,102",544,"10,102",96,273,444,"9,820",408,"9,420",36,400,4,9,-,-
27127009200009500_大阪府大阪市北区豊崎４丁目,27127,大阪府,大阪市北区,豊崎４丁目,71,964,70,938,15,31,55,907,53,899,2,8,-,-,1,26
27127009200009600_大阪府大阪市北区豊崎５丁目,27127,大阪府,大阪市北区,豊崎５丁目,191,"2,689",191,"2,689",39,116,152,"2,573",147,"2,522",5,51,-,-,-,-
27127009200009700_大阪府大阪市北区豊崎６丁目,27127,大阪府,大阪市北区,豊崎６丁目,53,"1,020",53,"1,020",4,7,49,"1,013",47,"1,002",2,11,-,-,-,-
27127009200009800_大阪府大阪市北区豊崎７丁目,27127,大阪府,大阪市北区,豊崎７丁目,37,332,37,332,11,30,26,302,23,261,3,41,-,-,-,-
27127011400011400_大阪府大阪市北区本庄西１丁目,27127,大阪府,大阪市北区,本庄西１丁目,69,345,69,345,26,83,43,262,42,261,1,1,-,-,-,-
27127011400011500_大阪府大阪市北区本庄西２丁目,27127,大阪府,大阪市北区,本庄西２丁目,102,896,100,843,29,122,70,720,65,605,5,115,1,1,2,53
27127011400011600_大阪府大阪市北区本庄西３丁目,27127,大阪府,大阪市北区,本庄西３丁目,59,"1,404",59,"1,404",8,27,51,"1,377",49,"1,331",2,46,-,-,-,-
27127011700011700_大阪府大阪市北区本庄東１丁目,27127,大阪府,大阪市北区,本庄東１丁目,144,"1,078",144,"1,078",42,93,101,981,86,868,15,113,1,4,-,-
27127011700011800_大阪府大阪市北区本庄東２丁目,27127,大阪府,大阪市北区,本庄東２丁目,163,"2,687",163,"2,687",49,120,112,"2,561",93,"2,475",19,86,2,6,-,-
27127011700011900_大阪府大阪市北区本庄東３丁目,27127,大阪府,大阪市北区,本庄東３丁目,51,"2,011",49,"1,971",8,22,41,"1,949",38,"1,937",3,12,-,-,2,40
27127001800001800_大阪府大阪市北区末広町,27127,大阪府,大阪市北区,末広町,162,"2,086",161,"2,080",29,86,131,"1,993",120,"1,916",11,77,1,1,1,6
27127007000007000_大阪府大阪市北区万歳町,27127,大阪府,大阪市北区,万歳町,97,"1,155",97,"1,155",16,50,81,"1,105",76,"1,043",5,62,-,-,-,-
27127006900006900_大阪府大阪市北区野崎町,27127,大阪府,大阪市北区,野崎町,187,"3,948",187,"3,948",27,84,159,"3,860",146,"3,792",13,68,1,4,-,-
27127007900007900_大阪府大阪市北区与力町,27127,大阪府,大阪市北区,与力町,94,"1,031",94,"1,031",14,25,80,"1,006",69,955,11,51,-,-,-,-
27127006100006100_大阪府大阪市北区浪花町,27127,大阪府,大阪市北区,浪花町,253,"1,542",253,"1,542",101,233,151,"1,308",135,"1,213",16,95,1,1,-,-
27127999999999999_大阪府大阪市北区その他,27127,大阪府,大阪市北区,その他,-,-,-,-,-,-,-,-,-,-,-,-,-,-,-,-
27128_大阪府大阪市中央区,27128,大阪府,大阪市中央区,,"32,159","542,697","32,046","522,692","6,670","20,713","25,170","501,177","23,389","470,533","1,781","30,644",206,802,113,"20,005"
27128006700006700_大阪府大阪市中央区十二軒町,27128,大阪府,大阪市中央区,十二軒町,27,597,27,597,5,7,22,590,20,585,2,5,-,-,-,-
27128000100000100_大阪府大阪市中央区安土町１丁目,27128,大阪府,大阪市中央区,安土町１丁目,299,"4,154",299,"4,154",44,116,251,"4,025",239,"3,977",12,48,4,13,-,-
27128000100000200_大阪府大阪市中央区安土町２丁目,27128,大阪府,大阪市中央区,安土町２丁目,179,"4,353",179,"4,353",19,90,159,"4,260",149,"3,951",10,309,1,3,-,-
27128000100000300_大阪府大阪市中央区安土町３丁目,27128,大阪府,大阪市中央区,安土町３丁目,182,"2,064",182,"2,064",13,50,168,"2,013",157,"1,898",11,115,1,1,-,-
27128014200014200_大阪府大阪市中央区安堂寺町１丁目,27128,大阪府,大阪市中央区,安堂寺町１丁目,91,763,91,763,18,56,72,706,67,640,5,66,1,1,-,-
27128014200014300_大阪府大阪市中央区安堂寺町２丁目,27128,大阪府,大阪市中央区,安堂寺町２丁目,162,892,162,892,38,121,121,767,108,664,13,103,3,4,-,-
27128015100015100_大阪府大阪市中央区瓦屋町１丁目,27128,大阪府,大阪市中央区,瓦屋町１丁目,101,606,101,606,40,95,61,511,58,505,3,6,-,-,-,-
27128015100015200_大阪府大阪市中央区瓦屋町２丁目,27128,大阪府,大阪市中央区,瓦屋町２丁目,82,638,81,572,20,48,61,524,59,504,2,20,-,-,1,66
27128015100015300_大阪府大阪市中央区瓦屋町３丁目,27128,大阪府,大阪市中央区,瓦屋町３丁目,55,"1,048",55,"1,048",17,48,38,"1,000",36,809,2,191,-,-,-,-
27128003800003800_大阪府大阪市中央区瓦町１丁目,27128,大阪府,大阪市中央区,瓦町１丁目,135,"2,759",135,"2,759",26,85,109,"2,674",105,"2,663",4,11,-,-,-,-
27128003800003900_大阪府大阪市中央区瓦町２丁目,27128,大阪府,大阪市中央区,瓦町２丁目,178,"3,525",177,"3,516",20,64,155,"3,449",144,"3,348",11,101,2,3,1,9
27128003800004000_大阪府大阪市中央区瓦町３丁目,27128,大阪府,大阪市中央区,瓦町３丁目,210,"4,677",210,"4,677",17,72,193,"4,605",185,"3,599",8,"1,006",-,-,-,-
27128003800004100_大阪府大阪市中央区瓦町４丁目,27128,大阪府,大阪市中央区,瓦町４丁目,285,"3,498",285,"3,498",47,128,236,"3,365",223,"3,301",13,64,2,5,-,-
27128005300005300_大阪府大阪市中央区久太郎町１丁目,27128,大阪府,大阪市中央区,久太郎町１丁目,344,"5,192",341,"4,946",56,127,282,"4,812",268,"4,454",14,358,3,7,3,246
27128005300005400_大阪府大阪市中央区久太郎町２丁目,27128,大阪府,大阪市中央区,久太郎町２丁目,292,"6,088",292,"6,088",35,115,256,"5,972",241,"5,773",15,199,1,1,-,-
27128005300005500_大阪府大阪市中央区久太郎町３丁目,27128,大阪府,大阪市中央区,久太郎町３丁目,293,"5,319",293,"5,319",32,117,260,"5,201",252,"5,137",8,64,1,1,-,-
27128005300005600_大阪府大阪市中央区久太郎町４丁目,27128,大阪府,大阪市中央区,久太郎町４丁目,159,"5,171",159,"5,171",11,42,148,"5,129",132,"4,419",16,710,-,-,-,-
27128008300008300_大阪府大阪市中央区玉造１丁目,27128,大阪府,大阪市中央区,玉造１丁目,216,"4,384",215,"4,379",61,195,154,"4,184",138,"4,082",16,102,-,-,1,5
27128008300008400_大阪府大阪市中央区玉造２丁目,27128,大阪府,大阪市中央区,玉造２丁目,200,"1,768",198,"1,706",46,161,150,"1,540",126,829,24,711,2,5,2,62
27128015400015400_大阪府大阪市中央区高津１丁目,27128,大阪府,大阪市中央区,高津１丁目,66,662,66,662,13,63,53,599,48,581,5,18,-,-,-,-
27128015400015500_大阪府大阪市中央区高津２丁目,27128,大阪府,大阪市中央区,高津２丁目,44,172,44,172,11,34,33,138,32,136,1,2,-,-,-,-
27128015400015600_大阪府大阪市中央区高津３丁目,27128,大阪府,大阪市中央区,高津３丁目,116,977,115,945,36,88,79,857,74,713,5,144,-,-,1,32
27128005700005700_大阪府大阪市中央区高麗橋１丁目,27128,大阪府,大阪市中央区,高麗橋１丁目,156,"2,742",155,"2,736",29,108,125,"2,628",114,"2,386",11,242,1,-,1,6
27128005700005800_大阪府大阪市中央区高麗橋２丁目,27128,大阪府,大阪市中央区,高麗橋２丁目,184,"1,915",184,"1,915",34,103,150,"1,812",142,"1,774",8,38,-,-,-,-
27128005700005900_大阪府大阪市中央区高麗橋３丁目,27128,大阪府,大阪市中央区,高麗橋３丁目,97,"3,346",97,"3,346",5,47,92,"3,299",81,"2,926",11,373,-,-,-,-
27128005700006000_大阪府大阪市中央区高麗橋４丁目,27128,大阪府,大阪市中央区,高麗橋４丁目,255,"7,666",255,"7,666",25,121,230,"7,545",220,"7,404",10,141,-,-,-,-
27128001200001200_大阪府大阪市中央区今橋１丁目,27128,大阪府,大阪市中央区,今橋１丁目,85,"1,769",84,"1,730",14,66,70,"1,664",60,"1,553",10,111,-,-,1,39
27128001200001300_大阪府大阪市中央区今橋２丁目,27128,大阪府,大阪市中央区,今橋２丁目,159,"4,227",159,"4,227",23,76,135,"4,148",118,"3,864",17,284,1,3,-,-
27128001200001400_大阪府大阪市中央区今橋３丁目,27128,大阪府,大阪市中央区,今橋３丁目,128,"7,193",126,"7,178",13,64,113,"7,114",104,"6,951",9,163,-,-,2,15
27128001200001500_大阪府大阪市中央区今橋４丁目,27128,大阪府,大阪市中央区,今橋４丁目,142,"4,706",142,"4,706",10,92,131,"4,611",121,"3,573",10,"1,038",1,3,-,-
27128006400006400_大阪府大阪市中央区材木町,27128,大阪府,大阪市中央区,材木町,49,373,49,373,10,20,38,351,37,350,1,1,1,2,-,-
27128001000001000_大阪府大阪市中央区糸屋町１丁目,27128,大阪府,大阪市中央区,糸屋町１丁目,30,193,30,193,6,24,24,169,21,164,3,5,-,-,-,-
27128001000001100_大阪府大阪市中央区糸屋町２丁目,27128,大阪府,大阪市中央区,糸屋町２丁目,39,313,38,265,10,15,28,250,27,238,1,12,-,-,1,48
27128016300016300_大阪府大阪市中央区宗右衛門町,27128,大阪府,大阪市中央区,宗右衛門町,176,"1,339",176,"1,339",104,353,71,986,69,962,2,24,1,-,-,-
27128018200018200_大阪府大阪市中央区松屋町,27128,大阪府,大阪市中央区,松屋町,91,559,91,559,25,72,66,487,64,472,2,15,-,-,-,-
27128012600012600_大阪府大阪市中央区松屋町住吉,27128,大阪府,大阪市中央区,松屋町住吉,52,746,52,746,9,30,43,716,42,714,1,2,-,-,-,-
27128014400014400_大阪府大阪市中央区上汐１丁目,27128,大阪府,大阪市中央区,上汐１丁目,26,238,26,238,4,7,22,231,22,231,-,-,-,-,-,-
27128014400014500_大阪府大阪市中央区上汐２丁目,27128,大阪府,大阪市中央区,上汐２丁目,145,"1,014",145,"1,014",52,165,93,849,88,809,5,40,-,-,-,-
27128001600001600_大阪府大阪市中央区上町,27128,大阪府,大阪市中央区,上町,45,576,45,576,17,47,28,529,23,421,5,108,-,-,-,-
27128001600001700_大阪府大阪市中央区上町１丁目,27128,大阪府,大阪市中央区,上町１丁目,190,"2,138",189,"1,990",32,91,157,"1,899",150,"1,832",7,67,-,-,1,148
27128014600014600_大阪府大阪市中央区上本町西１丁目,27128,大阪府,大阪市中央区,上本町西１丁目,52,713,52,713,14,36,38,677,37,661,1,16,-,-,-,-
27128014600014700_大阪府大阪市中央区上本町西２丁目,27128,大阪府,大阪市中央区,上本町西２丁目,55,239,55,239,32,71,22,167,19,127,3,40,1,1,-,-
27128014600014800_大阪府大阪市中央区上本町西３丁目,27128,大阪府,大阪市中央区,上本町西３丁目,42,337,41,303,18,39,22,260,19,174,3,86,1,4,1,34
27128014600014900_大阪府大阪市中央区上本町西４丁目,27128,大阪府,大阪市中央区,上本町西４丁目,12,19,12,19,-,-,12,19,6,6,6,13,-,-,-,-
27128014600015000_大阪府大阪市中央区上本町西５丁目,27128,大阪府,大阪市中央区,上本町西５丁目,106,655,106,655,45,135,60,518,55,497,5,21,1,2,-,-
27128006800006800_大阪府大阪市中央区城見１丁目,27128,大阪府,大阪市中央区,城見１丁目,231,"17,352",231,"17,352",3,79,226,"17,271",217,"16,981",9,290,2,2,-,-
27128006800006900_大阪府大阪市中央区城見２丁目,27128,大阪府,大阪市中央区,城見２丁目,210,"25,146",210,"25,146",2,16,208,"25,130",198,"24,950",10,180,-,-,-,-
27128008800008800_大阪府大阪市中央区常盤町１丁目,27128,大阪府,大阪市中央区,常盤町１丁目,94,"2,810",93,"2,016",15,55,78,"1,961",70,"1,461",8,500,-,-,1,794
27128008800008900_大阪府大阪市中央区常盤町２丁目,27128,大阪府,大阪市中央区,常盤町２丁目,56,576,56,576,6,29,50,547,39,456,11,91,-,-,-,-
27128015900015900_大阪府大阪市中央区心斎橋筋１丁目,27128,大阪府,大阪市中央区,心斎橋筋１丁目,535,"5,782",535,"5,782",48,169,487,"5,613",473,"5,408",14,205,-,-,-,-
27128015900016000_大阪府大阪市中央区心斎橋筋２丁目,27128,大阪府,大阪市中央区,心斎橋筋２丁目,283,"3,335",283,"3,335",93,307,190,"3,028",185,"2,901",5,127,-,-,-,-
27128013700013700_大阪府大阪市中央区森ノ宮中央１丁目,27128,大阪府,大阪市中央区,森ノ宮中央１丁目,227,"2,947",224,"2,518",68,161,154,"2,347",134,"2,158",20,189,2,10,3,429
27128013700013800_大阪府大阪市中央区森ノ宮中央２丁目,27128,大阪府,大阪市中央区,森ノ宮中央２丁目,116,"1,398",116,"1,398",13,48,103,"1,350",98,"1,262",5,88,-,-,-,-
27128004200004200_大阪府大阪市中央区神崎町,27128,大阪府,大阪市中央区,神崎町,33,360,33,360,6,27,25,330,24,328,1,2,2,3,-,-
27128017600017600_大阪府大阪市中央区西心斎橋１丁目,27128,大阪府,大阪市中央区,西心斎橋１丁目,562,"5,866",562,"5,866",132,372,427,"5,491",407,"5,169",20,322,3,3,-,-
27128017600017700_大阪府大阪市中央区西心斎橋２丁目,27128,大阪府,大阪市中央区,西心斎橋２丁目,409,"8,534",409,"8,534",131,374,277,"8,159",270,"8,032",7,127,1,1,-,-
27128006200006200_大阪府大阪市中央区石町１丁目,27128,大阪府,大阪市中央区,石町１丁目,90,412,90,412,43,88,47,324,45,313,2,11,-,-,-,-
27128006200006300_大阪府大阪市中央区石町２丁目,27128,大阪府,大阪市中央区,石町２丁目,79,925,78,874,38,108,38,759,27,604,11,155,2,7,1,51
27128016100016100_大阪府大阪市中央区千日前１丁目,27128,大阪府,大阪市中央区,千日前１丁目,185,"1,797",185,"1,797",57,199,128,"1,598",127,"1,597",1,1,-,-,-,-
27128016100016200_大阪府大阪市中央区千日前２丁目,27128,大阪府,大阪市中央区,千日前２丁目,149,"1,776",148,"1,764",34,91,114,"1,673",107,"1,652",7,21,-,-,1,12
27128011700011700_大阪府大阪市中央区船越町１丁目,27128,大阪府,大阪市中央区,船越町１丁目,109,622,109,622,36,121,73,501,69,481,4,20,-,-,-,-
27128011700011800_大阪府大阪市中央区船越町２丁目,27128,大阪府,大阪市中央区,船越町２丁目,75,559,75,559,21,57,54,502,48,439,6,63,-,-,-,-
27128007000007000_大阪府大阪市中央区船場中央１丁目,27128,大阪府,大阪市中央区,船場中央１丁目,103,"1,134",99,886,30,140,64,559,61,518,3,41,5,187,4,248
27128007000007100_大阪府大阪市中央区船場中央２丁目,27128,大阪府,大阪市中央区,船場中央２丁目,186,"1,203",186,"1,203",68,196,117,"1,005",107,943,10,62,1,2,-,-
27128007000007200_大阪府大阪市中央区船場中央３丁目,27128,大阪府,大阪市中央区,船場中央３丁目,221,881,218,776,73,204,145,572,143,527,2,45,-,-,3,105
27128007000007300_大阪府大阪市中央区船場中央４丁目,27128,大阪府,大阪市中央区,船場中央４丁目,42,341,42,341,22,59,20,282,19,261,1,21,-,-,-,-
27128013900013900_大阪府大阪市中央区鎗屋町１丁目,27128,大阪府,大阪市中央区,鎗屋町１丁目,53,332,53,332,17,59,36,273,35,272,1,1,-,-,-,-
27128013900014000_大阪府大阪市中央区鎗屋町２丁目,27128,大阪府,大阪市中央区,鎗屋町２丁目,45,279,45,279,10,19,34,259,33,249,1,10,1,1,-,-
27128003000003000_大阪府大阪市中央区大阪城,27128,大阪府,大阪市中央区,大阪城,38,782,36,736,-,-,36,736,33,584,3,152,-,-,2,46
27128003400003400_大阪府大阪市中央区大手前１丁目,27128,大阪府,大阪市中央区,大手前１丁目,343,"11,014",331,"6,968",41,169,286,"6,765",240,"4,947",46,"1,818",4,34,12,"4,046"
27128003400003500_大阪府大阪市中央区大手前２丁目,27128,大阪府,大阪市中央区,大手前２丁目,33,"3,438",29,707,2,19,24,659,10,106,14,553,3,29,4,"2,731"
27128003400003600_大阪府大阪市中央区大手前３丁目,27128,大阪府,大阪市中央区,大手前３丁目,44,"6,681",39,"2,146",1,2,37,"2,143",21,243,16,"1,900",1,1,5,"4,535"
27128003400003700_大阪府大阪市中央区大手前４丁目,27128,大阪府,大阪市中央区,大手前４丁目,45,"4,032",26,982,-,-,25,981,15,254,10,727,1,1,19,"3,050"
27128003100003100_大阪府大阪市中央区大手通１丁目,27128,大阪府,大阪市中央区,大手通１丁目,88,760,88,760,23,53,65,707,59,664,6,43,-,-,-,-
27128003100003200_大阪府大阪市中央区大手通２丁目,27128,大阪府,大阪市中央区,大手通２丁目,64,555,64,555,10,30,54,525,51,491,3,34,-,-,-,-
27128003100003300_大阪府大阪市中央区大手通３丁目,27128,大阪府,大阪市中央区,大手通３丁目,52,856,52,856,10,24,42,832,38,806,4,26,-,-,-,-
27128007400007400_大阪府大阪市中央区谷町１丁目,27128,大阪府,大阪市中央区,谷町１丁目,401,"2,113",401,"2,113",145,371,248,"1,729",198,"1,424",50,305,8,13,-,-
27128007400007500_大阪府大阪市中央区谷町２丁目,27128,大阪府,大阪市中央区,谷町２丁目,363,"5,066",357,"4,191",84,239,270,"3,947",233,"3,660",37,287,3,5,6,875
27128007400007600_大阪府大阪市中央区谷町３丁目,27128,大阪府,大阪市中央区,谷町３丁目,223,"2,649",223,"2,649",62,175,159,"2,468",138,"1,923",21,545,2,6,-,-
27128007400007700_大阪府大阪市中央区谷町４丁目,27128,大阪府,大阪市中央区,谷町４丁目,99,"1,394",99,"1,394",8,37,91,"1,357",86,"1,330",5,27,-,-,-,-
27128007400007800_大阪府大阪市中央区谷町５丁目,27128,大阪府,大阪市中央区,谷町５丁目,112,892,112,892,35,86,77,806,70,515,7,291,-,-,-,-
27128007400007900_大阪府大阪市中央区谷町６丁目,27128,大阪府,大阪市中央区,谷町６丁目,323,"2,241",321,"2,187",153,400,167,"1,786",156,"1,712",11,74,1,1,2,54
27128007400008000_大阪府大阪市中央区谷町７丁目,27128,大阪府,大阪市中央区,谷町７丁目,224,"1,519",222,"1,283",82,208,128,"1,052",95,882,33,170,12,23,2,236
27128007400008100_大阪府大阪市中央区谷町８丁目,27128,大阪府,大阪市中央区,谷町８丁目,42,222,42,222,10,19,32,203,24,186,8,17,-,-,-,-
27128007400008200_大阪府大阪市中央区谷町９丁目,27128,大阪府,大阪市中央区,谷町９丁目,219,"1,931",219,"1,931",76,249,142,"1,680",126,"1,312",16,368,1,2,-,-
27128000400000400_大阪府大阪市中央区淡路町１丁目,27128,大阪府,大阪市中央区,淡路町１丁目,179,"2,603",179,"2,603",39,115,139,"2,487",133,"2,429",6,58,1,1,-,-
27128000400000500_大阪府大阪市中央区淡路町２丁目,27128,大阪府,大阪市中央区,淡路町２丁目,221,"2,933",221,"2,933",59,163,162,"2,770",155,"2,498",7,272,-,-,-,-
27128000400000600_大阪府大阪市中央区淡路町３丁目,27128,大阪府,大阪市中央区,淡路町３丁目,176,"4,926",176,"4,926",18,41,157,"4,880",154,"4,840",3,40,1,5,-,-
27128000400000700_大阪府大阪市中央区淡路町４丁目,27128,大阪府,大阪市中央区,淡路町４丁目,76,"2,230",76,"2,230",11,103,65,"2,127",57,"2,073",8,54,-,-,-,-
27128016800016800_大阪府大阪市中央区中寺１丁目,27128,大阪府,大阪市中央区,中寺１丁目,35,455,34,415,3,11,31,404,14,161,17,243,-,-,1,40
27128016800016900_大阪府大阪市中央区中寺２丁目,27128,大阪府,大阪市中央区,中寺２丁目,14,46,14,46,-,-,14,46,3,13,11,33,-,-,-,-
27128008500008500_大阪府大阪市中央区釣鐘町１丁目,27128,大阪府,大阪市中央区,釣鐘町１丁目,116,655,115,565,45,120,69,430,64,423,5,7,1,15,1,90
27128008500008600_大阪府大阪市中央区釣鐘町２丁目,27128,大阪府,大阪市中央区,釣鐘町２丁目,65,747,65,747,17,53,48,694,44,670,4,24,-,-,-,-
27128008700008700_大阪府大阪市中央区天満橋京町,27128,大阪府,大阪市中央区,天満橋京町,247,"2,758",247,"2,758",59,147,184,"2,603",166,"2,402",18,201,4,8,-,-
27128006500006500_大阪府大阪市中央区島町１丁目,27128,大阪府,大阪市中央区,島町１丁目,96,511,96,511,37,86,55,419,51,405,4,14,4,6,-,-
27128006500006600_大阪府大阪市中央区島町２丁目,27128,大阪府,大阪市中央区,島町２丁目,91,"1,230",91,"1,230",23,76,65,"1,148",51,"1,121",14,27,3,6,-,-
27128015700015700_大阪府大阪市中央区島之内１丁目,27128,大阪府,大阪市中央区,島之内１丁目,409,"4,698",408,"4,657",55,154,347,"4,492",314,"4,272",33,220,6,11,1,41
27128015700015800_大阪府大阪市中央区島之内２丁目,27128,大阪府,大阪市中央区,島之内２丁目,180,"2,058",179,"2,056",50,190,127,"1,860",114,"1,664",13,196,2,6,1,2
27128010400010400_大阪府大阪市中央区東高麗橋,27128,大阪府,大阪市中央区,東高麗橋,141,871,141,871,45,97,96,774,93,766,3,8,-,-,-,-
27128018000018000_大阪府大阪市中央区東心斎橋１丁目,27128,大阪府,大阪市中央区,東心斎橋１丁目,742,"6,292",739,"5,709",297,883,437,"4,819",410,"4,668",27,151,5,7,3,583
27128018000018100_大阪府大阪市中央区東心斎橋２丁目,27128,大阪府,大阪市中央区,東心斎橋２丁目,448,"3,146",447,"3,133",305,"1,073",142,"2,060",140,"2,054",2,6,-,-,1,13
27128016600016600_大阪府大阪市中央区東平１丁目,27128,大阪府,大阪市中央区,東平１丁目,21,82,21,82,8,16,13,66,11,45,2,21,-,-,-,-
27128016600016700_大阪府大阪市中央区東平２丁目,27128,大阪府,大阪市中央区,東平２丁目,105,624,105,624,34,75,71,549,67,494,4,55,-,-,-,-
27128009200009200_大阪府大阪市中央区道修町１丁目,27128,大阪府,大阪市中央区,道修町１丁目,151,"3,551",151,"3,551",16,123,134,"3,427",126,"3,259",8,168,1,1,-,-
27128009200009300_大阪府大阪市中央区道修町２丁目,27128,大阪府,大阪市中央区,道修町２丁目,186,"3,222",186,"3,222",24,60,162,"3,162",148,"3,060",14,102,-,-,-,-
27128009200009400_大阪府大阪市中央区道修町３丁目,27128,大阪府,大阪市中央区,道修町３丁目,148,"3,860",148,"3,860",14,51,130,"3,806",125,"3,800",5,6,4,3,-,-
27128009200009500_大阪府大阪市中央区道修町４丁目,27128,大阪府,大阪市中央区,道修町４丁目,84,"2,261",84,"2,261",13,55,70,"2,199",63,"1,640",7,559,1,7,-,-
27128016400016400_大阪府大阪市中央区道頓堀１丁目,27128,大阪府,大阪市中央区,道頓堀１丁目,211,"2,708",210,"2,686",44,151,166,"2,535",160,"2,514",6,21,-,-,1,22
27128016400016500_大阪府大阪市中央区道頓堀２丁目,27128,大阪府,大阪市中央区,道頓堀２丁目,68,750,68,750,26,98,42,652,41,625,1,27,-,-,-,-
27128009000009000_大阪府大阪市中央区徳井町１丁目,27128,大阪府,大阪市中央区,徳井町１丁目,43,303,43,303,14,45,29,258,24,220,5,38,-,-,-,-
27128009000009100_大阪府大阪市中央区徳井町２丁目,27128,大阪府,大阪市中央区,徳井町２丁目,103,869,103,869,20,57,82,811,77,765,5,46,1,1,-,-
27128002100002100_大阪府大阪市中央区内久宝寺町１丁目,27128,大阪府,大阪市中央区,内久宝寺町１丁目,1,8,-,-,-,-,-,-,-,-,-,-,-,-,1,8
27128002100002200_大阪府大阪市中央区内久宝寺町２丁目,27128,大阪府,大阪市中央区,内久宝寺町２丁目,33,99,33,99,9,12,24,87,17,50,7,37,-,-,-,-
27128002100002300_大阪府大阪市中央区内久宝寺町３丁目,27128,大阪府,大阪市中央区,内久宝寺町３丁目,42,509,42,509,15,62,26,445,21,283,5,162,1,2,-,-
27128002100002400_大阪府大阪市中央区内久宝寺町４丁目,27128,大阪府,大阪市中央区,内久宝寺町４丁目,47,261,47,261,8,15,39,246,39,246,-,-,-,-,-,-
27128001800001800_大阪府大阪市中央区内淡路町１丁目,27128,大阪府,大阪市中央区,内淡路町１丁目,87,640,87,640,27,76,60,564,53,541,7,23,-,-,-,-
27128001800001900_大阪府大阪市中央区内淡路町２丁目,27128,大阪府,大阪市中央区,内淡路町２丁目,74,415,74,415,23,48,50,367,47,353,3,14,1,-,-,-
27128001800002000_大阪府大阪市中央区内淡路町３丁目,27128,大阪府,大阪市中央区,内淡路町３丁目,10,100,10,100,1,2,9,98,8,94,1,4,-,-,-,-
27128002500002500_大阪府大阪市中央区内平野町１丁目,27128,大阪府,大阪市中央区,内平野町１丁目,175,838,175,838,79,179,96,659,88,626,8,33,-,-,-,-
27128002500002600_大阪府大阪市中央区内平野町２丁目,27128,大阪府,大阪市中央区,内平野町２丁目,144,953,144,953,39,122,105,831,101,801,4,30,-,-,-,-
27128002500002700_大阪府大阪市中央区内平野町３丁目,27128,大阪府,大阪市中央区,内平野町３丁目,27,"2,240",27,"2,240",2,7,24,"2,227",22,"2,155",2,72,1,6,-,-
27128002800002800_大阪府大阪市中央区内本町１丁目,27128,大阪府,大阪市中央区,内本町１丁目,256,"2,934",256,"2,934",58,165,197,"2,768",174,"2,545",23,223,1,1,-,-
27128002800002900_大阪府大阪市中央区内本町２丁目,27128,大阪府,大阪市中央区,内本町２丁目,263,"3,439",262,"3,364",48,145,209,"3,209",187,"2,888",22,321,5,10,1,75
27128012700012700_大阪府大阪市中央区南久宝寺町１丁目,27128,大阪府,大阪市中央区,南久宝寺町１丁目,124,"1,089",124,"1,089",23,44,101,"1,045",99,"1,005",2,40,-,-,-,-
27128012700012800_大阪府大阪市中央区南久宝寺町２丁目,27128,大阪府,大阪市中央区,南久宝寺町２丁目,151,"1,375",151,"1,375",23,89,128,"1,286",117,"1,215",11,71,-,-,-,-
27128012700012900_大阪府大阪市中央区南久宝寺町３丁目,27128,大阪府,大阪市中央区,南久宝寺町３丁目,124,"2,549",124,"2,549",10,40,113,"2,507",109,"2,447",4,60,1,2,-,-
27128012700013000_大阪府大阪市中央区南久宝寺町４丁目,27128,大阪府,大阪市中央区,南久宝寺町４丁目,99,"1,092",99,"1,092",24,48,75,"1,044",74,"1,043",1,1,-,-,-,-
27128013100013100_大阪府大阪市中央区南新町１丁目,27128,大阪府,大阪市中央区,南新町１丁目,134,992,134,992,40,98,93,876,85,840,8,36,1,18,-,-
27128013100013200_大阪府大阪市中央区南新町２丁目,27128,大阪府,大阪市中央区,南新町２丁目,57,"1,480",56,"1,474",12,46,44,"1,428",40,"1,410",4,18,-,-,1,6
27128018300018300_大阪府大阪市中央区南船場１丁目,27128,大阪府,大阪市中央区,南船場１丁目,733,"8,079",732,"8,028",118,358,610,"7,656",573,"7,319",37,337,4,14,1,51
27128018300018400_大阪府大阪市中央区南船場２丁目,27128,大阪府,大阪市中央区,南船場２丁目,889,"11,768",889,"11,768",139,405,744,"11,345",713,"10,944",31,401,6,18,-,-
27128018300018500_大阪府大阪市中央区南船場３丁目,27128,大阪府,大阪市中央区,南船場３丁目,784,"9,318",782,"9,296",140,423,640,"8,871",610,"8,549",30,322,2,2,2,22
27128018300018600_大阪府大阪市中央区南船場４丁目,27128,大阪府,大阪市中央区,南船場４丁目,792,"10,701",792,"10,701",153,472,638,"10,228",617,"9,722",21,506,1,1,-,-
27128013300013300_大阪府大阪市中央区南本町１丁目,27128,大阪府,大阪市中央区,南本町１丁目,273,"3,162",272,"3,161",43,114,228,"3,034",215,"2,927",13,107,1,13,1,1
27128013300013400_大阪府大阪市中央区南本町２丁目,27128,大阪府,大阪市中央区,南本町２丁目,388,"5,104",388,"5,104",36,127,350,"4,957",333,"4,768",17,189,2,20,-,-
27128013300013500_大阪府大阪市中央区南本町３丁目,27128,大阪府,大阪市中央区,南本町３丁目,270,"3,264",270,"3,264",30,87,239,"3,175",227,"3,084",12,91,1,2,-,-
27128013300013600_大阪府大阪市中央区南本町４丁目,27128,大阪府,大阪市中央区,南本町４丁目,147,"2,537",147,"2,537",16,95,130,"2,441",123,"2,281",7,160,1,1,-,-
27128017000017000_大阪府大阪市中央区難波１丁目,27128,大阪府,大阪市中央区,難波１丁目,232,"2,014",231,"1,996",48,209,183,"1,787",177,"1,767",6,20,-,-,1,18
27128017000017100_大阪府大阪市中央区難波２丁目,27128,大阪府,大阪市中央区,難波２丁目,156,"4,154",156,"4,154",12,50,144,"4,104",135,"3,866",9,238,-,-,-,-
27128017000017200_大阪府大阪市中央区難波３丁目,27128,大阪府,大阪市中央区,難波３丁目,269,"4,116",269,"4,116",11,86,258,"4,030",251,"3,987",7,43,-,-,-,-
27128017000017300_大阪府大阪市中央区難波４丁目,27128,大阪府,大阪市中央区,難波４丁目,275,"3,785",275,"3,785",91,275,184,"3,510",173,"3,321",11,189,-,-,-,-
27128017000017400_大阪府大阪市中央区難波５丁目,27128,大阪府,大阪市中央区,難波５丁目,458,"10,860",458,"10,860",8,30,449,"10,829",440,"10,659",9,170,1,1,-,-
27128017500017500_大阪府大阪市中央区難波千日前,27128,大阪府,大阪市中央区,難波千日前,314,"3,234",313,"3,230",99,301,212,"2,928",204,"2,882",8,46,2,1,1,4
27128017800017800_大阪府大阪市中央区日本橋１丁目,27128,大阪府,大阪市中央区,日本橋１丁目,292,"2,405",292,"2,405",78,249,214,"2,156",201,"2,028",13,128,-,-,-,-
27128017800017900_大阪府大阪市中央区日本橋２丁目,27128,大阪府,大阪市中央区,日本橋２丁目,185,"3,262",185,"3,262",72,208,113,"3,054",103,"2,732",10,322,-,-,-,-
27128009600009600_大阪府大阪市中央区農人橋１丁目,27128,大阪府,大阪市中央区,農人橋１丁目,118,"1,581",114,"1,333",16,53,97,"1,277",89,"1,052",8,225,1,3,4,248
27128009600009700_大阪府大阪市中央区農人橋２丁目,27128,大阪府,大阪市中央区,農人橋２丁目,168,"2,181",167,"2,015",27,84,138,"1,913",124,"1,796",14,117,2,18,1,166
27128009600009800_大阪府大阪市中央区農人橋３丁目,27128,大阪府,大阪市中央区,農人橋３丁目,7,55,7,55,1,3,6,52,5,43,1,9,-,-,-,-
27128010300010300_大阪府大阪市中央区馬場町,27128,大阪府,大阪市中央区,馬場町,15,"16,323",14,"16,307",-,-,13,"16,302",12,"16,220",1,82,1,5,1,16
27128009900009900_大阪府大阪市中央区博労町１丁目,27128,大阪府,大阪市中央区,博労町１丁目,190,"2,620",190,"2,620",19,68,170,"2,550",162,"2,480",8,70,1,2,-,-
27128009900010000_大阪府大阪市中央区博労町２丁目,27128,大阪府,大阪市中央区,博労町２丁目,114,"2,348",113,"2,316",11,29,102,"2,287",97,"2,229",5,58,-,-,1,32
27128009900010100_大阪府大阪市中央区博労町３丁目,27128,大阪府,大阪市中央区,博労町３丁目,175,"3,765",175,"3,765",25,75,149,"3,690",146,"3,657",3,33,1,-,-,-
27128009900010200_大阪府大阪市中央区博労町４丁目,27128,大阪府,大阪市中央区,博労町４丁目,142,"2,066",142,"2,066",28,80,114,"1,986",113,"1,977",1,9,-,-,-,-
27128010900010900_大阪府大阪市中央区備後町１丁目,27128,大阪府,大阪市中央区,備後町１丁目,162,"3,174",162,"3,174",34,97,128,"3,077",120,"3,033",8,44,-,-,-,-
27128010900011000_大阪府大阪市中央区備後町２丁目,27128,大阪府,大阪市中央区,備後町２丁目,157,"5,807",157,"5,807",12,63,140,"5,717",124,"5,639",16,78,5,27,-,-
27128010900011100_大阪府大阪市中央区備後町３丁目,27128,大阪府,大阪市中央区,備後町３丁目,211,"3,509",210,"3,504",18,53,188,"3,440",169,"3,350",19,90,4,11,1,5
27128010900011200_大阪府大阪市中央区備後町４丁目,27128,大阪府,大阪市中央区,備後町４丁目,64,"1,307",64,"1,307",7,12,57,"1,295",54,"1,247",3,48,-,-,-,-
27128011300011300_大阪府大阪市中央区伏見町１丁目,27128,大阪府,大阪市中央区,伏見町１丁目,2,30,2,30,-,-,2,30,2,30,-,-,-,-,-,-
27128011300011400_大阪府大阪市中央区伏見町２丁目,27128,大阪府,大阪市中央区,伏見町２丁目,129,"1,324",129,"1,324",28,77,97,"1,237",88,"1,154",9,83,4,10,-,-
27128011300011500_大阪府大阪市中央区伏見町３丁目,27128,大阪府,大阪市中央区,伏見町３丁目,81,"3,669",81,"3,669",11,41,70,"3,628",67,"3,610",3,18,-,-,-,-
27128011300011600_大阪府大阪市中央区伏見町４丁目,27128,大阪府,大阪市中央区,伏見町４丁目,174,"6,058",174,"6,058",12,90,162,"5,968",151,"5,680",11,288,-,-,-,-
27128006100006100_大阪府大阪市中央区粉川町,27128,大阪府,大阪市中央区,粉川町,34,259,34,259,5,8,29,251,24,222,5,29,-,-,-,-
27128010500010500_大阪府大阪市中央区平野町１丁目,27128,大阪府,大阪市中央区,平野町１丁目,293,"3,490",293,"3,490",57,163,236,"3,327",227,"3,267",9,60,-,-,-,-
27128010500010600_大阪府大阪市中央区平野町２丁目,27128,大阪府,大阪市中央区,平野町２丁目,268,"3,433",268,"3,433",58,178,210,"3,255",199,"3,142",11,113,-,-,-,-
27128010500010700_大阪府大阪市中央区平野町３丁目,27128,大阪府,大阪市中央区,平野町３丁目,301,"2,949",301,"2,949",42,118,258,"2,830",250,"2,798",8,32,1,1,-,-
27128010500010800_大阪府大阪市中央区平野町４丁目,27128,大阪府,大阪市中央区,平野町４丁目,158,"4,079",158,"4,079",25,81,133,"3,998",124,"3,865",9,133,-,-,-,-
27128011900011900_大阪府大阪市中央区法円坂１丁目,27128,大阪府,大阪市中央区,法円坂１丁目,43,332,43,332,2,2,34,307,18,148,16,159,7,23,-,-
27128011900012000_大阪府大阪市中央区法円坂２丁目,27128,大阪府,大阪市中央区,法円坂２丁目,12,"1,456",12,"1,456",-,-,12,"1,456",8,116,4,"1,340",-,-,-,-
27128004300004300_大阪府大阪市中央区北久宝寺町１丁目,27128,大阪府,大阪市中央区,北久宝寺町１丁目,269,"1,588",269,"1,588",65,137,204,"1,451",195,"1,368",9,83,-,-,-,-
27128004300004400_大阪府大阪市中央区北久宝寺町２丁目,27128,大阪府,大阪市中央区,北久宝寺町２丁目,218,"1,867",218,"1,867",25,57,193,"1,810",185,"1,772",8,38,-,-,-,-
27128004300004500_大阪府大阪市中央区北久宝寺町３丁目,27128,大阪府,大阪市中央区,北久宝寺町３丁目,126,"3,898",126,"3,898",10,68,112,"3,822",102,"3,650",10,172,4,8,-,-
27128004300004600_大阪府大阪市中央区北久宝寺町４丁目,27128,大阪府,大阪市中央区,北久宝寺町４丁目,134,"1,365",134,"1,365",21,74,113,"1,291",111,"1,286",2,5,-,-,-,-
27128004700004700_大阪府大阪市中央区北新町,27128,大阪府,大阪市中央区,北新町,75,440,75,440,19,41,55,398,51,382,4,16,1,1,-,-
27128004800004800_大阪府大阪市中央区北浜１丁目,27128,大阪府,大阪市中央区,北浜１丁目,266,"6,891",266,"6,891",58,270,207,"6,620",183,"6,405",24,215,1,1,-,-
27128004800004900_大阪府大阪市中央区北浜２丁目,27128,大阪府,大阪市中央区,北浜２丁目,380,"6,869",380,"6,869",83,342,293,"6,517",264,"5,499",29,"1,018",4,10,-,-
27128004800005000_大阪府大阪市中央区北浜３丁目,27128,大阪府,大阪市中央区,北浜３丁目,285,"6,085",285,"6,085",62,175,220,"5,906",209,"5,811",11,95,3,4,-,-
27128004800005100_大阪府大阪市中央区北浜４丁目,27128,大阪府,大阪市中央区,北浜４丁目,198,"8,854",198,"8,854",5,38,193,"8,816",183,"8,771",10,45,-,-,-,-
27128005200005200_大阪府大阪市中央区北浜東,27128,大阪府,大阪市中央区,北浜東,201,"5,147",199,"5,051",38,110,155,"4,910",135,"4,818",20,92,6,31,2,96
27128012100012100_大阪府大阪市中央区本町１丁目,27128,大阪府,大阪市中央区,本町１丁目,248,"5,905",245,"5,372",15,48,227,"5,317",207,"5,003",20,314,3,7,3,533
27128012100012200_大阪府大阪市中央区本町２丁目,27128,大阪府,大阪市中央区,本町２丁目,246,"7,668",245,"7,657",16,84,229,"7,573",212,"7,339",17,234,-,-,1,11
27128012100012300_大阪府大阪市中央区本町３丁目,27128,大阪府,大阪市中央区,本町３丁目,247,"6,098",247,"6,098",25,108,222,"5,990",205,"5,742",17,248,-,-,-,-
27128012100012400_大阪府大阪市中央区本町４丁目,27128,大阪府,大阪市中央区,本町４丁目,361,"7,827",361,"7,827",37,88,322,"7,694",304,"7,448",18,246,2,45,-,-
27128012500012500_大阪府大阪市中央区本町橋,27128,大阪府,大阪市中央区,本町橋,282,"2,984",282,"2,984",61,160,216,"2,808",185,"2,376",31,432,5,16,-,-
27128014100014100_大阪府大阪市中央区龍造寺町,27128,大阪府,大阪市中央区,龍造寺町,16,255,16,255,6,10,10,245,8,205,2,40,-,-,-,-
27128000800000800_大阪府大阪市中央区和泉町１丁目,27128,大阪府,大阪市中央区,和泉町１丁目,46,308,46,308,7,26,39,282,31,208,8,74,-,-,-,-
27128000800000900_大阪府大阪市中央区和泉町２丁目,27128,大阪府,大阪市中央区,和泉町２丁目,40,778,40,778,4,9,36,769,32,723,4,46,-,-,-,-
27128999999999999_大阪府大阪市中央区その他,27128,大阪府,大阪市中央区,その他,4,55,4,55,-,-,4,55,4,55,-,-,-,-,-,-
27140_大阪府堺市,27140,大阪府,堺市,,"27,666","339,838","27,315","320,831","8,952","29,070","18,282","291,469","16,069","235,817","2,213","55,652",81,292,351,"19,007"
27141_大阪府堺市堺区,27141,大阪府,堺市堺区,,"7,627","103,279","7,519","95,386","2,450","7,756","5,031","87,534","4,381","75,931",650,"11,603",38,96,108,"7,893"
27141002800002800_大阪府堺市堺区一条通,27141,大阪府,堺市堺区,一条通,183,"2,057",181,"2,053",65,220,115,"1,830",108,"1,694",7,136,1,3,2,4
27141039700039700_大阪府堺市堺区二条通,27141,大阪府,堺市堺区,二条通,32,111,32,111,20,41,12,70,11,69,1,1,-,-,-,-
27141041200041200_大阪府堺市堺区三国ヶ丘御幸通,27141,大阪府,堺市堺区,三国ヶ丘御幸通,178,"2,231",176,"2,210",30,154,146,"2,056",139,"1,930",7,126,-,-,2,21
27141023900023900_大阪府堺市堺区三条通,27141,大阪府,堺市堺区,三条通,19,70,19,70,8,25,11,45,10,45,1,-,-,-,-,-
27141024000024000_大阪府堺市堺区三宝町１丁,27141,大阪府,堺市堺区,三宝町１丁,11,87,11,87,1,2,10,85,8,77,2,8,-,-,-,-
27141024000024100_大阪府堺市堺区三宝町２丁,27141,大阪府,堺市堺区,三宝町２丁,19,169,19,169,6,17,12,149,10,146,2,3,1,3,-,-
27141024000024200_大阪府堺市堺区三宝町３丁,27141,大阪府,堺市堺区,三宝町３丁,18,234,18,234,6,13,12,221,11,217,1,4,-,-,-,-
27141024000024300_大阪府堺市堺区三宝町４丁,27141,大阪府,堺市堺区,三宝町４丁,32,407,31,399,5,17,26,382,23,324,3,58,-,-,1,8
27141024000024400_大阪府堺市堺区三宝町５丁,27141,大阪府,堺市堺区,三宝町５丁,23,184,21,122,7,33,14,89,13,88,1,1,-,-,2,62
27141024000024500_大阪府堺市堺区三宝町６丁,27141,大阪府,堺市堺区,三宝町６丁,23,434,23,434,-,-,23,434,23,434,-,-,-,-,-,-
27141024000024600_大阪府堺市堺区三宝町７丁,27141,大阪府,堺市堺区,三宝町７丁,11,274,11,274,-,-,11,274,11,274,-,-,-,-,-,-
27141024000024700_大阪府堺市堺区三宝町８丁,27141,大阪府,堺市堺区,三宝町８丁,5,689,5,689,-,-,5,689,5,689,-,-,-,-,-,-
27141024000024800_大阪府堺市堺区三宝町９丁,27141,大阪府,堺市堺区,三宝町９丁,9,147,9,147,-,-,9,147,9,147,-,-,-,-,-,-
27141025000025000_大阪府堺市堺区四条通,27141,大阪府,堺市堺区,四条通,25,88,25,88,15,29,10,59,10,59,-,-,-,-,-,-
27141023800023800_大阪府堺市堺区五月町,27141,大阪府,堺市堺区,五月町,32,141,32,141,17,60,15,81,9,55,6,26,-,-,-,-
27141022100022100_大阪府堺市堺区五条通,27141,大阪府,堺市堺区,五条通,9,15,9,15,7,11,2,4,2,4,-,-,-,-,-,-
27141049700049700_大阪府堺市堺区六条通,27141,大阪府,堺市堺区,六条通,8,31,8,31,3,5,5,26,5,26,-,-,-,-,-,-
27141025100025100_大阪府堺市堺区七条通,27141,大阪府,堺市堺区,七条通,11,55,11,55,3,8,8,47,8,47,-,-,-,-,-,-
27141025200025200_大阪府堺市堺区七道西町,27141,大阪府,堺市堺区,七道西町,21,284,20,234,8,15,12,219,12,219,-,-,-,-,1,50
27141025300025300_大阪府堺市堺区七道東町,27141,大阪府,堺市堺区,七道東町,9,116,9,116,1,1,8,115,8,115,-,-,-,-,-,-
27141047900047900_大阪府堺市堺区八千代通,27141,大阪府,堺市堺区,八千代通,9,42,9,42,4,13,5,29,3,11,2,18,-,-,-,-
27141048500048500_大阪府堺市堺区八幡通１丁,27141,大阪府,堺市堺区,八幡通１丁,4,10,4,10,3,6,1,4,1,4,-,-,-,-,-,-
27141048500048600_大阪府堺市堺区八幡通２丁,27141,大阪府,堺市堺区,八幡通２丁,-,-,-,-,-,-,-,-,-,-,-,-,-,-,-,-
27141048500048700_大阪府堺市堺区八幡通３丁,27141,大阪府,堺市堺区,八幡通３丁,-,-,-,-,-,-,-,-,-,-,-,-,-,-,-,-
27141017900017900_大阪府堺市堺区九間町西１丁,27141,大阪府,堺市堺区,九間町西１丁,6,112,6,112,2,5,4,107,4,107,-,-,-,-,-,-
27141017900018000_大阪府堺市堺区九間町西２丁,27141,大阪府,堺市堺区,九間町西２丁,5,76,5,76,3,5,2,71,2,71,-,-,-,-,-,-
27141017900018100_大阪府堺市堺区九間町西３丁,27141,大阪府,堺市堺区,九間町西３丁,2,7,2,7,-,-,2,7,2,7,-,-,-,-,-,-
27141018200018200_大阪府堺市堺区九間町東１丁,27141,大阪府,堺市堺区,九間町東１丁,7,172,7,172,2,4,5,168,5,168,-,-,-,-,-,-
27141018200018300_大阪府堺市堺区九間町東２丁,27141,大阪府,堺市堺区,九間町東２丁,5,10,5,10,3,6,2,4,2,4,-,-,-,-,-,-
27141018200018400_大阪府堺市堺区九間町東３丁,27141,大阪府,堺市堺区,九間町東３丁,8,34,7,14,-,-,7,14,1,4,6,10,-,-,1,20
27141000900000900_大阪府堺市堺区旭ヶ丘中町１丁,27141,大阪府,堺市堺区,旭ヶ丘中町１丁,22,147,21,127,7,14,14,113,12,104,2,9,-,-,1,20
27141000900001000_大阪府堺市堺区旭ヶ丘中町２丁,27141,大阪府,堺市堺区,旭ヶ丘中町２丁,12,72,12,72,4,8,8,64,4,26,4,38,-,-,-,-
27141000900001100_大阪府堺市堺区旭ヶ丘中町３丁,27141,大阪府,堺市堺区,旭ヶ丘中町３丁,7,34,7,34,3,7,4,27,4,27,-,-,-,-,-,-
27141000900001200_大阪府堺市堺区旭ヶ丘中町４丁,27141,大阪府,堺市堺区,旭ヶ丘中町４丁,12,518,9,401,-,-,9,401,1,10,8,391,-,-,3,117
27141001300001300_大阪府堺市堺区旭ヶ丘南町１丁,27141,大阪府,堺市堺区,旭ヶ丘南町１丁,10,177,10,177,2,4,8,173,7,136,1,37,-,-,-,-
27141001300001400_大阪府堺市堺区旭ヶ丘南町２丁,27141,大阪府,堺市堺区,旭ヶ丘南町２丁,11,39,11,39,9,28,2,11,2,11,-,-,-,-,-,-
27141001300001500_大阪府堺市堺区旭ヶ丘南町３丁,27141,大阪府,堺市堺区,旭ヶ丘南町３丁,15,71,15,71,6,17,9,54,7,29,2,25,-,-,-,-
27141001300001600_大阪府堺市堺区旭ヶ丘南町４丁,27141,大阪府,堺市堺区,旭ヶ丘南町４丁,10,83,10,83,4,13,6,70,5,51,1,19,-,-,-,-
27141000400000400_大阪府堺市堺区旭ヶ丘北町１丁,27141,大阪府,堺市堺区,旭ヶ丘北町１丁,27,432,27,432,11,51,16,381,14,369,2,12,-,-,-,-
27141000400000500_大阪府堺市堺区旭ヶ丘北町２丁,27141,大阪府,堺市堺区,旭ヶ丘北町２丁,12,87,12,87,3,3,9,84,9,84,-,-,-,-,-,-
27141000400000600_大阪府堺市堺区旭ヶ丘北町３丁,27141,大阪府,堺市堺区,旭ヶ丘北町３丁,4,16,4,16,2,3,2,13,2,13,-,-,-,-,-,-
27141000400000700_大阪府堺市堺区旭ヶ丘北町４丁,27141,大阪府,堺市堺区,旭ヶ丘北町４丁,4,16,4,16,2,9,2,7,2,7,-,-,-,-,-,-
27141000400000800_大阪府堺市堺区旭ヶ丘北町５丁,27141,大阪府,堺市堺区,旭ヶ丘北町５丁,-,-,-,-,-,-,-,-,-,-,-,-,-,-,-,-
27141001700001700_大阪府堺市堺区旭通,27141,大阪府,堺市堺区,旭通,9,60,9,60,-,-,9,60,7,51,2,9,-,-,-,-
27141001800001800_大阪府堺市堺区綾之町西１丁,27141,大阪府,堺市堺区,綾之町西１丁,9,36,9,36,5,20,3,14,3,14,-,-,1,2,-,-
27141001800001900_大阪府堺市堺区綾之町西２丁,27141,大阪府,堺市堺区,綾之町西２丁,3,5,3,5,1,1,2,4,1,2,1,2,-,-,-,-
27141001800002000_大阪府堺市堺区綾之町西３丁,27141,大阪府,堺市堺区,綾之町西３丁,4,12,4,12,2,8,2,4,2,4,-,-,-,-,-,-
27141002100002100_大阪府堺市堺区綾之町東１丁,27141,大阪府,堺市堺区,綾之町東１丁,22,106,22,106,11,39,11,67,8,50,3,17,-,-,-,-
27141002100002200_大阪府堺市堺区綾之町東２丁,27141,大阪府,堺市堺区,綾之町東２丁,-,-,-,-,-,-,-,-,-,-,-,-,-,-,-,-
27141023100023100_大阪府堺市堺区栄橋町１丁,27141,大阪府,堺市堺区,栄橋町１丁,51,574,51,574,29,117,22,457,20,438,2,19,-,-,-,-
27141023100023200_大阪府堺市堺区栄橋町２丁,27141,大阪府,堺市堺区,栄橋町２丁,33,154,33,154,19,46,14,108,11,103,3,5,-,-,-,-
27141004400004400_大阪府堺市堺区永代町１丁,27141,大阪府,堺市堺区,永代町１丁,6,52,6,52,2,12,4,40,4,40,-,-,-,-,-,-
27141004400004500_大阪府堺市堺区永代町２丁,27141,大阪府,堺市堺区,永代町２丁,10,52,10,52,3,6,7,46,5,31,2,15,-,-,-,-
27141004400004600_大阪府堺市堺区永代町３丁,27141,大阪府,堺市堺区,永代町３丁,2,48,2,48,-,-,2,48,2,48,-,-,-,-,-,-
27141004400004700_大阪府堺市堺区永代町４丁,27141,大阪府,堺市堺区,永代町４丁,1,1,1,1,1,1,-,-,-,-,-,-,-,-,-,-
27141004400004800_大阪府堺市堺区永代町５丁,27141,大阪府,堺市堺区,永代町５丁,4,33,4,33,1,2,3,31,3,31,-,-,-,-,-,-
27141004400004900_大阪府堺市堺区永代町６丁,27141,大阪府,堺市堺区,永代町６丁,6,21,6,21,2,7,4,14,4,14,-,-,-,-,-,-
27141005000005000_大阪府堺市堺区榎元町１丁,27141,大阪府,堺市堺区,榎元町１丁,15,208,15,208,5,9,10,199,6,43,4,156,-,-,-,-
27141005000005100_大阪府堺市堺区榎元町２丁,27141,大阪府,堺市堺区,榎元町２丁,9,101,8,53,1,4,7,49,6,48,1,1,-,-,1,48
27141005000005200_大阪府堺市堺区榎元町３丁,27141,大阪府,堺市堺区,榎元町３丁,7,30,7,30,4,5,3,25,3,25,-,-,-,-,-,-
27141005000005300_大阪府堺市堺区榎元町４丁,27141,大阪府,堺市堺区,榎元町４丁,12,29,12,29,8,16,4,13,2,3,2,10,-,-,-,-
27141005000005400_大阪府堺市堺区榎元町５丁,27141,大阪府,堺市堺区,榎元町５丁,17,148,17,148,8,41,9,107,8,73,1,34,-,-,-,-
27141005000005500_大阪府堺市堺区榎元町６丁,27141,大阪府,堺市堺区,榎元町６丁,14,59,14,59,10,38,4,21,4,21,-,-,-,-,-,-
27141009200009200_大阪府堺市堺区遠里小野町１丁,27141,大阪府,堺市堺区,遠里小野町１丁,7,133,7,133,1,2,6,131,5,124,1,7,-,-,-,-
27141009200009300_大阪府堺市堺区遠里小野町２丁,27141,大阪府,堺市堺区,遠里小野町２丁,15,343,15,343,1,1,14,342,14,342,-,-,-,-,-,-
27141009200009400_大阪府堺市堺区遠里小野町３丁,27141,大阪府,堺市堺区,遠里小野町３丁,14,409,14,409,1,6,13,403,13,403,-,-,-,-,-,-
27141009200009500_大阪府堺市堺区遠里小野町４丁,27141,大阪府,堺市堺区,遠里小野町４丁,7,38,7,38,2,6,5,32,5,32,-,-,-,-,-,-
27141024900024900_大阪府堺市堺区塩浜町,27141,大阪府,堺市堺区,塩浜町,9,354,8,312,-,-,8,312,7,311,1,1,-,-,1,42
27141009000009000_大阪府堺市堺区翁橋町１丁,27141,大阪府,堺市堺区,翁橋町１丁,89,501,89,501,64,176,25,325,25,325,-,-,-,-,-,-
27141009000009100_大阪府堺市堺区翁橋町２丁,27141,大阪府,堺市堺区,翁橋町２丁,9,136,9,136,-,-,9,136,5,73,4,63,-,-,-,-
27141012500012500_大阪府堺市堺区霞ヶ丘町１丁,27141,大阪府,堺市堺区,霞ヶ丘町１丁,11,40,11,40,6,14,5,26,5,26,-,-,-,-,-,-
27141012500012600_大阪府堺市堺区霞ヶ丘町２丁,27141,大阪府,堺市堺区,霞ヶ丘町２丁,1,2,1,2,1,2,-,-,-,-,-,-,-,-,-,-
27141012500012700_大阪府堺市堺区霞ヶ丘町３丁,27141,大阪府,堺市堺区,霞ヶ丘町３丁,5,30,5,30,1,1,4,29,4,29,-,-,-,-,-,-
27141012500012800_大阪府堺市堺区霞ヶ丘町４丁,27141,大阪府,堺市堺区,霞ヶ丘町４丁,12,177,12,177,2,3,10,174,4,21,6,153,-,-,-,-
27141009600009600_大阪府堺市堺区海山町１丁,27141,大阪府,堺市堺区,海山町１丁,25,226,25,226,6,12,19,214,18,208,1,6,-,-,-,-
27141009600009700_大阪府堺市堺区海山町２丁,27141,大阪府,堺市堺区,海山町２丁,17,276,17,276,2,6,15,270,14,267,1,3,-,-,-,-
27141009600009800_大阪府堺市堺区海山町３丁,27141,大阪府,堺市堺区,海山町３丁,28,453,28,453,3,4,25,449,18,330,7,119,-,-,-,-
27141009600009900_大阪府堺市堺区海山町４丁,27141,大阪府,堺市堺区,海山町４丁,15,140,15,140,6,11,9,129,9,129,-,-,-,-,-,-
27141009600010000_大阪府堺市堺区海山町５丁,27141,大阪府,堺市堺区,海山町５丁,24,319,24,319,5,14,19,305,18,276,1,29,-,-,-,-
27141009600010100_大阪府堺市堺区海山町６丁,27141,大阪府,堺市堺区,海山町６丁,3,352,3,352,-,-,3,352,2,350,1,2,-,-,-,-
27141009600010200_大阪府堺市堺区海山町７丁,27141,大阪府,堺市堺区,海山町７丁,3,189,3,189,-,-,3,189,3,189,-,-,-,-,-,-
27141017000017000_大阪府堺市堺区京町通,27141,大阪府,堺市堺区,京町通,15,192,15,192,3,10,12,182,9,85,3,97,-,-,-,-
27141017100017100_大阪府堺市堺区協和町１丁,27141,大阪府,堺市堺区,協和町１丁,9,64,9,64,6,14,3,50,1,3,2,47,-,-,-,-
27141017100017200_大阪府堺市堺区協和町２丁,27141,大阪府,堺市堺区,協和町２丁,2,8,1,4,-,-,1,4,1,4,-,-,-,-,1,4
27141017100017300_大阪府堺市堺区協和町３丁,27141,大阪府,堺市堺区,協和町３丁,7,122,6,102,-,-,6,102,-,-,6,102,-,-,1,20
27141017100017400_大阪府堺市堺区協和町４丁,27141,大阪府,堺市堺区,協和町４丁,7,949,7,949,2,5,5,944,2,33,3,911,-,-,-,-
27141017100017500_大阪府堺市堺区協和町５丁,27141,大阪府,堺市堺区,協和町５丁,5,195,4,141,1,1,3,140,3,140,-,-,-,-,1,54
27141017600017600_大阪府堺市堺区錦綾町１丁,27141,大阪府,堺市堺区,錦綾町１丁,19,135,18,112,3,5,15,107,13,78,2,29,-,-,1,23
27141017600017700_大阪府堺市堺区錦綾町２丁,27141,大阪府,堺市堺区,錦綾町２丁,13,156,13,156,2,4,11,152,11,152,-,-,-,-,-,-
27141017600017800_大阪府堺市堺区錦綾町３丁,27141,大阪府,堺市堺区,錦綾町３丁,12,207,12,207,3,9,9,198,8,193,1,5,-,-,-,-
27141038500038500_大阪府堺市堺区錦之町西１丁,27141,大阪府,堺市堺区,錦之町西１丁,5,33,5,33,3,7,2,26,1,12,1,14,-,-,-,-
27141038500038600_大阪府堺市堺区錦之町西２丁,27141,大阪府,堺市堺区,錦之町西２丁,6,20,5,8,4,6,1,2,1,2,-,-,-,-,1,12
27141038500038700_大阪府堺市堺区錦之町西３丁,27141,大阪府,堺市堺区,錦之町西３丁,3,101,3,101,-,-,3,101,3,101,-,-,-,-,-,-
27141038800038800_大阪府堺市堺区錦之町東１丁,27141,大阪府,堺市堺区,錦之町東１丁,7,23,7,23,5,15,2,8,2,8,-,-,-,-,-,-
27141038800038900_大阪府堺市堺区錦之町東２丁,27141,大阪府,堺市堺区,錦之町東２丁,10,33,10,33,2,5,8,28,3,11,5,17,-,-,-,-
27141018500018500_大阪府堺市堺区櫛屋町西１丁,27141,大阪府,堺市堺区,櫛屋町西１丁,-,-,-,-,-,-,-,-,-,-,-,-,-,-,-,-
27141018600018600_大阪府堺市堺区櫛屋町東１丁,27141,大阪府,堺市堺区,櫛屋町東１丁,13,85,13,85,6,17,7,68,6,66,1,2,-,-,-,-
27141018600018700_大阪府堺市堺区櫛屋町東２丁,27141,大阪府,堺市堺区,櫛屋町東２丁,15,58,15,58,9,36,6,22,5,20,1,2,-,-,-,-
27141018600018800_大阪府堺市堺区櫛屋町東３丁,27141,大阪府,堺市堺区,櫛屋町東３丁,9,91,8,43,2,3,6,40,6,40,-,-,-,-,1,48
27141018600018900_大阪府堺市堺区櫛屋町東４丁,27141,大阪府,堺市堺区,櫛屋町東４丁,12,36,12,36,4,15,8,21,2,9,6,12,-,-,-,-
27141019400019400_大阪府堺市堺区熊野町西１丁,27141,大阪府,堺市堺区,熊野町西１丁,10,94,10,94,-,-,10,94,10,94,-,-,-,-,-,-
27141019400019500_大阪府堺市堺区熊野町西２丁,27141,大阪府,堺市堺区,熊野町西２丁,12,145,12,145,1,3,11,142,10,130,1,12,-,-,-,-
27141019400019600_大阪府堺市堺区熊野町西３丁,27141,大阪府,堺市堺区,熊野町西３丁,30,299,30,299,6,23,24,276,24,276,-,-,-,-,-,-
27141019700019700_大阪府堺市堺区熊野町東１丁,27141,大阪府,堺市堺区,熊野町東１丁,30,136,30,136,19,72,10,63,10,63,-,-,1,1,-,-
27141019700019800_大阪府堺市堺区熊野町東２丁,27141,大阪府,堺市堺区,熊野町東２丁,21,265,21,265,10,14,11,251,9,222,2,29,-,-,-,-
27141019700019900_大阪府堺市堺区熊野町東３丁,27141,大阪府,堺市堺区,熊野町東３丁,26,144,26,144,10,38,16,106,13,47,3,59,-,-,-,-
27141019700020000_大阪府堺市堺区熊野町東４丁,27141,大阪府,堺市堺区,熊野町東４丁,30,297,30,297,11,37,19,260,14,215,5,45,-,-,-,-
27141019700020100_大阪府堺市堺区熊野町東５丁,27141,大阪府,堺市堺区,熊野町東５丁,10,70,9,43,1,3,8,40,3,29,5,11,-,-,1,27
27141022200022200_大阪府堺市堺区御陵通,27141,大阪府,堺市堺区,御陵通,22,145,22,145,16,50,6,95,4,88,2,7,-,-,-,-
27141021400021400_大阪府堺市堺区向陵西町１丁,27141,大阪府,堺市堺区,向陵西町１丁,23,174,23,174,8,14,15,160,14,150,1,10,-,-,-,-
27141021400021500_大阪府堺市堺区向陵西町２丁,27141,大阪府,堺市堺区,向陵西町２丁,16,122,16,122,5,23,11,99,11,99,-,-,-,-,-,-
27141021400021600_大阪府堺市堺区向陵西町３丁,27141,大阪府,堺市堺区,向陵西町３丁,9,103,8,56,2,3,6,53,6,53,-,-,-,-,1,47
27141021400021700_大阪府堺市堺区向陵西町４丁,27141,大阪府,堺市堺区,向陵西町４丁,66,607,66,607,17,53,49,554,38,383,11,171,-,-,-,-
27141020800020800_大阪府堺市堺区向陵中町１丁,27141,大阪府,堺市堺区,向陵中町１丁,16,151,16,151,2,4,14,147,13,140,1,7,-,-,-,-
27141020800020900_大阪府堺市堺区向陵中町２丁,27141,大阪府,堺市堺区,向陵中町２丁,70,526,70,526,24,77,46,449,39,399,7,50,-,-,-,-
27141020800021000_大阪府堺市堺区向陵中町３丁,27141,大阪府,堺市堺区,向陵中町３丁,12,86,12,86,4,25,8,61,7,60,1,1,-,-,-,-
27141020800021100_大阪府堺市堺区向陵中町４丁,27141,大阪府,堺市堺区,向陵中町４丁,61,"1,668",61,"1,668",24,95,37,"1,573",32,"1,550",5,23,-,-,-,-
27141020800021200_大阪府堺市堺区向陵中町５丁,27141,大阪府,堺市堺区,向陵中町５丁,8,63,8,63,5,35,3,28,2,27,1,1,-,-,-,-
27141020800021300_大阪府堺市堺区向陵中町６丁,27141,大阪府,堺市堺区,向陵中町６丁,24,192,24,192,9,26,15,166,11,126,4,40,-,-,-,-
27141021800021800_大阪府堺市堺区向陵東町１丁,27141,大阪府,堺市堺区,向陵東町１丁,29,408,27,252,7,22,20,230,19,228,1,2,-,-,2,156
27141021800021900_大阪府堺市堺区向陵東町２丁,27141,大阪府,堺市堺区,向陵東町２丁,27,138,27,138,15,65,12,73,8,50,4,23,-,-,-,-
27141021800022000_大阪府堺市堺区向陵東町３丁,27141,大阪府,堺市堺区,向陵東町３丁,56,368,56,368,27,64,29,304,29,304,-,-,-,-,-,-
27141023000023000_大阪府堺市堺区幸通,27141,大阪府,堺市堺区,幸通,6,14,6,14,3,4,3,10,3,10,-,-,-,-,-,-
27141010300010300_大阪府堺市堺区甲斐町西１丁,27141,大阪府,堺市堺区,甲斐町西１丁,33,392,33,392,12,34,21,358,19,337,2,21,-,-,-,-
27141010300010400_大阪府堺市堺区甲斐町西２丁,27141,大阪府,堺市堺区,甲斐町西２丁,18,313,18,313,1,4,17,309,13,162,4,147,-,-,-,-
27141010300010500_大阪府堺市堺区甲斐町西３丁,27141,大阪府,堺市堺区,甲斐町西３丁,12,92,12,92,3,9,9,83,8,82,1,1,-,-,-,-
27141010600010600_大阪府堺市堺区甲斐町東１丁,27141,大阪府,堺市堺区,甲斐町東１丁,29,317,29,317,10,28,19,289,18,273,1,16,-,-,-,-
27141010600010700_大阪府堺市堺区甲斐町東２丁,27141,大阪府,堺市堺区,甲斐町東２丁,13,72,13,72,6,8,7,64,6,60,1,4,-,-,-,-
27141010600010800_大阪府堺市堺区甲斐町東３丁,27141,大阪府,堺市堺区,甲斐町東３丁,17,143,14,71,6,17,8,54,6,39,2,15,-,-,3,72
27141010600010900_大阪府堺市堺区甲斐町東４丁,27141,大阪府,堺市堺区,甲斐町東４丁,13,85,13,85,6,12,7,73,6,69,1,4,-,-,-,-
27141010600011000_大阪府堺市堺区甲斐町東５丁,27141,大阪府,堺市堺区,甲斐町東５丁,9,38,9,38,2,15,7,23,4,16,3,7,-,-,-,-
27141010600011100_大阪府堺市堺区甲斐町東６丁,27141,大阪府,堺市堺区,甲斐町東６丁,3,30,3,30,1,5,2,25,1,24,1,1,-,-,-,-
27141011200011200_大阪府堺市堺区香ヶ丘町１丁,27141,大阪府,堺市堺区,香ヶ丘町１丁,60,376,60,376,29,75,31,301,24,225,7,76,-,-,-,-
27141011200011300_大阪府堺市堺区香ヶ丘町２丁,27141,大阪府,堺市堺区,香ヶ丘町２丁,7,36,7,36,4,6,3,30,3,30,-,-,-,-,-,-
27141011200011400_大阪府堺市堺区香ヶ丘町３丁,27141,大阪府,堺市堺区,香ヶ丘町３丁,10,116,10,116,5,18,5,98,5,98,-,-,-,-,-,-
27141011200011500_大阪府堺市堺区香ヶ丘町４丁,27141,大阪府,堺市堺区,香ヶ丘町４丁,16,130,16,130,7,14,9,116,7,104,2,12,-,-,-,-
27141011200011600_大阪府堺市堺区香ヶ丘町５丁,27141,大阪府,堺市堺区,香ヶ丘町５丁,2,7,1,4,-,-,1,4,1,4,-,-,-,-,1,3
27141032000032000_大阪府堺市堺区高砂町１丁,27141,大阪府,堺市堺区,高砂町１丁,11,45,11,45,7,16,4,29,4,29,-,-,-,-,-,-
27141032000032100_大阪府堺市堺区高砂町２丁,27141,大阪府,堺市堺区,高砂町２丁,6,30,6,30,2,16,4,14,4,14,-,-,-,-,-,-
27141032000032200_大阪府堺市堺区高砂町３丁,27141,大阪府,堺市堺区,高砂町３丁,4,13,4,13,-,-,4,13,4,13,-,-,-,-,-,-
27141032000032300_大阪府堺市堺区高砂町４丁,27141,大阪府,堺市堺区,高砂町４丁,8,117,8,117,-,-,8,117,2,11,6,106,-,-,-,-
27141032400032400_大阪府堺市堺区高須町１丁,27141,大阪府,堺市堺区,高須町１丁,8,294,8,294,1,15,7,279,7,279,-,-,-,-,-,-
27141032400032500_大阪府堺市堺区高須町２丁,27141,大阪府,堺市堺区,高須町２丁,9,120,9,120,3,7,6,113,6,113,-,-,-,-,-,-
27141032400032600_大阪府堺市堺区高須町３丁,27141,大阪府,堺市堺区,高須町３丁,10,44,10,44,6,14,4,30,3,26,1,4,-,-,-,-
27141003800003800_大阪府堺市堺区今池町１丁,27141,大阪府,堺市堺区,今池町１丁,8,190,8,190,1,2,7,188,7,188,-,-,-,-,-,-
27141003800003900_大阪府堺市堺区今池町２丁,27141,大阪府,堺市堺区,今池町２丁,19,138,19,138,10,22,9,116,9,116,-,-,-,-,-,-
27141003800004000_大阪府堺市堺区今池町３丁,27141,大阪府,堺市堺区,今池町３丁,12,"1,199",12,"1,199",1,2,11,"1,197",6,45,5,"1,152",-,-,-,-
27141003800004100_大阪府堺市堺区今池町４丁,27141,大阪府,堺市堺区,今池町４丁,15,223,15,223,2,2,13,221,8,46,5,175,-,-,-,-
27141003800004200_大阪府堺市堺区今池町５丁,27141,大阪府,堺市堺区,今池町５丁,10,149,8,80,2,47,5,28,5,28,-,-,1,5,2,69
27141003800004300_大阪府堺市堺区今池町６丁,27141,大阪府,堺市堺区,今池町６丁,14,107,14,107,7,32,7,75,7,75,-,-,-,-,-,-
27141030700030700_大阪府堺市堺区砂道町１丁,27141,大阪府,堺市堺区,砂道町１丁,26,379,26,379,12,23,14,356,14,356,-,-,-,-,-,-
27141030700030800_大阪府堺市堺区砂道町２丁,27141,大阪府,堺市堺区,砂道町２丁,12,354,12,354,1,1,11,353,11,353,-,-,-,-,-,-
27141030700030900_大阪府堺市堺区砂道町３丁,27141,大阪府,堺市堺区,砂道町３丁,14,103,14,103,4,11,10,92,10,92,-,-,-,-,-,-
27141022300022300_大阪府堺市堺区材木町西１丁,27141,大阪府,堺市堺区,材木町西１丁,25,168,25,168,10,24,15,144,12,129,3,15,-,-,-,-
27141022300022400_大阪府堺市堺区材木町西２丁,27141,大阪府,堺市堺区,材木町西２丁,11,44,11,44,4,9,7,35,6,24,1,11,-,-,-,-
27141022300022500_大阪府堺市堺区材木町西３丁,27141,大阪府,堺市堺区,材木町西３丁,5,67,5,67,3,47,2,20,2,20,-,-,-,-,-,-
27141022600022600_大阪府堺市堺区材木町東１丁,27141,大阪府,堺市堺区,材木町東１丁,8,38,8,38,6,26,2,12,2,12,-,-,-,-,-,-
27141022600022700_大阪府堺市堺区材木町東２丁,27141,大阪府,堺市堺区,材木町東２丁,9,34,9,34,5,19,4,15,4,15,-,-,-,-,-,-
27141022600022800_大阪府堺市堺区材木町東３丁,27141,大阪府,堺市堺区,材木町東３丁,13,46,13,46,7,20,6,26,6,26,-,-,-,-,-,-
27141022600022900_大阪府堺市堺区材木町東４丁,27141,大阪府,堺市堺区,材木町東４丁,7,11,7,11,2,4,5,7,3,2,2,5,-,-,-,-
27141023300023300_大阪府堺市堺区桜之町西１丁,27141,大阪府,堺市堺区,桜之町西１丁,9,29,9,29,6,19,3,10,3,10,-,-,-,-,-,-
27141023300023400_大阪府堺市堺区桜之町西２丁,27141,大阪府,堺市堺区,桜之町西２丁,3,27,3,27,2,7,1,20,1,20,-,-,-,-,-,-
27141023300023500_大阪府堺市堺区桜之町西３丁,27141,大阪府,堺市堺区,桜之町西３丁,7,19,7,19,4,11,3,8,3,8,-,-,-,-,-,-
27141023600023600_大阪府堺市堺区桜之町東１丁,27141,大阪府,堺市堺区,桜之町東１丁,9,62,9,62,5,20,4,42,4,42,-,-,-,-,-,-
27141023600023700_大阪府堺市堺区桜之町東２丁,27141,大阪府,堺市堺区,桜之町東２丁,1,2,1,2,1,2,-,-,-,-,-,-,-,-,-,-
27141048800048800_大阪府堺市堺区山本町１丁,27141,大阪府,堺市堺区,山本町１丁,24,375,24,375,1,3,23,372,20,321,3,51,-,-,-,-
27141048800048900_大阪府堺市堺区山本町２丁,27141,大阪府,堺市堺区,山本町２丁,28,271,28,271,7,24,21,247,20,234,1,13,-,-,-,-
27141048800049000_大阪府堺市堺区山本町３丁,27141,大阪府,堺市堺区,山本町３丁,9,210,9,210,-,-,9,210,9,210,-,-,-,-,-,-
27141048800049100_大阪府堺市堺区山本町４丁,27141,大阪府,堺市堺区,山本町４丁,-,-,-,-,-,-,-,-,-,-,-,-,-,-,-,-
27141048800049200_大阪府堺市堺区山本町５丁,27141,大阪府,堺市堺区,山本町５丁,21,226,21,226,6,30,15,196,15,196,-,-,-,-,-,-
27141048800049300_大阪府堺市堺区山本町６丁,27141,大阪府,堺市堺区,山本町６丁,3,82,3,82,-,-,3,82,3,82,-,-,-,-,-,-
27141002900002900_大阪府堺市堺区市之町西１丁,27141,大阪府,堺市堺区,市之町西１丁,14,493,12,56,6,14,6,42,5,34,1,8,-,-,2,437
27141002900003000_大阪府堺市堺区市之町西２丁,27141,大阪府,堺市堺区,市之町西２丁,8,31,8,31,4,8,3,19,3,19,-,-,1,4,-,-
27141002900003100_大阪府堺市堺区市之町西３丁,27141,大阪府,堺市堺区,市之町西３丁,23,178,22,145,6,32,16,113,14,101,2,12,-,-,1,33
27141003200003200_大阪府堺市堺区市之町東１丁,27141,大阪府,堺市堺区,市之町東１丁,18,274,18,274,6,16,12,258,11,257,1,1,-,-,-,-
27141003200003300_大阪府堺市堺区市之町東２丁,27141,大阪府,堺市堺区,市之町東２丁,20,70,20,70,12,27,8,43,7,38,1,5,-,-,-,-
27141003200003400_大阪府堺市堺区市之町東３丁,27141,大阪府,堺市堺区,市之町東３丁,25,175,25,175,7,31,17,143,14,109,3,34,1,1,-,-
27141003200003500_大阪府堺市堺区市之町東４丁,27141,大阪府,堺市堺区,市之町東４丁,21,160,21,160,4,12,17,148,16,120,1,28,-,-,-,-
27141003200003600_大阪府堺市堺区市之町東５丁,27141,大阪府,堺市堺区,市之町東５丁,20,197,20,197,4,21,16,176,15,175,1,1,-,-,-,-
27141003200003700_大阪府堺市堺区市之町東６丁,27141,大阪府,堺市堺区,市之町東６丁,18,286,18,286,2,5,16,281,13,264,3,17,-,-,-,-
27141034200034200_大阪府堺市堺区寺地町西１丁,27141,大阪府,堺市堺区,寺地町西１丁,3,29,3,29,-,-,3,29,3,29,-,-,-,-,-,-
27141034200034300_大阪府堺市堺区寺地町西２丁,27141,大阪府,堺市堺区,寺地町西２丁,7,31,7,31,1,4,6,27,5,25,1,2,-,-,-,-
27141034200034400_大阪府堺市堺区寺地町西３丁,27141,大阪府,堺市堺区,寺地町西３丁,6,19,6,19,3,6,3,13,3,13,-,-,-,-,-,-
27141034200034500_大阪府堺市堺区寺地町西４丁,27141,大阪府,堺市堺区,寺地町西４丁,2,35,1,1,-,-,1,1,-,-,1,1,-,-,1,34
27141034600034600_大阪府堺市堺区寺地町東１丁,27141,大阪府,堺市堺区,寺地町東１丁,17,85,17,85,6,13,11,72,11,72,-,-,-,-,-,-
27141034600034700_大阪府堺市堺区寺地町東２丁,27141,大阪府,堺市堺区,寺地町東２丁,5,32,5,32,1,1,4,31,4,31,-,-,-,-,-,-
27141034600034800_大阪府堺市堺区寺地町東３丁,27141,大阪府,堺市堺区,寺地町東３丁,11,240,11,240,3,4,8,236,7,235,1,1,-,-,-,-
27141034600034900_大阪府堺市堺区寺地町東４丁,27141,大阪府,堺市堺区,寺地町東４丁,10,70,10,70,-,-,10,70,6,30,4,40,-,-,-,-
27141020200020200_大阪府堺市堺区車之町西１丁,27141,大阪府,堺市堺区,車之町西１丁,17,112,17,112,3,5,14,107,14,107,-,-,-,-,-,-
27141020200020300_大阪府堺市堺区車之町西２丁,27141,大阪府,堺市堺区,車之町西２丁,20,270,20,270,5,15,15,255,14,253,1,2,-,-,-,-
27141020200020400_大阪府堺市堺区車之町西３丁,27141,大阪府,堺市堺区,車之町西３丁,5,31,5,31,1,2,4,29,3,10,1,19,-,-,-,-
27141020500020500_大阪府堺市堺区車之町東１丁,27141,大阪府,堺市堺区,車之町東１丁,15,96,15,96,5,28,10,68,9,67,1,1,-,-,-,-
27141020500020600_大阪府堺市堺区車之町東２丁,27141,大阪府,堺市堺区,車之町東２丁,10,59,10,59,4,17,6,42,4,21,2,21,-,-,-,-
27141020500020700_大阪府堺市堺区車之町東３丁,27141,大阪府,堺市堺区,車之町東３丁,14,197,13,118,3,12,10,106,9,99,1,7,-,-,1,79
27141031000031000_大阪府堺市堺区住吉橋町１丁,27141,大阪府,堺市堺区,住吉橋町１丁,31,267,31,267,18,53,13,214,13,214,-,-,-,-,-,-
27141031000031100_大阪府堺市堺区住吉橋町２丁,27141,大阪府,堺市堺区,住吉橋町２丁,11,324,11,324,4,15,7,309,6,300,1,9,-,-,-,-
27141005600005600_大阪府堺市堺区戎島町１丁,27141,大阪府,堺市堺区,戎島町１丁,21,79,21,79,12,41,9,38,9,38,-,-,-,-,-,-
27141005600005700_大阪府堺市堺区戎島町２丁,27141,大阪府,堺市堺区,戎島町２丁,49,562,49,562,17,101,32,461,30,424,2,37,-,-,-,-
27141005600005800_大阪府堺市堺区戎島町３丁,27141,大阪府,堺市堺区,戎島町３丁,81,"1,276",81,"1,276",4,20,77,"1,256",72,"1,212",5,44,-,-,-,-
27141005600005900_大阪府堺市堺区戎島町４丁,27141,大阪府,堺市堺区,戎島町４丁,75,"2,326",75,"2,326",6,25,65,"2,295",63,"2,123",2,172,4,6,-,-
27141005600006000_大阪府堺市堺区戎島町５丁,27141,大阪府,堺市堺区,戎島町５丁,12,496,11,490,-,-,11,490,11,490,-,-,-,-,1,6
27141006100006100_大阪府堺市堺区戎之町西１丁,27141,大阪府,堺市堺区,戎之町西１丁,17,87,17,87,3,28,14,59,10,48,4,11,-,-,-,-
27141006100006200_大阪府堺市堺区戎之町西２丁,27141,大阪府,堺市堺区,戎之町西２丁,7,20,7,20,5,7,2,13,2,13,-,-,-,-,-,-
27141006300006300_大阪府堺市堺区戎之町東１丁,27141,大阪府,堺市堺区,戎之町東１丁,20,75,20,75,15,40,5,35,5,35,-,-,-,-,-,-
27141006300006400_大阪府堺市堺区戎之町東２丁,27141,大阪府,堺市堺区,戎之町東２丁,10,42,10,42,4,15,6,27,5,19,1,8,-,-,-,-
27141006300006500_大阪府堺市堺区戎之町東３丁,27141,大阪府,堺市堺区,戎之町東３丁,25,147,25,147,9,23,15,123,14,120,1,3,1,1,-,-
27141006300006600_大阪府堺市堺区戎之町東４丁,27141,大阪府,堺市堺区,戎之町東４丁,5,15,5,15,3,6,2,9,2,9,-,-,-,-,-,-
27141006300006700_大阪府堺市堺区戎之町東５丁,27141,大阪府,堺市堺区,戎之町東５丁,15,38,15,38,4,6,11,32,3,13,8,19,-,-,-,-
27141025800025800_大阪府堺市堺区宿院町西１丁,27141,大阪府,堺市堺区,宿院町西１丁,13,199,13,199,-,-,13,199,13,199,-,-,-,-,-,-
27141025800025900_大阪府堺市堺区宿院町西２丁,27141,大阪府,堺市堺区,宿院町西２丁,8,173,8,173,3,25,5,148,4,144,1,4,-,-,-,-
27141025800026000_大阪府堺市堺区宿院町西３丁,27141,大阪府,堺市堺区,宿院町西３丁,19,156,19,156,3,10,16,146,15,110,1,36,-,-,-,-
27141025800026100_大阪府堺市堺区宿院町西４丁,27141,大阪府,堺市堺区,宿院町西４丁,10,74,10,74,3,10,7,64,7,64,-,-,-,-,-,-
27141026200026200_大阪府堺市堺区宿院町東１丁,27141,大阪府,堺市堺区,宿院町東１丁,24,260,24,260,6,29,18,231,18,231,-,-,-,-,-,-
27141026200026300_大阪府堺市堺区宿院町東２丁,27141,大阪府,堺市堺区,宿院町東２丁,6,21,6,21,3,4,3,17,3,17,-,-,-,-,-,-
27141026200026400_大阪府堺市堺区宿院町東３丁,27141,大阪府,堺市堺区,宿院町東３丁,3,36,3,36,-,-,3,36,2,35,1,1,-,-,-,-
27141026200026500_大阪府堺市堺区宿院町東４丁,27141,大阪府,堺市堺区,宿院町東４丁,14,40,13,33,4,9,8,23,5,15,3,8,1,1,1,7
27141026600026600_大阪府堺市堺区宿屋町西１丁,27141,大阪府,堺市堺区,宿屋町西１丁,18,91,18,91,3,4,15,87,14,84,1,3,-,-,-,-
27141026600026700_大阪府堺市堺区宿屋町西２丁,27141,大阪府,堺市堺区,宿屋町西２丁,8,35,8,35,3,9,5,26,5,26,-,-,-,-,-,-
27141026600026800_大阪府堺市堺区宿屋町西３丁,27141,大阪府,堺市堺区,宿屋町西３丁,1,12,1,12,-,-,1,12,1,12,-,-,-,-,-,-
27141026900026900_大阪府堺市堺区宿屋町東１丁,27141,大阪府,堺市堺区,宿屋町東１丁,10,99,10,99,3,7,7,92,6,87,1,5,-,-,-,-
27141026900027000_大阪府堺市堺区宿屋町東２丁,27141,大阪府,堺市堺区,宿屋町東２丁,6,24,6,24,3,4,3,20,3,20,-,-,-,-,-,-
27141026900027100_大阪府堺市堺区宿屋町東３丁,27141,大阪府,堺市堺区,宿屋町東３丁,18,56,18,56,8,14,10,42,5,21,5,21,-,-,-,-
27141033000033000_大阪府堺市堺区出島海岸通１丁,27141,大阪府,堺市堺区,出島海岸通１丁,33,150,33,150,18,46,15,104,13,87,2,17,-,-,-,-
27141033000033100_大阪府堺市堺区出島海岸通２丁,27141,大阪府,堺市堺区,出島海岸通２丁,17,178,17,178,6,28,11,150,10,134,1,16,-,-,-,-
27141033000033200_大阪府堺市堺区出島海岸通３丁,27141,大阪府,堺市堺区,出島海岸通３丁,10,95,10,95,2,3,8,92,8,92,-,-,-,-,-,-
27141033000033300_大阪府堺市堺区出島海岸通４丁,27141,大阪府,堺市堺区,出島海岸通４丁,28,341,28,341,3,7,25,334,25,334,-,-,-,-,-,-
27141033400033400_大阪府堺市堺区出島西町,27141,大阪府,堺市堺区,出島西町,36,"1,160",36,"1,160",-,-,36,"1,160",33,861,3,299,-,-,-,-
27141033600033600_大阪府堺市堺区出島町１丁,27141,大阪府,堺市堺区,出島町１丁,5,31,5,31,4,19,1,12,1,12,-,-,-,-,-,-
27141033600033700_大阪府堺市堺区出島町２丁,27141,大阪府,堺市堺区,出島町２丁,17,180,17,180,11,58,6,122,6,122,-,-,-,-,-,-
27141033600033800_大阪府堺市堺区出島町３丁,27141,大阪府,堺市堺区,出島町３丁,20,94,20,94,9,31,11,63,10,53,1,10,-,-,-,-
27141033600033900_大阪府堺市堺区出島町４丁,27141,大阪府,堺市堺区,出島町４丁,9,60,9,60,4,24,5,36,3,26,2,10,-,-,-,-
27141033600034000_大阪府堺市堺区出島町５丁,27141,大阪府,堺市堺区,出島町５丁,9,36,9,36,7,32,2,4,2,4,-,-,-,-,-,-
27141033500033500_大阪府堺市堺区出島浜通,27141,大阪府,堺市堺区,出島浜通,17,186,17,186,3,23,14,163,13,143,1,20,-,-,-,-
27141012100012100_大阪府堺市堺区春日通１丁,27141,大阪府,堺市堺区,春日通１丁,7,124,7,124,1,1,6,123,5,108,1,15,-,-,-,-
27141012100012200_大阪府堺市堺区春日通２丁,27141,大阪府,堺市堺区,春日通２丁,3,10,3,10,1,6,2,4,2,4,-,-,-,-,-,-
27141012100012300_大阪府堺市堺区春日通３丁,27141,大阪府,堺市堺区,春日通３丁,1,1,1,1,1,1,-,-,-,-,-,-,-,-,-,-
27141012100012400_大阪府堺市堺区春日通４丁,27141,大阪府,堺市堺区,春日通４丁,-,-,-,-,-,-,-,-,-,-,-,-,-,-,-,-
27141049800049800_大阪府堺市堺区匠町,27141,大阪府,堺市堺区,匠町,49,"3,095",48,"3,091",-,-,48,"3,091",48,"3,091",-,-,-,-,1,4
27141027200027200_大阪府堺市堺区少林寺町西１丁,27141,大阪府,堺市堺区,少林寺町西１丁,8,140,8,140,-,-,7,139,6,138,1,1,1,1,-,-
27141027200027300_大阪府堺市堺区少林寺町西２丁,27141,大阪府,堺市堺区,少林寺町西２丁,10,54,10,54,3,12,7,42,6,40,1,2,-,-,-,-
27141027200027400_大阪府堺市堺区少林寺町西３丁,27141,大阪府,堺市堺区,少林寺町西３丁,6,104,5,71,4,25,1,46,1,46,-,-,-,-,1,33
27141027200027500_大阪府堺市堺区少林寺町西４丁,27141,大阪府,堺市堺区,少林寺町西４丁,6,33,6,33,1,1,5,32,4,31,1,1,-,-,-,-
27141027600027600_大阪府堺市堺区少林寺町東１丁,27141,大阪府,堺市堺区,少林寺町東１丁,8,32,8,32,3,7,5,25,5,25,-,-,-,-,-,-
27141027600027700_大阪府堺市堺区少林寺町東２丁,27141,大阪府,堺市堺区,少林寺町東２丁,9,50,9,50,3,9,5,40,2,14,3,26,1,1,-,-
27141027600027800_大阪府堺市堺区少林寺町東３丁,27141,大阪府,堺市堺区,少林寺町東３丁,6,28,6,28,3,4,3,24,1,20,2,4,-,-,-,-
27141027600027900_大阪府堺市堺区少林寺町東４丁,27141,大阪府,堺市堺区,少林寺町東４丁,5,32,4,11,1,2,3,9,2,8,1,1,-,-,1,21
27141028000028000_大阪府堺市堺区昭和通１丁,27141,大阪府,堺市堺区,昭和通１丁,3,12,3,12,1,1,2,11,2,11,-,-,-,-,-,-
27141028000028100_大阪府堺市堺区昭和通２丁,27141,大阪府,堺市堺区,昭和通２丁,7,40,7,40,2,3,5,37,5,37,-,-,-,-,-,-
27141028000028200_大阪府堺市堺区昭和通３丁,27141,大阪府,堺市堺区,昭和通３丁,13,75,13,75,7,16,6,59,5,42,1,17,-,-,-,-
27141028000028300_大阪府堺市堺区昭和通４丁,27141,大阪府,堺市堺区,昭和通４丁,6,55,6,55,2,19,4,36,3,21,1,15,-,-,-,-
27141028000028400_大阪府堺市堺区昭和通５丁,27141,大阪府,堺市堺区,昭和通５丁,6,103,6,103,-,-,6,103,6,103,-,-,-,-,-,-
27141028000028500_大阪府堺市堺区昭和通６丁,27141,大阪府,堺市堺区,昭和通６丁,4,12,4,12,1,2,3,10,3,10,-,-,-,-,-,-
27141040800040800_大阪府堺市堺区松屋大和川通１丁,27141,大阪府,堺市堺区,松屋大和川通１丁,5,117,5,117,-,-,5,117,4,32,1,85,-,-,-,-
27141040800040900_大阪府堺市堺区松屋大和川通２丁,27141,大阪府,堺市堺区,松屋大和川通２丁,10,146,10,146,3,13,7,133,7,133,-,-,-,-,-,-
27141040800041000_大阪府堺市堺区松屋大和川通３丁,27141,大阪府,堺市堺区,松屋大和川通３丁,5,227,4,210,1,5,3,205,3,205,-,-,-,-,1,17
27141040800041100_大阪府堺市堺区松屋大和川通４丁,27141,大阪府,堺市堺区,松屋大和川通４丁,2,92,1,18,-,-,1,18,1,18,-,-,-,-,1,74
27141040600040600_大阪府堺市堺区松屋町１丁,27141,大阪府,堺市堺区,松屋町１丁,16,973,16,973,-,-,16,973,13,721,3,252,-,-,-,-
27141040600040700_大阪府堺市堺区松屋町２丁,27141,大阪府,堺市堺区,松屋町２丁,13,78,13,78,4,8,9,70,7,64,2,6,-,-,-,-
27141028600028600_大阪府堺市堺区新在家町西１丁,27141,大阪府,堺市堺区,新在家町西１丁,6,71,6,71,-,-,6,71,5,66,1,5,-,-,-,-
27141028600028700_大阪府堺市堺区新在家町西２丁,27141,大阪府,堺市堺区,新在家町西２丁,5,21,5,21,2,3,3,18,1,13,2,5,-,-,-,-
27141028600028800_大阪府堺市堺区新在家町西３丁,27141,大阪府,堺市堺区,新在家町西３丁,10,38,10,38,4,8,6,30,4,24,2,6,-,-,-,-
27141028600028900_大阪府堺市堺区新在家町西４丁,27141,大阪府,堺市堺区,新在家町西４丁,4,33,4,33,1,1,3,32,3,32,-,-,-,-,-,-
27141029000029000_大阪府堺市堺区新在家町東１丁,27141,大阪府,堺市堺区,新在家町東１丁,13,105,13,105,1,4,12,101,12,101,-,-,-,-,-,-
27141029000029100_大阪府堺市堺区新在家町東２丁,27141,大阪府,堺市堺区,新在家町東２丁,9,43,9,43,2,6,7,37,4,30,3,7,-,-,-,-
27141029000029200_大阪府堺市堺区新在家町東３丁,27141,大阪府,堺市堺区,新在家町東３丁,8,24,8,24,4,8,4,16,3,14,1,2,-,-,-,-
27141029000029300_大阪府堺市堺区新在家町東４丁,27141,大阪府,堺市堺区,新在家町東４丁,17,66,17,66,4,13,13,53,2,29,11,24,-,-,-,-
27141029500029500_大阪府堺市堺区新町,27141,大阪府,堺市堺区,新町,106,826,105,823,40,106,64,713,51,593,13,120,1,4,1,3
27141012900012900_大阪府堺市堺区神石市之町,27141,大阪府,堺市堺区,神石市之町,56,653,56,653,13,35,43,618,37,556,6,62,-,-,-,-
27141013000013000_大阪府堺市堺区神南辺町１丁,27141,大阪府,堺市堺区,神南辺町１丁,24,412,23,360,3,4,20,356,20,356,-,-,-,-,1,52
27141013000013100_大阪府堺市堺区神南辺町２丁,27141,大阪府,堺市堺区,神南辺町２丁,11,62,11,62,2,5,9,57,9,57,-,-,-,-,-,-
27141013000013200_大阪府堺市堺区神南辺町３丁,27141,大阪府,堺市堺区,神南辺町３丁,8,169,8,169,-,-,8,169,8,169,-,-,-,-,-,-
27141013000013300_大阪府堺市堺区神南辺町４丁,27141,大阪府,堺市堺区,神南辺町４丁,7,277,7,277,1,2,6,275,6,275,-,-,-,-,-,-
27141013000013400_大阪府堺市堺区神南辺町５丁,27141,大阪府,堺市堺区,神南辺町５丁,6,156,5,150,-,-,5,150,5,150,-,-,-,-,1,6
27141013000013500_大阪府堺市堺区神南辺町６丁,27141,大阪府,堺市堺区,神南辺町６丁,3,211,3,211,-,-,3,211,3,211,-,-,-,-,-,-
27141029400029400_大阪府堺市堺区神保通,27141,大阪府,堺市堺区,神保通,17,80,17,80,7,17,10,63,9,57,1,6,-,-,-,-
27141029600029600_大阪府堺市堺区神明町西１丁,27141,大阪府,堺市堺区,神明町西１丁,7,24,7,24,2,2,5,22,3,12,2,10,-,-,-,-
27141029600029700_大阪府堺市堺区神明町西２丁,27141,大阪府,堺市堺区,神明町西２丁,4,39,3,12,1,2,2,10,1,9,1,1,-,-,1,27
27141029600029800_大阪府堺市堺区神明町西３丁,27141,大阪府,堺市堺区,神明町西３丁,8,73,8,73,-,-,8,73,8,73,-,-,-,-,-,-
27141029900029900_大阪府堺市堺区神明町東１丁,27141,大阪府,堺市堺区,神明町東１丁,5,12,5,12,2,3,3,9,2,8,1,1,-,-,-,-
27141029900030000_大阪府堺市堺区神明町東２丁,27141,大阪府,堺市堺区,神明町東２丁,11,43,11,43,4,12,7,31,5,26,2,5,-,-,-,-
27141029900030100_大阪府堺市堺区神明町東３丁,27141,大阪府,堺市堺区,神明町東３丁,10,80,10,80,-,-,10,80,2,33,8,47,-,-,-,-
27141030200030200_大阪府堺市堺区菅原通１丁,27141,大阪府,堺市堺区,菅原通１丁,1,1,1,1,-,-,1,1,1,1,-,-,-,-,-,-
27141030200030300_大阪府堺市堺区菅原通２丁,27141,大阪府,堺市堺区,菅原通２丁,4,10,4,10,3,8,1,2,1,2,-,-,-,-,-,-
27141030200030400_大阪府堺市堺区菅原通３丁,27141,大阪府,堺市堺区,菅原通３丁,3,3,3,3,3,3,-,-,-,-,-,-,-,-,-,-
27141030200030500_大阪府堺市堺区菅原通４丁,27141,大阪府,堺市堺区,菅原通４丁,-,-,-,-,-,-,-,-,-,-,-,-,-,-,-,-
27141030200030600_大阪府堺市堺区菅原通５丁,27141,大阪府,堺市堺区,菅原通５丁,-,-,-,-,-,-,-,-,-,-,-,-,-,-,-,-
27141039000039000_大阪府堺市堺区西永山園,27141,大阪府,堺市堺区,西永山園,8,33,8,33,1,8,7,25,6,21,1,4,-,-,-,-
27141039100039100_大阪府堺市堺区西湊町１丁,27141,大阪府,堺市堺区,西湊町１丁,13,51,13,51,6,10,7,41,5,30,2,11,-,-,-,-
27141039100039200_大阪府堺市堺区西湊町２丁,27141,大阪府,堺市堺区,西湊町２丁,3,4,3,4,1,1,2,3,-,-,2,3,-,-,-,-
27141039100039300_大阪府堺市堺区西湊町３丁,27141,大阪府,堺市堺区,西湊町３丁,10,50,10,50,4,6,6,44,4,39,2,5,-,-,-,-
27141039100039400_大阪府堺市堺区西湊町４丁,27141,大阪府,堺市堺区,西湊町４丁,12,122,12,122,4,4,8,118,6,89,2,29,-,-,-,-
27141039100039500_大阪府堺市堺区西湊町５丁,27141,大阪府,堺市堺区,西湊町５丁,15,150,15,150,9,24,6,126,4,16,2,110,-,-,-,-
27141039100039600_大阪府堺市堺区西湊町６丁,27141,大阪府,堺市堺区,西湊町６丁,18,161,17,124,6,48,11,76,9,70,2,6,-,-,1,37
27141002400002400_大阪府堺市堺区石津町１丁,27141,大阪府,堺市堺区,石津町１丁,23,83,23,83,8,18,15,65,12,61,3,4,-,-,-,-
27141002400002500_大阪府堺市堺区石津町２丁,27141,大阪府,堺市堺区,石津町２丁,20,134,19,107,9,13,9,91,8,90,1,1,1,3,1,27
27141002400002600_大阪府堺市堺区石津町３丁,27141,大阪府,堺市堺区,石津町３丁,38,349,38,349,20,37,18,312,17,303,1,9,-,-,-,-
27141002400002700_大阪府堺市堺区石津町４丁,27141,大阪府,堺市堺区,石津町４丁,7,128,7,128,3,10,4,118,2,111,2,7,-,-,-,-
27141002300002300_大阪府堺市堺区石津北町,27141,大阪府,堺市堺区,石津北町,57,"5,975",57,"5,975",3,6,52,"5,960",51,"5,952",1,8,2,9,-,-
27141000100000100_大阪府堺市堺区浅香山町１丁,27141,大阪府,堺市堺区,浅香山町１丁,15,150,15,150,3,6,11,143,6,38,5,105,1,1,-,-
27141000100000200_大阪府堺市堺区浅香山町２丁,27141,大阪府,堺市堺区,浅香山町２丁,16,54,16,54,9,26,7,28,6,22,1,6,-,-,-,-
27141000100000300_大阪府堺市堺区浅香山町３丁,27141,大阪府,堺市堺区,浅香山町３丁,34,246,34,246,18,65,16,181,15,170,1,11,-,-,-,-
27141031300031300_大阪府堺市堺区大仙西町１丁,27141,大阪府,堺市堺区,大仙西町１丁,-,-,-,-,-,-,-,-,-,-,-,-,-,-,-,-
27141031300031400_大阪府堺市堺区大仙西町２丁,27141,大阪府,堺市堺区,大仙西町２丁,4,150,3,119,2,7,1,112,-,-,1,112,-,-,1,31
27141031300031500_大阪府堺市堺区大仙西町３丁,27141,大阪府,堺市堺区,大仙西町３丁,6,294,5,293,1,3,4,290,4,290,-,-,-,-,1,1
27141031300031600_大阪府堺市堺区大仙西町４丁,27141,大阪府,堺市堺区,大仙西町４丁,13,109,12,86,3,26,9,60,8,59,1,1,-,-,1,23
27141031300031700_大阪府堺市堺区大仙西町５丁,27141,大阪府,堺市堺区,大仙西町５丁,6,155,6,155,1,1,5,154,5,154,-,-,-,-,-,-
27141031300031800_大阪府堺市堺区大仙西町６丁,27141,大阪府,堺市堺区,大仙西町６丁,27,560,27,560,3,6,24,554,21,463,3,91,-,-,-,-
27141031200031200_大阪府堺市堺区大仙中町,27141,大阪府,堺市堺区,大仙中町,56,926,51,667,16,62,35,605,24,285,11,320,-,-,5,259
27141031900031900_大阪府堺市堺区大仙町,27141,大阪府,堺市堺区,大仙町,15,245,14,170,2,2,12,168,8,37,4,131,-,-,1,75
27141007100007100_大阪府堺市堺区大町西１丁,27141,大阪府,堺市堺区,大町西１丁,6,80,6,80,2,5,4,75,4,75,-,-,-,-,-,-
27141007100007200_大阪府堺市堺区大町西２丁,27141,大阪府,堺市堺区,大町西２丁,5,26,5,26,1,3,4,23,4,23,-,-,-,-,-,-
27141007100007300_大阪府堺市堺区大町西３丁,27141,大阪府,堺市堺区,大町西３丁,37,184,37,184,15,27,22,157,19,134,3,23,-,-,-,-
27141007400007400_大阪府堺市堺区大町東１丁,27141,大阪府,堺市堺区,大町東１丁,16,189,16,189,8,28,8,161,6,125,2,36,-,-,-,-
27141007400007500_大阪府堺市堺区大町東２丁,27141,大阪府,堺市堺区,大町東２丁,19,89,19,89,11,33,8,56,8,56,-,-,-,-,-,-
27141007400007600_大阪府堺市堺区大町東３丁,27141,大阪府,堺市堺区,大町東３丁,9,191,9,191,7,35,2,156,2,156,-,-,-,-,-,-
27141007400007700_大阪府堺市堺区大町東４丁,27141,大阪府,堺市堺区,大町東４丁,7,29,7,29,2,7,5,22,3,17,2,5,-,-,-,-
27141008600008600_大阪府堺市堺区大浜西町,27141,大阪府,堺市堺区,大浜西町,49,"1,472",49,"1,472",1,2,47,"1,468",42,"1,447",5,21,1,2,-,-
27141008300008300_大阪府堺市堺区大浜中町１丁,27141,大阪府,堺市堺区,大浜中町１丁,6,68,6,68,1,1,5,67,5,67,-,-,-,-,-,-
27141008300008400_大阪府堺市堺区大浜中町２丁,27141,大阪府,堺市堺区,大浜中町２丁,15,110,15,110,5,15,10,95,10,95,-,-,-,-,-,-
27141008300008500_大阪府堺市堺区大浜中町３丁,27141,大阪府,堺市堺区,大浜中町３丁,27,195,27,195,8,37,19,158,19,158,-,-,-,-,-,-
27141008700008700_大阪府堺市堺区大浜南町１丁,27141,大阪府,堺市堺区,大浜南町１丁,3,36,3,36,-,-,3,36,3,36,-,-,-,-,-,-
27141008700008800_大阪府堺市堺区大浜南町２丁,27141,大阪府,堺市堺区,大浜南町２丁,14,151,13,113,5,9,8,104,5,85,3,19,-,-,1,38
27141008700008900_大阪府堺市堺区大浜南町３丁,27141,大阪府,堺市堺区,大浜南町３丁,16,358,15,125,6,11,9,114,8,113,1,1,-,-,1,233
27141007800007800_大阪府堺市堺区大浜北町１丁,27141,大阪府,堺市堺区,大浜北町１丁,11,378,11,378,3,9,8,369,7,57,1,312,-,-,-,-
27141007800007900_大阪府堺市堺区大浜北町２丁,27141,大阪府,堺市堺区,大浜北町２丁,25,131,25,131,6,33,19,98,16,84,3,14,-,-,-,-
27141007800008000_大阪府堺市堺区大浜北町３丁,27141,大阪府,堺市堺区,大浜北町３丁,27,429,27,429,2,8,25,421,22,387,3,34,-,-,-,-
27141007800008100_大阪府堺市堺区大浜北町４丁,27141,大阪府,堺市堺区,大浜北町４丁,1,20,-,-,-,-,-,-,-,-,-,-,-,-,1,20
27141007800008200_大阪府堺市堺区大浜北町５丁,27141,大阪府,堺市堺区,大浜北町５丁,1,1,1,1,-,-,1,1,-,-,1,1,-,-,-,-
27141032900032900_大阪府堺市堺区築港八幡町,27141,大阪府,堺市堺区,築港八幡町,111,"4,404",110,"4,391",-,-,108,"4,386",106,"4,383",2,3,2,5,1,13
27141032800032800_大阪府堺市堺区築港南町,27141,大阪府,堺市堺区,築港南町,29,805,29,805,-,-,29,805,28,787,1,18,-,-,-,-
27141036600036600_大阪府堺市堺区中三国ヶ丘町１丁,27141,大阪府,堺市堺区,中三国ヶ丘町１丁,12,53,12,53,3,11,9,42,6,30,3,12,-,-,-,-
27141036600036700_大阪府堺市堺区中三国ヶ丘町２丁,27141,大阪府,堺市堺区,中三国ヶ丘町２丁,2,6,2,6,1,3,1,3,-,-,1,3,-,-,-,-
27141036600036800_大阪府堺市堺区中三国ヶ丘町３丁,27141,大阪府,堺市堺区,中三国ヶ丘町３丁,7,56,7,56,2,30,5,26,4,24,1,2,-,-,-,-
27141036600036900_大阪府堺市堺区中三国ヶ丘町４丁,27141,大阪府,堺市堺区,中三国ヶ丘町４丁,8,24,8,24,4,10,4,14,4,14,-,-,-,-,-,-
27141036600037000_大阪府堺市堺区中三国ヶ丘町５丁,27141,大阪府,堺市堺区,中三国ヶ丘町５丁,6,15,6,15,4,8,2,7,2,7,-,-,-,-,-,-
27141036600037100_大阪府堺市堺区中三国ヶ丘町６丁,27141,大阪府,堺市堺区,中三国ヶ丘町６丁,4,10,4,10,3,5,1,5,1,5,-,-,-,-,-,-
27141036600037200_大阪府堺市堺区中三国ヶ丘町７丁,27141,大阪府,堺市堺区,中三国ヶ丘町７丁,6,34,6,34,2,2,4,32,4,32,-,-,-,-,-,-
27141037300037300_大阪府堺市堺区中安井町１丁,27141,大阪府,堺市堺区,中安井町１丁,23,116,23,116,17,58,5,56,4,20,1,36,1,2,-,-
27141037300037400_大阪府堺市堺区中安井町２丁,27141,大阪府,堺市堺区,中安井町２丁,10,50,10,50,6,21,4,29,3,28,1,1,-,-,-,-
27141037300037500_大阪府堺市堺区中安井町３丁,27141,大阪府,堺市堺区,中安井町３丁,22,313,21,224,2,3,19,221,18,218,1,3,-,-,1,89
27141035700035700_大阪府堺市堺区中永山園,27141,大阪府,堺市堺区,中永山園,3,24,3,24,-,-,3,24,3,24,-,-,-,-,-,-
27141035000035000_大阪府堺市堺区中瓦町１丁,27141,大阪府,堺市堺区,中瓦町１丁,85,589,84,580,44,209,40,371,32,307,8,64,-,-,1,9
27141035000035100_大阪府堺市堺区中瓦町２丁,27141,大阪府,堺市堺区,中瓦町２丁,79,532,78,517,32,124,46,393,43,366,3,27,-,-,1,15
27141035200035200_大阪府堺市堺区中向陽町１丁,27141,大阪府,堺市堺区,中向陽町１丁,20,76,20,76,9,16,11,60,11,60,-,-,-,-,-,-
27141035200035300_大阪府堺市堺区中向陽町２丁,27141,大阪府,堺市堺区,中向陽町２丁,16,91,16,91,10,28,6,63,6,63,-,-,-,-,-,-
27141035400035400_大阪府堺市堺区中田出井町１丁,27141,大阪府,堺市堺区,中田出井町１丁,11,30,11,30,7,10,4,20,4,20,-,-,-,-,-,-
27141035400035500_大阪府堺市堺区中田出井町２丁,27141,大阪府,堺市堺区,中田出井町２丁,6,15,6,15,4,9,2,6,2,6,-,-,-,-,-,-
27141035400035600_大阪府堺市堺区中田出井町３丁,27141,大阪府,堺市堺区,中田出井町３丁,9,37,9,37,3,13,6,24,5,23,1,1,-,-,-,-
27141035800035800_大阪府堺市堺区中之町西１丁,27141,大阪府,堺市堺区,中之町西１丁,30,245,30,245,7,29,22,212,21,211,1,1,1,4,-,-
27141035800035900_大阪府堺市堺区中之町西２丁,27141,大阪府,堺市堺区,中之町西２丁,9,52,9,52,3,5,6,47,5,43,1,4,-,-,-,-
27141035800036000_大阪府堺市堺区中之町西３丁,27141,大阪府,堺市堺区,中之町西３丁,6,26,6,26,4,16,2,10,2,10,-,-,-,-,-,-
27141035800036100_大阪府堺市堺区中之町西４丁,27141,大阪府,堺市堺区,中之町西４丁,4,18,4,18,-,-,4,18,4,18,-,-,-,-,-,-
27141036200036200_大阪府堺市堺区中之町東１丁,27141,大阪府,堺市堺区,中之町東１丁,17,255,17,255,6,25,11,230,10,219,1,11,-,-,-,-
27141036200036300_大阪府堺市堺区中之町東２丁,27141,大阪府,堺市堺区,中之町東２丁,2,4,2,4,1,1,1,3,1,3,-,-,-,-,-,-
27141036200036400_大阪府堺市堺区中之町東３丁,27141,大阪府,堺市堺区,中之町東３丁,5,23,5,23,-,-,5,23,4,22,1,1,-,-,-,-
27141036200036500_大阪府堺市堺区中之町東４丁,27141,大阪府,堺市堺区,中之町東４丁,15,87,15,87,4,12,11,75,4,50,7,25,-,-,-,-
27141034100034100_大阪府堺市堺区鉄砲町,27141,大阪府,堺市堺区,鉄砲町,146,"1,966",146,"1,966",11,45,135,"1,921",133,"1,892",2,29,-,-,-,-
27141032700032700_大阪府堺市堺区田出井町,27141,大阪府,堺市堺区,田出井町,66,"1,631",60,788,13,57,46,729,36,578,10,151,1,2,6,843
27141025400025400_大阪府堺市堺区東雲西町１丁,27141,大阪府,堺市堺区,東雲西町１丁,58,543,57,533,19,74,38,459,36,455,2,4,-,-,1,10
27141025400025500_大阪府堺市堺区東雲西町２丁,27141,大阪府,堺市堺区,東雲西町２丁,10,27,10,27,5,7,5,20,5,20,-,-,-,-,-,-
27141025400025600_大阪府堺市堺区東雲西町３丁,27141,大阪府,堺市堺区,東雲西町３丁,5,67,5,67,-,-,5,67,5,67,-,-,-,-,-,-
27141025400025700_大阪府堺市堺区東雲西町４丁,27141,大阪府,堺市堺区,東雲西町４丁,17,59,17,59,7,13,10,46,6,21,4,25,-,-,-,-
27141039900039900_大阪府堺市堺区東永山園,27141,大阪府,堺市堺区,東永山園,1,3,1,3,-,-,1,3,1,3,-,-,-,-,-,-
27141039800039800_大阪府堺市堺区東上野芝町１丁,27141,大阪府,堺市堺区,東上野芝町１丁,13,278,11,60,5,9,6,51,4,17,2,34,-,-,2,218
27141040000040000_大阪府堺市堺区東湊町１丁,27141,大阪府,堺市堺区,東湊町１丁,13,67,13,67,4,6,9,61,8,34,1,27,-,-,-,-
27141040000040100_大阪府堺市堺区東湊町２丁,27141,大阪府,堺市堺区,東湊町２丁,12,48,12,48,7,21,5,27,5,27,-,-,-,-,-,-
27141040000040200_大阪府堺市堺区東湊町３丁,27141,大阪府,堺市堺区,東湊町３丁,16,87,16,87,8,19,8,68,8,68,-,-,-,-,-,-
27141040000040300_大阪府堺市堺区東湊町４丁,27141,大阪府,堺市堺区,東湊町４丁,16,173,16,173,4,6,12,167,8,118,4,49,-,-,-,-
27141040000040400_大阪府堺市堺区東湊町５丁,27141,大阪府,堺市堺区,東湊町５丁,14,169,14,169,6,23,8,146,5,41,3,105,-,-,-,-
27141040000040500_大阪府堺市堺区東湊町６丁,27141,大阪府,堺市堺区,東湊町６丁,9,182,8,137,2,3,6,134,4,46,2,88,-,-,1,45
27141046300046300_大阪府堺市堺区南三国ヶ丘町１丁,27141,大阪府,堺市堺区,南三国ヶ丘町１丁,25,125,25,125,16,59,9,66,8,49,1,17,-,-,-,-
27141046300046400_大阪府堺市堺区南三国ヶ丘町２丁,27141,大阪府,堺市堺区,南三国ヶ丘町２丁,6,141,5,23,1,5,3,17,3,17,-,-,1,1,1,118
27141046300046500_大阪府堺市堺区南三国ヶ丘町３丁,27141,大阪府,堺市堺区,南三国ヶ丘町３丁,8,39,8,39,6,21,2,18,2,18,-,-,-,-,-,-
27141046300046600_大阪府堺市堺区南三国ヶ丘町４丁,27141,大阪府,堺市堺区,南三国ヶ丘町４丁,8,38,8,38,4,14,4,24,4,24,-,-,-,-,-,-
27141046300046700_大阪府堺市堺区南三国ヶ丘町５丁,27141,大阪府,堺市堺区,南三国ヶ丘町５丁,7,23,7,23,2,3,3,12,3,12,-,-,2,8,-,-
27141046300046800_大阪府堺市堺区南三国ヶ丘町６丁,27141,大阪府,堺市堺区,南三国ヶ丘町６丁,8,34,8,34,3,6,5,28,5,28,-,-,-,-,-,-
27141046900046900_大阪府堺市堺区南安井町１丁,27141,大阪府,堺市堺区,南安井町１丁,9,824,9,824,1,1,8,823,7,105,1,718,-,-,-,-
27141046900047000_大阪府堺市堺区南安井町２丁,27141,大阪府,堺市堺区,南安井町２丁,3,7,3,7,2,4,1,3,1,3,-,-,-,-,-,-
27141046900047100_大阪府堺市堺区南安井町３丁,27141,大阪府,堺市堺区,南安井町３丁,8,277,8,277,1,2,7,275,4,25,3,250,-,-,-,-
27141046900047200_大阪府堺市堺区南安井町４丁,27141,大阪府,堺市堺区,南安井町４丁,6,25,5,10,-,-,5,10,4,9,1,1,-,-,1,15
27141046900047300_大阪府堺市堺区南安井町５丁,27141,大阪府,堺市堺区,南安井町５丁,5,12,5,12,2,4,3,8,2,5,1,3,-,-,-,-
27141046900047400_大阪府堺市堺区南安井町６丁,27141,大阪府,堺市堺区,南安井町６丁,8,60,8,60,6,17,2,43,2,43,-,-,-,-,-,-
27141045400045400_大阪府堺市堺区南花田口町１丁,27141,大阪府,堺市堺区,南花田口町１丁,20,82,20,82,9,23,11,59,11,59,-,-,-,-,-,-
27141045400045500_大阪府堺市堺区南花田口町２丁,27141,大阪府,堺市堺区,南花田口町２丁,65,"1,591",64,"1,579",9,29,54,"1,549",44,"1,202",10,347,1,1,1,12
27141042900042900_大阪府堺市堺区南瓦町,27141,大阪府,堺市堺区,南瓦町,65,"4,453",43,623,17,31,26,592,16,356,10,236,-,-,22,"3,830"
27141046200046200_大阪府堺市堺区南丸保園,27141,大阪府,堺市堺区,南丸保園,1,2,1,2,-,-,1,2,1,2,-,-,-,-,-,-
27141043000043000_大阪府堺市堺区南向陽町１丁,27141,大阪府,堺市堺区,南向陽町１丁,9,107,9,107,3,4,6,103,6,103,-,-,-,-,-,-
27141043000043100_大阪府堺市堺区南向陽町２丁,27141,大阪府,堺市堺区,南向陽町２丁,7,97,7,97,3,14,4,83,3,70,1,13,-,-,-,-
27141044000044000_大阪府堺市堺区南庄町１丁,27141,大阪府,堺市堺区,南庄町１丁,15,67,15,67,7,19,8,48,7,47,1,1,-,-,-,-
27141044000044100_大阪府堺市堺区南庄町２丁,27141,大阪府,堺市堺区,南庄町２丁,20,142,20,142,7,31,13,111,13,111,-,-,-,-,-,-
27141043700043700_大阪府堺市堺区南清水町１丁,27141,大阪府,堺市堺区,南清水町１丁,32,334,32,334,4,12,28,322,27,321,1,1,-,-,-,-
27141043700043800_大阪府堺市堺区南清水町２丁,27141,大阪府,堺市堺区,南清水町２丁,19,261,19,261,4,42,15,219,12,187,3,32,-,-,-,-
27141043700043900_大阪府堺市堺区南清水町３丁,27141,大阪府,堺市堺区,南清水町３丁,8,48,8,48,2,5,6,43,6,43,-,-,-,-,-,-
27141044200044200_大阪府堺市堺区南田出井町１丁,27141,大阪府,堺市堺区,南田出井町１丁,7,50,5,14,3,3,2,11,2,11,-,-,-,-,2,36
27141044200044300_大阪府堺市堺区南田出井町２丁,27141,大阪府,堺市堺区,南田出井町２丁,3,14,3,14,1,6,2,8,2,8,-,-,-,-,-,-
27141044200044400_大阪府堺市堺区南田出井町３丁,27141,大阪府,堺市堺区,南田出井町３丁,7,14,7,14,3,5,4,9,4,9,-,-,-,-,-,-
27141044200044500_大阪府堺市堺区南田出井町４丁,27141,大阪府,堺市堺区,南田出井町４丁,11,64,11,64,5,39,6,25,6,25,-,-,-,-,-,-
27141043200043200_大阪府堺市堺区南島町１丁,27141,大阪府,堺市堺区,南島町１丁,10,149,10,149,4,9,6,140,6,140,-,-,-,-,-,-
27141043200043300_大阪府堺市堺区南島町２丁,27141,大阪府,堺市堺区,南島町２丁,10,130,10,130,3,5,7,125,6,123,1,2,-,-,-,-
27141043200043400_大阪府堺市堺区南島町３丁,27141,大阪府,堺市堺区,南島町３丁,16,245,16,245,3,4,13,241,13,241,-,-,-,-,-,-
27141043200043500_大阪府堺市堺区南島町４丁,27141,大阪府,堺市堺区,南島町４丁,16,405,16,405,2,3,14,402,14,402,-,-,-,-,-,-
27141043200043600_大阪府堺市堺区南島町５丁,27141,大阪府,堺市堺区,南島町５丁,9,502,9,502,-,-,9,502,9,502,-,-,-,-,-,-
27141043200043700_大阪府堺市堺区南島町６丁,27141,大阪府,堺市堺区,南島町６丁,-,-,-,-,-,-,-,-,-,-,-,-,-,-,-,-
27141045600045600_大阪府堺市堺区南半町西１丁,27141,大阪府,堺市堺区,南半町西１丁,17,50,17,50,11,24,6,26,4,24,2,2,-,-,-,-
27141045600045700_大阪府堺市堺区南半町西２丁,27141,大阪府,堺市堺区,南半町西２丁,11,84,11,84,7,22,4,62,4,62,-,-,-,-,-,-
27141045600045800_大阪府堺市堺区南半町西３丁,27141,大阪府,堺市堺区,南半町西３丁,8,23,8,23,6,9,2,14,2,14,-,-,-,-,-,-
27141045600045900_大阪府堺市堺区南半町西４丁,27141,大阪府,堺市堺区,南半町西４丁,2,3,2,3,1,2,1,1,-,-,1,1,-,-,-,-
27141046000046000_大阪府堺市堺区南半町東１丁,27141,大阪府,堺市堺区,南半町東１丁,13,52,13,52,11,23,2,29,2,29,-,-,-,-,-,-
27141046000046100_大阪府堺市堺区南半町東２丁,27141,大阪府,堺市堺区,南半町東２丁,4,17,4,17,-,-,4,17,3,14,1,3,-,-,-,-
27141044600044600_大阪府堺市堺区南旅篭町西１丁,27141,大阪府,堺市堺区,南旅篭町西１丁,11,39,11,39,8,22,3,17,2,7,1,10,-,-,-,-
27141044600044700_大阪府堺市堺区南旅篭町西２丁,27141,大阪府,堺市堺区,南旅篭町西２丁,10,40,10,40,3,3,6,36,6,36,-,-,1,1,-,-
27141044600044800_大阪府堺市堺区南旅篭町西３丁,27141,大阪府,堺市堺区,南旅篭町西３丁,8,47,8,47,3,9,5,38,5,38,-,-,-,-,-,-
27141044600044900_大阪府堺市堺区南旅篭町西４丁,27141,大阪府,堺市堺区,南旅篭町西４丁,1,1,1,1,1,1,-,-,-,-,-,-,-,-,-,-
27141045000045000_大阪府堺市堺区南旅篭町東１丁,27141,大阪府,堺市堺区,南旅篭町東１丁,16,230,16,230,9,22,7,208,7,208,-,-,-,-,-,-
27141045000045100_大阪府堺市堺区南旅篭町東２丁,27141,大阪府,堺市堺区,南旅篭町東２丁,7,29,7,29,2,3,5,26,3,8,2,18,-,-,-,-
27141045000045200_大阪府堺市堺区南旅篭町東３丁,27141,大阪府,堺市堺区,南旅篭町東３丁,7,21,7,21,-,-,7,21,2,7,5,14,-,-,-,-
27141045000045300_大阪府堺市堺区南旅篭町東４丁,27141,大阪府,堺市堺区,南旅篭町東４丁,10,65,10,65,4,24,6,41,4,36,2,5,-,-,-,-
27141037700037700_大阪府堺市堺区南陵町１丁,27141,大阪府,堺市堺区,南陵町１丁,9,55,9,55,1,1,8,54,7,41,1,13,-,-,-,-
27141037700037800_大阪府堺市堺区南陵町２丁,27141,大阪府,堺市堺区,南陵町２丁,1,9,1,9,-,-,1,9,1,9,-,-,-,-,-,-
27141037700037900_大阪府堺市堺区南陵町３丁,27141,大阪府,堺市堺区,南陵町３丁,4,12,4,12,1,5,3,7,2,6,1,1,-,-,-,-
27141037700038000_大阪府堺市堺区南陵町４丁,27141,大阪府,堺市堺区,南陵町４丁,10,52,10,52,7,28,3,24,3,24,-,-,-,-,-,-
27141019000019000_大阪府堺市堺区楠町１丁,27141,大阪府,堺市堺区,楠町１丁,11,174,11,174,5,23,6,151,5,140,1,11,-,-,-,-
27141019000019100_大阪府堺市堺区楠町２丁,27141,大阪府,堺市堺区,楠町２丁,8,120,8,120,1,3,7,117,5,62,2,55,-,-,-,-
27141019000019200_大阪府堺市堺区楠町３丁,27141,大阪府,堺市堺区,楠町３丁,14,73,14,73,5,9,7,59,7,59,-,-,2,5,-,-
27141019000019300_大阪府堺市堺区楠町４丁,27141,大阪府,堺市堺区,楠町４丁,9,22,9,22,1,1,8,21,7,18,1,3,-,-,-,-
27141038100038100_大阪府堺市堺区賑町１丁,27141,大阪府,堺市堺区,賑町１丁,1,2,1,2,-,-,1,2,-,-,1,2,-,-,-,-
27141038100038200_大阪府堺市堺区賑町２丁,27141,大阪府,堺市堺区,賑町２丁,5,11,5,11,4,8,1,3,-,-,1,3,-,-,-,-
27141038100038300_大阪府堺市堺区賑町３丁,27141,大阪府,堺市堺区,賑町３丁,13,38,13,38,7,13,6,25,4,22,2,3,-,-,-,-
27141038100038400_大阪府堺市堺区賑町４丁,27141,大阪府,堺市堺区,賑町４丁,10,19,10,19,8,13,1,5,1,5,-,-,1,1,-,-
27141011700011700_大阪府堺市堺区柏木町１丁,27141,大阪府,堺市堺区,柏木町１丁,9,49,9,49,4,5,5,44,5,44,-,-,-,-,-,-
27141011700011800_大阪府堺市堺区柏木町２丁,27141,大阪府,堺市堺区,柏木町２丁,13,50,13,50,8,21,5,29,4,27,1,2,-,-,-,-
27141011700011900_大阪府堺市堺区柏木町３丁,27141,大阪府,堺市堺区,柏木町３丁,7,113,7,113,3,4,4,109,3,25,1,84,-,-,-,-
27141011700012000_大阪府堺市堺区柏木町４丁,27141,大阪府,堺市堺区,柏木町４丁,13,104,13,104,2,4,11,100,11,100,-,-,-,-,-,-
27141047500047500_大阪府堺市堺区百舌鳥夕雲町１丁,27141,大阪府,堺市堺区,百舌鳥夕雲町１丁,6,16,6,16,4,9,2,7,1,1,1,6,-,-,-,-
27141047500047600_大阪府堺市堺区百舌鳥夕雲町２丁,27141,大阪府,堺市堺区,百舌鳥夕雲町２丁,19,138,18,110,6,9,11,97,8,57,3,40,1,4,1,28
27141047500047700_大阪府堺市堺区百舌鳥夕雲町３丁,27141,大阪府,堺市堺区,百舌鳥夕雲町３丁,-,-,-,-,-,-,-,-,-,-,-,-,-,-,-,-
27141047800047800_大阪府堺市堺区文珠橋通,27141,大阪府,堺市堺区,文珠橋通,12,73,12,73,5,10,7,63,7,63,-,-,-,-,-,-
27141037600037600_大阪府堺市堺区並松町,27141,大阪府,堺市堺区,並松町,10,38,10,38,3,6,7,32,6,31,1,1,-,-,-,-
27141016100016100_大阪府堺市堺区北三国ヶ丘町１丁,27141,大阪府,堺市堺区,北三国ヶ丘町１丁,12,87,12,87,5,9,7,78,3,27,4,51,-,-,-,-
27141016100016200_大阪府堺市堺区北三国ヶ丘町２丁,27141,大阪府,堺市堺区,北三国ヶ丘町２丁,4,54,4,54,-,-,4,54,2,13,2,41,-,-,-,-
27141016100016300_大阪府堺市堺区北三国ヶ丘町３丁,27141,大阪府,堺市堺区,北三国ヶ丘町３丁,12,43,12,43,6,14,6,29,6,29,-,-,-,-,-,-
27141016100016400_大阪府堺市堺区北三国ヶ丘町４丁,27141,大阪府,堺市堺区,北三国ヶ丘町４丁,12,61,10,27,8,18,2,9,2,9,-,-,-,-,2,34
27141016100016500_大阪府堺市堺区北三国ヶ丘町５丁,27141,大阪府,堺市堺区,北三国ヶ丘町５丁,10,96,9,50,1,1,8,49,7,48,1,1,-,-,1,46
27141016100016600_大阪府堺市堺区北三国ヶ丘町６丁,27141,大阪府,堺市堺区,北三国ヶ丘町６丁,6,43,6,43,2,4,4,39,3,31,1,8,-,-,-,-
27141016100016700_大阪府堺市堺区北三国ヶ丘町７丁,27141,大阪府,堺市堺区,北三国ヶ丘町７丁,8,97,8,97,6,20,2,77,2,77,-,-,-,-,-,-
27141016100016800_大阪府堺市堺区北三国ヶ丘町８丁,27141,大阪府,堺市堺区,北三国ヶ丘町８丁,39,221,39,221,18,53,21,168,19,150,2,18,-,-,-,-
27141016900016900_大阪府堺市堺区北安井町,27141,大阪府,堺市堺区,北安井町,9,76,9,76,3,16,6,60,5,39,1,21,-,-,-,-
27141015500015500_大阪府堺市堺区北花田口町１丁,27141,大阪府,堺市堺区,北花田口町１丁,5,27,5,27,3,9,2,18,2,18,-,-,-,-,-,-
27141015500015600_大阪府堺市堺区北花田口町２丁,27141,大阪府,堺市堺区,北花田口町２丁,5,203,5,203,1,5,4,198,4,198,-,-,-,-,-,-
27141015500015700_大阪府堺市堺区北花田口町３丁,27141,大阪府,堺市堺区,北花田口町３丁,36,445,36,445,11,33,24,408,21,346,3,62,1,4,-,-
27141013600013600_大阪府堺市堺区北瓦町１丁,27141,大阪府,堺市堺区,北瓦町１丁,56,483,56,483,16,86,39,394,37,387,2,7,1,3,-,-
27141013600013700_大阪府堺市堺区北瓦町２丁,27141,大阪府,堺市堺区,北瓦町２丁,103,"1,378",102,"1,357",28,113,73,"1,237",65,"1,193",8,44,1,7,1,21
27141016000016000_大阪府堺市堺区北丸保園,27141,大阪府,堺市堺区,北丸保園,6,35,6,35,1,3,5,32,4,22,1,10,-,-,-,-
27141013800013800_大阪府堺市堺区北向陽町１丁,27141,大阪府,堺市堺区,北向陽町１丁,16,69,16,69,8,28,8,41,8,41,-,-,-,-,-,-
27141013800013900_大阪府堺市堺区北向陽町２丁,27141,大阪府,堺市堺区,北向陽町２丁,10,134,10,134,1,1,9,133,8,131,1,2,-,-,-,-
27141014300014300_大阪府堺市堺区北庄町１丁,27141,大阪府,堺市堺区,北庄町１丁,19,79,19,79,5,13,14,66,11,58,3,8,-,-,-,-
27141014300014400_大阪府堺市堺区北庄町２丁,27141,大阪府,堺市堺区,北庄町２丁,23,214,23,214,8,14,15,200,14,196,1,4,-,-,-,-
27141014300014500_大阪府堺市堺区北庄町３丁,27141,大阪府,堺市堺区,北庄町３丁,8,109,8,109,-,-,8,109,8,109,-,-,-,-,-,-
27141014000014000_大阪府堺市堺区北清水町１丁,27141,大阪府,堺市堺区,北清水町１丁,9,37,9,37,2,3,7,34,7,34,-,-,-,-,-,-
27141014000014100_大阪府堺市堺区北清水町２丁,27141,大阪府,堺市堺区,北清水町２丁,10,239,10,239,3,6,7,233,6,50,1,183,-,-,-,-
27141014000014200_大阪府堺市堺区北清水町３丁,27141,大阪府,堺市堺区,北清水町３丁,17,54,17,54,10,22,7,32,6,31,1,1,-,-,-,-
27141014600014600_大阪府堺市堺区北田出井町１丁,27141,大阪府,堺市堺区,北田出井町１丁,12,54,12,54,3,3,9,51,5,22,4,29,-,-,-,-
27141014600014700_大阪府堺市堺区北田出井町２丁,27141,大阪府,堺市堺区,北田出井町２丁,2,8,2,8,1,1,1,7,1,7,-,-,-,-,-,-
27141014600014800_大阪府堺市堺区北田出井町３丁,27141,大阪府,堺市堺区,北田出井町３丁,9,39,9,39,5,8,4,31,3,28,1,3,-,-,-,-
27141015400015400_大阪府堺市堺区北波止町,27141,大阪府,堺市堺区,北波止町,17,189,17,189,-,-,17,189,17,189,-,-,-,-,-,-
27141015800015800_大阪府堺市堺区北半町西,27141,大阪府,堺市堺区,北半町西,11,46,11,46,4,21,7,25,4,15,3,10,-,-,-,-
27141015900015900_大阪府堺市堺区北半町東,27141,大阪府,堺市堺区,北半町東,6,13,6,13,3,6,3,7,2,6,1,1,-,-,-,-
27141014900014900_大阪府堺市堺区北旅籠町西１丁,27141,大阪府,堺市堺区,北旅籠町西１丁,9,41,9,41,4,7,5,34,4,33,1,1,-,-,-,-
27141014900015000_大阪府堺市堺区北旅籠町西２丁,27141,大阪府,堺市堺区,北旅籠町西２丁,6,13,6,13,4,7,2,6,2,6,-,-,-,-,-,-
27141014900015100_大阪府堺市堺区北旅籠町西３丁,27141,大阪府,堺市堺区,北旅籠町西３丁,9,29,9,29,7,23,2,6,2,6,-,-,-,-,-,-
27141015200015200_大阪府堺市堺区北旅籠町東１丁,27141,大阪府,堺市堺区,北旅籠町東１丁,6,16,6,16,4,9,2,7,2,7,-,-,-,-,-,-
27141015200015300_大阪府堺市堺区北旅籠町東２丁,27141,大阪府,堺市堺区,北旅籠町東２丁,-,-,-,-,-,-,-,-,-,-,-,-,-,-,-,-
27141048000048000_大阪府堺市堺区柳之町西１丁,27141,大阪府,堺市堺区,柳之町西１丁,13,91,12,84,7,40,5,44,4,21,1,23,-,-,1,7
27141048000048100_大阪府堺市堺区柳之町西２丁,27141,大阪府,堺市堺区,柳之町西２丁,6,30,6,30,4,12,2,18,2,18,-,-,-,-,-,-
27141048000048200_大阪府堺市堺区柳之町西３丁,27141,大阪府,堺市堺区,柳之町西３丁,8,103,8,103,3,7,5,96,5,96,-,-,-,-,-,-
27141048300048300_大阪府堺市堺区柳之町東１丁,27141,大阪府,堺市堺区,柳之町東１丁,7,58,7,58,5,42,2,16,2,16,-,-,-,-,-,-
27141048300048400_大阪府堺市堺区柳之町東２丁,27141,大阪府,堺市堺区,柳之町東２丁,12,52,12,52,2,4,10,48,4,28,6,20,-,-,-,-
27141049400049400_大阪府堺市堺区竜神橋町１丁,27141,大阪府,堺市堺区,竜神橋町１丁,31,314,31,314,12,47,19,267,18,255,1,12,-,-,-,-
27141049400049500_大阪府堺市堺区竜神橋町２丁,27141,大阪府,堺市堺区,竜神橋町２丁,22,153,22,153,4,18,18,135,17,133,1,2,-,-,-,-
27141049600049600_大阪府堺市堺区陵西通,27141,大阪府,堺市堺区,陵西通,6,25,6,25,1,2,5,23,5,23,-,-,-,-,-,-
27141041700041700_大阪府堺市堺区緑ヶ丘中町１丁,27141,大阪府,堺市堺区,緑ヶ丘中町１丁,9,96,9,96,2,17,7,79,6,77,1,2,-,-,-,-
27141041700041800_大阪府堺市堺区緑ヶ丘中町２丁,27141,大阪府,堺市堺区,緑ヶ丘中町２丁,9,35,9,35,3,7,6,28,5,22,1,6,-,-,-,-
27141041700041900_大阪府堺市堺区緑ヶ丘中町３丁,27141,大阪府,堺市堺区,緑ヶ丘中町３丁,5,24,5,24,2,9,3,15,3,15,-,-,-,-,-,-
27141041700042000_大阪府堺市堺区緑ヶ丘中町４丁,27141,大阪府,堺市堺区,緑ヶ丘中町４丁,3,4,3,4,1,2,2,2,2,2,-,-,-,-,-,-
27141042100042100_大阪府堺市堺区緑ヶ丘南町１丁,27141,大阪府,堺市堺区,緑ヶ丘南町１丁,7,36,7,36,2,4,5,32,4,16,1,16,-,-,-,-
27141042100042200_大阪府堺市堺区緑ヶ丘南町２丁,27141,大阪府,堺市堺区,緑ヶ丘南町２丁,7,81,7,81,1,1,6,80,3,29,3,51,-,-,-,-
27141042100042300_大阪府堺市堺区緑ヶ丘南町３丁,27141,大阪府,堺市堺区,緑ヶ丘南町３丁,6,51,6,51,2,10,4,41,3,16,1,25,-,-,-,-
27141042100042400_大阪府堺市堺区緑ヶ丘南町４丁,27141,大阪府,堺市堺区,緑ヶ丘南町４丁,8,34,8,34,4,6,4,28,2,15,2,13,-,-,-,-
27141041300041300_大阪府堺市堺区緑ヶ丘北町１丁,27141,大阪府,堺市堺区,緑ヶ丘北町１丁,8,30,8,30,3,4,5,26,5,26,-,-,-,-,-,-
27141041300041400_大阪府堺市堺区緑ヶ丘北町２丁,27141,大阪府,堺市堺区,緑ヶ丘北町２丁,18,41,18,41,12,24,6,17,6,17,-,-,-,-,-,-
27141041300041500_大阪府堺市堺区緑ヶ丘北町３丁,27141,大阪府,堺市堺区,緑ヶ丘北町３丁,9,30,9,30,8,17,1,13,1,13,-,-,-,-,-,-
27141041300041600_大阪府堺市堺区緑ヶ丘北町４丁,27141,大阪府,堺市堺区,緑ヶ丘北町４丁,1,1,1,1,1,1,-,-,-,-,-,-,-,-,-,-
27141042500042500_大阪府堺市堺区緑町１丁,27141,大阪府,堺市堺区,緑町１丁,10,117,10,117,4,59,6,58,6,58,-,-,-,-,-,-
27141042500042600_大阪府堺市堺区緑町２丁,27141,大阪府,堺市堺区,緑町２丁,15,164,15,164,1,2,14,162,12,129,2,33,-,-,-,-
27141042500042700_大阪府堺市堺区緑町３丁,27141,大阪府,堺市堺区,緑町３丁,10,214,10,214,-,-,10,214,10,214,-,-,-,-,-,-
27141042500042800_大阪府堺市堺区緑町４丁,27141,大阪府,堺市堺区,緑町４丁,3,"1,177",3,"1,177",-,-,3,"1,177",3,"1,177",-,-,-,-,-,-
27141006800006800_大阪府堺市堺区老松町１丁,27141,大阪府,堺市堺区,老松町１丁,15,405,15,405,-,-,15,405,15,405,-,-,-,-,-,-
27141006800006900_大阪府堺市堺区老松町２丁,27141,大阪府,堺市堺区,老松町２丁,7,51,7,51,1,1,6,50,5,36,1,14,-,-,-,-
27141006800007000_大阪府堺市堺区老松町３丁,27141,大阪府,堺市堺区,老松町３丁,8,"1,555",8,"1,555",-,-,8,"1,555",7,"1,553",1,2,-,-,-,-
27141999999999999_大阪府堺市堺区その他,27141,大阪府,堺市堺区,その他,-,-,-,-,-,-,-,-,-,-,-,-,-,-,-,-
27142_大阪府堺市中区,27142,大阪府,堺市中区,,"3,851","45,461","3,814","44,061","1,339","4,267","2,468","39,771","2,210","28,194",258,"11,577",7,23,37,"1,400"
27142002400002400_大阪府堺市中区八田寺町,27142,大阪府,堺市中区,八田寺町,43,466,39,396,11,20,28,376,25,364,3,12,-,-,4,70
27142002000002000_大阪府堺市中区八田西町１丁,27142,大阪府,堺市中区,八田西町１丁,11,163,11,163,4,6,7,157,7,157,-,-,-,-,-,-
27142002000002100_大阪府堺市中区八田西町２丁,27142,大阪府,堺市中区,八田西町２丁,86,695,86,695,41,127,45,568,42,495,3,73,-,-,-,-
27142002000002200_大阪府堺市中区八田西町３丁,27142,大阪府,堺市中区,八田西町３丁,50,255,50,255,28,79,22,176,21,161,1,15,-,-,-,-
27142002300002300_大阪府堺市中区八田南之町,27142,大阪府,堺市中区,八田南之町,16,846,16,846,4,15,12,831,10,105,2,726,-,-,-,-
27142001900001900_大阪府堺市中区八田北町,27142,大阪府,堺市中区,八田北町,125,"1,007",124,971,55,148,69,823,65,783,4,40,-,-,1,36
27142000300000300_大阪府堺市中区学園町,27142,大阪府,堺市中区,学園町,29,"2,201",29,"2,201",2,2,25,"2,198",16,149,9,"2,049",2,1,-,-
27142004300004300_大阪府堺市中区宮園町,27142,大阪府,堺市中区,宮園町,28,187,26,125,19,49,7,76,7,76,-,-,-,-,2,62
27142003900003900_大阪府堺市中区見野山,27142,大阪府,堺市中区,見野山,42,745,42,745,8,15,33,716,31,581,2,135,1,14,-,-
27142000800000800_大阪府堺市中区高蔵寺,27142,大阪府,堺市中区,高蔵寺,-,-,-,-,-,-,-,-,-,-,-,-,-,-,-,-
27142000500000500_大阪府堺市中区小阪,27142,大阪府,堺市中区,小阪,103,"1,187",103,"1,187",40,136,63,"1,051",60,"1,007",3,44,-,-,-,-
27142000600000600_大阪府堺市中区小阪西町,27142,大阪府,堺市中区,小阪西町,26,381,26,381,5,28,21,353,21,353,-,-,-,-,-,-
27142000100000100_大阪府堺市中区上之,27142,大阪府,堺市中区,上之,40,585,40,585,11,42,29,543,22,435,7,108,-,-,-,-
27142000700000700_大阪府堺市中区新家町,27142,大阪府,堺市中区,新家町,129,"1,287",128,"1,229",57,126,71,"1,103",63,907,8,196,-,-,1,58
27142003400003400_大阪府堺市中区深井水池町,27142,大阪府,堺市中区,深井水池町,136,"1,201",135,"1,156",48,213,86,942,80,890,6,52,1,1,1,45
27142003000003000_大阪府堺市中区深井清水町,27142,大阪府,堺市中区,深井清水町,241,"1,827",238,"1,737",90,316,147,"1,419",131,"1,229",16,190,1,2,3,90
27142002900002900_大阪府堺市中区深井沢町,27142,大阪府,堺市中区,深井沢町,296,"3,685",290,"3,316",137,554,153,"2,762",134,"1,786",19,976,-,-,6,369
27142003100003100_大阪府堺市中区深井中町,27142,大阪府,堺市中区,深井中町,181,"1,563",180,"1,527",72,164,108,"1,363",95,"1,027",13,336,-,-,1,36
27142003300003300_大阪府堺市中区深井東町,27142,大阪府,堺市中区,深井東町,54,536,54,536,25,111,29,425,28,369,1,56,-,-,-,-
27142003200003200_大阪府堺市中区深井畑山町,27142,大阪府,堺市中区,深井畑山町,84,"1,553",83,"1,546",11,44,72,"1,502",58,"1,149",14,353,-,-,1,7
27142002800002800_大阪府堺市中区深井北町,27142,大阪府,堺市中区,深井北町,156,"2,632",154,"2,563",60,184,94,"2,379",86,"1,260",8,"1,119",-,-,2,69
27142003500003500_大阪府堺市中区深阪,27142,大阪府,堺市中区,深阪,-,-,-,-,-,-,-,-,-,-,-,-,-,-,-,-
27142400100400100_大阪府堺市中区深阪１丁,27142,大阪府,堺市中区,深阪１丁,35,961,35,961,6,26,29,935,25,867,4,68,-,-,-,-
27142400100400200_大阪府堺市中区深阪２丁,27142,大阪府,堺市中区,深阪２丁,51,440,51,440,11,51,40,389,39,375,1,14,-,-,-,-
27142400100400300_大阪府堺市中区深阪３丁,27142,大阪府,堺市中区,深阪３丁,20,123,20,123,3,11,17,112,17,112,-,-,-,-,-,-
27142400100400400_大阪府堺市中区深阪４丁,27142,大阪府,堺市中区,深阪４丁,28,193,28,193,8,24,20,169,19,167,1,2,-,-,-,-
27142400100400500_大阪府堺市中区深阪５丁,27142,大阪府,堺市中区,深阪５丁,24,169,23,148,5,20,18,128,17,113,1,15,-,-,1,21
27142400100400600_大阪府堺市中区深阪６丁,27142,大阪府,堺市中区,深阪６丁,32,178,32,178,10,33,22,145,20,127,2,18,-,-,-,-
27142000200000200_大阪府堺市中区大野芝町,27142,大阪府,堺市中区,大野芝町,132,"1,951",132,"1,951",35,146,97,"1,805",87,"1,161",10,644,-,-,-,-
27142001000001000_大阪府堺市中区辻之,27142,大阪府,堺市中区,辻之,82,460,82,460,41,108,40,350,37,250,3,100,1,2,-,-
27142000900000900_大阪府堺市中区田園,27142,大阪府,堺市中区,田園,60,467,59,439,21,54,38,385,32,246,6,139,-,-,1,28
27142001400001400_大阪府堺市中区土師町１丁,27142,大阪府,堺市中区,土師町１丁,40,285,40,285,15,51,25,234,21,164,4,70,-,-,-,-
27142001400001500_大阪府堺市中区土師町２丁,27142,大阪府,堺市中区,土師町２丁,28,328,28,328,9,27,18,298,15,163,3,135,1,3,-,-
27142001400001600_大阪府堺市中区土師町３丁,27142,大阪府,堺市中区,土師町３丁,65,394,64,368,33,88,31,280,27,260,4,20,-,-,1,26
27142001400001700_大阪府堺市中区土師町４丁,27142,大阪府,堺市中区,土師町４丁,30,350,30,350,7,18,23,332,22,321,1,11,-,-,-,-
27142001400001800_大阪府堺市中区土師町５丁,27142,大阪府,堺市中区,土師町５丁,32,311,32,311,12,17,20,294,17,72,3,222,-,-,-,-
27142001200001200_大阪府堺市中区土塔町,27142,大阪府,堺市中区,土塔町,130,"1,751",126,"1,610",39,172,87,"1,438",81,"1,164",6,274,-,-,4,141
27142002500002500_大阪府堺市中区東八田,27142,大阪府,堺市中区,東八田,65,662,65,662,19,47,46,615,38,445,8,170,-,-,-,-
27142002600002600_大阪府堺市中区東山,27142,大阪府,堺市中区,東山,196,"3,916",196,"3,916",39,117,157,"3,799",135,"1,932",22,"1,867",-,-,-,-
27142001100001100_大阪府堺市中区陶器北,27142,大阪府,堺市中区,陶器北,109,"1,242",106,"1,135",37,124,69,"1,011",62,905,7,106,-,-,3,107
27142001300001300_大阪府堺市中区楢葉,27142,大阪府,堺市中区,楢葉,44,292,44,292,7,34,37,258,37,258,-,-,-,-,-,-
27142003700003700_大阪府堺市中区伏尾,27142,大阪府,堺市中区,伏尾,74,915,74,915,25,76,49,839,44,602,5,237,-,-,-,-
27142003600003600_大阪府堺市中区福田,27142,大阪府,堺市中区,福田,331,"2,699",329,"2,598",131,342,198,"2,256",176,"1,851",22,405,-,-,2,101
27142002700002700_大阪府堺市中区平井,27142,大阪府,堺市中区,平井,119,"1,383",117,"1,273",31,100,86,"1,173",73,972,13,201,-,-,2,110
27142003800003800_大阪府堺市中区堀上町,27142,大阪府,堺市中区,堀上町,97,775,97,775,41,122,56,653,49,381,7,272,-,-,-,-
27142000400000400_大阪府堺市中区毛穴町,27142,大阪府,堺市中区,毛穴町,151,"2,214",150,"2,190",26,80,124,"2,110",118,"2,003",6,107,-,-,1,24
27142999999999999_大阪府堺市中区その他,27142,大阪府,堺市中区,その他,-,-,-,-,-,-,-,-,-,-,-,-,-,-,-,-
27143_大阪府堺市東区,27143,大阪府,堺市東区,,"2,172","20,037","2,144","19,072",955,"2,925","1,186","16,143","1,001","11,450",185,"4,693",3,4,28,965
27143004000004000_大阪府堺市東区八下町１丁,27143,大阪府,堺市東区,八下町１丁,22,503,22,503,-,-,22,503,19,483,3,20,-,-,-,-
27143004000004100_大阪府堺市東区八下町２丁,27143,大阪府,堺市東区,八下町２丁,9,172,9,172,1,1,8,171,7,102,1,69,-,-,-,-
27143004000004200_大阪府堺市東区八下町３丁,27143,大阪府,堺市東区,八下町３丁,7,204,7,204,-,-,7,204,7,204,-,-,-,-,-,-
27143003100003100_大阪府堺市東区引野町１丁,27143,大阪府,堺市東区,引野町１丁,5,39,4,14,1,1,3,13,3,13,-,-,-,-,1,25
27143003100003200_大阪府堺市東区引野町２丁,27143,大阪府,堺市東区,引野町２丁,21,86,21,86,13,37,8,49,7,41,1,8,-,-,-,-
27143003100003300_大阪府堺市東区引野町３丁,27143,大阪府,堺市東区,引野町３丁,16,84,16,84,6,11,10,73,6,52,4,21,-,-,-,-
27143001200001200_大阪府堺市東区関茶屋,27143,大阪府,堺市東区,関茶屋,13,66,13,66,4,23,9,43,9,43,-,-,-,-,-,-
27143001300001300_大阪府堺市東区高松,27143,大阪府,堺市東区,高松,46,413,45,362,19,77,26,285,19,175,7,110,-,-,1,51
27143000800000800_大阪府堺市東区丈六,27143,大阪府,堺市東区,丈六,136,763,134,722,63,169,71,553,64,492,7,61,-,-,2,41
27143001500001500_大阪府堺市東区西野,27143,大阪府,堺市東区,西野,129,"1,165",128,"1,097",64,180,64,917,46,331,18,586,-,-,1,68
27143000100000100_大阪府堺市東区石原町１丁,27143,大阪府,堺市東区,石原町１丁,21,456,19,420,1,20,18,400,18,400,-,-,-,-,2,36
27143000100000200_大阪府堺市東区石原町２丁,27143,大阪府,堺市東区,石原町２丁,22,574,22,574,1,1,21,573,21,573,-,-,-,-,-,-
27143000100000300_大阪府堺市東区石原町３丁,27143,大阪府,堺市東区,石原町３丁,2,54,2,54,-,-,2,54,1,3,1,51,-,-,-,-
27143000100000400_大阪府堺市東区石原町４丁,27143,大阪府,堺市東区,石原町４丁,15,61,15,61,3,5,12,56,10,53,2,3,-,-,-,-
27143000700000700_大阪府堺市東区草尾,27143,大阪府,堺市東区,草尾,146,"1,161",145,"1,126",57,174,88,952,80,878,8,74,-,-,1,35
27143000500000500_大阪府堺市東区大美野,27143,大阪府,堺市東区,大美野,188,"1,192",186,"1,125",65,199,121,926,106,742,15,184,-,-,2,67
27143001400001400_大阪府堺市東区中茶屋,27143,大阪府,堺市東区,中茶屋,23,90,23,90,7,18,16,72,14,62,2,10,-,-,-,-
27143003900003900_大阪府堺市東区南野田,27143,大阪府,堺市東区,南野田,79,906,77,872,28,67,49,805,32,198,17,607,-,-,2,34
27143003000003000_大阪府堺市東区日置荘原寺町,27143,大阪府,堺市東区,日置荘原寺町,143,"1,262",138,960,56,165,82,795,70,667,12,128,-,-,5,302
27143002200002200_大阪府堺市東区日置荘西町１丁,27143,大阪府,堺市東区,日置荘西町１丁,96,802,96,802,52,175,44,627,39,566,5,61,-,-,-,-
27143002200002300_大阪府堺市東区日置荘西町２丁,27143,大阪府,堺市東区,日置荘西町２丁,97,714,96,675,46,214,50,461,46,411,4,50,-,-,1,39
27143002200002400_大阪府堺市東区日置荘西町３丁,27143,大阪府,堺市東区,日置荘西町３丁,42,883,42,883,20,61,21,820,17,789,4,31,1,2,-,-
27143002200002500_大阪府堺市東区日置荘西町４丁,27143,大阪府,堺市東区,日置荘西町４丁,41,225,41,225,19,53,22,172,17,120,5,52,-,-,-,-
27143002200002600_大阪府堺市東区日置荘西町５丁,27143,大阪府,堺市東区,日置荘西町５丁,16,59,16,59,7,14,9,45,8,43,1,2,-,-,-,-
27143002200002700_大阪府堺市東区日置荘西町６丁,27143,大阪府,堺市東区,日置荘西町６丁,28,123,27,101,13,21,14,80,11,58,3,22,-,-,1,22
27143002200002800_大阪府堺市東区日置荘西町７丁,27143,大阪府,堺市東区,日置荘西町７丁,30,193,30,193,19,59,11,134,7,86,4,48,-,-,-,-
27143002200002900_大阪府堺市東区日置荘西町８丁,27143,大阪府,堺市東区,日置荘西町８丁,6,134,6,134,-,-,6,134,2,7,4,127,-,-,-,-
27143002100002100_大阪府堺市東区日置荘田中町,27143,大阪府,堺市東区,日置荘田中町,27,351,27,351,8,22,19,329,16,191,3,138,-,-,-,-
27143001700001700_大阪府堺市東区日置荘北町,27143,大阪府,堺市東区,日置荘北町,7,26,7,26,4,6,3,20,3,20,-,-,-,-,-,-
27143001700001800_大阪府堺市東区日置荘北町１丁,27143,大阪府,堺市東区,日置荘北町１丁,21,80,21,80,9,15,12,65,12,65,-,-,-,-,-,-
27143001700001900_大阪府堺市東区日置荘北町２丁,27143,大阪府,堺市東区,日置荘北町２丁,22,155,22,155,12,52,10,103,10,103,-,-,-,-,-,-
27143001700002000_大阪府堺市東区日置荘北町３丁,27143,大阪府,堺市東区,日置荘北町３丁,33,221,32,189,11,36,21,153,17,113,4,40,-,-,1,32
27143000900000900_大阪府堺市東区白鷺町１丁,27143,大阪府,堺市東区,白鷺町１丁,90,438,90,438,66,203,24,235,21,211,3,24,-,-,-,-
27143000900001000_大阪府堺市東区白鷺町２丁,27143,大阪府,堺市東区,白鷺町２丁,12,116,10,75,2,5,8,70,5,39,3,31,-,-,2,41
27143000900001100_大阪府堺市東区白鷺町３丁,27143,大阪府,堺市東区,白鷺町３丁,44,294,44,294,27,86,17,208,13,68,4,140,-,-,-,-
27143003400003400_大阪府堺市東区菩提町１丁,27143,大阪府,堺市東区,菩提町１丁,27,311,27,311,9,19,18,292,14,73,4,219,-,-,-,-
27143003400003500_大阪府堺市東区菩提町２丁,27143,大阪府,堺市東区,菩提町２丁,15,179,14,141,8,25,6,116,5,23,1,93,-,-,1,38
27143003400003600_大阪府堺市東区菩提町３丁,27143,大阪府,堺市東区,菩提町３丁,10,54,10,54,4,11,6,43,6,43,-,-,-,-,-,-
27143003400003700_大阪府堺市東区菩提町４丁,27143,大阪府,堺市東区,菩提町４丁,19,145,19,145,11,33,8,112,7,64,1,48,-,-,-,-
27143003400003800_大阪府堺市東区菩提町５丁,27143,大阪府,堺市東区,菩提町５丁,15,89,14,56,10,29,4,27,3,17,1,10,-,-,1,33
27143000600000600_大阪府堺市東区北野田,27143,大阪府,堺市東区,北野田,336,"4,350",333,"4,254",159,521,173,"3,732",147,"2,233",26,"1,499",1,1,3,96
27143001600001600_大阪府堺市東区野尻町,27143,大阪府,堺市東区,野尻町,95,844,94,839,50,117,43,721,36,595,7,126,1,1,1,5
27143999999999999_大阪府堺市東区その他,27143,大阪府,堺市東区,その他,-,-,-,-,-,-,-,-,-,-,-,-,-,-,-,-
27144_大阪府堺市西区,27144,大阪府,堺市西区,,"4,621","62,908","4,578","60,723","1,440","4,732","3,124","55,925","2,771","46,636",353,"9,289",14,66,43,"2,185"
27144012600012600_大阪府堺市西区八田寺町,27144,大阪府,堺市西区,八田寺町,-,-,-,-,-,-,-,-,-,-,-,-,-,-,-,-
27144006100006100_大阪府堺市西区下田町,27144,大阪府,堺市西区,下田町,73,868,73,868,10,28,63,840,59,811,4,29,-,-,-,-
27144001700001700_大阪府堺市西区家原寺町１丁,27144,大阪府,堺市西区,家原寺町１丁,37,"1,877",35,"1,829",10,37,25,"1,792",19,185,6,"1,607",-,-,2,48
27144001700001800_大阪府堺市西区家原寺町２丁,27144,大阪府,堺市西区,家原寺町２丁,15,96,14,66,3,12,11,54,11,54,-,-,-,-,1,30
27144013700013700_大阪府堺市西区宮下町,27144,大阪府,堺市西区,宮下町,13,527,13,527,4,8,9,519,9,519,-,-,-,-,-,-
27144012500012500_大阪府堺市西区原田,27144,大阪府,堺市西区,原田,22,194,21,112,10,34,11,78,11,78,-,-,-,-,1,82
27144013800013800_大阪府堺市西区山田１丁,27144,大阪府,堺市西区,山田１丁,44,321,44,321,15,34,28,284,28,284,-,-,1,3,-,-
27144013800013900_大阪府堺市西区山田２丁,27144,大阪府,堺市西区,山田２丁,26,626,25,568,8,20,17,548,17,548,-,-,-,-,1,58
27144013800014000_大阪府堺市西区山田３丁,27144,大阪府,堺市西区,山田３丁,39,514,39,514,9,44,30,470,28,465,2,5,-,-,-,-
27144013800014100_大阪府堺市西区山田４丁,27144,大阪府,堺市西区,山田４丁,24,151,24,151,4,12,20,139,20,139,-,-,-,-,-,-
27144006000006000_大阪府堺市西区小代,27144,大阪府,堺市西区,小代,1,2,1,2,-,-,1,2,1,2,-,-,-,-,-,-
27144005500005500_大阪府堺市西区上,27144,大阪府,堺市西区,上,145,"1,259",143,"1,172",53,147,90,"1,025",83,886,7,139,-,-,2,87
27144001100001100_大阪府堺市西区上野芝向ケ丘町１丁,27144,大阪府,堺市西区,上野芝向ケ丘町１丁,31,181,31,181,16,42,15,139,11,116,4,23,-,-,-,-
27144001100001200_大阪府堺市西区上野芝向ケ丘町２丁,27144,大阪府,堺市西区,上野芝向ケ丘町２丁,25,80,25,80,17,52,8,28,7,19,1,9,-,-,-,-
27144001100001300_大阪府堺市西区上野芝向ケ丘町３丁,27144,大阪府,堺市西区,上野芝向ケ丘町３丁,18,48,18,48,3,4,15,44,15,44,-,-,-,-,-,-
27144001100001400_大阪府堺市西区上野芝向ケ丘町４丁,27144,大阪府,堺市西区,上野芝向ケ丘町４丁,16,194,16,194,5,16,11,178,8,43,3,135,-,-,-,-
27144001100001500_大阪府堺市西区上野芝向ケ丘町５丁,27144,大阪府,堺市西区,上野芝向ケ丘町５丁,12,72,11,40,5,17,6,23,6,23,-,-,-,-,1,32
27144001100001600_大阪府堺市西区上野芝向ケ丘町６丁,27144,大阪府,堺市西区,上野芝向ケ丘町６丁,26,473,25,437,9,17,16,420,12,380,4,40,-,-,1,36
27144000300000300_大阪府堺市西区上野芝町１丁,27144,大阪府,堺市西区,上野芝町１丁,16,135,16,135,8,91,8,44,4,9,4,35,-,-,-,-
27144000300000400_大阪府堺市西区上野芝町２丁,27144,大阪府,堺市西区,上野芝町２丁,41,734,41,734,14,53,27,681,20,429,7,252,-,-,-,-
27144000300000500_大阪府堺市西区上野芝町３丁,27144,大阪府,堺市西区,上野芝町３丁,44,307,44,307,22,114,22,193,21,179,1,14,-,-,-,-
27144000300000600_大阪府堺市西区上野芝町４丁,27144,大阪府,堺市西区,上野芝町４丁,40,149,40,149,21,69,19,80,19,80,-,-,-,-,-,-
27144000300000700_大阪府堺市西区上野芝町５丁,27144,大阪府,堺市西区,上野芝町５丁,11,116,11,116,5,15,6,101,5,32,1,69,-,-,-,-
27144000300000800_大阪府堺市西区上野芝町６丁,27144,大阪府,堺市西区,上野芝町６丁,3,10,3,10,1,6,2,4,1,3,1,1,-,-,-,-
27144000300000900_大阪府堺市西区上野芝町７丁,27144,大阪府,堺市西区,上野芝町７丁,9,29,9,29,4,6,5,23,5,23,-,-,-,-,-,-
27144000300001000_大阪府堺市西区上野芝町８丁,27144,大阪府,堺市西区,上野芝町８丁,8,16,8,16,-,-,8,16,7,15,1,1,-,-,-,-
27144005700005700_大阪府堺市西区神野町１丁,27144,大阪府,堺市西区,神野町１丁,8,23,8,23,5,17,3,6,3,6,-,-,-,-,-,-
27144005700005800_大阪府堺市西区神野町２丁,27144,大阪府,堺市西区,神野町２丁,13,126,11,44,3,17,8,27,8,27,-,-,-,-,2,82
27144005700005900_大阪府堺市西区神野町３丁,27144,大阪府,堺市西区,神野町３丁,12,199,12,199,3,26,9,173,8,145,1,28,-,-,-,-
27144000200000200_大阪府堺市西区石津ケ丘,27144,大阪府,堺市西区,石津ケ丘,-,-,-,-,-,-,-,-,-,-,-,-,-,-,-,-
27144000100000100_大阪府堺市西区石津西町,27144,大阪府,堺市西区,石津西町,61,"2,893",58,"2,829",-,-,56,"2,826",55,"2,819",1,7,2,3,3,64
27144005600005600_大阪府堺市西区草部,27144,大阪府,堺市西区,草部,265,"3,076",262,"3,047",79,255,183,"2,792",143,"2,079",40,713,-,-,3,29
27144006200006200_大阪府堺市西区太平寺,27144,大阪府,堺市西区,太平寺,71,"1,114",70,"1,048",17,36,53,"1,012",41,758,12,254,-,-,1,66
27144006300006300_大阪府堺市西区築港新町１丁,27144,大阪府,堺市西区,築港新町１丁,68,"3,291",68,"3,291",-,-,68,"3,291",64,"3,061",4,230,-,-,-,-
27144006300006400_大阪府堺市西区築港新町２丁,27144,大阪府,堺市西区,築港新町２丁,78,"3,282",78,"3,282",-,-,78,"3,282",76,"3,279",2,3,-,-,-,-
27144006300006500_大阪府堺市西区築港新町３丁,27144,大阪府,堺市西区,築港新町３丁,127,"4,449",127,"4,449",3,5,124,"4,444",120,"4,435",4,9,-,-,-,-
27144006300006600_大阪府堺市西区築港新町４丁,27144,大阪府,堺市西区,築港新町４丁,9,91,8,87,-,-,8,87,5,69,3,18,-,-,1,4
27144006800006800_大阪府堺市西区築港浜寺西町,27144,大阪府,堺市西区,築港浜寺西町,66,"1,342",66,"1,342",2,10,64,"1,332",60,"1,326",4,6,-,-,-,-
27144006700006700_大阪府堺市西区築港浜寺町,27144,大阪府,堺市西区,築港浜寺町,22,667,22,667,-,-,22,667,21,667,1,-,-,-,-,-
27144006900006900_大阪府堺市西区津久野町１丁,27144,大阪府,堺市西区,津久野町１丁,108,"1,081",107,"1,025",48,204,59,821,46,600,13,221,-,-,1,56
27144006900007000_大阪府堺市西区津久野町２丁,27144,大阪府,堺市西区,津久野町２丁,28,138,28,138,11,36,17,102,13,52,4,50,-,-,-,-
27144006900007100_大阪府堺市西区津久野町３丁,27144,大阪府,堺市西区,津久野町３丁,45,289,43,244,9,16,34,228,28,189,6,39,-,-,2,45
27144007200007200_大阪府堺市西区鶴田町,27144,大阪府,堺市西区,鶴田町,35,621,34,558,8,24,26,534,21,452,5,82,-,-,1,63
27144012700012700_大阪府堺市西区菱木１丁,27144,大阪府,堺市西区,菱木１丁,50,"1,112",50,"1,112",7,42,43,"1,070",31,349,12,721,-,-,-,-
27144012700012800_大阪府堺市西区菱木２丁,27144,大阪府,堺市西区,菱木２丁,38,499,37,433,9,27,28,406,28,406,-,-,-,-,1,66
27144012700012900_大阪府堺市西区菱木３丁,27144,大阪府,堺市西区,菱木３丁,37,285,37,285,13,44,24,241,23,238,1,3,-,-,-,-
27144012700013000_大阪府堺市西区菱木４丁,27144,大阪府,堺市西区,菱木４丁,36,196,36,196,12,33,24,163,24,163,-,-,-,-,-,-
27144011900011900_大阪府堺市西区浜寺元町１丁,27144,大阪府,堺市西区,浜寺元町１丁,16,164,16,164,5,15,11,149,8,130,3,19,-,-,-,-
27144011900012000_大阪府堺市西区浜寺元町２丁,27144,大阪府,堺市西区,浜寺元町２丁,9,103,9,103,3,16,6,87,4,43,2,44,-,-,-,-
27144011900012100_大阪府堺市西区浜寺元町３丁,27144,大阪府,堺市西区,浜寺元町３丁,14,63,14,63,4,8,10,55,9,52,1,3,-,-,-,-
27144011900012200_大阪府堺市西区浜寺元町４丁,27144,大阪府,堺市西区,浜寺元町４丁,15,203,15,203,4,5,11,198,11,198,-,-,-,-,-,-
27144011900012300_大阪府堺市西区浜寺元町５丁,27144,大阪府,堺市西区,浜寺元町５丁,31,113,31,113,17,55,14,58,12,52,2,6,-,-,-,-
27144011900012400_大阪府堺市西区浜寺元町６丁,27144,大阪府,堺市西区,浜寺元町６丁,19,124,19,124,7,30,12,94,12,94,-,-,-,-,-,-
27144008800008800_大阪府堺市西区浜寺公園町１丁,27144,大阪府,堺市西区,浜寺公園町１丁,10,84,10,84,3,41,6,36,4,22,2,14,1,7,-,-
27144008800008900_大阪府堺市西区浜寺公園町２丁,27144,大阪府,堺市西区,浜寺公園町２丁,18,78,18,78,11,32,7,46,5,24,2,22,-,-,-,-
27144008800009000_大阪府堺市西区浜寺公園町３丁,27144,大阪府,堺市西区,浜寺公園町３丁,14,99,14,99,9,46,5,53,5,53,-,-,-,-,-,-
27144008800009100_大阪府堺市西区浜寺公園町４丁,27144,大阪府,堺市西区,浜寺公園町４丁,-,-,-,-,-,-,-,-,-,-,-,-,-,-,-,-
27144009200009200_大阪府堺市西区浜寺昭和町１丁,27144,大阪府,堺市西区,浜寺昭和町１丁,15,51,15,51,8,19,6,31,4,12,2,19,1,1,-,-
27144009200009300_大阪府堺市西区浜寺昭和町２丁,27144,大阪府,堺市西区,浜寺昭和町２丁,29,141,28,106,11,35,17,71,17,71,-,-,-,-,1,35
27144009200009400_大阪府堺市西区浜寺昭和町３丁,27144,大阪府,堺市西区,浜寺昭和町３丁,13,51,13,51,3,12,10,39,8,36,2,3,-,-,-,-
27144009200009500_大阪府堺市西区浜寺昭和町４丁,27144,大阪府,堺市西区,浜寺昭和町４丁,9,33,9,33,3,16,6,17,5,14,1,3,-,-,-,-
27144009200009600_大阪府堺市西区浜寺昭和町５丁,27144,大阪府,堺市西区,浜寺昭和町５丁,11,31,11,31,4,9,7,22,7,22,-,-,-,-,-,-
27144010000010000_大阪府堺市西区浜寺諏訪森町西１丁,27144,大阪府,堺市西区,浜寺諏訪森町西１丁,24,427,24,427,1,1,23,426,22,422,1,4,-,-,-,-
27144010000010100_大阪府堺市西区浜寺諏訪森町西２丁,27144,大阪府,堺市西区,浜寺諏訪森町西２丁,25,227,25,227,3,10,22,217,18,189,4,28,-,-,-,-
27144010000010200_大阪府堺市西区浜寺諏訪森町西３丁,27144,大阪府,堺市西区,浜寺諏訪森町西３丁,11,84,10,35,5,12,5,23,5,23,-,-,-,-,1,49
27144010000010300_大阪府堺市西区浜寺諏訪森町西４丁,27144,大阪府,堺市西区,浜寺諏訪森町西４丁,13,164,13,164,2,3,11,161,11,161,-,-,-,-,-,-
27144009700009700_大阪府堺市西区浜寺諏訪森町中１丁,27144,大阪府,堺市西区,浜寺諏訪森町中１丁,26,237,26,237,8,27,17,209,12,92,5,117,1,1,-,-
27144009700009800_大阪府堺市西区浜寺諏訪森町中２丁,27144,大阪府,堺市西区,浜寺諏訪森町中２丁,49,156,49,156,38,101,11,55,10,54,1,1,-,-,-,-
27144009700009900_大阪府堺市西区浜寺諏訪森町中３丁,27144,大阪府,堺市西区,浜寺諏訪森町中３丁,27,151,27,151,15,49,11,100,10,89,1,11,1,2,-,-
27144010400010400_大阪府堺市西区浜寺諏訪森町東１丁,27144,大阪府,堺市西区,浜寺諏訪森町東１丁,7,19,7,19,3,7,4,12,3,11,1,1,-,-,-,-
27144010400010500_大阪府堺市西区浜寺諏訪森町東２丁,27144,大阪府,堺市西区,浜寺諏訪森町東２丁,28,143,27,110,17,56,10,54,9,34,1,20,-,-,1,33
27144010400010600_大阪府堺市西区浜寺諏訪森町東３丁,27144,大阪府,堺市西区,浜寺諏訪森町東３丁,23,95,23,95,9,25,14,70,12,60,2,10,-,-,-,-
27144007800007800_大阪府堺市西区浜寺石津町西１丁,27144,大阪府,堺市西区,浜寺石津町西１丁,20,365,20,365,1,1,19,364,17,247,2,117,-,-,-,-
27144007800007900_大阪府堺市西区浜寺石津町西２丁,27144,大阪府,堺市西区,浜寺石津町西２丁,28,679,28,679,4,52,24,627,22,611,2,16,-,-,-,-
27144007800008000_大阪府堺市西区浜寺石津町西３丁,27144,大阪府,堺市西区,浜寺石津町西３丁,60,431,60,431,44,124,16,307,15,293,1,14,-,-,-,-
27144007800008100_大阪府堺市西区浜寺石津町西４丁,27144,大阪府,堺市西区,浜寺石津町西４丁,45,289,45,289,18,62,27,227,24,174,3,53,-,-,-,-
27144007800008200_大阪府堺市西区浜寺石津町西５丁,27144,大阪府,堺市西区,浜寺石津町西５丁,23,451,23,451,3,4,20,447,19,376,1,71,-,-,-,-
27144007300007300_大阪府堺市西区浜寺石津町中１丁,27144,大阪府,堺市西区,浜寺石津町中１丁,40,804,40,804,6,28,34,776,31,708,3,68,-,-,-,-
27144007300007400_大阪府堺市西区浜寺石津町中２丁,27144,大阪府,堺市西区,浜寺石津町中２丁,25,310,24,279,7,10,17,269,14,220,3,49,-,-,1,31
27144007300007500_大阪府堺市西区浜寺石津町中３丁,27144,大阪府,堺市西区,浜寺石津町中３丁,59,354,58,306,29,58,29,248,26,199,3,49,-,-,1,48
27144007300007600_大阪府堺市西区浜寺石津町中４丁,27144,大阪府,堺市西区,浜寺石津町中４丁,51,202,51,202,29,68,22,134,14,106,8,28,-,-,-,-
27144007300007700_大阪府堺市西区浜寺石津町中５丁,27144,大阪府,堺市西区,浜寺石津町中５丁,6,16,6,16,4,12,2,4,1,3,1,1,-,-,-,-
27144008300008300_大阪府堺市西区浜寺石津町東１丁,27144,大阪府,堺市西区,浜寺石津町東１丁,28,470,28,470,3,15,24,444,18,382,6,62,1,11,-,-
27144008300008400_大阪府堺市西区浜寺石津町東２丁,27144,大阪府,堺市西区,浜寺石津町東２丁,40,415,40,415,7,44,33,371,32,352,1,19,-,-,-,-
27144008300008500_大阪府堺市西区浜寺石津町東３丁,27144,大阪府,堺市西区,浜寺石津町東３丁,22,328,22,328,8,12,14,316,12,289,2,27,-,-,-,-
27144008300008600_大阪府堺市西区浜寺石津町東４丁,27144,大阪府,堺市西区,浜寺石津町東４丁,36,274,36,274,15,40,21,234,20,225,1,9,-,-,-,-
27144008300008700_大阪府堺市西区浜寺石津町東５丁,27144,大阪府,堺市西区,浜寺石津町東５丁,7,33,7,33,1,2,6,31,4,10,2,21,-,-,-,-
27144010700010700_大阪府堺市西区浜寺船尾町西１丁,27144,大阪府,堺市西区,浜寺船尾町西１丁,12,78,12,78,5,6,7,72,7,72,-,-,-,-,-,-
27144010700010800_大阪府堺市西区浜寺船尾町西２丁,27144,大阪府,堺市西区,浜寺船尾町西２丁,29,240,29,240,10,23,19,217,14,180,5,37,-,-,-,-
27144010700010900_大阪府堺市西区浜寺船尾町西３丁,27144,大阪府,堺市西区,浜寺船尾町西３丁,21,433,21,433,7,22,12,385,12,385,-,-,2,26,-,-
27144010700011000_大阪府堺市西区浜寺船尾町西４丁,27144,大阪府,堺市西区,浜寺船尾町西４丁,39,243,39,243,14,41,25,202,24,195,1,7,-,-,-,-
27144010700011100_大阪府堺市西区浜寺船尾町西５丁,27144,大阪府,堺市西区,浜寺船尾町西５丁,14,123,13,90,3,6,10,84,10,84,-,-,-,-,1,33
27144011200011200_大阪府堺市西区浜寺船尾町東１丁,27144,大阪府,堺市西区,浜寺船尾町東１丁,19,403,18,376,3,11,15,365,15,365,-,-,-,-,1,27
27144011200011300_大阪府堺市西区浜寺船尾町東２丁,27144,大阪府,堺市西区,浜寺船尾町東２丁,22,766,22,766,3,9,19,757,19,757,-,-,-,-,-,-
27144011200011400_大阪府堺市西区浜寺船尾町東３丁,27144,大阪府,堺市西区,浜寺船尾町東３丁,40,508,40,508,12,25,28,483,26,401,2,82,-,-,-,-
27144011200011500_大阪府堺市西区浜寺船尾町東４丁,27144,大阪府,堺市西区,浜寺船尾町東４丁,37,"1,799",37,"1,799",4,14,33,"1,785",29,397,4,"1,388",-,-,-,-
27144011600011600_大阪府堺市西区浜寺南町１丁,27144,大阪府,堺市西区,浜寺南町１丁,10,83,9,42,2,5,7,37,7,37,-,-,-,-,1,41
27144011600011700_大阪府堺市西区浜寺南町２丁,27144,大阪府,堺市西区,浜寺南町２丁,7,62,7,62,3,16,4,46,3,11,1,35,-,-,-,-
27144011600011800_大阪府堺市西区浜寺南町３丁,27144,大阪府,堺市西区,浜寺南町３丁,33,290,33,290,14,102,19,188,19,188,-,-,-,-,-,-
27144013100013100_大阪府堺市西区平岡町,27144,大阪府,堺市西区,平岡町,85,724,85,724,37,130,47,590,41,496,6,94,1,4,-,-
27144003900004000_大阪府堺市西区鳳西町１丁,27144,大阪府,堺市西区,鳳西町１丁,101,937,100,877,29,97,71,780,66,696,5,84,-,-,1,60
27144003900004100_大阪府堺市西区鳳西町２丁,27144,大阪府,堺市西区,鳳西町２丁,57,440,57,440,16,83,41,357,40,353,1,4,-,-,-,-
27144003900004200_大阪府堺市西区鳳西町３丁,27144,大阪府,堺市西区,鳳西町３丁,36,267,36,267,12,42,24,225,22,166,2,59,-,-,-,-
27144002900002900_大阪府堺市西区鳳中町１丁,27144,大阪府,堺市西区,鳳中町１丁,9,34,9,34,6,13,3,21,3,21,-,-,-,-,-,-
27144002900003000_大阪府堺市西区鳳中町２丁,27144,大阪府,堺市西区,鳳中町２丁,31,195,30,150,12,39,18,111,13,89,5,22,-,-,1,45
27144002900003100_大阪府堺市西区鳳中町３丁,27144,大阪府,堺市西区,鳳中町３丁,40,229,40,229,22,77,18,152,14,116,4,36,-,-,-,-
27144002900003200_大阪府堺市西区鳳中町４丁,27144,大阪府,堺市西区,鳳中町４丁,19,156,19,156,11,28,8,128,6,78,2,50,-,-,-,-
27144002900003300_大阪府堺市西区鳳中町５丁,27144,大阪府,堺市西区,鳳中町５丁,22,222,22,222,10,26,12,196,10,122,2,74,-,-,-,-
27144002900003400_大阪府堺市西区鳳中町６丁,27144,大阪府,堺市西区,鳳中町６丁,11,53,11,53,6,35,4,17,2,8,2,9,1,1,-,-
27144002900003500_大阪府堺市西区鳳中町７丁,27144,大阪府,堺市西区,鳳中町７丁,12,350,12,350,5,11,7,339,6,173,1,166,-,-,-,-
27144002900003600_大阪府堺市西区鳳中町８丁,27144,大阪府,堺市西区,鳳中町８丁,15,89,15,89,8,16,7,73,7,73,-,-,-,-,-,-
27144002900003700_大阪府堺市西区鳳中町９丁,27144,大阪府,堺市西区,鳳中町９丁,20,154,20,154,3,5,17,149,15,125,2,24,-,-,-,-
27144002900003800_大阪府堺市西区鳳中町１０丁,27144,大阪府,堺市西区,鳳中町１０丁,42,360,42,360,9,17,33,343,33,343,-,-,-,-,-,-
27144004300004300_大阪府堺市西区鳳東町１丁,27144,大阪府,堺市西区,鳳東町１丁,59,701,59,701,22,89,37,612,31,501,6,111,-,-,-,-
27144004300004400_大阪府堺市西区鳳東町２丁,27144,大阪府,堺市西区,鳳東町２丁,44,299,44,299,23,54,21,245,14,121,7,124,-,-,-,-
27144004300004500_大阪府堺市西区鳳東町３丁,27144,大阪府,堺市西区,鳳東町３丁,41,181,41,181,32,91,9,90,8,73,1,17,-,-,-,-
27144004300004600_大阪府堺市西区鳳東町４丁,27144,大阪府,堺市西区,鳳東町４丁,62,"1,045",59,449,32,132,27,317,20,248,7,69,-,-,3,596
27144004300004700_大阪府堺市西区鳳東町５丁,27144,大阪府,堺市西区,鳳東町５丁,27,220,27,220,7,23,20,197,15,154,5,43,-,-,-,-
27144004300004800_大阪府堺市西区鳳東町６丁,27144,大阪府,堺市西区,鳳東町６丁,45,"1,663",42,"1,429",10,31,32,"1,398",27,"1,195",5,203,-,-,3,234
27144004300004900_大阪府堺市西区鳳東町７丁,27144,大阪府,堺市西区,鳳東町７丁,121,"1,144",121,"1,144",28,102,92,"1,041",91,"1,029",1,12,1,1,-,-
27144005000005000_大阪府堺市西区鳳南町１丁,27144,大阪府,堺市西区,鳳南町１丁,11,127,10,63,3,11,7,52,7,52,-,-,-,-,1,64
27144005000005100_大阪府堺市西区鳳南町２丁,27144,大阪府,堺市西区,鳳南町２丁,17,46,17,46,12,22,5,24,4,18,1,6,-,-,-,-
27144005000005200_大阪府堺市西区鳳南町３丁,27144,大阪府,堺市西区,鳳南町３丁,169,"2,367",169,"2,367",12,64,157,"2,303",155,"2,236",2,67,-,-,-,-
27144005000005300_大阪府堺市西区鳳南町４丁,27144,大阪府,堺市西区,鳳南町４丁,24,211,23,194,9,19,14,175,9,88,5,87,-,-,1,17
27144005000005400_大阪府堺市西区鳳南町５丁,27144,大阪府,堺市西区,鳳南町５丁,56,553,56,553,21,88,34,459,24,207,10,252,1,6,-,-
27144001900001900_大阪府堺市西区鳳北町１丁,27144,大阪府,堺市西区,鳳北町１丁,4,42,4,42,1,5,3,37,1,7,2,30,-,-,-,-
27144001900002000_大阪府堺市西区鳳北町２丁,27144,大阪府,堺市西区,鳳北町２丁,13,41,13,41,8,27,5,14,5,14,-,-,-,-,-,-
27144001900002100_大阪府堺市西区鳳北町３丁,27144,大阪府,堺市西区,鳳北町３丁,15,136,15,136,3,5,12,131,10,104,2,27,-,-,-,-
27144001900002200_大阪府堺市西区鳳北町４丁,27144,大阪府,堺市西区,鳳北町４丁,4,27,4,27,2,9,2,18,2,18,-,-,-,-,-,-
27144001900002300_大阪府堺市西区鳳北町５丁,27144,大阪府,堺市西区,鳳北町５丁,5,21,5,21,2,5,3,16,2,15,1,1,-,-,-,-
27144001900002400_大阪府堺市西区鳳北町６丁,27144,大阪府,堺市西区,鳳北町６丁,8,36,8,36,4,13,4,23,3,21,1,2,-,-,-,-
27144001900002500_大阪府堺市西区鳳北町７丁,27144,大阪府,堺市西区,鳳北町７丁,19,144,19,144,5,13,14,131,11,107,3,24,-,-,-,-
27144001900002600_大阪府堺市西区鳳北町８丁,27144,大阪府,堺市西区,鳳北町８丁,13,90,13,90,4,10,9,80,8,79,1,1,-,-,-,-
27144001900002700_大阪府堺市西区鳳北町９丁,27144,大阪府,堺市西区,鳳北町９丁,24,455,24,455,3,9,21,446,21,446,-,-,-,-,-,-
27144001900002800_大阪府堺市西区鳳北町１０丁,27144,大阪府,堺市西区,鳳北町１０丁,41,618,41,618,3,9,38,609,28,446,10,163,-,-,-,-
27144013200013200_大阪府堺市西区北条町１丁,27144,大阪府,堺市西区,北条町１丁,72,507,72,507,35,73,37,434,34,277,3,157,-,-,-,-
27144013200013300_大阪府堺市西区北条町２丁,27144,大阪府,堺市西区,北条町２丁,37,527,37,527,13,35,24,492,22,454,2,38,-,-,-,-
27144013400013400_大阪府堺市西区堀上緑町１丁,27144,大阪府,堺市西区,堀上緑町１丁,16,142,15,118,7,22,8,96,7,96,1,-,-,-,1,24
27144013400013500_大阪府堺市西区堀上緑町２丁,27144,大阪府,堺市西区,堀上緑町２丁,16,57,16,57,8,20,8,37,7,25,1,12,-,-,-,-
27144013400013600_大阪府堺市西区堀上緑町３丁,27144,大阪府,堺市西区,堀上緑町３丁,13,55,13,55,8,20,5,35,5,35,-,-,-,-,-,-
27144999999999999_大阪府堺市西区その他,27144,大阪府,堺市西区,その他,-,-,-,-,-,-,-,-,-,-,-,-,-,-,-,-
27145_大阪府堺市南区,27145,大阪府,堺市南区,,"2,893","34,535","2,831","31,920",822,"2,928","2,006","28,983","1,689","20,957",317,"8,026",3,9,62,"2,615"
27145007900007900_大阪府堺市南区三原台１丁,27145,大阪府,堺市南区,三原台１丁,36,526,35,475,4,26,31,449,27,371,4,78,-,-,1,51
27145007900008000_大阪府堺市南区三原台２丁,27145,大阪府,堺市南区,三原台２丁,13,193,13,193,-,-,13,193,12,90,1,103,-,-,-,-
27145007900008100_大阪府堺市南区三原台３丁,27145,大阪府,堺市南区,三原台３丁,29,347,28,293,10,51,18,242,12,120,6,122,-,-,1,54
27145007900008200_大阪府堺市南区三原台４丁,27145,大阪府,堺市南区,三原台４丁,24,271,24,271,5,25,19,246,18,227,1,19,-,-,-,-
27145007800007800_大阪府堺市南区三木閉,27145,大阪府,堺市南区,三木閉,21,130,21,130,8,22,13,108,12,65,1,43,-,-,-,-
27145000800000800_大阪府堺市南区稲葉１丁,27145,大阪府,堺市南区,稲葉１丁,21,170,18,123,11,21,7,102,7,102,-,-,-,-,3,47
27145000800000900_大阪府堺市南区稲葉２丁,27145,大阪府,堺市南区,稲葉２丁,34,190,34,190,17,45,17,145,17,145,-,-,-,-,-,-
27145000800001000_大阪府堺市南区稲葉３丁,27145,大阪府,堺市南区,稲葉３丁,11,94,11,94,4,4,7,90,4,13,3,77,-,-,-,-
27145001500001500_大阪府堺市南区釜室,27145,大阪府,堺市南区,釜室,67,562,66,561,32,99,34,462,31,401,3,61,-,-,1,1
27145001600001600_大阪府堺市南区鴨谷台１丁,27145,大阪府,堺市南区,鴨谷台１丁,15,165,13,78,3,8,10,70,9,63,1,7,-,-,2,87
27145001600001700_大阪府堺市南区鴨谷台２丁,27145,大阪府,堺市南区,鴨谷台２丁,95,"1,049",94,"1,044",22,143,72,901,61,754,11,147,-,-,1,5
27145001600001800_大阪府堺市南区鴨谷台３丁,27145,大阪府,堺市南区,鴨谷台３丁,10,63,10,63,2,6,8,57,7,16,1,41,-,-,-,-
27145001100001100_大阪府堺市南区岩室,27145,大阪府,堺市南区,岩室,32,443,32,443,6,28,26,415,24,409,2,6,-,-,-,-
27145002000002000_大阪府堺市南区逆瀬川,27145,大阪府,堺市南区,逆瀬川,12,119,12,119,4,5,8,114,5,27,3,87,-,-,-,-
27145008300008300_大阪府堺市南区宮山台１丁,27145,大阪府,堺市南区,宮山台１丁,10,136,8,51,3,3,5,48,5,48,-,-,-,-,2,85
27145008300008400_大阪府堺市南区宮山台２丁,27145,大阪府,堺市南区,宮山台２丁,3,42,2,8,-,-,2,8,1,7,1,1,-,-,1,34
27145008300008500_大阪府堺市南区宮山台３丁,27145,大阪府,堺市南区,宮山台３丁,25,148,25,148,12,26,13,122,9,69,4,53,-,-,-,-
27145008300008600_大阪府堺市南区宮山台４丁,27145,大阪府,堺市南区,宮山台４丁,18,135,18,135,6,15,12,120,10,68,2,52,-,-,-,-
27145005600005600_大阪府堺市南区原山台１丁,27145,大阪府,堺市南区,原山台１丁,33,419,31,343,9,28,22,315,18,266,4,49,-,-,2,76
27145005600005700_大阪府堺市南区原山台２丁,27145,大阪府,堺市南区,原山台２丁,38,"1,124",37,"1,037",7,62,30,975,26,660,4,315,-,-,1,87
27145005600005800_大阪府堺市南区原山台３丁,27145,大阪府,堺市南区,原山台３丁,-,-,-,-,-,-,-,-,-,-,-,-,-,-,-,-
27145005600005900_大阪府堺市南区原山台４丁,27145,大阪府,堺市南区,原山台４丁,20,190,18,135,6,43,12,92,8,30,4,62,-,-,2,55
27145005600006000_大阪府堺市南区原山台５丁,27145,大阪府,堺市南区,原山台５丁,83,"1,484",83,"1,484",17,83,66,"1,401",61,"1,306",5,95,-,-,-,-
27145007200007200_大阪府堺市南区御池台１丁,27145,大阪府,堺市南区,御池台１丁,13,97,13,97,6,12,7,85,5,21,2,64,-,-,-,-
27145007200007300_大阪府堺市南区御池台２丁,27145,大阪府,堺市南区,御池台２丁,22,232,21,200,4,28,17,172,15,155,2,17,-,-,1,32
27145007200007400_大阪府堺市南区御池台３丁,27145,大阪府,堺市南区,御池台３丁,22,145,22,145,7,30,15,115,10,52,5,63,-,-,-,-
27145007200007500_大阪府堺市南区御池台４丁,27145,大阪府,堺市南区,御池台４丁,7,161,6,42,-,-,6,42,5,11,1,31,-,-,1,119
27145007200007600_大阪府堺市南区御池台５丁,27145,大阪府,堺市南区,御池台５丁,8,237,8,237,-,-,8,237,-,-,8,237,-,-,-,-
27145003400003400_大阪府堺市南区高倉台１丁,27145,大阪府,堺市南区,高倉台１丁,8,32,8,32,4,15,4,17,4,17,-,-,-,-,-,-
27145003400003500_大阪府堺市南区高倉台２丁,27145,大阪府,堺市南区,高倉台２丁,61,355,61,355,25,72,36,283,30,225,6,58,-,-,-,-
27145003400003600_大阪府堺市南区高倉台３丁,27145,大阪府,堺市南区,高倉台３丁,21,217,20,185,5,26,15,159,11,104,4,55,-,-,1,32
27145003400003700_大阪府堺市南区高倉台４丁,27145,大阪府,堺市南区,高倉台４丁,15,52,15,52,3,13,12,39,10,25,2,14,-,-,-,-
27145003100003100_大阪府堺市南区高尾１丁,27145,大阪府,堺市南区,高尾１丁,38,535,38,535,7,23,31,512,31,512,-,-,-,-,-,-
27145003100003200_大阪府堺市南区高尾２丁,27145,大阪府,堺市南区,高尾２丁,27,703,27,703,8,22,19,681,19,681,-,-,-,-,-,-
27145003100003300_大阪府堺市南区高尾３丁,27145,大阪府,堺市南区,高尾３丁,34,358,34,358,13,52,21,306,15,270,6,36,-,-,-,-
27145009100009100_大阪府堺市南区若松台１丁,27145,大阪府,堺市南区,若松台１丁,17,211,15,140,1,23,14,117,14,117,-,-,-,-,2,71
27145009100009200_大阪府堺市南区若松台２丁,27145,大阪府,堺市南区,若松台２丁,17,164,16,146,7,25,9,121,5,32,4,89,-,-,1,18
27145009100009300_大阪府堺市南区若松台３丁,27145,大阪府,堺市南区,若松台３丁,27,731,25,610,4,32,21,578,15,409,6,169,-,-,2,121
27145001900001900_大阪府堺市南区小代,27145,大阪府,堺市南区,小代,85,"1,252",85,"1,252",29,56,56,"1,196",54,991,2,205,-,-,-,-
27145002100002100_大阪府堺市南区城山台１丁,27145,大阪府,堺市南区,城山台１丁,16,129,15,92,4,13,11,79,9,42,2,37,-,-,1,37
27145002100002200_大阪府堺市南区城山台２丁,27145,大阪府,堺市南区,城山台２丁,24,267,24,267,8,34,16,233,12,186,4,47,-,-,-,-
27145002100002300_大阪府堺市南区城山台３丁,27145,大阪府,堺市南区,城山台３丁,13,74,13,74,4,26,9,48,6,32,3,16,-,-,-,-
27145002100002400_大阪府堺市南区城山台４丁,27145,大阪府,堺市南区,城山台４丁,3,112,2,22,-,-,2,22,2,22,-,-,-,-,1,90
27145002100002500_大阪府堺市南区城山台５丁,27145,大阪府,堺市南区,城山台５丁,9,422,6,202,-,-,6,202,1,4,5,198,-,-,3,220
27145002600002600_大阪府堺市南区新檜尾台１丁,27145,大阪府,堺市南区,新檜尾台１丁,9,36,9,36,1,3,8,33,6,27,2,6,-,-,-,-
27145002600002700_大阪府堺市南区新檜尾台２丁,27145,大阪府,堺市南区,新檜尾台２丁,21,352,21,352,2,6,19,346,17,316,2,30,-,-,-,-
27145002600002800_大阪府堺市南区新檜尾台３丁,27145,大阪府,堺市南区,新檜尾台３丁,25,195,24,161,12,45,12,116,11,92,1,24,-,-,1,34
27145002600002900_大阪府堺市南区新檜尾台４丁,27145,大阪府,堺市南区,新檜尾台４丁,20,150,20,150,4,15,16,135,13,59,3,76,-,-,-,-
27145006600006600_大阪府堺市南区深阪南,27145,大阪府,堺市南区,深阪南,80,696,80,696,35,116,45,580,39,496,6,84,-,-,-,-
27145006100006100_大阪府堺市南区晴美台１丁,27145,大阪府,堺市南区,晴美台１丁,25,286,24,199,6,15,18,184,12,74,6,110,-,-,1,87
27145006100006200_大阪府堺市南区晴美台２丁,27145,大阪府,堺市南区,晴美台２丁,15,120,15,120,2,11,13,109,10,48,3,61,-,-,-,-
27145006100006300_大阪府堺市南区晴美台３丁,27145,大阪府,堺市南区,晴美台３丁,19,213,17,151,7,34,10,117,7,100,3,17,-,-,2,62
27145006100006400_大阪府堺市南区晴美台４丁,27145,大阪府,堺市南区,晴美台４丁,6,447,6,447,-,-,6,447,3,15,3,432,-,-,-,-
27145000100000100_大阪府堺市南区赤坂台１丁,27145,大阪府,堺市南区,赤坂台１丁,11,104,11,104,2,4,9,100,8,91,1,9,-,-,-,-
27145000100000200_大阪府堺市南区赤坂台２丁,27145,大阪府,堺市南区,赤坂台２丁,17,220,15,155,5,22,10,133,6,20,4,113,-,-,2,65
27145000100000300_大阪府堺市南区赤坂台３丁,27145,大阪府,堺市南区,赤坂台３丁,9,134,9,134,6,30,3,104,2,67,1,37,-,-,-,-
27145000100000400_大阪府堺市南区赤坂台４丁,27145,大阪府,堺市南区,赤坂台４丁,4,68,4,68,1,7,3,61,1,19,2,42,-,-,-,-
27145000100000500_大阪府堺市南区赤坂台５丁,27145,大阪府,堺市南区,赤坂台５丁,16,106,15,70,4,7,11,63,11,63,-,-,-,-,1,36
27145000100000600_大阪府堺市南区赤坂台６丁,27145,大阪府,堺市南区,赤坂台６丁,10,56,10,56,3,12,7,44,6,42,1,2,-,-,-,-
27145000700000700_大阪府堺市南区泉田中,27145,大阪府,堺市南区,泉田中,60,489,60,489,19,59,41,430,36,288,5,142,-,-,-,-
27145003000003000_大阪府堺市南区太平寺,27145,大阪府,堺市南区,太平寺,2,9,2,9,1,2,1,7,1,7,-,-,-,-,-,-
27145001300001300_大阪府堺市南区大森,27145,大阪府,堺市南区,大森,22,164,22,164,12,39,10,125,10,125,-,-,-,-,-,-
27145001200001200_大阪府堺市南区大庭寺,27145,大阪府,堺市南区,大庭寺,110,"1,398",110,"1,398",35,136,75,"1,262",74,"1,186",1,76,-,-,-,-
27145003800003800_大阪府堺市南区竹城台１丁,27145,大阪府,堺市南区,竹城台１丁,43,622,42,599,11,29,31,570,27,394,4,176,-,-,1,23
27145003800003900_大阪府堺市南区竹城台２丁,27145,大阪府,堺市南区,竹城台２丁,10,77,10,77,1,1,9,76,6,25,3,51,-,-,-,-
27145003800004000_大阪府堺市南区竹城台３丁,27145,大阪府,堺市南区,竹城台３丁,33,430,31,374,6,23,25,351,17,163,8,188,-,-,2,56
27145003800004100_大阪府堺市南区竹城台４丁,27145,大阪府,堺市南区,竹城台４丁,27,183,27,183,11,33,16,150,14,128,2,22,-,-,-,-
27145004200004200_大阪府堺市南区茶山台１丁,27145,大阪府,堺市南区,茶山台１丁,202,"2,335",197,"2,251",22,103,175,"2,148",165,"2,005",10,143,-,-,5,84
27145004200004300_大阪府堺市南区茶山台２丁,27145,大阪府,堺市南区,茶山台２丁,9,130,8,107,3,4,5,103,2,8,3,95,-,-,1,23
27145004200004400_大阪府堺市南区茶山台３丁,27145,大阪府,堺市南区,茶山台３丁,34,396,34,396,14,59,20,337,13,100,7,237,-,-,-,-
27145004500004500_大阪府堺市南区栂,27145,大阪府,堺市南区,栂,33,379,33,379,9,30,24,349,21,291,3,58,-,-,-,-
27145004900004900_大阪府堺市南区庭代台１丁,27145,大阪府,堺市南区,庭代台１丁,19,132,19,132,7,24,11,107,6,40,5,67,1,1,-,-
27145004900005000_大阪府堺市南区庭代台２丁,27145,大阪府,堺市南区,庭代台２丁,28,234,27,195,12,34,15,161,9,65,6,96,-,-,1,39
27145004900005100_大阪府堺市南区庭代台３丁,27145,大阪府,堺市南区,庭代台３丁,17,110,16,82,7,19,9,63,8,62,1,1,-,-,1,28
27145004900005200_大阪府堺市南区庭代台４丁,27145,大阪府,堺市南区,庭代台４丁,19,68,19,68,2,3,17,65,14,37,3,28,-,-,-,-
27145004600004600_大阪府堺市南区土佐屋台,27145,大阪府,堺市南区,土佐屋台,18,249,18,249,2,6,16,243,12,159,4,84,-,-,-,-
27145008700008700_大阪府堺市南区桃山台１丁,27145,大阪府,堺市南区,桃山台１丁,25,545,22,263,7,16,15,247,12,217,3,30,-,-,3,282
27145008700008800_大阪府堺市南区桃山台２丁,27145,大阪府,堺市南区,桃山台２丁,38,435,35,185,11,39,24,146,17,103,7,43,-,-,3,250
27145008700008900_大阪府堺市南区桃山台３丁,27145,大阪府,堺市南区,桃山台３丁,22,144,21,118,6,16,15,102,12,72,3,30,-,-,1,26
27145008700009000_大阪府堺市南区桃山台４丁,27145,大阪府,堺市南区,桃山台４丁,18,306,16,199,5,47,11,152,5,46,6,106,-,-,2,107
27145005400005400_大阪府堺市南区畑,27145,大阪府,堺市南区,畑,32,153,31,145,4,13,27,132,21,118,6,14,-,-,1,8
27145005500005500_大阪府堺市南区鉢ケ峯寺,27145,大阪府,堺市南区,鉢ケ峯寺,33,321,32,310,11,46,20,257,17,222,3,35,1,7,1,11
27145007700007700_大阪府堺市南区美木多上,27145,大阪府,堺市南区,美木多上,80,967,80,967,24,90,56,877,40,454,16,423,-,-,-,-
27145004700004700_大阪府堺市南区富蔵,27145,大阪府,堺市南区,富蔵,11,138,11,138,-,-,11,138,9,136,2,2,-,-,-,-
27145006700006700_大阪府堺市南区別所,27145,大阪府,堺市南区,別所,26,203,26,203,6,28,20,175,18,151,2,24,-,-,-,-
27145001400001400_大阪府堺市南区片蔵,27145,大阪府,堺市南区,片蔵,48,439,46,398,15,54,31,344,25,239,6,105,-,-,2,41
27145004800004800_大阪府堺市南区豊田,27145,大阪府,堺市南区,豊田,126,"2,699",126,"2,699",35,98,91,"2,601",83,"1,342",8,"1,259",-,-,-,-
27145005300005300_大阪府堺市南区野々井,27145,大阪府,堺市南区,野々井,65,246,65,246,46,122,18,123,15,109,3,14,1,1,-,-
27145009400009400_大阪府堺市南区和田,27145,大阪府,堺市南区,和田,50,745,50,745,6,27,44,718,44,718,-,-,-,-,-,-
27145009500009500_大阪府堺市南区和田東,27145,大阪府,堺市南区,和田東,33,223,33,223,8,31,25,192,25,192,-,-,-,-,-,-
27145006500006500_大阪府堺市南区檜尾,27145,大阪府,堺市南区,檜尾,106,"1,205",106,"1,205",29,72,77,"1,133",66,797,11,336,-,-,-,-
27145006800006800_大阪府堺市南区槇塚台１丁,27145,大阪府,堺市南区,槇塚台１丁,8,69,8,69,2,3,6,66,1,3,5,63,-,-,-,-
27145006800006900_大阪府堺市南区槇塚台２丁,27145,大阪府,堺市南区,槇塚台２丁,19,126,19,126,4,9,15,117,13,62,2,55,-,-,-,-
27145006800007000_大阪府堺市南区槇塚台３丁,27145,大阪府,堺市南区,槇塚台３丁,37,309,36,278,12,41,24,237,17,176,7,61,-,-,1,31
27145006800007100_大阪府堺市南区槇塚台４丁,27145,大阪府,堺市南区,槇塚台４丁,6,188,6,188,-,-,6,188,5,23,1,165,-,-,-,-
27145999999999999_大阪府堺市南区その他,27145,大阪府,堺市南区,その他,-,-,-,-,-,-,-,-,-,-,-,-,-,-,-,-
27146_大阪府堺市北区,27146,大阪府,堺市北区,,"4,657","49,736","4,609","46,845","1,516","5,079","3,083","41,726","2,736","33,511",347,"8,215",10,40,48,"2,891"
27146008700008700_大阪府堺市北区八下北,27146,大阪府,堺市北区,八下北,38,318,38,318,7,39,31,279,31,279,-,-,-,-,-,-
27146000100000100_大阪府堺市北区奥本町１丁,27146,大阪府,堺市北区,奥本町１丁,47,420,47,420,17,39,30,381,25,186,5,195,-,-,-,-
27146000100000200_大阪府堺市北区奥本町２丁,27146,大阪府,堺市北区,奥本町２丁,28,183,28,183,10,31,18,152,16,146,2,6,-,-,-,-
27146006400006400_大阪府堺市北区宮本町,27146,大阪府,堺市北区,宮本町,21,72,21,72,9,20,12,52,10,43,2,9,-,-,-,-
27146000300000300_大阪府堺市北区金岡町,27146,大阪府,堺市北区,金岡町,393,"5,130",388,"4,860",118,377,269,"4,477",234,"3,964",35,513,1,6,5,270
27146001700001700_大阪府堺市北区黒土町,27146,大阪府,堺市北区,黒土町,76,"1,326",76,"1,326",19,60,57,"1,266",54,"1,080",3,186,-,-,-,-
27146003000003000_大阪府堺市北区常磐町１丁,27146,大阪府,堺市北区,常磐町１丁,14,68,14,68,5,19,9,49,8,39,1,10,-,-,-,-
27146003000003100_大阪府堺市北区常磐町２丁,27146,大阪府,堺市北区,常磐町２丁,6,28,6,28,4,16,2,12,2,12,-,-,-,-,-,-
27146003000003200_大阪府堺市北区常磐町３丁,27146,大阪府,堺市北区,常磐町３丁,45,405,45,405,5,11,40,394,36,318,4,76,-,-,-,-
27146002200002200_大阪府堺市北区新金岡町１丁,27146,大阪府,堺市北区,新金岡町１丁,21,419,18,124,7,11,11,113,8,77,3,36,-,-,3,295
27146002200002300_大阪府堺市北区新金岡町２丁,27146,大阪府,堺市北区,新金岡町２丁,18,144,17,143,9,49,8,94,6,17,2,77,-,-,1,1
27146002200002400_大阪府堺市北区新金岡町３丁,27146,大阪府,堺市北区,新金岡町３丁,36,167,35,150,14,45,21,105,17,91,4,14,-,-,1,17
27146002200002500_大阪府堺市北区新金岡町４丁,27146,大阪府,堺市北区,新金岡町４丁,27,883,19,659,1,5,18,654,10,321,8,333,-,-,8,224
27146002200002600_大阪府堺市北区新金岡町５丁,27146,大阪府,堺市北区,新金岡町５丁,158,"1,984",154,"1,472",54,217,100,"1,255",85,740,15,515,-,-,4,512
27146002700002700_大阪府堺市北区新堀町１丁,27146,大阪府,堺市北区,新堀町１丁,17,113,16,67,4,11,12,56,10,52,2,4,-,-,1,46
27146002700002800_大阪府堺市北区新堀町２丁,27146,大阪府,堺市北区,新堀町２丁,26,290,25,252,8,19,17,233,13,208,4,25,-,-,1,38
27146400300400300_大阪府堺市北区蔵前町１丁,27146,大阪府,堺市北区,蔵前町１丁,73,554,73,554,39,112,34,442,33,428,1,14,-,-,-,-
27146400300400400_大阪府堺市北区蔵前町２丁,27146,大阪府,堺市北区,蔵前町２丁,42,499,42,499,14,36,28,463,20,205,8,258,-,-,-,-
27146400300400500_大阪府堺市北区蔵前町３丁,27146,大阪府,堺市北区,蔵前町３丁,36,251,36,251,10,39,26,212,22,158,4,54,-,-,-,-
27146005600005600_大阪府堺市北区大豆塚町１丁,27146,大阪府,堺市北区,大豆塚町１丁,44,348,42,257,22,45,20,212,17,200,3,12,-,-,2,91
27146005600005700_大阪府堺市北区大豆塚町２丁,27146,大阪府,堺市北区,大豆塚町２丁,20,120,20,120,12,26,8,94,8,94,-,-,-,-,-,-
27146003800003800_大阪府堺市北区中村町,27146,大阪府,堺市北区,中村町,83,"1,344",81,"1,281",20,60,61,"1,221",55,978,6,243,-,-,2,63
27146003400003400_大阪府堺市北区中長尾町１丁,27146,大阪府,堺市北区,中長尾町１丁,11,76,11,76,5,9,6,67,6,67,-,-,-,-,-,-
27146003400003500_大阪府堺市北区中長尾町２丁,27146,大阪府,堺市北区,中長尾町２丁,28,287,28,287,14,57,14,230,12,84,2,146,-,-,-,-
27146003400003600_大阪府堺市北区中長尾町３丁,27146,大阪府,堺市北区,中長尾町３丁,36,128,36,128,29,79,7,49,7,49,-,-,-,-,-,-
27146003400003700_大阪府堺市北区中長尾町４丁,27146,大阪府,堺市北区,中長尾町４丁,23,102,23,102,13,41,10,61,8,48,2,13,-,-,-,-
27146003900003900_大阪府堺市北区中百舌鳥町１丁,27146,大阪府,堺市北区,中百舌鳥町１丁,27,185,27,185,10,28,17,157,13,117,4,40,-,-,-,-
27146003900004000_大阪府堺市北区中百舌鳥町２丁,27146,大阪府,堺市北区,中百舌鳥町２丁,115,"1,485",115,"1,485",27,187,87,"1,297",75,"1,082",12,215,1,1,-,-
27146003900004100_大阪府堺市北区中百舌鳥町３丁,27146,大阪府,堺市北区,中百舌鳥町３丁,69,640,69,640,8,36,61,604,61,604,-,-,-,-,-,-
27146003900004200_大阪府堺市北区中百舌鳥町４丁,27146,大阪府,堺市北区,中百舌鳥町４丁,43,387,43,387,16,49,27,338,24,287,3,51,-,-,-,-
27146003900004300_大阪府堺市北区中百舌鳥町５丁,27146,大阪府,堺市北区,中百舌鳥町５丁,128,"1,197",128,"1,197",57,222,71,975,62,889,9,86,-,-,-,-
27146003900004400_大阪府堺市北区中百舌鳥町６丁,27146,大阪府,堺市北区,中百舌鳥町６丁,83,624,81,539,35,147,45,391,38,313,7,78,1,1,2,85
27146003300003300_大阪府堺市北区長曽根町,27146,大阪府,堺市北区,長曽根町,470,"7,096",468,"6,983",109,407,353,"6,552",305,"3,870",48,"2,682",6,24,2,113
27146005100005100_大阪府堺市北区東三国ケ丘町１丁,27146,大阪府,堺市北区,東三国ケ丘町１丁,1,18,1,18,-,-,1,18,1,18,-,-,-,-,-,-
27146005100005200_大阪府堺市北区東三国ケ丘町２丁,27146,大阪府,堺市北区,東三国ケ丘町２丁,2,53,1,9,-,-,1,9,1,9,-,-,-,-,1,44
27146005100005300_大阪府堺市北区東三国ケ丘町３丁,27146,大阪府,堺市北区,東三国ケ丘町３丁,7,47,7,47,3,3,4,44,3,11,1,33,-,-,-,-
27146005100005400_大阪府堺市北区東三国ケ丘町４丁,27146,大阪府,堺市北区,東三国ケ丘町４丁,3,366,3,366,-,-,3,366,1,88,2,278,-,-,-,-
27146005100005500_大阪府堺市北区東三国ケ丘町５丁,27146,大阪府,堺市北区,東三国ケ丘町５丁,32,223,32,223,14,38,18,185,15,156,3,29,-,-,-,-
27146001800001800_大阪府堺市北区東雲東町１丁,27146,大阪府,堺市北区,東雲東町１丁,43,216,43,216,23,77,20,139,16,119,4,20,-,-,-,-
27146001800001900_大阪府堺市北区東雲東町２丁,27146,大阪府,堺市北区,東雲東町２丁,12,53,12,53,6,13,6,40,4,24,2,16,-,-,-,-
27146001800002000_大阪府堺市北区東雲東町３丁,27146,大阪府,堺市北区,東雲東町３丁,11,72,11,72,2,2,9,70,9,70,-,-,-,-,-,-
27146001800002100_大阪府堺市北区東雲東町４丁,27146,大阪府,堺市北区,東雲東町４丁,6,52,6,52,2,2,4,50,3,49,1,1,-,-,-,-
27146005000005000_大阪府堺市北区東上野芝町２丁,27146,大阪府,堺市北区,東上野芝町２丁,23,248,23,248,9,43,14,205,11,132,3,73,-,-,-,-
27146004600004600_大阪府堺市北区東浅香山町１丁,27146,大阪府,堺市北区,東浅香山町１丁,72,539,72,539,37,100,35,439,32,415,3,24,-,-,-,-
27146004600004700_大阪府堺市北区東浅香山町２丁,27146,大阪府,堺市北区,東浅香山町２丁,54,378,54,378,31,70,23,308,19,262,4,46,-,-,-,-
27146004600004800_大阪府堺市北区東浅香山町３丁,27146,大阪府,堺市北区,東浅香山町３丁,23,158,22,134,11,38,11,96,9,52,2,44,-,-,1,24
27146004600004900_大阪府堺市北区東浅香山町４丁,27146,大阪府,堺市北区,東浅香山町４丁,162,"2,501",162,"2,501",9,74,153,"2,427",150,"2,372",3,55,-,-,-,-
27146006300006300_大阪府堺市北区南花田町,27146,大阪府,堺市北区,南花田町,226,"2,053",225,"2,044",76,213,149,"1,831",141,"1,698",8,133,-,-,1,9
27146005800005800_大阪府堺市北区南長尾町１丁,27146,大阪府,堺市北区,南長尾町１丁,4,99,4,99,-,-,4,99,-,-,4,99,-,-,-,-
27146005800005900_大阪府堺市北区南長尾町２丁,27146,大阪府,堺市北区,南長尾町２丁,10,31,10,31,6,7,4,24,4,24,-,-,-,-,-,-
27146005800006000_大阪府堺市北区南長尾町３丁,27146,大阪府,堺市北区,南長尾町３丁,4,8,4,8,1,1,3,7,3,7,-,-,-,-,-,-
27146005800006100_大阪府堺市北区南長尾町４丁,27146,大阪府,堺市北区,南長尾町４丁,-,-,-,-,-,-,-,-,-,-,-,-,-,-,-,-
27146005800006200_大阪府堺市北区南長尾町５丁,27146,大阪府,堺市北区,南長尾町５丁,10,55,10,55,5,32,5,23,5,23,-,-,-,-,-,-
27146007800007800_大阪府堺市北区百舌鳥西之町１丁,27146,大阪府,堺市北区,百舌鳥西之町１丁,16,216,13,46,2,6,11,40,7,30,4,10,-,-,3,170
27146007800007900_大阪府堺市北区百舌鳥西之町２丁,27146,大阪府,堺市北区,百舌鳥西之町２丁,27,437,27,437,3,5,24,432,21,370,3,62,-,-,-,-
27146007800008000_大阪府堺市北区百舌鳥西之町３丁,27146,大阪府,堺市北区,百舌鳥西之町３丁,35,411,35,411,8,19,27,392,26,382,1,10,-,-,-,-
27146006500006500_大阪府堺市北区百舌鳥赤畑町１丁,27146,大阪府,堺市北区,百舌鳥赤畑町１丁,62,803,59,531,21,64,38,467,36,464,2,3,-,-,3,272
27146006500006600_大阪府堺市北区百舌鳥赤畑町２丁,27146,大阪府,堺市北区,百舌鳥赤畑町２丁,41,435,41,435,18,53,23,382,20,321,3,61,-,-,-,-
27146006500006700_大阪府堺市北区百舌鳥赤畑町３丁,27146,大阪府,堺市北区,百舌鳥赤畑町３丁,33,532,33,532,11,39,22,493,19,470,3,23,-,-,-,-
27146006500006800_大阪府堺市北区百舌鳥赤畑町４丁,27146,大阪府,堺市北区,百舌鳥赤畑町４丁,49,378,49,378,22,121,27,257,25,233,2,24,-,-,-,-
27146006500006900_大阪府堺市北区百舌鳥赤畑町５丁,27146,大阪府,堺市北区,百舌鳥赤畑町５丁,39,199,39,199,20,70,19,129,13,96,6,33,-,-,-,-
27146007500007500_大阪府堺市北区百舌鳥梅町１丁,27146,大阪府,堺市北区,百舌鳥梅町１丁,97,886,97,886,19,73,78,813,67,613,11,200,-,-,-,-
27146007500007600_大阪府堺市北区百舌鳥梅町２丁,27146,大阪府,堺市北区,百舌鳥梅町２丁,23,193,22,138,5,39,17,99,15,90,2,9,-,-,1,55
27146007500007700_大阪府堺市北区百舌鳥梅町３丁,27146,大阪府,堺市北区,百舌鳥梅町３丁,211,"2,086",210,"2,056",75,254,135,"1,802",118,"1,663",17,139,-,-,1,30
27146007000007000_大阪府堺市北区百舌鳥梅北町１丁,27146,大阪府,堺市北区,百舌鳥梅北町１丁,32,707,30,349,10,37,20,312,18,291,2,21,-,-,2,358
27146007000007100_大阪府堺市北区百舌鳥梅北町２丁,27146,大阪府,堺市北区,百舌鳥梅北町２丁,23,218,22,168,5,9,17,159,16,131,1,28,-,-,1,50
27146007000007200_大阪府堺市北区百舌鳥梅北町３丁,27146,大阪府,堺市北区,百舌鳥梅北町３丁,24,116,24,116,15,56,9,60,8,50,1,10,-,-,-,-
27146007000007300_大阪府堺市北区百舌鳥梅北町４丁,27146,大阪府,堺市北区,百舌鳥梅北町４丁,36,184,36,184,20,49,16,135,15,127,1,8,-,-,-,-
27146007000007400_大阪府堺市北区百舌鳥梅北町５丁,27146,大阪府,堺市北区,百舌鳥梅北町５丁,43,397,43,397,9,38,34,359,31,330,3,29,-,-,-,-
27146008100008100_大阪府堺市北区百舌鳥本町１丁,27146,大阪府,堺市北区,百舌鳥本町１丁,37,177,37,177,17,43,20,134,18,119,2,15,-,-,-,-
27146008100008200_大阪府堺市北区百舌鳥本町２丁,27146,大阪府,堺市北区,百舌鳥本町２丁,17,79,17,79,5,12,12,67,8,32,4,35,-,-,-,-
27146008100008300_大阪府堺市北区百舌鳥本町３丁,27146,大阪府,堺市北区,百舌鳥本町３丁,28,151,28,151,12,19,16,132,15,56,1,76,-,-,-,-
27146008400008400_大阪府堺市北区百舌鳥陵南町１丁,27146,大阪府,堺市北区,百舌鳥陵南町１丁,24,416,23,332,5,9,18,323,17,151,1,172,-,-,1,84
27146008400008500_大阪府堺市北区百舌鳥陵南町２丁,27146,大阪府,堺市北区,百舌鳥陵南町２丁,34,280,34,280,8,27,26,253,25,209,1,44,-,-,-,-
27146008400008600_大阪府堺市北区百舌鳥陵南町３丁,27146,大阪府,堺市北区,百舌鳥陵南町３丁,80,905,80,905,22,87,57,810,52,720,5,90,1,8,-,-
27146001200001200_大阪府堺市北区北花田町１丁,27146,大阪府,堺市北区,北花田町１丁,38,278,38,278,15,79,23,199,23,199,-,-,-,-,-,-
27146001200001300_大阪府堺市北区北花田町２丁,27146,大阪府,堺市北区,北花田町２丁,72,756,71,716,16,61,55,655,52,632,3,23,-,-,1,40
27146001200001400_大阪府堺市北区北花田町３丁,27146,大阪府,堺市北区,北花田町３丁,150,"1,271",150,"1,271",47,195,103,"1,076",91,975,12,101,-,-,-,-
27146001200001500_大阪府堺市北区北花田町４丁,27146,大阪府,堺市北区,北花田町４丁,94,747,94,747,20,53,74,694,73,669,1,25,-,-,-,-
27146000400000400_大阪府堺市北区北長尾町１丁,27146,大阪府,堺市北区,北長尾町１丁,50,368,50,368,25,63,25,305,22,275,3,30,-,-,-,-
27146000400000500_大阪府堺市北区北長尾町２丁,27146,大阪府,堺市北区,北長尾町２丁,28,121,28,121,19,43,9,78,7,63,2,15,-,-,-,-
27146000400000600_大阪府堺市北区北長尾町３丁,27146,大阪府,堺市北区,北長尾町３丁,29,89,29,89,19,59,10,30,10,30,-,-,-,-,-,-
27146000400000700_大阪府堺市北区北長尾町４丁,27146,大阪府,堺市北区,北長尾町４丁,21,40,21,40,12,21,9,19,8,18,1,1,-,-,-,-
27146000400000800_大阪府堺市北区北長尾町５丁,27146,大阪府,堺市北区,北長尾町５丁,9,65,9,65,5,9,4,56,4,56,-,-,-,-,-,-
27146000400000900_大阪府堺市北区北長尾町６丁,27146,大阪府,堺市北区,北長尾町６丁,10,51,10,51,4,16,6,35,6,35,-,-,-,-,-,-
27146000400001000_大阪府堺市北区北長尾町７丁,27146,大阪府,堺市北区,北長尾町７丁,9,51,9,51,4,6,5,45,5,45,-,-,-,-,-,-
27146000400001100_大阪府堺市北区北長尾町８丁,27146,大阪府,堺市北区,北長尾町８丁,10,112,10,112,2,4,8,108,5,83,3,25,-,-,-,-
27146004500004500_大阪府堺市北区野遠町,27146,大阪府,堺市北区,野遠町,71,655,71,655,21,54,50,601,47,514,3,87,-,-,-,-
27146002900002900_大阪府堺市北区船堂町,27146,大阪府,堺市北区,船堂町,48,483,48,483,9,25,39,458,35,394,4,64,-,-,-,-
27146999999999999_大阪府堺市北区その他,27146,大阪府,堺市北区,その他,-,-,-,-,-,-,-,-,-,-,-,-,-,-,-,-
27147_大阪府堺市美原区,27147,大阪府,堺市美原区,,"1,845","23,882","1,820","22,824",430,"1,383","1,384","21,387","1,281","19,138",103,"2,249",6,54,25,"1,058"
27147001300001300_大阪府堺市美原区さつき野西１丁目,27147,大阪府,堺市美原区,さつき野西１丁目,7,68,7,68,-,-,7,68,7,68,-,-,-,-,-,-
27147001300001400_大阪府堺市美原区さつき野西２丁目,27147,大阪府,堺市美原区,さつき野西２丁目,7,33,7,33,-,-,7,33,7,33,-,-,-,-,-,-
27147001300001500_大阪府堺市美原区さつき野西３丁目,27147,大阪府,堺市美原区,さつき野西３丁目,9,35,9,35,1,2,8,33,8,33,-,-,-,-,-,-
27147001600001600_大阪府堺市美原区さつき野東１丁目,27147,大阪府,堺市美原区,さつき野東１丁目,24,238,21,156,8,16,13,140,9,75,4,65,-,-,3,82
27147001600001700_大阪府堺市美原区さつき野東２丁目,27147,大阪府,堺市美原区,さつき野東２丁目,4,13,4,13,-,-,4,13,4,13,-,-,-,-,-,-
27147001600001800_大阪府堺市美原区さつき野東３丁目,27147,大阪府,堺市美原区,さつき野東３丁目,6,49,6,49,1,6,5,43,5,43,-,-,-,-,-,-
27147000100000100_大阪府堺市美原区阿弥,27147,大阪府,堺市美原区,阿弥,69,355,68,328,29,50,39,278,33,220,6,58,-,-,1,27
27147001000001000_大阪府堺市美原区黒山,27147,大阪府,堺市美原区,黒山,171,"2,866",165,"2,641",41,169,123,"2,472",110,"1,940",13,532,1,-,6,225
27147000300000300_大阪府堺市美原区今井,27147,大阪府,堺市美原区,今井,104,"1,465",104,"1,465",19,49,85,"1,416",79,961,6,455,-,-,-,-
27147001100001100_大阪府堺市美原区小寺,27147,大阪府,堺市美原区,小寺,80,"1,174",80,"1,174",19,56,61,"1,118",57,"1,110",4,8,-,-,-,-
27147001200001200_大阪府堺市美原区小平尾,27147,大阪府,堺市美原区,小平尾,72,"1,175",70,887,14,60,56,827,52,757,4,70,-,-,2,288
27147001900001900_大阪府堺市美原区真福寺,27147,大阪府,堺市美原区,真福寺,43,702,42,699,10,50,32,649,29,624,3,25,-,-,1,3
27147002000002000_大阪府堺市美原区菅生,27147,大阪府,堺市美原区,菅生,68,627,67,609,21,81,46,528,39,372,7,156,-,-,1,18
27147002100002100_大阪府堺市美原区青南台１丁目,27147,大阪府,堺市美原区,青南台１丁目,8,90,8,90,1,40,7,50,7,50,-,-,-,-,-,-
27147002100002200_大阪府堺市美原区青南台２丁目,27147,大阪府,堺市美原区,青南台２丁目,21,205,21,205,2,5,19,200,18,198,1,2,-,-,-,-
27147000200000200_大阪府堺市美原区石原,27147,大阪府,堺市美原区,石原,1,1,1,1,1,1,-,-,-,-,-,-,-,-,-,-
27147002500002500_大阪府堺市美原区多治井,27147,大阪府,堺市美原区,多治井,198,"1,696",198,"1,696",52,174,146,"1,522",137,"1,471",9,51,-,-,-,-
27147002300002300_大阪府堺市美原区太井,27147,大阪府,堺市美原区,太井,144,"1,386",142,"1,363",31,93,111,"1,270",109,"1,268",2,2,-,-,2,23
27147000400000400_大阪府堺市美原区大饗,27147,大阪府,堺市美原区,大饗,55,663,52,582,16,29,36,553,35,552,1,1,-,-,3,81
27147002400002400_大阪府堺市美原区大保,27147,大阪府,堺市美原区,大保,37,461,36,423,3,3,32,382,28,343,4,39,1,38,1,38
27147002600002600_大阪府堺市美原区丹上,27147,大阪府,堺市美原区,丹上,136,"1,763",136,"1,763",24,101,112,"1,662",108,"1,622",4,40,-,-,-,-
27147002700002700_大阪府堺市美原区丹南,27147,大阪府,堺市美原区,丹南,-,-,-,-,-,-,-,-,-,-,-,-,-,-,-,-
27147003000003000_大阪府堺市美原区南余部,27147,大阪府,堺市美原区,南余部,56,621,56,621,22,41,33,575,31,570,2,5,1,5,-,-
27147003100003100_大阪府堺市美原区南余部西１丁目,27147,大阪府,堺市美原区,南余部西１丁目,2,6,2,6,-,-,2,6,-,-,2,6,-,-,-,-
27147003100003200_大阪府堺市美原区南余部西２丁目,27147,大阪府,堺市美原区,南余部西２丁目,-,-,-,-,-,-,-,-,-,-,-,-,-,-,-,-
27147003100003300_大阪府堺市美原区南余部西３丁目,27147,大阪府,堺市美原区,南余部西３丁目,1,2,1,2,1,2,-,-,-,-,-,-,-,-,-,-
27147002800002800_大阪府堺市美原区平尾,27147,大阪府,堺市美原区,平尾,170,"2,271",167,"2,184",45,147,121,"2,036",105,"1,411",16,625,1,1,3,87
27147002900002900_大阪府堺市美原区菩提,27147,大阪府,堺市美原区,菩提,13,249,13,249,3,9,10,240,9,238,1,2,-,-,-,-
27147000500000500_大阪府堺市美原区北余部,27147,大阪府,堺市美原区,北余部,148,"1,149",146,963,57,171,88,789,78,734,10,55,1,3,2,186
27147000600000600_大阪府堺市美原区北余部西１丁目,27147,大阪府,堺市美原区,北余部西１丁目,1,6,1,6,-,-,1,6,-,-,1,6,-,-,-,-
27147000600000700_大阪府堺市美原区北余部西２丁目,27147,大阪府,堺市美原区,北余部西２丁目,-,-,-,-,-,-,-,-,-,-,-,-,-,-,-,-
27147000600000800_大阪府堺市美原区北余部西３丁目,27147,大阪府,堺市美原区,北余部西３丁目,1,5,1,5,-,-,1,5,1,5,-,-,-,-,-,-
27147000600000900_大阪府堺市美原区北余部西４丁目,27147,大阪府,堺市美原区,北余部西４丁目,10,59,10,59,4,12,6,47,5,33,1,14,-,-,-,-
27147003400003400_大阪府堺市美原区木材通１丁目,27147,大阪府,堺市美原区,木材通１丁目,57,"1,036",57,"1,036",4,8,53,"1,028",53,"1,028",-,-,-,-,-,-
27147003400003500_大阪府堺市美原区木材通２丁目,27147,大阪府,堺市美原区,木材通２丁目,38,"1,234",38,"1,234",-,-,37,"1,227",37,"1,227",-,-,1,7,-,-
27147003400003600_大阪府堺市美原区木材通３丁目,27147,大阪府,堺市美原区,木材通３丁目,6,141,6,141,-,-,6,141,6,141,-,-,-,-,-,-
27147003400003700_大阪府堺市美原区木材通４丁目,27147,大阪府,堺市美原区,木材通４丁目,78,"2,038",78,"2,038",1,8,77,"2,030",75,"1,998",2,32,-,-,-,-
27147999999999999_大阪府堺市美原区その他,27147,大阪府,堺市美原区,その他,-,-,-,-,-,-,-,-,-,-,-,-,-,-,-,-
27202_大阪府岸和田市,27202,大阪府,岸和田市,,"7,240","73,126","7,050","67,500","2,690","8,053","4,343","59,370","3,832","48,263",511,"11,107",17,77,190,"5,626"
27202005400005400_大阪府岸和田市三ケ山町,27202,大阪府,岸和田市,三ケ山町,15,240,15,240,1,5,14,235,7,46,7,189,-,-,-,-
27202012700012700_大阪府岸和田市三田町,27202,大阪府,岸和田市,三田町,159,"2,833",154,"2,754",46,114,107,"2,638",87,"2,151",20,487,1,2,5,79
27202005000005000_大阪府岸和田市五軒屋町,27202,大阪府,岸和田市,五軒屋町,62,347,62,347,28,88,34,259,28,238,6,21,-,-,-,-
27202009500009500_大阪府岸和田市八幡町,27202,大阪府,岸和田市,八幡町,37,344,37,344,14,38,23,306,19,258,4,48,-,-,-,-
27202009600009600_大阪府岸和田市八田町,27202,大阪府,岸和田市,八田町,24,247,24,247,6,21,18,226,16,202,2,24,-,-,-,-
27202014400014400_大阪府岸和田市八阪町１丁目,27202,大阪府,岸和田市,八阪町１丁目,33,543,33,543,8,33,25,510,21,491,4,19,-,-,-,-
27202014400014500_大阪府岸和田市八阪町２丁目,27202,大阪府,岸和田市,八阪町２丁目,27,521,27,521,7,29,20,492,19,491,1,1,-,-,-,-
27202014400014600_大阪府岸和田市八阪町３丁目,27202,大阪府,岸和田市,八阪町３丁目,27,314,27,314,8,15,19,299,15,251,4,48,-,-,-,-
27202000100000100_大阪府岸和田市阿間河滝町,27202,大阪府,岸和田市,阿間河滝町,21,132,21,132,8,25,13,107,11,103,2,4,-,-,-,-
27202000200000200_大阪府岸和田市荒木町１丁目,27202,大阪府,岸和田市,荒木町１丁目,76,639,75,630,28,87,46,540,34,398,12,142,1,3,1,9
27202000200000300_大阪府岸和田市荒木町２丁目,27202,大阪府,岸和田市,荒木町２丁目,62,607,54,517,19,52,35,465,32,373,3,92,-,-,8,90
27202000500000500_大阪府岸和田市磯上町１丁目,27202,大阪府,岸和田市,磯上町１丁目,32,170,31,169,15,56,16,113,14,91,2,22,-,-,1,1
27202000500000600_大阪府岸和田市磯上町２丁目,27202,大阪府,岸和田市,磯上町２丁目,40,234,36,186,21,48,15,138,13,118,2,20,-,-,4,48
27202000500000700_大阪府岸和田市磯上町３丁目,27202,大阪府,岸和田市,磯上町３丁目,62,783,61,774,17,47,44,727,40,615,4,112,-,-,1,9
27202000500000800_大阪府岸和田市磯上町４丁目,27202,大阪府,岸和田市,磯上町４丁目,46,869,46,869,21,41,25,828,22,805,3,23,-,-,-,-
27202000500000900_大阪府岸和田市磯上町５丁目,27202,大阪府,岸和田市,磯上町５丁目,31,115,31,115,14,22,17,93,15,77,2,16,-,-,-,-
27202000500001000_大阪府岸和田市磯上町６丁目,27202,大阪府,岸和田市,磯上町６丁目,17,120,17,120,7,17,10,103,10,103,-,-,-,-,-,-
27202000400000400_大阪府岸和田市池尻町,27202,大阪府,岸和田市,池尻町,107,707,105,643,54,129,51,514,40,278,11,236,-,-,2,64
27202001100001100_大阪府岸和田市稲葉町,27202,大阪府,岸和田市,稲葉町,119,"1,006",114,973,40,104,74,869,70,697,4,172,-,-,5,33
27202001200001200_大阪府岸和田市今木町,27202,大阪府,岸和田市,今木町,69,"1,161",69,"1,161",14,47,55,"1,114",51,"1,043",4,71,-,-,-,-
27202001300001300_大阪府岸和田市上町,27202,大阪府,岸和田市,上町,53,271,52,239,20,39,31,198,29,195,2,3,1,2,1,32
27202001400001400_大阪府岸和田市魚屋町,27202,大阪府,岸和田市,魚屋町,10,40,10,40,4,7,6,33,4,22,2,11,-,-,-,-
27202001500001500_大阪府岸和田市内畑町,27202,大阪府,岸和田市,内畑町,98,843,92,799,31,89,61,710,57,625,4,85,-,-,6,44
27202001600001600_大阪府岸和田市戎町,27202,大阪府,岸和田市,戎町,20,126,20,126,13,37,7,89,6,88,1,1,-,-,-,-
27202002000002000_大阪府岸和田市大町,27202,大阪府,岸和田市,大町,110,598,110,598,62,164,48,434,42,376,6,58,-,-,-,-
27202002000002100_大阪府岸和田市大町１丁目,27202,大阪府,岸和田市,大町１丁目,12,86,12,86,8,37,4,49,4,49,-,-,-,-,-,-
27202002000002200_大阪府岸和田市大町３丁目,27202,大阪府,岸和田市,大町３丁目,22,198,17,129,7,20,10,109,6,76,4,33,-,-,5,69
27202002000002300_大阪府岸和田市大町４丁目,27202,大阪府,岸和田市,大町４丁目,11,35,11,35,6,14,5,21,3,10,2,11,-,-,-,-
27202001700001700_大阪府岸和田市大北町,27202,大阪府,岸和田市,大北町,24,425,24,425,6,20,18,405,18,405,-,-,-,-,-,-
27202001800001800_大阪府岸和田市大沢町,27202,大阪府,岸和田市,大沢町,31,273,30,272,10,27,20,245,17,240,3,5,-,-,1,1
27202001900001900_大阪府岸和田市大手町,27202,大阪府,岸和田市,大手町,10,45,10,45,4,9,6,36,6,36,-,-,-,-,-,-
27202002400002400_大阪府岸和田市岡山町,27202,大阪府,岸和田市,岡山町,123,663,121,613,64,159,57,454,50,415,7,39,-,-,2,50
27202002500002500_大阪府岸和田市尾生町,27202,大阪府,岸和田市,尾生町,92,743,86,689,23,70,63,619,51,394,12,225,-,-,6,54
27202002500003000_大阪府岸和田市尾生町２丁目,27202,大阪府,岸和田市,尾生町２丁目,6,13,6,13,3,5,3,8,3,8,-,-,-,-,-,-
27202002500002600_大阪府岸和田市尾生町３丁目,27202,大阪府,岸和田市,尾生町３丁目,25,152,25,152,9,24,16,128,14,124,2,4,-,-,-,-
27202002500002700_大阪府岸和田市尾生町４丁目,27202,大阪府,岸和田市,尾生町４丁目,21,58,21,58,13,29,8,29,7,28,1,1,-,-,-,-
27202002500002800_大阪府岸和田市尾生町５丁目,27202,大阪府,岸和田市,尾生町５丁目,13,129,11,85,4,22,7,63,6,45,1,18,-,-,2,44
27202002500002850_大阪府岸和田市尾生町６丁目,27202,大阪府,岸和田市,尾生町６丁目,13,479,13,479,2,2,11,477,10,101,1,376,-,-,-,-
27202002500002900_大阪府岸和田市尾生町７丁目,27202,大阪府,岸和田市,尾生町７丁目,8,82,8,82,3,23,5,59,5,59,-,-,-,-,-,-
27202003000003000_大阪府岸和田市河合町,27202,大阪府,岸和田市,河合町,55,375,52,355,23,80,28,274,25,259,3,15,1,1,3,20
27202004100004100_大阪府岸和田市額原町,27202,大阪府,岸和田市,額原町,48,"1,259",46,357,13,71,33,286,29,255,4,31,-,-,2,902
27202015000015200_大阪府岸和田市葛城町,27202,大阪府,岸和田市,葛城町,8,37,8,37,3,4,5,33,5,33,-,-,-,-,-,-
27202003100003100_大阪府岸和田市包近町,27202,大阪府,岸和田市,包近町,52,643,52,643,16,47,36,596,33,589,3,7,-,-,-,-
27202003200003200_大阪府岸和田市上白原町,27202,大阪府,岸和田市,上白原町,6,31,6,31,3,11,3,20,2,17,1,3,-,-,-,-
27202003300003300_大阪府岸和田市上野町西,27202,大阪府,岸和田市,上野町西,67,587,62,519,27,68,34,450,32,433,2,17,1,1,5,68
27202003400003400_大阪府岸和田市上野町東,27202,大阪府,岸和田市,上野町東,152,842,147,760,90,303,57,457,53,431,4,26,-,-,5,82
27202003500003500_大阪府岸和田市紙屋町,27202,大阪府,岸和田市,紙屋町,9,59,7,37,5,7,2,30,2,30,-,-,-,-,2,22
27202003600003600_大阪府岸和田市加守町１丁目,27202,大阪府,岸和田市,加守町１丁目,26,121,26,121,15,49,11,72,9,70,2,2,-,-,-,-
27202003600003700_大阪府岸和田市加守町２丁目,27202,大阪府,岸和田市,加守町２丁目,32,614,32,614,18,77,14,537,14,537,-,-,-,-,-,-
27202003600003800_大阪府岸和田市加守町３丁目,27202,大阪府,岸和田市,加守町３丁目,26,125,26,125,12,27,14,98,12,86,2,12,-,-,-,-
27202003600003900_大阪府岸和田市加守町４丁目,27202,大阪府,岸和田市,加守町４丁目,55,"1,301",51,"1,192",31,51,20,"1,141",14,85,6,"1,056",-,-,4,109
27202004000004000_大阪府岸和田市上松町,27202,大阪府,岸和田市,上松町,62,291,62,291,20,70,42,221,36,179,6,42,-,-,-,-
27202400100400100_大阪府岸和田市上松町１丁目,27202,大阪府,岸和田市,上松町１丁目,8,64,8,64,2,4,6,60,5,31,1,29,-,-,-,-
27202400100400200_大阪府岸和田市上松町２丁目,27202,大阪府,岸和田市,上松町２丁目,18,570,18,570,5,9,13,561,11,228,2,333,-,-,-,-
27202400100400300_大阪府岸和田市上松町３丁目,27202,大阪府,岸和田市,上松町３丁目,15,374,14,272,1,4,13,268,13,268,-,-,-,-,1,102
27202400100400400_大阪府岸和田市上松町４丁目,27202,大阪府,岸和田市,上松町４丁目,10,82,10,82,2,2,8,80,6,73,2,7,-,-,-,-
27202400100400500_大阪府岸和田市上松町５丁目,27202,大阪府,岸和田市,上松町５丁目,2,3,2,3,-,-,2,3,2,3,-,-,-,-,-,-
27202004200004200_大阪府岸和田市岸城町,27202,大阪府,岸和田市,岸城町,70,"1,305",58,245,21,58,34,179,25,117,9,62,3,8,12,"1,060"
27202004300004300_大阪府岸和田市岸野町,27202,大阪府,岸和田市,岸野町,18,86,18,86,10,29,8,57,8,57,-,-,-,-,-,-
27202014800014800_大阪府岸和田市岸之浦町,27202,大阪府,岸和田市,岸之浦町,30,"1,183",29,"1,158",-,-,29,"1,158",29,"1,158",-,-,-,-,1,25
27202500100061100_大阪府岸和田市岸の丘町１丁目,27202,大阪府,岸和田市,岸の丘町１丁目,-,-,-,-,-,-,-,-,-,-,-,-,-,-,-,-
27202500100061200_大阪府岸和田市岸の丘町２丁目,27202,大阪府,岸和田市,岸の丘町２丁目,15,368,15,368,-,-,15,368,15,368,-,-,-,-,-,-
27202500100061300_大阪府岸和田市岸の丘町３丁目,27202,大阪府,岸和田市,岸の丘町３丁目,13,566,12,552,-,-,12,552,10,400,2,152,-,-,1,14
27202004500004500_大阪府岸和田市北町,27202,大阪府,岸和田市,北町,65,269,65,269,37,80,28,189,23,131,5,58,-,-,-,-
27202004400004400_大阪府岸和田市北阪町,27202,大阪府,岸和田市,北阪町,1,10,1,10,-,-,1,10,1,10,-,-,-,-,-,-
27202004600004600_大阪府岸和田市神須屋町,27202,大阪府,岸和田市,神須屋町,24,264,24,264,10,24,14,240,12,128,2,112,-,-,-,-
27202004700004700_大阪府岸和田市神於町,27202,大阪府,岸和田市,神於町,10,40,9,30,5,20,4,10,2,8,2,2,-,-,1,10
27202004900004900_大阪府岸和田市極楽寺町,27202,大阪府,岸和田市,極楽寺町,27,147,27,147,8,20,19,127,18,123,1,4,-,-,-,-
27202004900005000_大阪府岸和田市極楽寺町１丁目,27202,大阪府,岸和田市,極楽寺町１丁目,6,19,6,19,4,6,2,13,1,9,1,4,-,-,-,-
27202004900005100_大阪府岸和田市極楽寺町２丁目,27202,大阪府,岸和田市,極楽寺町２丁目,7,72,7,72,1,2,6,70,6,70,-,-,-,-,-,-
27202004800004800_大阪府岸和田市小松里町,27202,大阪府,岸和田市,小松里町,299,"2,852",295,"2,799",100,325,195,"2,474",180,"2,203",15,271,-,-,4,53
27202005100005100_大阪府岸和田市堺町,27202,大阪府,岸和田市,堺町,30,196,26,152,14,40,12,112,11,94,1,18,-,-,4,44
27202005200005200_大阪府岸和田市作才町,27202,大阪府,岸和田市,作才町,52,589,51,531,18,50,33,481,31,468,2,13,-,-,1,58
27202005200005300_大阪府岸和田市作才町１丁目,27202,大阪府,岸和田市,作才町１丁目,34,800,32,490,13,46,19,444,17,438,2,6,-,-,2,310
27202006800006800_大阪府岸和田市地蔵浜町,27202,大阪府,岸和田市,地蔵浜町,91,954,91,954,9,53,82,901,75,850,7,51,-,-,-,-
27202005500005500_大阪府岸和田市下池田町１丁目,27202,大阪府,岸和田市,下池田町１丁目,46,383,46,383,18,54,28,329,25,277,3,52,-,-,-,-
27202005500005600_大阪府岸和田市下池田町２丁目,27202,大阪府,岸和田市,下池田町２丁目,41,222,41,222,21,46,20,176,17,153,3,23,-,-,-,-
27202005500005700_大阪府岸和田市下池田町３丁目,27202,大阪府,岸和田市,下池田町３丁目,17,80,13,34,10,17,3,17,3,17,-,-,-,-,4,46
27202005800005800_大阪府岸和田市下野町１丁目,27202,大阪府,岸和田市,下野町１丁目,9,41,9,41,5,8,4,33,3,30,1,3,-,-,-,-
27202005800005900_大阪府岸和田市下野町２丁目,27202,大阪府,岸和田市,下野町２丁目,14,104,13,75,4,14,9,61,8,59,1,2,-,-,1,29
27202005800006000_大阪府岸和田市下野町３丁目,27202,大阪府,岸和田市,下野町３丁目,16,86,16,86,8,16,7,69,7,69,-,-,1,1,-,-
27202005800006100_大阪府岸和田市下野町４丁目,27202,大阪府,岸和田市,下野町４丁目,9,26,9,26,6,16,3,10,2,8,1,2,-,-,-,-
27202005800006200_大阪府岸和田市下野町５丁目,27202,大阪府,岸和田市,下野町５丁目,16,68,16,68,10,26,6,42,5,41,1,1,-,-,-,-
27202006300006300_大阪府岸和田市下松町,27202,大阪府,岸和田市,下松町,42,587,41,539,14,60,27,479,22,318,5,161,-,-,1,48
27202006300006400_大阪府岸和田市下松町１丁目,27202,大阪府,岸和田市,下松町１丁目,73,707,73,707,28,110,45,597,43,575,2,22,-,-,-,-
27202006300006500_大阪府岸和田市下松町２丁目,27202,大阪府,岸和田市,下松町２丁目,33,146,33,146,15,26,18,120,17,118,1,2,-,-,-,-
27202006300006600_大阪府岸和田市下松町３丁目,27202,大阪府,岸和田市,下松町３丁目,31,223,31,223,12,40,19,183,14,126,5,57,-,-,-,-
27202006300006700_大阪府岸和田市下松町４丁目,27202,大阪府,岸和田市,下松町４丁目,37,303,32,222,18,57,14,165,11,114,3,51,-,-,5,81
27202006300006800_大阪府岸和田市下松町５丁目,27202,大阪府,岸和田市,下松町５丁目,4,18,4,18,1,1,3,17,3,17,-,-,-,-,-,-
27202006700006700_大阪府岸和田市新港町,27202,大阪府,岸和田市,新港町,85,"1,060",83,"1,034",3,30,80,"1,004",80,"1,004",-,-,-,-,2,26
27202006900006900_大阪府岸和田市筋海町,27202,大阪府,岸和田市,筋海町,42,361,42,361,20,51,22,310,18,295,4,15,-,-,-,-
27202007000007000_大阪府岸和田市相川町,27202,大阪府,岸和田市,相川町,3,10,3,10,2,8,1,2,-,-,1,2,-,-,-,-
27202007200007200_大阪府岸和田市大工町,27202,大阪府,岸和田市,大工町,9,102,9,102,5,13,4,89,4,89,-,-,-,-,-,-
27202007100007100_大阪府岸和田市田治米町,27202,大阪府,岸和田市,田治米町,126,"1,325",122,"1,262",51,113,70,"1,124",61,"1,051",9,73,1,25,4,63
27202007300007300_大阪府岸和田市積川町,27202,大阪府,岸和田市,積川町,35,240,35,240,13,29,22,211,19,136,3,75,-,-,-,-
27202007400007400_大阪府岸和田市天神山町１丁目,27202,大阪府,岸和田市,天神山町１丁目,4,36,-,-,-,-,-,-,-,-,-,-,-,-,4,36
27202007400007500_大阪府岸和田市天神山町２丁目,27202,大阪府,岸和田市,天神山町２丁目,13,52,13,52,6,13,7,39,6,14,1,25,-,-,-,-
27202007400007600_大阪府岸和田市天神山町３丁目,27202,大阪府,岸和田市,天神山町３丁目,2,2,2,2,1,2,1,-,-,-,1,-,-,-,-,-
27202007700007700_大阪府岸和田市塔原町,27202,大阪府,岸和田市,塔原町,5,26,5,26,1,3,4,23,4,23,-,-,-,-,-,-
27202008300008300_大阪府岸和田市中町,27202,大阪府,岸和田市,中町,2,6,2,6,1,2,1,4,1,4,-,-,-,-,-,-
27202007800007800_大阪府岸和田市中井町１丁目,27202,大阪府,岸和田市,中井町１丁目,43,413,42,403,16,39,26,364,26,364,-,-,-,-,1,10
27202007800007900_大阪府岸和田市中井町２丁目,27202,大阪府,岸和田市,中井町２丁目,38,273,38,273,13,35,25,238,21,213,4,25,-,-,-,-
27202007800008000_大阪府岸和田市中井町３丁目,27202,大阪府,岸和田市,中井町３丁目,38,234,38,234,12,54,26,180,23,156,3,24,-,-,-,-
27202008100008100_大阪府岸和田市中北町,27202,大阪府,岸和田市,中北町,4,58,4,58,1,2,3,56,2,34,1,22,-,-,-,-
27202008200008200_大阪府岸和田市中之浜町,27202,大阪府,岸和田市,中之浜町,16,61,14,40,10,24,4,16,4,16,-,-,-,-,2,21
27202008400008400_大阪府岸和田市流木町,27202,大阪府,岸和田市,流木町,61,511,58,491,12,48,46,443,43,274,3,169,-,-,3,20
27202008500008500_大阪府岸和田市並松町,27202,大阪府,岸和田市,並松町,65,463,64,462,21,48,43,414,35,372,8,42,-,-,1,1
27202008600008600_大阪府岸和田市西大路町,27202,大阪府,岸和田市,西大路町,48,419,48,419,13,43,35,376,35,376,-,-,-,-,-,-
27202008700008700_大阪府岸和田市西之内町,27202,大阪府,岸和田市,西之内町,202,"1,933",202,"1,933",77,204,125,"1,729",113,"1,142",12,587,-,-,-,-
27202008800008800_大阪府岸和田市沼町,27202,大阪府,岸和田市,沼町,97,977,97,977,38,121,59,856,54,823,5,33,-,-,-,-
27202008900008900_大阪府岸和田市野田町１丁目,27202,大阪府,岸和田市,野田町１丁目,100,814,98,782,42,137,56,645,45,474,11,171,-,-,2,32
27202008900009000_大阪府岸和田市野田町２丁目,27202,大阪府,岸和田市,野田町２丁目,60,455,59,390,29,115,30,275,21,199,9,76,-,-,1,65
27202008900009100_大阪府岸和田市野田町３丁目,27202,大阪府,岸和田市,野田町３丁目,46,538,40,219,13,48,25,169,21,146,4,23,2,2,6,319
27202009200009200_大阪府岸和田市畑町,27202,大阪府,岸和田市,畑町,31,196,31,196,7,11,24,185,21,167,3,18,-,-,-,-
27202009200009300_大阪府岸和田市畑町１丁目,27202,大阪府,岸和田市,畑町１丁目,14,50,14,50,4,8,10,42,8,39,2,3,-,-,-,-
27202009200009500_大阪府岸和田市畑町２丁目,27202,大阪府,岸和田市,畑町２丁目,7,34,7,34,4,6,3,28,2,6,1,22,-,-,-,-
27202009200009400_大阪府岸和田市畑町３丁目,27202,大阪府,岸和田市,畑町３丁目,12,98,8,56,5,16,3,40,3,40,-,-,-,-,4,42
27202009800009800_大阪府岸和田市土生町,27202,大阪府,岸和田市,土生町,59,872,57,811,16,82,41,729,35,312,6,417,-,-,2,61
27202009800009900_大阪府岸和田市土生町１丁目,27202,大阪府,岸和田市,土生町１丁目,19,746,18,657,8,19,10,638,10,638,-,-,-,-,1,89
27202009800010000_大阪府岸和田市土生町２丁目,27202,大阪府,岸和田市,土生町２丁目,188,"2,190",186,"2,056",67,251,119,"1,805",101,962,18,843,-,-,2,134
27202009800010300_大阪府岸和田市土生町３丁目,27202,大阪府,岸和田市,土生町３丁目,83,691,83,691,24,87,59,604,56,592,3,12,-,-,-,-
27202009800010100_大阪府岸和田市土生町４丁目,27202,大阪府,岸和田市,土生町４丁目,63,612,62,604,29,130,33,474,30,457,3,17,-,-,1,8
27202009800010200_大阪府岸和田市土生町５丁目,27202,大阪府,岸和田市,土生町５丁目,52,664,50,545,16,54,34,491,30,321,4,170,-,-,2,119
27202009800010400_大阪府岸和田市土生町６丁目,27202,大阪府,岸和田市,土生町６丁目,23,218,23,218,9,28,14,190,12,162,2,28,-,-,-,-
27202009800010500_大阪府岸和田市土生町７丁目,27202,大阪府,岸和田市,土生町７丁目,21,155,16,86,6,22,10,64,8,53,2,11,-,-,5,69
27202009800010208_大阪府岸和田市土生町８丁目,27202,大阪府,岸和田市,土生町８丁目,30,147,30,147,14,56,16,91,13,76,3,15,-,-,-,-
27202009800010209_大阪府岸和田市土生町９丁目,27202,大阪府,岸和田市,土生町９丁目,28,128,28,128,18,51,10,77,9,46,1,31,-,-,-,-
27202009800010213_大阪府岸和田市土生町１３丁目,27202,大阪府,岸和田市,土生町１３丁目,6,25,6,25,4,22,2,3,2,3,-,-,-,-,-,-
27202009700009700_大阪府岸和田市土生滝町,27202,大阪府,岸和田市,土生滝町,39,211,34,185,13,59,21,126,17,119,4,7,-,-,5,26
27202010300010300_大阪府岸和田市春木旭町,27202,大阪府,岸和田市,春木旭町,113,553,112,511,78,229,34,282,30,230,4,52,-,-,1,42
27202010400010400_大阪府岸和田市春木泉町,27202,大阪府,岸和田市,春木泉町,24,150,23,128,10,24,13,104,13,104,-,-,-,-,1,22
27202010500010500_大阪府岸和田市春木大小路町,27202,大阪府,岸和田市,春木大小路町,20,170,20,170,8,17,12,153,11,132,1,21,-,-,-,-
27202010600010600_大阪府岸和田市春木北浜町,27202,大阪府,岸和田市,春木北浜町,6,19,6,19,3,5,2,13,2,13,-,-,1,1,-,-
27202010700010700_大阪府岸和田市春木大国町,27202,大阪府,岸和田市,春木大国町,3,165,3,165,1,2,2,163,1,52,1,111,-,-,-,-
27202010800010800_大阪府岸和田市春木中町,27202,大阪府,岸和田市,春木中町,5,50,5,50,1,2,4,48,1,1,3,47,-,-,-,-
27202010900010900_大阪府岸和田市春木本町,27202,大阪府,岸和田市,春木本町,25,108,25,108,12,39,13,69,9,48,4,21,-,-,-,-
27202011000011000_大阪府岸和田市春木南浜町,27202,大阪府,岸和田市,春木南浜町,5,22,5,22,2,2,3,20,3,20,-,-,-,-,-,-
27202011100011100_大阪府岸和田市春木宮川町,27202,大阪府,岸和田市,春木宮川町,22,184,18,146,8,15,10,131,9,130,1,1,-,-,4,38
27202011200011200_大阪府岸和田市春木宮本町,27202,大阪府,岸和田市,春木宮本町,8,24,8,24,7,20,1,4,1,4,-,-,-,-,-,-
27202011300011300_大阪府岸和田市春木元町,27202,大阪府,岸和田市,春木元町,8,19,8,19,6,14,2,5,2,5,-,-,-,-,-,-
27202011400011400_大阪府岸和田市春木若松町,27202,大阪府,岸和田市,春木若松町,176,"1,840",173,"1,801",69,224,104,"1,577",93,"1,080",11,497,-,-,3,39
27202011500011500_大阪府岸和田市東大路町,27202,大阪府,岸和田市,東大路町,26,201,26,201,8,34,18,167,16,127,2,40,-,-,-,-
27202011600011600_大阪府岸和田市東ケ丘町,27202,大阪府,岸和田市,東ケ丘町,20,77,20,77,6,20,14,57,14,57,-,-,-,-,-,-
27202011700011700_大阪府岸和田市藤井町１丁目,27202,大阪府,岸和田市,藤井町１丁目,83,519,83,519,45,123,38,396,35,365,3,31,-,-,-,-
27202011700011800_大阪府岸和田市藤井町２丁目,27202,大阪府,岸和田市,藤井町２丁目,52,589,52,589,17,29,35,560,28,222,7,338,-,-,-,-
27202011700011900_大阪府岸和田市藤井町３丁目,27202,大阪府,岸和田市,藤井町３丁目,17,201,16,163,6,17,10,146,7,143,3,3,-,-,1,38
27202012000012000_大阪府岸和田市別所町１丁目,27202,大阪府,岸和田市,別所町１丁目,51,237,51,237,30,92,21,145,17,118,4,27,-,-,-,-
27202012000012100_大阪府岸和田市別所町２丁目,27202,大阪府,岸和田市,別所町２丁目,34,258,31,202,16,78,15,124,14,88,1,36,-,-,3,56
27202012000012200_大阪府岸和田市別所町３丁目,27202,大阪府,岸和田市,別所町３丁目,41,572,37,366,14,60,22,305,10,47,12,258,1,1,4,206
27202012300012300_大阪府岸和田市本町,27202,大阪府,岸和田市,本町,38,236,37,226,21,82,15,128,13,118,2,10,1,16,1,10
27202012400012400_大阪府岸和田市真上町,27202,大阪府,岸和田市,真上町,22,183,21,156,4,37,17,119,15,109,2,10,-,-,1,27
27202012500012500_大阪府岸和田市松風町,27202,大阪府,岸和田市,松風町,18,214,17,180,7,7,10,173,9,148,1,25,-,-,1,34
27202012600012600_大阪府岸和田市摩湯町,27202,大阪府,岸和田市,摩湯町,48,258,48,258,23,50,25,208,25,208,-,-,-,-,-,-
27202012800012800_大阪府岸和田市箕土路町１丁目,27202,大阪府,岸和田市,箕土路町１丁目,60,601,60,601,14,30,46,571,45,560,1,11,-,-,-,-
27202012800012900_大阪府岸和田市箕土路町２丁目,27202,大阪府,岸和田市,箕土路町２丁目,57,546,56,545,15,39,41,506,39,443,2,63,-,-,1,1
27202012800013000_大阪府岸和田市箕土路町３丁目,27202,大阪府,岸和田市,箕土路町３丁目,14,58,14,58,5,24,9,34,8,31,1,3,-,-,-,-
27202014300014300_大阪府岸和田市港緑町,27202,大阪府,岸和田市,港緑町,95,"1,017",94,983,3,21,90,956,87,942,3,14,1,6,1,34
27202013300013300_大阪府岸和田市南町,27202,大阪府,岸和田市,南町,59,291,59,291,33,129,26,162,23,152,3,10,-,-,-,-
27202013100013100_大阪府岸和田市南上町１丁目,27202,大阪府,岸和田市,南上町１丁目,54,648,54,648,28,56,26,592,22,246,4,346,-,-,-,-
27202013100013200_大阪府岸和田市南上町２丁目,27202,大阪府,岸和田市,南上町２丁目,36,479,33,427,12,28,21,399,20,380,1,19,-,-,3,52
27202013400013400_大阪府岸和田市宮前町,27202,大阪府,岸和田市,宮前町,49,320,44,182,22,41,22,141,19,135,3,6,-,-,5,138
27202013500013500_大阪府岸和田市宮本町,27202,大阪府,岸和田市,宮本町,174,"1,751",174,"1,751",78,303,96,"1,448",82,"1,037",14,411,-,-,-,-
27202013600013600_大阪府岸和田市木材町,27202,大阪府,岸和田市,木材町,105,"2,300",105,"2,300",4,14,100,"2,278",99,"2,276",1,2,1,8,-,-
27202014900014900_大阪府岸和田市門前町１丁目,27202,大阪府,岸和田市,門前町１丁目,5,36,5,36,-,-,5,36,4,36,1,-,-,-,-,-
27202014900015000_大阪府岸和田市門前町２丁目,27202,大阪府,岸和田市,門前町２丁目,7,17,7,17,2,2,5,15,4,14,1,1,-,-,-,-
27202014900015100_大阪府岸和田市門前町３丁目,27202,大阪府,岸和田市,門前町３丁目,2,36,2,36,-,-,2,36,2,36,-,-,-,-,-,-
27202013700013700_大阪府岸和田市山直中町,27202,大阪府,岸和田市,山直中町,63,718,63,718,13,38,50,680,36,378,14,302,-,-,-,-
27202014700014700_大阪府岸和田市行遇町,27202,大阪府,岸和田市,行遇町,3,5,3,5,-,-,3,5,3,5,-,-,-,-,-,-
27202013800013800_大阪府岸和田市吉井町１丁目,27202,大阪府,岸和田市,吉井町１丁目,22,191,19,153,8,15,11,138,8,67,3,71,-,-,3,38
27202013800013900_大阪府岸和田市吉井町２丁目,27202,大阪府,岸和田市,吉井町２丁目,26,112,26,112,13,22,13,90,11,88,2,2,-,-,-,-
27202013800014000_大阪府岸和田市吉井町３丁目,27202,大阪府,岸和田市,吉井町３丁目,27,96,27,96,17,31,10,65,7,36,3,29,-,-,-,-
27202013800014100_大阪府岸和田市吉井町４丁目,27202,大阪府,岸和田市,吉井町４丁目,5,32,5,32,2,4,3,28,2,26,1,2,-,-,-,-
27202014200014200_大阪府岸和田市臨海町,27202,大阪府,岸和田市,臨海町,94,"2,334",94,"2,334",1,7,93,"2,327",91,"2,322",2,5,-,-,-,-
27202999999999999_大阪府岸和田市その他,27202,大阪府,岸和田市,その他,-,-,-,-,-,-,-,-,-,-,-,-,-,-,-,-
27203_大阪府豊中市,27203,大阪府,豊中市,,"13,411","140,732","13,180","130,490","4,368","13,393","8,759","116,984","7,756","92,582","1,003","24,402",53,113,231,"10,242"
27203025900025900_大阪府豊中市二葉町１丁目,27203,大阪府,豊中市,二葉町１丁目,28,228,27,190,5,12,22,178,21,164,1,14,-,-,1,38
27203025900026000_大阪府豊中市二葉町２丁目,27203,大阪府,豊中市,二葉町２丁目,42,509,42,509,2,7,40,502,27,309,13,193,-,-,-,-
27203025900026100_大阪府豊中市二葉町３丁目,27203,大阪府,豊中市,二葉町３丁目,6,886,6,886,-,-,6,886,6,886,-,-,-,-,-,-
27203030700030700_大阪府豊中市三国１丁目,27203,大阪府,豊中市,三国１丁目,19,316,19,316,6,11,13,305,12,71,1,234,-,-,-,-
27203030700030800_大阪府豊中市三国２丁目,27203,大阪府,豊中市,三国２丁目,11,69,11,69,2,6,9,63,8,56,1,7,-,-,-,-
27203007900007900_大阪府豊中市三和町１丁目,27203,大阪府,豊中市,三和町１丁目,22,803,20,754,3,4,17,750,16,745,1,5,-,-,2,49
27203007900008000_大阪府豊中市三和町２丁目,27203,大阪府,豊中市,三和町２丁目,20,138,20,138,9,18,11,120,11,120,-,-,-,-,-,-
27203007900008100_大阪府豊中市三和町３丁目,27203,大阪府,豊中市,三和町３丁目,20,171,18,145,7,29,10,113,8,101,2,12,1,3,2,26
27203007900008200_大阪府豊中市三和町４丁目,27203,大阪府,豊中市,三和町４丁目,20,132,20,132,6,11,14,121,13,120,1,1,-,-,-,-
27203000200000200_大阪府豊中市旭丘,27203,大阪府,豊中市,旭丘,40,339,40,339,10,19,30,320,27,269,3,51,-,-,-,-
27203000400000400_大阪府豊中市稲津町１丁目,27203,大阪府,豊中市,稲津町１丁目,33,285,31,198,7,36,24,162,23,136,1,26,-,-,2,87
27203000400000500_大阪府豊中市稲津町２丁目,27203,大阪府,豊中市,稲津町２丁目,22,197,22,197,4,6,17,189,17,189,-,-,1,2,-,-
27203000400000600_大阪府豊中市稲津町３丁目,27203,大阪府,豊中市,稲津町３丁目,19,"1,270",19,"1,270",2,2,17,"1,268",15,"1,267",2,1,-,-,-,-
27203001700001700_大阪府豊中市永楽荘１丁目,27203,大阪府,豊中市,永楽荘１丁目,22,122,22,122,6,18,15,98,13,70,2,28,1,6,-,-
27203001700001800_大阪府豊中市永楽荘２丁目,27203,大阪府,豊中市,永楽荘２丁目,23,119,23,119,11,33,12,86,12,86,-,-,-,-,-,-
27203001700001900_大阪府豊中市永楽荘３丁目,27203,大阪府,豊中市,永楽荘３丁目,20,120,20,120,6,36,14,84,14,84,-,-,-,-,-,-
27203001700002000_大阪府豊中市永楽荘４丁目,27203,大阪府,豊中市,永楽荘４丁目,10,100,10,100,3,14,7,86,4,12,3,74,-,-,-,-
27203002400002400_大阪府豊中市岡上の町１丁目,27203,大阪府,豊中市,岡上の町１丁目,31,502,30,371,13,58,16,308,11,283,5,25,1,5,1,131
27203002400002500_大阪府豊中市岡上の町２丁目,27203,大阪府,豊中市,岡上の町２丁目,50,"1,015",47,932,17,60,29,871,23,742,6,129,1,1,3,83
27203002400002600_大阪府豊中市岡上の町３丁目,27203,大阪府,豊中市,岡上の町３丁目,33,277,33,277,14,54,19,223,16,218,3,5,-,-,-,-
27203002400002700_大阪府豊中市岡上の町４丁目,27203,大阪府,豊中市,岡上の町４丁目,50,687,50,687,16,55,34,632,29,492,5,140,-,-,-,-
27203002800002800_大阪府豊中市岡町,27203,大阪府,豊中市,岡町,73,504,73,504,31,109,42,395,38,347,4,48,-,-,-,-
27203003200003200_大阪府豊中市岡町南１丁目,27203,大阪府,豊中市,岡町南１丁目,48,198,48,198,22,54,26,144,22,125,4,19,-,-,-,-
27203003200003300_大阪府豊中市岡町南２丁目,27203,大阪府,豊中市,岡町南２丁目,11,48,11,48,4,5,7,43,5,40,2,3,-,-,-,-
27203003200003400_大阪府豊中市岡町南３丁目,27203,大阪府,豊中市,岡町南３丁目,29,124,29,124,14,41,15,83,14,71,1,12,-,-,-,-
27203002900002900_大阪府豊中市岡町北１丁目,27203,大阪府,豊中市,岡町北１丁目,65,443,64,436,28,90,33,333,24,206,9,127,3,13,1,7
27203002900003000_大阪府豊中市岡町北２丁目,27203,大阪府,豊中市,岡町北２丁目,22,78,22,78,7,14,15,64,14,62,1,2,-,-,-,-
27203002900003100_大阪府豊中市岡町北３丁目,27203,大阪府,豊中市,岡町北３丁目,34,303,26,161,14,41,12,120,6,36,6,84,-,-,8,142
27203032200032200_大阪府豊中市宮山町１丁目,27203,大阪府,豊中市,宮山町１丁目,20,151,20,151,7,15,13,136,9,90,4,46,-,-,-,-
27203032200032300_大阪府豊中市宮山町２丁目,27203,大阪府,豊中市,宮山町２丁目,14,97,13,48,6,19,7,29,7,29,-,-,-,-,1,49
27203032200032400_大阪府豊中市宮山町３丁目,27203,大阪府,豊中市,宮山町３丁目,7,47,6,31,-,-,6,31,5,30,1,1,-,-,1,16
27203032200032500_大阪府豊中市宮山町４丁目,27203,大阪府,豊中市,宮山町４丁目,20,322,20,322,5,6,15,316,8,49,7,267,-,-,-,-
27203016300016300_大阪府豊中市玉井町１丁目,27203,大阪府,豊中市,玉井町１丁目,120,"1,155",120,"1,155",48,242,71,908,62,736,9,172,1,5,-,-
27203016300016400_大阪府豊中市玉井町２丁目,27203,大阪府,豊中市,玉井町２丁目,23,135,23,135,9,28,14,107,12,65,2,42,-,-,-,-
27203016300016500_大阪府豊中市玉井町３丁目,27203,大阪府,豊中市,玉井町３丁目,8,18,8,18,-,-,8,18,7,16,1,2,-,-,-,-
27203016300016600_大阪府豊中市玉井町４丁目,27203,大阪府,豊中市,玉井町４丁目,3,82,3,82,1,2,2,80,2,80,-,-,-,-,-,-
27203006400006400_大阪府豊中市熊野町１丁目,27203,大阪府,豊中市,熊野町１丁目,35,136,35,136,13,41,22,95,21,83,1,12,-,-,-,-
27203006400006500_大阪府豊中市熊野町２丁目,27203,大阪府,豊中市,熊野町２丁目,29,146,29,146,4,39,24,106,22,84,2,22,1,1,-,-
27203006400006600_大阪府豊中市熊野町３丁目,27203,大阪府,豊中市,熊野町３丁目,32,176,31,130,8,11,23,119,19,83,4,36,-,-,1,46
27203006400006700_大阪府豊中市熊野町４丁目,27203,大阪府,豊中市,熊野町４丁目,82,623,82,623,28,63,53,559,49,535,4,24,1,1,-,-
27203006800006800_大阪府豊中市栗ケ丘町,27203,大阪府,豊中市,栗ケ丘町,24,144,23,80,12,20,10,59,9,55,1,4,1,1,1,64
27203024000024000_大阪府豊中市原田元町１丁目,27203,大阪府,豊中市,原田元町１丁目,27,148,25,89,9,15,16,74,15,73,1,1,-,-,2,59
27203024000024100_大阪府豊中市原田元町２丁目,27203,大阪府,豊中市,原田元町２丁目,31,179,30,129,12,25,18,104,15,42,3,62,-,-,1,50
27203024000024200_大阪府豊中市原田元町３丁目,27203,大阪府,豊中市,原田元町３丁目,26,201,25,177,5,18,20,159,18,134,2,25,-,-,1,24
27203023700023700_大阪府豊中市原田西町,27203,大阪府,豊中市,原田西町,11,267,9,127,-,-,9,127,8,121,1,6,-,-,2,140
27203024300024300_大阪府豊中市原田中１丁目,27203,大阪府,豊中市,原田中１丁目,97,"2,033",97,"2,033",8,22,89,"2,011",84,"1,482",5,529,-,-,-,-
27203024300024400_大阪府豊中市原田中２丁目,27203,大阪府,豊中市,原田中２丁目,11,103,10,102,4,5,6,97,6,97,-,-,-,-,1,1
27203023800023800_大阪府豊中市原田南１丁目,27203,大阪府,豊中市,原田南１丁目,92,786,92,786,21,38,71,748,70,747,1,1,-,-,-,-
27203023800023900_大阪府豊中市原田南２丁目,27203,大阪府,豊中市,原田南２丁目,62,593,61,588,11,25,50,563,49,545,1,18,-,-,1,5
27203032600032600_大阪府豊中市向丘１丁目,27203,大阪府,豊中市,向丘１丁目,19,175,19,175,6,22,13,153,13,153,-,-,-,-,-,-
27203032600032700_大阪府豊中市向丘２丁目,27203,大阪府,豊中市,向丘２丁目,23,212,23,212,11,48,12,164,11,147,1,17,-,-,-,-
27203032600032800_大阪府豊中市向丘３丁目,27203,大阪府,豊中市,向丘３丁目,26,343,24,287,7,30,17,257,13,175,4,82,-,-,2,56
27203025800025800_大阪府豊中市広田町,27203,大阪府,豊中市,広田町,1,5,1,5,-,-,1,5,-,-,1,5,-,-,-,-
27203000700000700_大阪府豊中市今在家町,27203,大阪府,豊中市,今在家町,137,833,137,833,30,76,107,757,105,748,2,9,-,-,-,-
27203007200007200_大阪府豊中市桜の町１丁目,27203,大阪府,豊中市,桜の町１丁目,19,91,19,91,12,55,7,36,6,23,1,13,-,-,-,-
27203007200007300_大阪府豊中市桜の町２丁目,27203,大阪府,豊中市,桜の町２丁目,13,52,13,52,7,17,6,35,4,18,2,17,-,-,-,-
27203007200007400_大阪府豊中市桜の町３丁目,27203,大阪府,豊中市,桜の町３丁目,31,456,31,456,13,26,18,430,15,139,3,291,-,-,-,-
27203007200007500_大阪府豊中市桜の町４丁目,27203,大阪府,豊中市,桜の町４丁目,22,63,22,63,1,1,20,61,17,48,3,13,1,1,-,-
27203007200007600_大阪府豊中市桜の町５丁目,27203,大阪府,豊中市,桜の町５丁目,15,105,15,105,4,55,11,50,11,50,-,-,-,-,-,-
27203007200007700_大阪府豊中市桜の町６丁目,27203,大阪府,豊中市,桜の町６丁目,35,172,35,172,15,73,20,99,20,99,-,-,-,-,-,-
27203007200007800_大阪府豊中市桜の町７丁目,27203,大阪府,豊中市,桜の町７丁目,20,186,18,96,5,10,13,86,10,80,3,6,-,-,2,90
27203033200033200_大阪府豊中市山ノ上町,27203,大阪府,豊中市,山ノ上町,31,310,31,310,5,11,26,299,22,278,4,21,-,-,-,-
27203017700017700_大阪府豊中市寺内１丁目,27203,大阪府,豊中市,寺内１丁目,59,547,58,524,16,46,42,478,27,186,15,292,-,-,1,23
27203017700017800_大阪府豊中市寺内２丁目,27203,大阪府,豊中市,寺内２丁目,213,"2,499",211,"2,456",61,239,149,"2,216",135,"1,752",14,464,1,1,2,43
27203008300008300_大阪府豊中市柴原町１丁目,27203,大阪府,豊中市,柴原町１丁目,15,115,15,115,6,16,9,99,7,71,2,28,-,-,-,-
27203008300008400_大阪府豊中市柴原町２丁目,27203,大阪府,豊中市,柴原町２丁目,26,292,25,238,9,23,16,215,11,119,5,96,-,-,1,54
27203008300008500_大阪府豊中市柴原町３丁目,27203,大阪府,豊中市,柴原町３丁目,44,281,40,192,22,78,17,113,16,94,1,19,1,1,4,89
27203008300008600_大阪府豊中市柴原町４丁目,27203,大阪府,豊中市,柴原町４丁目,20,"1,351",19,148,3,7,16,141,12,99,4,42,-,-,1,"1,203"
27203008300008700_大阪府豊中市柴原町５丁目,27203,大阪府,豊中市,柴原町５丁目,15,62,15,62,5,5,9,56,6,25,3,31,1,1,-,-
27203033600033600_大阪府豊中市若竹町１丁目,27203,大阪府,豊中市,若竹町１丁目,31,103,31,103,15,25,16,78,14,73,2,5,-,-,-,-
27203033600033700_大阪府豊中市若竹町２丁目,27203,大阪府,豊中市,若竹町２丁目,26,189,26,189,4,23,22,166,21,163,1,3,-,-,-,-
27203004000004000_大阪府豊中市春日町１丁目,27203,大阪府,豊中市,春日町１丁目,22,53,22,53,9,24,12,27,10,22,2,5,1,2,-,-
27203004000004100_大阪府豊中市春日町２丁目,27203,大阪府,豊中市,春日町２丁目,41,139,41,139,10,19,31,120,29,112,2,8,-,-,-,-
27203004000004200_大阪府豊中市春日町３丁目,27203,大阪府,豊中市,春日町３丁目,23,190,23,190,8,20,14,169,7,90,7,79,1,1,-,-
27203004000004300_大阪府豊中市春日町４丁目,27203,大阪府,豊中市,春日町４丁目,27,253,26,228,11,56,15,172,12,145,3,27,-,-,1,25
27203004000004400_大阪府豊中市春日町５丁目,27203,大阪府,豊中市,春日町５丁目,32,230,32,230,9,19,22,210,20,208,2,2,1,1,-,-
27203004500004500_大阪府豊中市勝部１丁目,27203,大阪府,豊中市,勝部１丁目,49,812,48,800,4,12,44,788,42,742,2,46,-,-,1,12
27203004500004600_大阪府豊中市勝部２丁目,27203,大阪府,豊中市,勝部２丁目,18,111,18,111,2,6,16,105,15,85,1,20,-,-,-,-
27203004500004700_大阪府豊中市勝部３丁目,27203,大阪府,豊中市,勝部３丁目,47,364,46,319,8,36,38,283,38,283,-,-,-,-,1,45
27203003500003500_大阪府豊中市小曽根１丁目,27203,大阪府,豊中市,小曽根１丁目,57,282,55,245,23,63,32,182,28,156,4,26,-,-,2,37
27203003500003600_大阪府豊中市小曽根２丁目,27203,大阪府,豊中市,小曽根２丁目,18,116,18,116,9,14,9,102,8,101,1,1,-,-,-,-
27203003500003700_大阪府豊中市小曽根３丁目,27203,大阪府,豊中市,小曽根３丁目,34,165,34,165,9,20,25,145,24,131,1,14,-,-,-,-
27203003500003800_大阪府豊中市小曽根４丁目,27203,大阪府,豊中市,小曽根４丁目,37,546,36,490,9,23,27,467,23,227,4,240,-,-,1,56
27203003500003900_大阪府豊中市小曽根５丁目,27203,大阪府,豊中市,小曽根５丁目,9,85,9,85,2,7,7,78,7,78,-,-,-,-,-,-
27203009000009000_大阪府豊中市少路１丁目,27203,大阪府,豊中市,少路１丁目,62,"1,566",62,"1,566",11,98,51,"1,468",41,"1,096",10,372,-,-,-,-
27203009000009100_大阪府豊中市少路２丁目,27203,大阪府,豊中市,少路２丁目,38,566,38,566,8,61,30,505,22,315,8,190,-,-,-,-
27203009700009700_大阪府豊中市庄内栄町１丁目,27203,大阪府,豊中市,庄内栄町１丁目,39,191,39,191,12,38,27,153,22,109,5,44,-,-,-,-
27203009700009800_大阪府豊中市庄内栄町２丁目,27203,大阪府,豊中市,庄内栄町２丁目,41,281,39,239,10,31,29,208,28,197,1,11,-,-,2,42
27203009700009900_大阪府豊中市庄内栄町３丁目,27203,大阪府,豊中市,庄内栄町３丁目,44,326,42,272,16,57,26,215,25,210,1,5,-,-,2,54
27203009700010000_大阪府豊中市庄内栄町４丁目,27203,大阪府,豊中市,庄内栄町４丁目,38,401,38,401,10,17,28,384,25,357,3,27,-,-,-,-
27203009700010100_大阪府豊中市庄内栄町５丁目,27203,大阪府,豊中市,庄内栄町５丁目,24,379,21,306,5,16,16,290,16,290,-,-,-,-,3,73
27203009200009200_大阪府豊中市庄内幸町１丁目,27203,大阪府,豊中市,庄内幸町１丁目,36,"1,516",36,"1,516",12,20,24,"1,496",18,92,6,"1,404",-,-,-,-
27203009200009300_大阪府豊中市庄内幸町２丁目,27203,大阪府,豊中市,庄内幸町２丁目,76,273,76,273,52,111,24,162,21,124,3,38,-,-,-,-
27203009200009400_大阪府豊中市庄内幸町３丁目,27203,大阪府,豊中市,庄内幸町３丁目,61,226,61,226,36,74,25,152,21,121,4,31,-,-,-,-
27203009200009500_大阪府豊中市庄内幸町４丁目,27203,大阪府,豊中市,庄内幸町４丁目,35,315,35,315,21,56,14,259,12,113,2,146,-,-,-,-
27203009200009600_大阪府豊中市庄内幸町５丁目,27203,大阪府,豊中市,庄内幸町５丁目,21,228,19,147,7,17,12,130,9,72,3,58,-,-,2,81
27203010500010500_大阪府豊中市庄内西町１丁目,27203,大阪府,豊中市,庄内西町１丁目,21,142,21,142,7,18,14,124,10,49,4,75,-,-,-,-
27203010500010600_大阪府豊中市庄内西町２丁目,27203,大阪府,豊中市,庄内西町２丁目,125,833,125,833,69,224,55,608,51,581,4,27,1,1,-,-
27203010500010700_大阪府豊中市庄内西町３丁目,27203,大阪府,豊中市,庄内西町３丁目,157,825,157,825,75,221,82,604,75,542,7,62,-,-,-,-
27203010500010800_大阪府豊中市庄内西町４丁目,27203,大阪府,豊中市,庄内西町４丁目,43,353,43,353,21,54,21,298,18,161,3,137,1,1,-,-
27203010500010900_大阪府豊中市庄内西町５丁目,27203,大阪府,豊中市,庄内西町５丁目,40,473,39,264,15,46,24,218,22,192,2,26,-,-,1,209
27203011000011000_大阪府豊中市庄内東町１丁目,27203,大阪府,豊中市,庄内東町１丁目,99,495,99,495,53,161,46,334,41,281,5,53,-,-,-,-
27203011000011100_大阪府豊中市庄内東町２丁目,27203,大阪府,豊中市,庄内東町２丁目,93,559,92,553,46,132,46,421,44,388,2,33,-,-,1,6
27203011000011200_大阪府豊中市庄内東町３丁目,27203,大阪府,豊中市,庄内東町３丁目,40,303,40,303,8,17,32,286,26,141,6,145,-,-,-,-
27203011000011300_大阪府豊中市庄内東町４丁目,27203,大阪府,豊中市,庄内東町４丁目,49,224,49,224,32,92,17,132,15,79,2,53,-,-,-,-
27203011000011400_大阪府豊中市庄内東町５丁目,27203,大阪府,豊中市,庄内東町５丁目,18,62,18,62,5,11,13,51,11,43,2,8,-,-,-,-
27203011000011500_大阪府豊中市庄内東町６丁目,27203,大阪府,豊中市,庄内東町６丁目,15,34,15,34,7,9,8,25,8,25,-,-,-,-,-,-
27203010200010200_大阪府豊中市庄内宝町１丁目,27203,大阪府,豊中市,庄内宝町１丁目,46,548,46,548,8,26,38,522,37,432,1,90,-,-,-,-
27203010200010300_大阪府豊中市庄内宝町２丁目,27203,大阪府,豊中市,庄内宝町２丁目,43,818,43,818,5,14,38,804,37,618,1,186,-,-,-,-
27203010200010400_大阪府豊中市庄内宝町３丁目,27203,大阪府,豊中市,庄内宝町３丁目,55,459,55,459,7,18,48,441,48,441,-,-,-,-,-,-
27203011600011600_大阪府豊中市庄本町１丁目,27203,大阪府,豊中市,庄本町１丁目,26,148,26,148,7,14,19,134,16,116,3,18,-,-,-,-
27203011600011700_大阪府豊中市庄本町２丁目,27203,大阪府,豊中市,庄本町２丁目,23,196,23,196,5,10,18,186,18,186,-,-,-,-,-,-
27203011600011800_大阪府豊中市庄本町３丁目,27203,大阪府,豊中市,庄本町３丁目,38,221,38,221,14,24,24,197,23,191,1,6,-,-,-,-
27203011600011900_大阪府豊中市庄本町４丁目,27203,大阪府,豊中市,庄本町４丁目,23,236,21,202,2,5,19,197,19,197,-,-,-,-,2,34
27203004800004800_大阪府豊中市上新田１丁目,27203,大阪府,豊中市,上新田１丁目,108,806,108,806,18,74,89,731,82,647,7,84,1,1,-,-
27203004800004900_大阪府豊中市上新田２丁目,27203,大阪府,豊中市,上新田２丁目,70,546,68,483,15,35,53,448,46,395,7,53,-,-,2,63
27203004800005000_大阪府豊中市上新田３丁目,27203,大阪府,豊中市,上新田３丁目,63,557,62,536,22,93,40,443,29,210,11,233,-,-,1,21
27203004800005100_大阪府豊中市上新田４丁目,27203,大阪府,豊中市,上新田４丁目,99,978,97,925,34,149,63,776,62,746,1,30,-,-,2,53
27203006900006900_大阪府豊中市上津島１丁目,27203,大阪府,豊中市,上津島１丁目,63,764,63,764,15,45,48,719,47,663,1,56,-,-,-,-
27203006900007000_大阪府豊中市上津島２丁目,27203,大阪府,豊中市,上津島２丁目,47,262,47,262,17,36,30,226,29,224,1,2,-,-,-,-
27203006900007100_大阪府豊中市上津島３丁目,27203,大阪府,豊中市,上津島３丁目,19,286,17,247,4,6,13,241,12,233,1,8,-,-,2,39
27203001500001500_大阪府豊中市上野坂１丁目,27203,大阪府,豊中市,上野坂１丁目,23,109,23,109,3,13,20,96,16,55,4,41,-,-,-,-
27203001500001600_大阪府豊中市上野坂２丁目,27203,大阪府,豊中市,上野坂２丁目,31,240,31,240,9,16,22,224,15,72,7,152,-,-,-,-
27203000800000800_大阪府豊中市上野西１丁目,27203,大阪府,豊中市,上野西１丁目,50,330,50,330,22,53,26,271,18,90,8,181,2,6,-,-
27203000800000900_大阪府豊中市上野西２丁目,27203,大阪府,豊中市,上野西２丁目,34,285,33,182,13,52,19,126,16,70,3,56,1,4,1,103
27203000800001000_大阪府豊中市上野西３丁目,27203,大阪府,豊中市,上野西３丁目,43,249,43,249,16,29,27,220,25,132,2,88,-,-,-,-
27203000800001100_大阪府豊中市上野西４丁目,27203,大阪府,豊中市,上野西４丁目,15,58,15,58,4,8,11,50,7,12,4,38,-,-,-,-
27203001200001200_大阪府豊中市上野東１丁目,27203,大阪府,豊中市,上野東１丁目,47,332,47,332,11,29,36,303,34,241,2,62,-,-,-,-
27203001200001300_大阪府豊中市上野東２丁目,27203,大阪府,豊中市,上野東２丁目,70,468,68,387,26,93,42,294,37,201,5,93,-,-,2,81
27203001200001400_大阪府豊中市上野東３丁目,27203,大阪府,豊中市,上野東３丁目,61,284,61,284,25,103,36,181,34,165,2,16,-,-,-,-
27203012000012000_大阪府豊中市城山町１丁目,27203,大阪府,豊中市,城山町１丁目,30,684,30,684,12,31,18,653,12,102,6,551,-,-,-,-
27203012000012100_大阪府豊中市城山町２丁目,27203,大阪府,豊中市,城山町２丁目,17,171,17,171,3,8,14,163,10,49,4,114,-,-,-,-
27203012000012200_大阪府豊中市城山町３丁目,27203,大阪府,豊中市,城山町３丁目,10,47,10,47,2,4,8,43,7,40,1,3,-,-,-,-
27203012000012300_大阪府豊中市城山町４丁目,27203,大阪府,豊中市,城山町４丁目,9,107,7,50,-,-,7,50,5,11,2,39,-,-,2,57
27203012700012700_大阪府豊中市新千里西町１丁目,27203,大阪府,豊中市,新千里西町１丁目,120,"6,290",120,"6,290",6,43,114,"6,247",105,"5,759",9,488,-,-,-,-
27203012700012800_大阪府豊中市新千里西町２丁目,27203,大阪府,豊中市,新千里西町２丁目,40,623,34,474,-,-,34,474,21,101,13,373,-,-,6,149
27203012700012900_大阪府豊中市新千里西町３丁目,27203,大阪府,豊中市,新千里西町３丁目,36,195,36,195,11,61,24,131,21,94,3,37,1,3,-,-
27203013000013000_大阪府豊中市新千里東町１丁目,27203,大阪府,豊中市,新千里東町１丁目,533,"10,050",526,"9,940",26,212,499,"9,726",451,"8,586",48,"1,140",1,2,7,110
27203013000013100_大阪府豊中市新千里東町２丁目,27203,大阪府,豊中市,新千里東町２丁目,36,499,34,452,2,3,32,449,31,448,1,1,-,-,2,47
27203013000013200_大阪府豊中市新千里東町３丁目,27203,大阪府,豊中市,新千里東町３丁目,26,241,23,150,3,8,19,141,12,71,7,70,1,1,3,91
27203013300013300_大阪府豊中市新千里南町１丁目,27203,大阪府,豊中市,新千里南町１丁目,26,289,24,133,2,22,22,111,21,58,1,53,-,-,2,156
27203013300013400_大阪府豊中市新千里南町２丁目,27203,大阪府,豊中市,新千里南町２丁目,73,626,71,568,18,77,52,490,40,347,12,143,1,1,2,58
27203013300013500_大阪府豊中市新千里南町３丁目,27203,大阪府,豊中市,新千里南町３丁目,66,530,66,530,18,94,48,436,44,331,4,105,-,-,-,-
27203012400012400_大阪府豊中市新千里北町１丁目,27203,大阪府,豊中市,新千里北町１丁目,23,241,23,241,-,-,23,241,14,45,9,196,-,-,-,-
27203012400012500_大阪府豊中市新千里北町２丁目,27203,大阪府,豊中市,新千里北町２丁目,52,258,50,216,13,56,37,160,32,96,5,64,-,-,2,42
27203012400012600_大阪府豊中市新千里北町３丁目,27203,大阪府,豊中市,新千里北町３丁目,18,171,18,171,1,14,17,157,14,49,3,108,-,-,-,-
27203005200005200_大阪府豊中市神州町,27203,大阪府,豊中市,神州町,18,808,18,808,-,-,18,808,18,808,-,-,-,-,-,-
27203013900013900_大阪府豊中市清風荘１丁目,27203,大阪府,豊中市,清風荘１丁目,38,213,38,213,16,34,22,179,19,174,3,5,-,-,-,-
27203013900014000_大阪府豊中市清風荘２丁目,27203,大阪府,豊中市,清風荘２丁目,11,122,11,122,5,10,6,112,6,112,-,-,-,-,-,-
27203019800019800_大阪府豊中市西泉丘１丁目,27203,大阪府,豊中市,西泉丘１丁目,22,208,18,84,10,32,8,52,8,52,-,-,-,-,4,124
27203019800019900_大阪府豊中市西泉丘２丁目,27203,大阪府,豊中市,西泉丘２丁目,14,119,13,56,4,6,9,50,8,47,1,3,-,-,1,63
27203019800020000_大阪府豊中市西泉丘３丁目,27203,大阪府,豊中市,西泉丘３丁目,26,322,26,322,9,43,17,279,17,279,-,-,-,-,-,-
27203020100020100_大阪府豊中市西緑丘１丁目,27203,大阪府,豊中市,西緑丘１丁目,23,133,22,109,9,31,13,78,12,64,1,14,-,-,1,24
27203020100020200_大阪府豊中市西緑丘２丁目,27203,大阪府,豊中市,西緑丘２丁目,13,230,10,97,3,10,7,87,6,42,1,45,-,-,3,133
27203020100020300_大阪府豊中市西緑丘３丁目,27203,大阪府,豊中市,西緑丘３丁目,68,529,68,529,21,94,47,435,46,435,1,-,-,-,-,-
27203000300000300_大阪府豊中市石橋麻田町,27203,大阪府,豊中市,石橋麻田町,6,42,6,42,3,8,3,34,3,34,-,-,-,-,-,-
27203000100000100_大阪府豊中市赤阪１丁目,27203,大阪府,豊中市,赤阪１丁目,20,230,18,173,6,14,12,159,9,76,3,83,-,-,2,57
27203014100014100_大阪府豊中市千成町１丁目,27203,大阪府,豊中市,千成町１丁目,20,347,20,347,10,17,10,330,10,330,-,-,-,-,-,-
27203014100014200_大阪府豊中市千成町２丁目,27203,大阪府,豊中市,千成町２丁目,24,262,22,226,9,37,13,189,13,189,-,-,-,-,2,36
27203014100014300_大阪府豊中市千成町３丁目,27203,大阪府,豊中市,千成町３丁目,26,202,26,202,13,54,13,148,12,138,1,10,-,-,-,-
27203014400014400_大阪府豊中市千里園１丁目,27203,大阪府,豊中市,千里園１丁目,26,230,26,230,11,44,15,186,14,184,1,2,-,-,-,-
27203014400014500_大阪府豊中市千里園２丁目,27203,大阪府,豊中市,千里園２丁目,21,169,21,169,10,19,11,150,10,82,1,68,-,-,-,-
27203014400014600_大阪府豊中市千里園３丁目,27203,大阪府,豊中市,千里園３丁目,14,44,14,44,3,14,11,30,11,30,-,-,-,-,-,-
27203014700014700_大阪府豊中市曽根西町１丁目,27203,大阪府,豊中市,曽根西町１丁目,55,245,54,192,35,80,19,112,18,100,1,12,-,-,1,53
27203014700014800_大阪府豊中市曽根西町２丁目,27203,大阪府,豊中市,曽根西町２丁目,37,172,37,172,17,49,20,123,19,117,1,6,-,-,-,-
27203014700014900_大阪府豊中市曽根西町３丁目,27203,大阪府,豊中市,曽根西町３丁目,54,179,54,179,28,75,25,99,21,82,4,17,1,5,-,-
27203014700015000_大阪府豊中市曽根西町４丁目,27203,大阪府,豊中市,曽根西町４丁目,17,55,17,55,3,3,14,52,13,48,1,4,-,-,-,-
27203015100015100_大阪府豊中市曽根東町１丁目,27203,大阪府,豊中市,曽根東町１丁目,77,373,77,373,30,117,46,255,41,222,5,33,1,1,-,-
27203015100015200_大阪府豊中市曽根東町２丁目,27203,大阪府,豊中市,曽根東町２丁目,58,331,58,331,27,52,31,279,28,180,3,99,-,-,-,-
27203015100015300_大阪府豊中市曽根東町３丁目,27203,大阪府,豊中市,曽根東町３丁目,98,945,96,908,39,121,56,786,53,689,3,97,1,1,2,37
27203015100015400_大阪府豊中市曽根東町４丁目,27203,大阪府,豊中市,曽根東町４丁目,4,20,4,20,-,-,4,20,4,20,-,-,-,-,-,-
27203015100015500_大阪府豊中市曽根東町５丁目,27203,大阪府,豊中市,曽根東町５丁目,37,185,37,185,13,23,24,162,22,147,2,15,-,-,-,-
27203015100015600_大阪府豊中市曽根東町６丁目,27203,大阪府,豊中市,曽根東町６丁目,33,159,31,104,15,47,16,57,15,56,1,1,-,-,2,55
27203015700015700_大阪府豊中市曽根南町１丁目,27203,大阪府,豊中市,曽根南町１丁目,34,154,33,145,17,33,16,112,14,89,2,23,-,-,1,9
27203015700015800_大阪府豊中市曽根南町２丁目,27203,大阪府,豊中市,曽根南町２丁目,43,507,39,435,7,22,32,413,26,308,6,105,-,-,4,72
27203015700015900_大阪府豊中市曽根南町３丁目,27203,大阪府,豊中市,曽根南町３丁目,39,352,39,352,7,17,32,335,32,335,-,-,-,-,-,-
27203020500020500_大阪府豊中市走井１丁目,27203,大阪府,豊中市,走井１丁目,33,291,33,291,3,6,30,285,28,280,2,5,-,-,-,-
27203020500020600_大阪府豊中市走井２丁目,27203,大阪府,豊中市,走井２丁目,75,"1,107",74,898,21,92,53,806,52,673,1,133,-,-,1,209
27203020500020700_大阪府豊中市走井３丁目,27203,大阪府,豊中市,走井３丁目,55,588,54,500,15,32,39,468,37,347,2,121,-,-,1,88
27203030600030600_大阪府豊中市待兼山町,27203,大阪府,豊中市,待兼山町,73,"3,664",73,"3,664",9,17,64,"3,647",24,119,40,"3,528",-,-,-,-
27203016700016700_大阪府豊中市大黒町１丁目,27203,大阪府,豊中市,大黒町１丁目,25,390,23,348,6,17,17,331,17,331,-,-,-,-,2,42
27203016700016800_大阪府豊中市大黒町２丁目,27203,大阪府,豊中市,大黒町２丁目,22,61,22,61,14,25,8,36,7,29,1,7,-,-,-,-
27203016700016900_大阪府豊中市大黒町３丁目,27203,大阪府,豊中市,大黒町３丁目,35,332,34,310,22,42,12,268,9,252,3,16,-,-,1,22
27203002100002100_大阪府豊中市大島町１丁目,27203,大阪府,豊中市,大島町１丁目,24,89,24,89,12,21,12,68,10,46,2,22,-,-,-,-
27203002100002200_大阪府豊中市大島町２丁目,27203,大阪府,豊中市,大島町２丁目,41,210,41,210,15,24,26,186,22,157,4,29,-,-,-,-
27203002100002300_大阪府豊中市大島町３丁目,27203,大阪府,豊中市,大島町３丁目,33,324,32,287,12,19,20,268,19,265,1,3,-,-,1,37
27203019300019300_大阪府豊中市中桜塚１丁目,27203,大阪府,豊中市,中桜塚１丁目,96,446,96,446,46,102,50,344,41,286,9,58,-,-,-,-
27203019300019400_大阪府豊中市中桜塚２丁目,27203,大阪府,豊中市,中桜塚２丁目,227,"1,571",227,"1,571",113,298,111,"1,263",91,"1,062",20,201,3,10,-,-
27203019300019500_大阪府豊中市中桜塚３丁目,27203,大阪府,豊中市,中桜塚３丁目,87,"1,936",79,470,30,97,48,372,41,307,7,65,1,1,8,"1,466"
27203019300019600_大阪府豊中市中桜塚４丁目,27203,大阪府,豊中市,中桜塚４丁目,54,516,52,250,16,83,36,167,32,136,4,31,-,-,2,266
27203019300019700_大阪府豊中市中桜塚５丁目,27203,大阪府,豊中市,中桜塚５丁目,46,198,46,198,20,77,26,121,23,101,3,20,-,-,-,-
27203017300017300_大阪府豊中市長興寺南１丁目,27203,大阪府,豊中市,長興寺南１丁目,32,181,32,181,8,22,24,159,23,153,1,6,-,-,-,-
27203017300017400_大阪府豊中市長興寺南２丁目,27203,大阪府,豊中市,長興寺南２丁目,6,62,6,62,2,2,4,60,3,32,1,28,-,-,-,-
27203017300017500_大阪府豊中市長興寺南３丁目,27203,大阪府,豊中市,長興寺南３丁目,27,91,26,88,11,22,15,66,14,55,1,11,-,-,1,3
27203017300017600_大阪府豊中市長興寺南４丁目,27203,大阪府,豊中市,長興寺南４丁目,32,296,32,296,11,37,21,259,17,124,4,135,-,-,-,-
27203017000017000_大阪府豊中市長興寺北１丁目,27203,大阪府,豊中市,長興寺北１丁目,20,80,20,80,9,14,11,66,10,64,1,2,-,-,-,-
27203017000017100_大阪府豊中市長興寺北２丁目,27203,大阪府,豊中市,長興寺北２丁目,8,17,8,17,3,4,5,13,2,10,3,3,-,-,-,-
27203017000017200_大阪府豊中市長興寺北３丁目,27203,大阪府,豊中市,長興寺北３丁目,35,301,35,301,13,38,21,262,21,262,-,-,1,1,-,-
27203018600018600_大阪府豊中市刀根山１丁目,27203,大阪府,豊中市,刀根山１丁目,10,29,10,29,1,1,9,28,9,28,-,-,-,-,-,-
27203018600018700_大阪府豊中市刀根山２丁目,27203,大阪府,豊中市,刀根山２丁目,8,24,8,24,1,1,7,23,3,9,4,14,-,-,-,-
27203018600018800_大阪府豊中市刀根山３丁目,27203,大阪府,豊中市,刀根山３丁目,12,48,12,48,2,5,10,43,8,39,2,4,-,-,-,-
27203018600018900_大阪府豊中市刀根山４丁目,27203,大阪府,豊中市,刀根山４丁目,11,109,11,109,2,3,9,106,7,55,2,51,-,-,-,-
27203018600019000_大阪府豊中市刀根山５丁目,27203,大阪府,豊中市,刀根山５丁目,13,760,10,608,1,1,9,607,4,23,5,584,-,-,3,152
27203018600019100_大阪府豊中市刀根山６丁目,27203,大阪府,豊中市,刀根山６丁目,22,246,20,144,3,6,17,138,15,75,2,63,-,-,2,102
27203019200019200_大阪府豊中市刀根山元町,27203,大阪府,豊中市,刀根山元町,32,251,32,251,6,12,26,239,23,113,3,126,-,-,-,-
27203008800008800_大阪府豊中市島江町１丁目,27203,大阪府,豊中市,島江町１丁目,26,376,22,326,8,50,14,276,12,259,2,17,-,-,4,50
27203008800008900_大阪府豊中市島江町２丁目,27203,大阪府,豊中市,島江町２丁目,44,208,44,208,12,20,32,188,30,186,2,2,-,-,-,-
27203024900024900_大阪府豊中市東寺内町,27203,大阪府,豊中市,東寺内町,86,677,86,677,40,149,46,528,43,423,3,105,-,-,-,-
27203024500024500_大阪府豊中市東泉丘１丁目,27203,大阪府,豊中市,東泉丘１丁目,27,146,27,146,9,17,18,129,16,121,2,8,-,-,-,-
27203024500024600_大阪府豊中市東泉丘２丁目,27203,大阪府,豊中市,東泉丘２丁目,28,166,28,166,12,44,15,120,13,83,2,37,1,2,-,-
27203024500024700_大阪府豊中市東泉丘３丁目,27203,大阪府,豊中市,東泉丘３丁目,9,169,7,121,1,4,6,117,5,41,1,76,-,-,2,48
27203024500024800_大阪府豊中市東泉丘４丁目,27203,大阪府,豊中市,東泉丘４丁目,24,257,23,207,7,55,16,152,15,151,1,1,-,-,1,50
27203025000025000_大阪府豊中市東豊中町１丁目,27203,大阪府,豊中市,東豊中町１丁目,39,211,39,211,6,12,33,199,28,177,5,22,-,-,-,-
27203025000025100_大阪府豊中市東豊中町２丁目,27203,大阪府,豊中市,東豊中町２丁目,20,240,20,240,1,1,19,239,18,215,1,24,-,-,-,-
27203025000025200_大阪府豊中市東豊中町３丁目,27203,大阪府,豊中市,東豊中町３丁目,17,89,17,89,1,1,15,86,14,84,1,2,1,2,-,-
27203025000025300_大阪府豊中市東豊中町４丁目,27203,大阪府,豊中市,東豊中町４丁目,79,577,79,577,29,125,50,452,44,300,6,152,-,-,-,-
27203025000025400_大阪府豊中市東豊中町５丁目,27203,大阪府,豊中市,東豊中町５丁目,71,781,65,655,23,57,42,598,38,371,4,227,-,-,6,126
27203025000025500_大阪府豊中市東豊中町６丁目,27203,大阪府,豊中市,東豊中町６丁目,76,436,74,385,36,105,38,280,32,182,6,98,-,-,2,51
27203031400031400_大阪府豊中市南空港町,27203,大阪府,豊中市,南空港町,-,-,-,-,-,-,-,-,-,-,-,-,-,-,-,-
27203031500031500_大阪府豊中市南桜塚１丁目,27203,大阪府,豊中市,南桜塚１丁目,60,316,60,316,28,98,32,218,27,193,5,25,-,-,-,-
27203031500031600_大阪府豊中市南桜塚２丁目,27203,大阪府,豊中市,南桜塚２丁目,46,524,44,456,14,46,29,406,23,251,6,155,1,4,2,68
27203031500031700_大阪府豊中市南桜塚３丁目,27203,大阪府,豊中市,南桜塚３丁目,30,648,29,294,11,38,18,256,17,253,1,3,-,-,1,354
27203031500031800_大阪府豊中市南桜塚４丁目,27203,大阪府,豊中市,南桜塚４丁目,21,118,21,118,4,15,17,103,17,103,-,-,-,-,-,-
27203025600025600_大阪府豊中市日出町１丁目,27203,大阪府,豊中市,日出町１丁目,25,203,25,203,12,28,12,173,12,173,-,-,1,2,-,-
27203025600025700_大阪府豊中市日出町２丁目,27203,大阪府,豊中市,日出町２丁目,22,600,22,600,6,12,16,588,16,588,-,-,-,-,-,-
27203023300023300_大阪府豊中市浜１丁目,27203,大阪府,豊中市,浜１丁目,58,294,58,294,32,109,26,185,23,172,3,13,-,-,-,-
27203023300023400_大阪府豊中市浜２丁目,27203,大阪府,豊中市,浜２丁目,31,321,29,249,14,34,15,215,14,213,1,2,-,-,2,72
27203023300023500_大阪府豊中市浜３丁目,27203,大阪府,豊中市,浜３丁目,33,287,33,287,10,34,23,253,20,185,3,68,-,-,-,-
27203023300023600_大阪府豊中市浜４丁目,27203,大阪府,豊中市,浜４丁目,5,196,5,196,-,-,5,196,5,196,-,-,-,-,-,-
27203022800022800_大阪府豊中市服部元町１丁目,27203,大阪府,豊中市,服部元町１丁目,107,700,107,700,57,196,50,504,44,416,6,88,-,-,-,-
27203022800022900_大阪府豊中市服部元町２丁目,27203,大阪府,豊中市,服部元町２丁目,49,741,49,741,12,49,37,692,29,591,8,101,-,-,-,-
27203020800020800_大阪府豊中市服部寿町１丁目,27203,大阪府,豊中市,服部寿町１丁目,13,93,13,93,6,8,6,83,5,52,1,31,1,2,-,-
27203020800020900_大阪府豊中市服部寿町２丁目,27203,大阪府,豊中市,服部寿町２丁目,31,206,31,206,8,13,23,193,19,147,4,46,-,-,-,-
27203020800021000_大阪府豊中市服部寿町３丁目,27203,大阪府,豊中市,服部寿町３丁目,33,425,33,425,10,54,23,371,21,341,2,30,-,-,-,-
27203020800021100_大阪府豊中市服部寿町４丁目,27203,大阪府,豊中市,服部寿町４丁目,15,261,15,261,1,5,14,256,14,256,-,-,-,-,-,-
27203020800021200_大阪府豊中市服部寿町５丁目,27203,大阪府,豊中市,服部寿町５丁目,67,994,67,994,10,46,57,948,57,948,-,-,-,-,-,-
27203021300021300_大阪府豊中市服部西町１丁目,27203,大阪府,豊中市,服部西町１丁目,41,423,41,423,23,59,18,364,16,351,2,13,-,-,-,-
27203021300021400_大阪府豊中市服部西町２丁目,27203,大阪府,豊中市,服部西町２丁目,95,473,95,473,70,189,25,284,22,250,3,34,-,-,-,-
27203021300021500_大阪府豊中市服部西町３丁目,27203,大阪府,豊中市,服部西町３丁目,40,286,38,237,12,31,26,206,20,101,6,105,-,-,2,49
27203021300021600_大阪府豊中市服部西町４丁目,27203,大阪府,豊中市,服部西町４丁目,17,96,17,96,7,19,10,77,8,58,2,19,-,-,-,-
27203021300021700_大阪府豊中市服部西町５丁目,27203,大阪府,豊中市,服部西町５丁目,34,807,34,807,6,10,28,797,25,694,3,103,-,-,-,-
27203022300022300_大阪府豊中市服部南町１丁目,27203,大阪府,豊中市,服部南町１丁目,51,293,51,293,31,69,20,224,18,195,2,29,-,-,-,-
27203022300022400_大阪府豊中市服部南町２丁目,27203,大阪府,豊中市,服部南町２丁目,21,211,21,211,5,10,16,201,15,200,1,1,-,-,-,-
27203022300022500_大阪府豊中市服部南町３丁目,27203,大阪府,豊中市,服部南町３丁目,36,504,36,504,17,39,19,465,17,445,2,20,-,-,-,-
27203022300022600_大阪府豊中市服部南町４丁目,27203,大阪府,豊中市,服部南町４丁目,14,113,14,113,5,26,9,87,7,64,2,23,-,-,-,-
27203022300022700_大阪府豊中市服部南町５丁目,27203,大阪府,豊中市,服部南町５丁目,7,53,7,53,2,3,5,50,3,3,2,47,-,-,-,-
27203023000023000_大阪府豊中市服部豊町１丁目,27203,大阪府,豊中市,服部豊町１丁目,86,550,86,550,45,130,41,420,35,364,6,56,-,-,-,-
27203023000023100_大阪府豊中市服部豊町２丁目,27203,大阪府,豊中市,服部豊町２丁目,32,264,32,264,17,41,15,223,14,222,1,1,-,-,-,-
27203021800021800_大阪府豊中市服部本町１丁目,27203,大阪府,豊中市,服部本町１丁目,63,390,63,390,38,116,25,274,22,199,3,75,-,-,-,-
27203021800021900_大阪府豊中市服部本町２丁目,27203,大阪府,豊中市,服部本町２丁目,29,205,27,172,16,75,11,97,10,87,1,10,-,-,2,33
27203021800022000_大阪府豊中市服部本町３丁目,27203,大阪府,豊中市,服部本町３丁目,11,74,11,74,6,13,5,61,4,29,1,32,-,-,-,-
27203021800022100_大阪府豊中市服部本町４丁目,27203,大阪府,豊中市,服部本町４丁目,28,250,26,164,7,13,19,151,18,147,1,4,-,-,2,86
27203021800022200_大阪府豊中市服部本町５丁目,27203,大阪府,豊中市,服部本町５丁目,16,78,15,70,7,12,8,58,5,12,3,46,-,-,1,8
27203023200023200_大阪府豊中市服部緑地,27203,大阪府,豊中市,服部緑地,9,135,9,135,-,-,9,135,5,32,4,103,-,-,-,-
27203029500029500_大阪府豊中市穂積１丁目,27203,大阪府,豊中市,穂積１丁目,42,412,42,412,12,49,30,363,23,197,7,166,-,-,-,-
27203029500029600_大阪府豊中市穂積２丁目,27203,大阪府,豊中市,穂積２丁目,61,945,61,945,8,17,53,928,52,919,1,9,-,-,-,-
27203026200026200_大阪府豊中市宝山町,27203,大阪府,豊中市,宝山町,54,585,54,585,16,37,38,548,33,290,5,258,-,-,-,-
27203026300026300_大阪府豊中市豊南町西１丁目,27203,大阪府,豊中市,豊南町西１丁目,35,128,35,128,16,26,19,102,18,101,1,1,-,-,-,-
27203026300026400_大阪府豊中市豊南町西２丁目,27203,大阪府,豊中市,豊南町西２丁目,19,68,17,38,11,24,6,14,6,14,-,-,-,-,2,30
27203026300026500_大阪府豊中市豊南町西３丁目,27203,大阪府,豊中市,豊南町西３丁目,49,382,49,382,26,56,23,326,19,213,4,113,-,-,-,-
27203026300026600_大阪府豊中市豊南町西４丁目,27203,大阪府,豊中市,豊南町西４丁目,21,208,19,177,5,11,14,166,14,166,-,-,-,-,2,31
27203026300026700_大阪府豊中市豊南町西５丁目,27203,大阪府,豊中市,豊南町西５丁目,17,49,17,49,10,26,7,23,7,23,-,-,-,-,-,-
27203026800026800_大阪府豊中市豊南町東１丁目,27203,大阪府,豊中市,豊南町東１丁目,20,363,17,318,3,14,14,304,7,22,7,282,-,-,3,45
27203026800026900_大阪府豊中市豊南町東２丁目,27203,大阪府,豊中市,豊南町東２丁目,17,773,17,773,4,8,13,765,8,292,5,473,-,-,-,-
27203026800027000_大阪府豊中市豊南町東３丁目,27203,大阪府,豊中市,豊南町東３丁目,26,358,26,358,8,12,18,346,17,345,1,1,-,-,-,-
27203026800027100_大阪府豊中市豊南町東４丁目,27203,大阪府,豊中市,豊南町東４丁目,16,317,16,317,7,9,9,308,9,308,-,-,-,-,-,-
27203027200027200_大阪府豊中市豊南町南１丁目,27203,大阪府,豊中市,豊南町南１丁目,5,23,5,23,2,3,3,20,2,16,1,4,-,-,-,-
27203027200027300_大阪府豊中市豊南町南２丁目,27203,大阪府,豊中市,豊南町南２丁目,10,47,10,47,4,9,6,38,5,23,1,15,-,-,-,-
27203027200027400_大阪府豊中市豊南町南３丁目,27203,大阪府,豊中市,豊南町南３丁目,13,93,13,93,7,21,6,72,6,72,-,-,-,-,-,-
27203027200027500_大阪府豊中市豊南町南４丁目,27203,大阪府,豊中市,豊南町南４丁目,11,28,11,28,3,6,8,22,7,19,1,3,-,-,-,-
27203027200027600_大阪府豊中市豊南町南５丁目,27203,大阪府,豊中市,豊南町南５丁目,14,112,14,112,5,11,9,101,7,76,2,25,-,-,-,-
27203027200027700_大阪府豊中市豊南町南６丁目,27203,大阪府,豊中市,豊南町南６丁目,12,82,12,82,1,7,11,75,11,75,-,-,-,-,-,-
27203005300005300_大阪府豊中市北桜塚１丁目,27203,大阪府,豊中市,北桜塚１丁目,21,438,19,384,7,16,12,368,11,363,1,5,-,-,2,54
27203005300005400_大阪府豊中市北桜塚２丁目,27203,大阪府,豊中市,北桜塚２丁目,46,422,43,320,12,40,30,279,27,211,3,68,1,1,3,102
27203005300005500_大阪府豊中市北桜塚３丁目,27203,大阪府,豊中市,北桜塚３丁目,50,431,49,425,17,45,31,379,27,241,4,138,1,1,1,6
27203005300005600_大阪府豊中市北桜塚４丁目,27203,大阪府,豊中市,北桜塚４丁目,24,386,23,191,5,34,18,157,15,132,3,25,-,-,1,195
27203005700005700_大阪府豊中市北条町１丁目,27203,大阪府,豊中市,北条町１丁目,52,335,52,335,21,76,31,259,25,210,6,49,-,-,-,-
27203005700005800_大阪府豊中市北条町２丁目,27203,大阪府,豊中市,北条町２丁目,30,182,28,130,8,16,20,114,18,90,2,24,-,-,2,52
27203005700005900_大阪府豊中市北条町３丁目,27203,大阪府,豊中市,北条町３丁目,37,338,34,246,14,47,20,199,19,187,1,12,-,-,3,92
27203005700006000_大阪府豊中市北条町４丁目,27203,大阪府,豊中市,北条町４丁目,30,296,30,296,11,31,19,265,14,169,5,96,-,-,-,-
27203006100006100_大阪府豊中市北緑丘１丁目,27203,大阪府,豊中市,北緑丘１丁目,18,149,16,85,3,3,13,82,13,82,-,-,-,-,2,64
27203006100006200_大阪府豊中市北緑丘２丁目,27203,大阪府,豊中市,北緑丘２丁目,33,669,28,393,7,31,21,362,16,229,5,133,-,-,5,276
27203006100006300_大阪府豊中市北緑丘３丁目,27203,大阪府,豊中市,北緑丘３丁目,9,92,8,19,1,3,7,16,7,16,-,-,-,-,1,73
27203029700029700_大阪府豊中市本町１丁目,27203,大阪府,豊中市,本町１丁目,286,"2,962",283,"2,899",108,358,174,"2,540",151,"2,178",23,362,1,1,3,63
27203029700029800_大阪府豊中市本町２丁目,27203,大阪府,豊中市,本町２丁目,51,366,51,366,11,36,40,330,34,263,6,67,-,-,-,-
27203029700029900_大阪府豊中市本町３丁目,27203,大阪府,豊中市,本町３丁目,126,697,126,697,66,233,57,461,50,363,7,98,3,3,-,-
27203029700030000_大阪府豊中市本町４丁目,27203,大阪府,豊中市,本町４丁目,40,168,40,168,19,36,21,132,20,123,1,9,-,-,-,-
27203029700030100_大阪府豊中市本町５丁目,27203,大阪府,豊中市,本町５丁目,37,292,35,251,15,26,20,225,18,206,2,19,-,-,2,41
27203029700030200_大阪府豊中市本町６丁目,27203,大阪府,豊中市,本町６丁目,35,129,35,129,22,74,13,55,10,42,3,13,-,-,-,-
27203029700030300_大阪府豊中市本町７丁目,27203,大阪府,豊中市,本町７丁目,38,208,38,208,19,73,18,134,14,56,4,78,1,1,-,-
27203029700030400_大阪府豊中市本町８丁目,27203,大阪府,豊中市,本町８丁目,22,113,22,113,9,23,13,90,13,90,-,-,-,-,-,-
27203029700030500_大阪府豊中市本町９丁目,27203,大阪府,豊中市,本町９丁目,36,248,36,248,17,45,19,203,15,175,4,28,-,-,-,-
27203013600013600_大阪府豊中市末広町１丁目,27203,大阪府,豊中市,末広町１丁目,32,237,32,237,10,47,22,190,18,135,4,55,-,-,-,-
27203013600013700_大阪府豊中市末広町２丁目,27203,大阪府,豊中市,末広町２丁目,24,98,24,98,12,54,12,44,12,44,-,-,-,-,-,-
27203013600013800_大阪府豊中市末広町３丁目,27203,大阪府,豊中市,末広町３丁目,13,94,13,94,3,5,10,89,6,25,4,64,-,-,-,-
27203031900031900_大阪府豊中市箕輪１丁目,27203,大阪府,豊中市,箕輪１丁目,22,92,20,51,11,23,9,28,8,26,1,2,-,-,2,41
27203031900032000_大阪府豊中市箕輪２丁目,27203,大阪府,豊中市,箕輪２丁目,43,535,43,535,8,22,35,513,27,340,8,173,-,-,-,-
27203031900032100_大阪府豊中市箕輪３丁目,27203,大阪府,豊中市,箕輪３丁目,49,956,49,956,3,11,46,945,46,945,-,-,-,-,-,-
27203032900032900_大阪府豊中市名神口１丁目,27203,大阪府,豊中市,名神口１丁目,83,"2,318",83,"2,318",5,35,78,"2,283",77,"2,282",1,1,-,-,-,-
27203032900033000_大阪府豊中市名神口２丁目,27203,大阪府,豊中市,名神口２丁目,2,42,2,42,-,-,2,42,2,42,-,-,-,-,-,-
27203032900033100_大阪府豊中市名神口３丁目,27203,大阪府,豊中市,名神口３丁目,72,791,72,791,11,46,61,745,61,745,-,-,-,-,-,-
27203020400020400_大阪府豊中市野田町,27203,大阪府,豊中市,野田町,50,509,42,348,6,12,36,336,31,274,5,62,-,-,8,161
27203033300033300_大阪府豊中市夕日丘１丁目,27203,大阪府,豊中市,夕日丘１丁目,56,519,56,519,27,86,29,433,24,362,5,71,-,-,-,-
27203033300033400_大阪府豊中市夕日丘２丁目,27203,大阪府,豊中市,夕日丘２丁目,28,169,28,169,13,60,15,109,14,86,1,23,-,-,-,-
27203033300033500_大阪府豊中市夕日丘３丁目,27203,大阪府,豊中市,夕日丘３丁目,19,97,19,97,11,18,8,79,8,79,-,-,-,-,-,-
27203017900017900_大阪府豊中市利倉１丁目,27203,大阪府,豊中市,利倉１丁目,72,669,72,669,11,37,61,632,59,629,2,3,-,-,-,-
27203017900018000_大阪府豊中市利倉２丁目,27203,大阪府,豊中市,利倉２丁目,149,"1,003",149,"1,003",47,122,102,881,100,876,2,5,-,-,-,-
27203017900018100_大阪府豊中市利倉３丁目,27203,大阪府,豊中市,利倉３丁目,71,875,71,875,15,41,56,834,52,730,4,104,-,-,-,-
27203018200018200_大阪府豊中市利倉西１丁目,27203,大阪府,豊中市,利倉西１丁目,10,83,10,83,3,8,7,75,5,26,2,49,-,-,-,-
27203018200018300_大阪府豊中市利倉西２丁目,27203,大阪府,豊中市,利倉西２丁目,37,228,37,228,11,28,26,200,26,200,-,-,-,-,-,-
27203018400018400_大阪府豊中市利倉東１丁目,27203,大阪府,豊中市,利倉東１丁目,34,468,34,468,4,12,30,456,28,299,2,157,-,-,-,-
27203018400018500_大阪府豊中市利倉東２丁目,27203,大阪府,豊中市,利倉東２丁目,25,155,25,155,10,33,15,122,14,100,1,22,-,-,-,-
27203016000016000_大阪府豊中市立花町１丁目,27203,大阪府,豊中市,立花町１丁目,13,95,12,51,1,1,11,50,8,38,3,12,-,-,1,44
27203016000016100_大阪府豊中市立花町２丁目,27203,大阪府,豊中市,立花町２丁目,8,51,8,51,4,6,4,45,3,43,1,2,-,-,-,-
27203016000016200_大阪府豊中市立花町３丁目,27203,大阪府,豊中市,立花町３丁目,19,94,19,94,8,24,11,70,11,70,-,-,-,-,-,-
27203030900030900_大阪府豊中市緑丘１丁目,27203,大阪府,豊中市,緑丘１丁目,35,170,35,170,14,66,20,102,20,102,-,-,1,2,-,-
27203030900031000_大阪府豊中市緑丘２丁目,27203,大阪府,豊中市,緑丘２丁目,27,146,27,146,3,5,24,141,21,108,3,33,-,-,-,-
27203030900031100_大阪府豊中市緑丘３丁目,27203,大阪府,豊中市,緑丘３丁目,25,164,25,164,5,8,20,156,14,46,6,110,-,-,-,-
27203030900031200_大阪府豊中市緑丘４丁目,27203,大阪府,豊中市,緑丘４丁目,58,486,58,486,7,39,51,447,49,418,2,29,-,-,-,-
27203030900031300_大阪府豊中市緑丘５丁目,27203,大阪府,豊中市,緑丘５丁目,5,34,5,34,2,29,3,5,3,5,-,-,-,-,-,-
27203028500028500_大阪府豊中市螢池西町１丁目,27203,大阪府,豊中市,螢池西町１丁目,38,401,35,327,15,41,19,281,18,254,1,27,1,5,3,74
27203028500028600_大阪府豊中市螢池西町２丁目,27203,大阪府,豊中市,螢池西町２丁目,54,901,54,901,2,5,52,896,51,886,1,10,-,-,-,-
27203028500028700_大阪府豊中市螢池西町３丁目,27203,大阪府,豊中市,螢池西町３丁目,73,"2,802",69,"2,594",-,-,69,"2,594",69,"2,594",-,-,-,-,4,208
27203028100028100_大阪府豊中市螢池中町１丁目,27203,大阪府,豊中市,螢池中町１丁目,12,87,10,42,4,10,6,32,5,25,1,7,-,-,2,45
27203028100028200_大阪府豊中市螢池中町２丁目,27203,大阪府,豊中市,螢池中町２丁目,42,366,42,366,23,58,19,308,17,106,2,202,-,-,-,-
27203028100028300_大阪府豊中市螢池中町３丁目,27203,大阪府,豊中市,螢池中町３丁目,64,576,59,433,24,75,35,358,27,189,8,169,-,-,5,143
27203028100028400_大阪府豊中市螢池中町４丁目,27203,大阪府,豊中市,螢池中町４丁目,14,100,13,65,6,15,7,50,6,43,1,7,-,-,1,35
27203028800028800_大阪府豊中市螢池東町１丁目,27203,大阪府,豊中市,螢池東町１丁目,64,331,64,331,33,97,31,234,27,189,4,45,-,-,-,-
27203028800028900_大阪府豊中市螢池東町２丁目,27203,大阪府,豊中市,螢池東町２丁目,88,450,88,450,49,136,39,314,34,301,5,13,-,-,-,-
27203028800029000_大阪府豊中市螢池東町３丁目,27203,大阪府,豊中市,螢池東町３丁目,32,101,32,101,20,59,12,42,11,41,1,1,-,-,-,-
27203028800029100_大阪府豊中市螢池東町４丁目,27203,大阪府,豊中市,螢池東町４丁目,36,202,36,202,10,21,25,180,24,169,1,11,1,1,-,-
27203029200029200_大阪府豊中市螢池南町１丁目,27203,大阪府,豊中市,螢池南町１丁目,11,45,11,45,3,4,8,41,8,41,-,-,-,-,-,-
27203029200029300_大阪府豊中市螢池南町２丁目,27203,大阪府,豊中市,螢池南町２丁目,12,134,12,134,4,8,8,126,8,126,-,-,-,-,-,-
27203029200029400_大阪府豊中市螢池南町３丁目,27203,大阪府,豊中市,螢池南町３丁目,19,208,19,208,7,14,11,193,10,185,1,8,1,1,-,-
27203027800027800_大阪府豊中市螢池北町１丁目,27203,大阪府,豊中市,螢池北町１丁目,18,142,18,142,9,15,9,127,7,94,2,33,-,-,-,-
27203027800027900_大阪府豊中市螢池北町２丁目,27203,大阪府,豊中市,螢池北町２丁目,6,9,5,6,2,2,3,4,2,3,1,1,-,-,1,3
27203027800028000_大阪府豊中市螢池北町３丁目,27203,大阪府,豊中市,螢池北町３丁目,13,149,13,149,4,16,9,133,9,133,-,-,-,-,-,-
27203999999999999_大阪府豊中市その他,27203,大阪府,豊中市,その他,-,-,-,-,-,-,-,-,-,-,-,-,-,-,-,-
27204_大阪府池田市,27204,大阪府,池田市,,"3,693","41,786","3,629","37,602","1,375","4,279","2,236","33,265","1,953","28,719",283,"4,546",18,58,64,"4,184"
27204002600002600_大阪府池田市五月丘１丁目,27204,大阪府,池田市,五月丘１丁目,11,47,10,41,5,16,5,25,4,18,1,7,-,-,1,6
27204002600002700_大阪府池田市五月丘２丁目,27204,大阪府,池田市,五月丘２丁目,12,99,11,64,2,38,9,26,7,9,2,17,-,-,1,35
27204002600002800_大阪府池田市五月丘３丁目,27204,大阪府,池田市,五月丘３丁目,3,49,3,49,1,1,2,48,1,1,1,47,-,-,-,-
27204002600002900_大阪府池田市五月丘４丁目,27204,大阪府,池田市,五月丘４丁目,11,119,10,50,3,21,7,29,6,17,1,12,-,-,1,69
27204002600003000_大阪府池田市五月丘５丁目,27204,大阪府,池田市,五月丘５丁目,10,38,10,38,3,17,7,21,7,21,-,-,-,-,-,-
27204006100006100_大阪府池田市八王寺１丁目,27204,大阪府,池田市,八王寺１丁目,18,212,17,126,5,14,12,112,10,59,2,53,-,-,1,86
27204006100006200_大阪府池田市八王寺２丁目,27204,大阪府,池田市,八王寺２丁目,5,150,4,36,1,4,3,32,3,32,-,-,-,-,1,114
27204004500004500_大阪府池田市ダイハツ町,27204,大阪府,池田市,ダイハツ町,13,"5,644",12,"5,633",-,-,12,"5,633",10,"5,622",2,11,-,-,1,11
27204000100000100_大阪府池田市旭丘１丁目,27204,大阪府,池田市,旭丘１丁目,58,431,57,406,35,98,22,308,17,251,5,57,-,-,1,25
27204000100000200_大阪府池田市旭丘２丁目,27204,大阪府,池田市,旭丘２丁目,32,216,31,142,16,53,15,89,13,57,2,32,-,-,1,74
27204000100000300_大阪府池田市旭丘３丁目,27204,大阪府,池田市,旭丘３丁目,18,57,18,57,4,7,14,50,11,26,3,24,-,-,-,-
27204000400000400_大阪府池田市綾羽１丁目,27204,大阪府,池田市,綾羽１丁目,15,69,15,69,8,40,7,29,4,16,3,13,-,-,-,-
27204000400000500_大阪府池田市綾羽２丁目,27204,大阪府,池田市,綾羽２丁目,24,128,24,128,7,50,17,78,8,26,9,52,-,-,-,-
27204000600000600_大阪府池田市井口堂１丁目,27204,大阪府,池田市,井口堂１丁目,106,661,106,661,53,123,52,535,47,487,5,48,1,3,-,-
27204000600000700_大阪府池田市井口堂２丁目,27204,大阪府,池田市,井口堂２丁目,38,273,38,273,19,54,19,219,17,121,2,98,-,-,-,-
27204000600000800_大阪府池田市井口堂３丁目,27204,大阪府,池田市,井口堂３丁目,40,426,38,324,14,47,24,277,22,232,2,45,-,-,2,102
27204001500001500_大阪府池田市宇保町,27204,大阪府,池田市,宇保町,56,304,56,304,21,40,35,264,27,181,8,83,-,-,-,-
27204002500002500_大阪府池田市栄町,27204,大阪府,池田市,栄町,114,818,114,818,50,195,62,619,60,593,2,26,2,4,-,-
27204002400002400_大阪府池田市栄本町,27204,大阪府,池田市,栄本町,93,646,91,553,44,117,45,405,37,319,8,86,2,31,2,93
27204008100008100_大阪府池田市吉田町,27204,大阪府,池田市,吉田町,6,30,6,30,2,8,4,22,3,20,1,2,-,-,-,-
27204001700001700_大阪府池田市空港１丁目,27204,大阪府,池田市,空港１丁目,61,"1,060",61,"1,060",16,101,45,959,45,959,-,-,-,-,-,-
27204001700001800_大阪府池田市空港２丁目,27204,大阪府,池田市,空港２丁目,41,"1,970",39,"1,900",1,7,38,"1,893",37,"1,881",1,12,-,-,2,70
27204004400004400_大阪府池田市建石町,27204,大阪府,池田市,建石町,21,321,21,321,6,12,15,309,11,55,4,254,-,-,-,-
27204007400007400_大阪府池田市古江町,27204,大阪府,池田市,古江町,41,739,38,696,12,21,26,675,22,488,4,187,-,-,3,43
27204001900001900_大阪府池田市呉服町,27204,大阪府,池田市,呉服町,147,909,146,880,74,259,72,621,65,555,7,66,-,-,1,29
27204007800007800_大阪府池田市室町,27204,大阪府,池田市,室町,95,550,95,550,29,128,64,420,52,325,12,95,2,2,-,-
27204004000004000_大阪府池田市住吉１丁目,27204,大阪府,池田市,住吉１丁目,62,620,62,620,16,46,46,574,40,517,6,57,-,-,-,-
27204004000004100_大阪府池田市住吉２丁目,27204,大阪府,池田市,住吉２丁目,51,593,51,593,8,12,43,581,41,505,2,76,-,-,-,-
27204003100003100_大阪府池田市渋谷１丁目,27204,大阪府,池田市,渋谷１丁目,24,118,24,118,6,10,18,108,18,108,-,-,-,-,-,-
27204003100003200_大阪府池田市渋谷２丁目,27204,大阪府,池田市,渋谷２丁目,18,107,18,107,9,38,9,69,9,69,-,-,-,-,-,-
27204003100003300_大阪府池田市渋谷３丁目,27204,大阪府,池田市,渋谷３丁目,18,80,18,80,4,9,14,71,12,59,2,12,-,-,-,-
27204001300001300_大阪府池田市上池田１丁目,27204,大阪府,池田市,上池田１丁目,17,123,16,63,8,33,8,30,7,29,1,1,-,-,1,60
27204001300001400_大阪府池田市上池田２丁目,27204,大阪府,池田市,上池田２丁目,23,147,22,117,10,35,12,82,8,14,4,68,-,-,1,30
27204003400003400_大阪府池田市城山町,27204,大阪府,池田市,城山町,10,77,9,17,5,7,4,10,3,9,1,1,-,-,1,60
27204003600003600_大阪府池田市城南１丁目,27204,大阪府,池田市,城南１丁目,98,"1,455",89,761,23,59,61,698,55,651,6,47,5,4,9,694
27204003600003700_大阪府池田市城南２丁目,27204,大阪府,池田市,城南２丁目,68,"1,056",67,853,28,125,38,727,35,713,3,14,1,1,1,203
27204003600003800_大阪府池田市城南３丁目,27204,大阪府,池田市,城南３丁目,69,"1,693",64,605,23,148,41,457,37,368,4,89,-,-,5,"1,088"
27204003500003500_大阪府池田市新町,27204,大阪府,池田市,新町,50,253,50,253,20,44,30,209,26,166,4,43,-,-,-,-
27204002000002000_大阪府池田市神田１丁目,27204,大阪府,池田市,神田１丁目,70,450,69,442,21,60,48,382,44,357,4,25,-,-,1,8
27204002000002100_大阪府池田市神田２丁目,27204,大阪府,池田市,神田２丁目,62,792,60,673,9,37,51,636,50,605,1,31,-,-,2,119
27204002000002200_大阪府池田市神田３丁目,27204,大阪府,池田市,神田３丁目,41,368,41,368,8,25,33,343,27,282,6,61,-,-,-,-
27204002000002300_大阪府池田市神田４丁目,27204,大阪府,池田市,神田４丁目,42,312,42,312,10,14,32,298,29,288,3,10,-,-,-,-
27204003900003900_大阪府池田市菅原町,27204,大阪府,池田市,菅原町,155,789,153,777,68,201,85,576,77,483,8,93,-,-,2,12
27204005500005500_大阪府池田市西本町,27204,大阪府,池田市,西本町,21,72,21,72,10,28,11,44,10,43,1,1,-,-,-,-
27204000900000900_大阪府池田市石橋１丁目,27204,大阪府,池田市,石橋１丁目,298,"1,936",298,"1,936",172,504,126,"1,432",117,"1,296",9,136,-,-,-,-
27204000900001000_大阪府池田市石橋２丁目,27204,大阪府,池田市,石橋２丁目,177,"1,253",176,"1,242",98,319,78,923,71,782,7,141,-,-,1,11
27204000900001100_大阪府池田市石橋３丁目,27204,大阪府,池田市,石橋３丁目,38,295,38,295,6,31,32,264,28,243,4,21,-,-,-,-
27204000900001200_大阪府池田市石橋４丁目,27204,大阪府,池田市,石橋４丁目,42,262,40,149,14,24,26,125,23,101,3,24,-,-,2,113
27204004200004200_大阪府池田市荘園１丁目,27204,大阪府,池田市,荘園１丁目,30,218,30,218,4,8,26,210,24,157,2,53,-,-,-,-
27204004200004300_大阪府池田市荘園２丁目,27204,大阪府,池田市,荘園２丁目,12,143,12,143,4,7,8,136,6,29,2,107,-,-,-,-
27204004600004600_大阪府池田市大和町,27204,大阪府,池田市,大和町,29,406,25,64,18,32,7,32,7,32,-,-,-,-,4,342
27204005400005400_大阪府池田市中川原町,27204,大阪府,池田市,中川原町,39,531,39,531,7,14,32,517,20,372,12,145,-,-,-,-
27204004700004700_大阪府池田市槻木町,27204,大阪府,池田市,槻木町,31,77,31,77,19,39,12,38,11,36,1,2,-,-,-,-
27204004800004800_大阪府池田市天神１丁目,27204,大阪府,池田市,天神１丁目,82,"1,011",82,"1,011",31,71,51,940,36,361,15,579,-,-,-,-
27204004800004900_大阪府池田市天神２丁目,27204,大阪府,池田市,天神２丁目,26,90,26,90,17,38,9,52,7,47,2,5,-,-,-,-
27204006600006600_大阪府池田市東山町,27204,大阪府,池田市,東山町,34,379,32,354,4,23,28,331,18,159,10,172,-,-,2,25
27204007900007900_大阪府池田市桃園１丁目,27204,大阪府,池田市,桃園１丁目,16,78,16,78,2,3,14,75,12,63,2,12,-,-,-,-
27204007900008000_大阪府池田市桃園２丁目,27204,大阪府,池田市,桃園２丁目,10,"1,563",8,"1,489",-,-,7,"1,487",5,"1,471",2,16,1,2,2,74
27204005600005600_大阪府池田市畑１丁目,27204,大阪府,池田市,畑１丁目,47,292,45,192,23,80,22,112,19,86,3,26,-,-,2,100
27204005600005700_大阪府池田市畑２丁目,27204,大阪府,池田市,畑２丁目,13,79,13,79,5,12,8,67,7,59,1,8,-,-,-,-
27204005600005800_大阪府池田市畑３丁目,27204,大阪府,池田市,畑３丁目,37,222,37,222,13,46,24,176,20,169,4,7,-,-,-,-
27204005600005900_大阪府池田市畑４丁目,27204,大阪府,池田市,畑４丁目,27,142,26,74,15,31,11,43,8,38,3,5,-,-,1,68
27204005600006000_大阪府池田市畑５丁目,27204,大阪府,池田市,畑５丁目,9,37,9,37,-,-,9,37,8,34,1,3,-,-,-,-
27204006300006300_大阪府池田市鉢塚１丁目,27204,大阪府,池田市,鉢塚１丁目,48,514,48,514,7,36,40,477,32,423,8,54,1,1,-,-
27204006300006400_大阪府池田市鉢塚２丁目,27204,大阪府,池田市,鉢塚２丁目,53,329,53,329,12,33,41,296,39,287,2,9,-,-,-,-
27204006300006500_大阪府池田市鉢塚３丁目,27204,大阪府,池田市,鉢塚３丁目,55,442,55,442,18,74,37,368,36,364,1,4,-,-,-,-
27204006700006700_大阪府池田市姫室町,27204,大阪府,池田市,姫室町,40,775,39,730,15,27,24,703,20,635,4,68,-,-,1,45
27204006800006800_大阪府池田市伏尾台１丁目,27204,大阪府,池田市,伏尾台１丁目,15,51,15,51,4,7,11,44,10,31,1,13,-,-,-,-
27204006800006900_大阪府池田市伏尾台２丁目,27204,大阪府,池田市,伏尾台２丁目,5,81,5,81,1,6,4,75,1,-,3,75,-,-,-,-
27204006800007000_大阪府池田市伏尾台３丁目,27204,大阪府,池田市,伏尾台３丁目,15,137,14,62,8,26,6,36,4,12,2,24,-,-,1,75
27204006800007100_大阪府池田市伏尾台４丁目,27204,大阪府,池田市,伏尾台４丁目,8,12,8,12,1,1,7,11,7,11,-,-,-,-,-,-
27204006800007200_大阪府池田市伏尾台５丁目,27204,大阪府,池田市,伏尾台５丁目,10,61,10,61,-,-,10,61,9,59,1,2,-,-,-,-
27204007300007300_大阪府池田市伏尾町,27204,大阪府,池田市,伏尾町,33,379,33,379,5,20,28,359,23,225,5,134,-,-,-,-
27204005200005200_大阪府池田市豊島南１丁目,27204,大阪府,池田市,豊島南１丁目,52,349,52,349,14,31,38,318,37,317,1,1,-,-,-,-
27204005200005300_大阪府池田市豊島南２丁目,27204,大阪府,池田市,豊島南２丁目,69,895,69,895,16,29,52,859,50,824,2,35,1,7,-,-
27204005000005000_大阪府池田市豊島北１丁目,27204,大阪府,池田市,豊島北１丁目,26,300,25,257,10,14,15,243,15,243,-,-,-,-,1,43
27204005000005100_大阪府池田市豊島北２丁目,27204,大阪府,池田市,豊島北２丁目,42,218,41,172,21,61,20,111,20,111,-,-,-,-,1,46
27204007500007500_大阪府池田市満寿美町,27204,大阪府,池田市,満寿美町,147,"2,173",143,"2,004",49,159,93,"1,845",83,"1,660",10,185,1,-,4,169
27204001600001600_大阪府池田市木部町,27204,大阪府,池田市,木部町,43,272,43,272,11,30,32,242,26,208,6,34,-,-,-,-
27204007600007600_大阪府池田市緑丘１丁目,27204,大阪府,池田市,緑丘１丁目,23,571,23,571,4,21,18,547,10,97,8,450,1,3,-,-
27204007600007700_大阪府池田市緑丘２丁目,27204,大阪府,池田市,緑丘２丁目,24,142,23,100,10,20,13,80,10,40,3,40,-,-,1,42
27204999999999999_大阪府池田市その他,27204,大阪府,池田市,その他,-,-,-,-,-,-,-,-,-,-,-,-,-,-,-,-
27205_大阪府吹田市,27205,大阪府,吹田市,,"11,937","161,960","11,703","153,596","2,901","9,982","8,742","143,367","7,827","106,257",915,"37,110",60,247,234,"8,364"
27205000100000100_大阪府吹田市青葉丘北,27205,大阪府,吹田市,青葉丘北,36,474,36,474,7,11,29,463,28,460,1,3,-,-,-,-
27205000200000200_大阪府吹田市青葉丘南,27205,大阪府,吹田市,青葉丘南,49,805,44,579,9,80,35,499,33,497,2,2,-,-,5,226
27205000300000300_大阪府吹田市青山台１丁目,27205,大阪府,吹田市,青山台１丁目,3,5,3,5,2,3,1,2,1,2,-,-,-,-,-,-
27205000300000400_大阪府吹田市青山台２丁目,27205,大阪府,吹田市,青山台２丁目,26,248,25,219,5,24,20,195,15,152,5,43,-,-,1,29
27205000300000500_大阪府吹田市青山台３丁目,27205,大阪府,吹田市,青山台３丁目,27,119,27,119,1,13,26,106,24,97,2,9,-,-,-,-
27205000300000600_大阪府吹田市青山台４丁目,27205,大阪府,吹田市,青山台４丁目,16,90,14,54,1,2,13,52,12,23,1,29,-,-,2,36
27205000700000700_大阪府吹田市朝日が丘町,27205,大阪府,吹田市,朝日が丘町,57,680,52,581,17,87,34,492,31,432,3,60,1,2,5,99
27205000800000800_大阪府吹田市朝日町,27205,大阪府,吹田市,朝日町,305,"2,422",300,"2,271",127,404,171,"1,866",155,"1,717",16,149,2,1,5,151
27205000900000900_大阪府吹田市泉町１丁目,27205,大阪府,吹田市,泉町１丁目,58,"2,026",49,586,15,27,32,553,22,451,10,102,2,6,9,"1,440"
27205000900001000_大阪府吹田市泉町２丁目,27205,大阪府,吹田市,泉町２丁目,63,457,61,390,26,88,35,302,27,251,8,51,-,-,2,67
27205000900001100_大阪府吹田市泉町３丁目,27205,大阪府,吹田市,泉町３丁目,27,265,24,214,9,24,15,190,13,164,2,26,-,-,3,51
27205000900001200_大阪府吹田市泉町４丁目,27205,大阪府,吹田市,泉町４丁目,21,71,21,71,10,19,10,51,9,31,1,20,1,1,-,-
27205000900001300_大阪府吹田市泉町５丁目,27205,大阪府,吹田市,泉町５丁目,67,409,67,409,27,127,39,280,31,180,8,100,1,2,-,-
27205001400001400_大阪府吹田市内本町１丁目,27205,大阪府,吹田市,内本町１丁目,78,565,76,460,35,105,40,348,35,331,5,17,1,7,2,105
27205001400001500_大阪府吹田市内本町２丁目,27205,大阪府,吹田市,内本町２丁目,81,394,80,391,36,87,43,286,36,232,7,54,1,18,1,3
27205001400001600_大阪府吹田市内本町３丁目,27205,大阪府,吹田市,内本町３丁目,53,383,52,382,13,27,38,353,33,342,5,11,1,2,1,1
27205001700001700_大阪府吹田市江坂町１丁目,27205,大阪府,吹田市,江坂町１丁目,654,"11,438",648,"11,191",84,377,561,"10,791",537,"10,566",24,225,3,23,6,247
27205001700001800_大阪府吹田市江坂町２丁目,27205,大阪府,吹田市,江坂町２丁目,223,"2,598",221,"2,552",37,140,184,"2,412",176,"2,303",8,109,-,-,2,46
27205001700001900_大阪府吹田市江坂町３丁目,27205,大阪府,吹田市,江坂町３丁目,108,905,104,847,17,44,86,802,75,619,11,183,1,1,4,58
27205001700002000_大阪府吹田市江坂町４丁目,27205,大阪府,吹田市,江坂町４丁目,40,833,40,833,5,10,35,823,30,376,5,447,-,-,-,-
27205001700002100_大阪府吹田市江坂町５丁目,27205,大阪府,吹田市,江坂町５丁目,54,645,54,645,6,17,48,628,46,618,2,10,-,-,-,-
27205002200002200_大阪府吹田市江の木町,27205,大阪府,吹田市,江の木町,419,"7,044",419,"7,044",90,298,329,"6,746",312,"5,541",17,"1,205",-,-,-,-
27205002300002300_大阪府吹田市樫切山,27205,大阪府,吹田市,樫切山,52,258,52,258,15,41,37,217,35,193,2,24,-,-,-,-
27205002400002400_大阪府吹田市春日１丁目,27205,大阪府,吹田市,春日１丁目,79,393,79,393,9,26,70,367,66,335,4,32,-,-,-,-
27205002400002500_大阪府吹田市春日２丁目,27205,大阪府,吹田市,春日２丁目,27,180,27,180,-,-,27,180,24,74,3,106,-,-,-,-
27205002400002600_大阪府吹田市春日３丁目,27205,大阪府,吹田市,春日３丁目,24,639,24,639,2,5,22,634,21,618,1,16,-,-,-,-
27205002400002700_大阪府吹田市春日４丁目,27205,大阪府,吹田市,春日４丁目,23,423,20,346,1,22,19,324,18,302,1,22,-,-,3,77
27205002800002800_大阪府吹田市片山町１丁目,27205,大阪府,吹田市,片山町１丁目,104,804,104,804,52,181,52,623,45,478,7,145,-,-,-,-
27205002800002900_大阪府吹田市片山町２丁目,27205,大阪府,吹田市,片山町２丁目,50,837,47,724,12,72,35,652,29,299,6,353,-,-,3,113
27205002800003000_大阪府吹田市片山町３丁目,27205,大阪府,吹田市,片山町３丁目,68,421,67,280,34,75,33,205,26,132,7,73,-,-,1,141
27205002800003100_大阪府吹田市片山町４丁目,27205,大阪府,吹田市,片山町４丁目,76,356,74,284,34,81,40,203,36,170,4,33,-,-,2,72
27205003200003200_大阪府吹田市金田町,27205,大阪府,吹田市,金田町,52,349,52,349,14,25,38,324,35,297,3,27,-,-,-,-
27205003300003300_大阪府吹田市上山田,27205,大阪府,吹田市,上山田,8,42,8,42,1,23,7,19,7,19,-,-,-,-,-,-
27205003400003400_大阪府吹田市上山手町,27205,大阪府,吹田市,上山手町,73,387,73,387,22,57,51,330,45,287,6,43,-,-,-,-
27205003500003500_大阪府吹田市川岸町,27205,大阪府,吹田市,川岸町,46,510,44,498,10,23,34,475,34,475,-,-,-,-,2,12
27205003600003600_大阪府吹田市川園町,27205,大阪府,吹田市,川園町,26,"1,398",26,"1,398",2,3,23,"1,392",12,120,11,"1,272",1,3,-,-
27205004500004500_大阪府吹田市岸部北１丁目,27205,大阪府,吹田市,岸部北１丁目,17,644,16,606,5,8,11,598,4,26,7,572,-,-,1,38
27205004500004600_大阪府吹田市岸部北２丁目,27205,大阪府,吹田市,岸部北２丁目,32,182,31,137,17,53,14,84,12,58,2,26,-,-,1,45
27205004500004700_大阪府吹田市岸部北３丁目,27205,大阪府,吹田市,岸部北３丁目,27,159,27,159,12,19,15,140,13,87,2,53,-,-,-,-
27205004500004800_大阪府吹田市岸部北４丁目,27205,大阪府,吹田市,岸部北４丁目,31,469,27,370,2,4,24,364,20,287,4,77,1,2,4,99
27205004500004900_大阪府吹田市岸部北５丁目,27205,大阪府,吹田市,岸部北５丁目,90,862,89,842,28,93,61,749,55,630,6,119,-,-,1,20
27205400100400100_大阪府吹田市岸部新町,27205,大阪府,吹田市,岸部新町,50,"2,969",49,"2,963",7,65,42,"2,898",36,616,6,"2,282",-,-,1,6
27205003700003700_大阪府吹田市岸部中１丁目,27205,大阪府,吹田市,岸部中１丁目,38,420,36,400,6,32,30,368,24,314,6,54,-,-,2,20
27205003700003800_大阪府吹田市岸部中２丁目,27205,大阪府,吹田市,岸部中２丁目,32,876,28,775,4,7,24,768,23,596,1,172,-,-,4,101
27205003700003900_大阪府吹田市岸部中３丁目,27205,大阪府,吹田市,岸部中３丁目,41,522,40,521,10,75,29,444,22,363,7,81,1,2,1,1
27205003700004000_大阪府吹田市岸部中４丁目,27205,大阪府,吹田市,岸部中４丁目,30,259,29,256,6,22,23,234,21,130,2,104,-,-,1,3
27205003700004100_大阪府吹田市岸部中５丁目,27205,大阪府,吹田市,岸部中５丁目,13,386,13,386,2,13,11,373,7,283,4,90,-,-,-,-
27205004200004200_大阪府吹田市岸部南１丁目,27205,大阪府,吹田市,岸部南１丁目,116,"1,223",115,"1,222",44,167,71,"1,055",62,819,9,236,-,-,1,1
27205004200004300_大阪府吹田市岸部南２丁目,27205,大阪府,吹田市,岸部南２丁目,46,"1,323",46,"1,323",13,40,33,"1,283",28,743,5,540,-,-,-,-
27205004200004400_大阪府吹田市岸部南３丁目,27205,大阪府,吹田市,岸部南３丁目,28,"1,034",28,"1,034",6,10,22,"1,024",21,"1,021",1,3,-,-,-,-
27205005000005000_大阪府吹田市寿町１丁目,27205,大阪府,吹田市,寿町１丁目,59,430,58,422,24,59,34,363,23,180,11,183,-,-,1,8
27205005000005100_大阪府吹田市寿町２丁目,27205,大阪府,吹田市,寿町２丁目,79,911,78,904,20,65,58,839,49,561,9,278,-,-,1,7
27205005200005200_大阪府吹田市佐井寺１丁目,27205,大阪府,吹田市,佐井寺１丁目,42,129,42,129,13,43,29,86,24,74,5,12,-,-,-,-
27205005200005300_大阪府吹田市佐井寺２丁目,27205,大阪府,吹田市,佐井寺２丁目,14,63,14,63,3,7,11,56,10,32,1,24,-,-,-,-
27205005200005400_大阪府吹田市佐井寺３丁目,27205,大阪府,吹田市,佐井寺３丁目,36,389,35,333,11,54,24,279,22,212,2,67,-,-,1,56
27205005200005500_大阪府吹田市佐井寺４丁目,27205,大阪府,吹田市,佐井寺４丁目,15,136,15,136,3,43,12,93,10,81,2,12,-,-,-,-
27205005600005600_大阪府吹田市佐井寺南が丘,27205,大阪府,吹田市,佐井寺南が丘,38,555,37,554,9,47,28,507,26,444,2,63,-,-,1,1
27205005700005700_大阪府吹田市幸町,27205,大阪府,吹田市,幸町,24,"1,580",21,"1,507",1,13,20,"1,494",17,"1,178",3,316,-,-,3,73
27205005800005800_大阪府吹田市佐竹台１丁目,27205,大阪府,吹田市,佐竹台１丁目,18,417,17,266,4,25,13,241,6,81,7,160,-,-,1,151
27205005800005900_大阪府吹田市佐竹台２丁目,27205,大阪府,吹田市,佐竹台２丁目,30,370,30,370,8,38,21,330,14,134,7,196,1,2,-,-
27205005800006000_大阪府吹田市佐竹台３丁目,27205,大阪府,吹田市,佐竹台３丁目,7,33,7,33,1,12,6,21,5,16,1,5,-,-,-,-
27205005800006100_大阪府吹田市佐竹台４丁目,27205,大阪府,吹田市,佐竹台４丁目,13,122,11,48,2,8,9,40,7,13,2,27,-,-,2,74
27205005800006200_大阪府吹田市佐竹台５丁目,27205,大阪府,吹田市,佐竹台５丁目,6,33,5,9,-,-,5,9,5,9,-,-,-,-,1,24
27205005800006300_大阪府吹田市佐竹台６丁目,27205,大阪府,吹田市,佐竹台６丁目,7,16,7,16,-,-,7,16,7,16,-,-,-,-,-,-
27205018700018700_大阪府吹田市五月が丘北,27205,大阪府,吹田市,五月が丘北,107,714,107,714,44,145,63,569,59,548,4,21,-,-,-,-
27205018800018800_大阪府吹田市五月が丘西,27205,大阪府,吹田市,五月が丘西,23,260,19,193,6,19,12,172,11,140,1,32,1,2,4,67
27205018900018900_大阪府吹田市五月が丘東,27205,大阪府,吹田市,五月が丘東,70,387,70,387,27,109,43,278,38,216,5,62,-,-,-,-
27205019000019000_大阪府吹田市五月が丘南,27205,大阪府,吹田市,五月が丘南,100,540,98,458,45,122,53,336,50,326,3,10,-,-,2,82
27205006400006400_大阪府吹田市芝田町,27205,大阪府,吹田市,芝田町,7,172,7,172,-,-,7,172,7,172,-,-,-,-,-,-
27205006500006500_大阪府吹田市清水,27205,大阪府,吹田市,清水,35,603,35,603,4,22,31,581,29,576,2,5,-,-,-,-
27205006600006600_大阪府吹田市尺谷,27205,大阪府,吹田市,尺谷,6,62,5,21,-,-,5,21,5,21,-,-,-,-,1,41
27205006700006700_大阪府吹田市昭和町,27205,大阪府,吹田市,昭和町,93,577,93,577,41,162,52,415,41,266,11,149,-,-,-,-
27205006800006800_大阪府吹田市新芦屋上,27205,大阪府,吹田市,新芦屋上,40,318,39,317,13,75,26,242,23,212,3,30,-,-,1,1
27205006900006900_大阪府吹田市新芦屋下,27205,大阪府,吹田市,新芦屋下,32,438,32,438,4,15,28,423,25,276,3,147,-,-,-,-
27205007000007000_大阪府吹田市吹東町,27205,大阪府,吹田市,吹東町,37,367,36,366,10,18,25,328,24,318,1,10,1,20,1,1
27205007100007100_大阪府吹田市末広町,27205,大阪府,吹田市,末広町,32,382,32,382,9,32,23,350,22,346,1,4,-,-,-,-
27205007200007200_大阪府吹田市清和園町,27205,大阪府,吹田市,清和園町,15,60,15,60,7,32,8,28,6,23,2,5,-,-,-,-
27205007400007400_大阪府吹田市千里丘上,27205,大阪府,吹田市,千里丘上,46,397,43,375,10,43,33,332,32,298,1,34,-,-,3,22
27205007500007500_大阪府吹田市千里丘北,27205,大阪府,吹田市,千里丘北,22,545,21,492,1,31,20,461,11,261,9,200,-,-,1,53
27205007600007600_大阪府吹田市千里丘下,27205,大阪府,吹田市,千里丘下,27,173,24,114,7,30,16,82,14,43,2,39,1,2,3,59
27205007700007700_大阪府吹田市千里丘中,27205,大阪府,吹田市,千里丘中,25,140,25,140,5,10,20,130,18,125,2,5,-,-,-,-
27205007800007800_大阪府吹田市千里丘西,27205,大阪府,吹田市,千里丘西,16,663,13,574,1,1,12,573,9,101,3,472,-,-,3,89
27205007300007300_大阪府吹田市千里万博公園,27205,大阪府,吹田市,千里万博公園,362,"6,411",357,"6,313",4,46,353,"6,267",342,"5,710",11,557,-,-,5,98
27205007900007900_大阪府吹田市千里山霧が丘,27205,大阪府,吹田市,千里山霧が丘,11,202,11,202,2,19,8,167,7,153,1,14,1,16,-,-
27205008000008000_大阪府吹田市千里山高塚,27205,大阪府,吹田市,千里山高塚,23,138,23,138,7,22,16,116,12,88,4,28,-,-,-,-
27205008100008100_大阪府吹田市千里山竹園１丁目,27205,大阪府,吹田市,千里山竹園１丁目,30,430,30,430,7,24,23,406,19,229,4,177,-,-,-,-
27205008100008200_大阪府吹田市千里山竹園２丁目,27205,大阪府,吹田市,千里山竹園２丁目,21,183,21,183,3,6,17,168,16,158,1,10,1,9,-,-
27205008300008300_大阪府吹田市千里山月が丘,27205,大阪府,吹田市,千里山月が丘,17,117,17,117,6,21,11,96,9,88,2,8,-,-,-,-
27205008400008400_大阪府吹田市千里山西１丁目,27205,大阪府,吹田市,千里山西１丁目,126,577,124,530,58,160,63,362,55,325,8,37,3,8,2,47
27205008400008500_大阪府吹田市千里山西２丁目,27205,大阪府,吹田市,千里山西２丁目,19,273,16,137,2,3,14,134,10,77,4,57,-,-,3,136
27205008400008600_大阪府吹田市千里山西３丁目,27205,大阪府,吹田市,千里山西３丁目,19,40,19,40,2,5,17,35,16,34,1,1,-,-,-,-
27205008400008700_大阪府吹田市千里山西４丁目,27205,大阪府,吹田市,千里山西４丁目,60,227,60,227,23,53,37,174,36,172,1,2,-,-,-,-
27205008400008800_大阪府吹田市千里山西５丁目,27205,大阪府,吹田市,千里山西５丁目,62,341,62,341,24,59,38,282,33,214,5,68,-,-,-,-
27205008400008900_大阪府吹田市千里山西６丁目,27205,大阪府,吹田市,千里山西６丁目,55,319,54,318,17,73,37,245,32,229,5,16,-,-,1,1
27205009000009000_大阪府吹田市千里山虹が丘,27205,大阪府,吹田市,千里山虹が丘,1,31,1,31,-,-,1,31,-,-,1,31,-,-,-,-
27205009100009100_大阪府吹田市千里山東１丁目,27205,大阪府,吹田市,千里山東１丁目,142,"1,078",142,"1,078",59,172,83,906,80,877,3,29,-,-,-,-
27205009100009200_大阪府吹田市千里山東２丁目,27205,大阪府,吹田市,千里山東２丁目,76,498,74,448,29,74,44,372,34,254,10,118,1,2,2,50
27205009100009300_大阪府吹田市千里山東３丁目,27205,大阪府,吹田市,千里山東３丁目,21,222,21,222,2,4,19,218,5,11,14,207,-,-,-,-
27205009100009400_大阪府吹田市千里山東４丁目,27205,大阪府,吹田市,千里山東４丁目,29,225,29,225,9,59,20,166,17,109,3,57,-,-,-,-
27205009500009500_大阪府吹田市千里山星が丘,27205,大阪府,吹田市,千里山星が丘,4,35,4,35,3,34,1,1,1,1,-,-,-,-,-,-
27205009600009600_大阪府吹田市千里山松が丘,27205,大阪府,吹田市,千里山松が丘,25,227,21,116,2,7,19,109,17,64,2,45,-,-,4,111
27205009700009700_大阪府吹田市高城町,27205,大阪府,吹田市,高城町,48,321,43,256,18,28,25,228,22,171,3,57,-,-,5,65
27205009800009800_大阪府吹田市高野台１丁目,27205,大阪府,吹田市,高野台１丁目,21,193,21,193,10,62,10,129,7,83,3,46,1,2,-,-
27205009800009900_大阪府吹田市高野台２丁目,27205,大阪府,吹田市,高野台２丁目,16,177,13,40,2,5,11,35,11,35,-,-,-,-,3,137
27205009800010000_大阪府吹田市高野台３丁目,27205,大阪府,吹田市,高野台３丁目,17,40,17,40,5,6,11,32,10,26,1,6,1,2,-,-
27205009800010100_大阪府吹田市高野台４丁目,27205,大阪府,吹田市,高野台４丁目,14,241,13,203,5,9,8,194,5,43,3,151,-,-,1,38
27205009800010200_大阪府吹田市高野台５丁目,27205,大阪府,吹田市,高野台５丁目,9,25,9,25,1,6,8,19,7,18,1,1,-,-,-,-
27205010300010300_大阪府吹田市高浜町,27205,大阪府,吹田市,高浜町,74,351,74,351,40,118,34,233,26,165,8,68,-,-,-,-
27205010400010400_大阪府吹田市竹谷町,27205,大阪府,吹田市,竹谷町,22,186,21,137,6,32,15,105,13,84,2,21,-,-,1,49
27205010500010500_大阪府吹田市竹見台１丁目,27205,大阪府,吹田市,竹見台１丁目,3,68,2,35,-,-,2,35,-,-,2,35,-,-,1,33
27205010500010600_大阪府吹田市竹見台２丁目,27205,大阪府,吹田市,竹見台２丁目,7,37,7,37,-,-,7,37,5,24,2,13,-,-,-,-
27205010500010700_大阪府吹田市竹見台３丁目,27205,大阪府,吹田市,竹見台３丁目,31,299,29,256,12,73,16,181,11,124,5,57,1,2,2,43
27205010500010800_大阪府吹田市竹見台４丁目,27205,大阪府,吹田市,竹見台４丁目,13,81,13,81,7,50,6,31,5,21,1,10,-,-,-,-
27205010900010900_大阪府吹田市垂水町１丁目,27205,大阪府,吹田市,垂水町１丁目,172,"1,145",171,"1,095",81,236,90,859,78,794,12,65,-,-,1,50
27205010900011000_大阪府吹田市垂水町２丁目,27205,大阪府,吹田市,垂水町２丁目,97,541,97,541,28,61,69,480,64,416,5,64,-,-,-,-
27205010900011100_大阪府吹田市垂水町３丁目,27205,大阪府,吹田市,垂水町３丁目,402,"5,323",399,"5,261",80,266,317,"4,982",309,"4,652",8,330,2,13,3,62
27205011200011200_大阪府吹田市津雲台１丁目,27205,大阪府,吹田市,津雲台１丁目,105,"2,364",99,"2,321",14,113,84,"2,207",69,"1,144",15,"1,063",1,1,6,43
27205011200011300_大阪府吹田市津雲台２丁目,27205,大阪府,吹田市,津雲台２丁目,13,56,13,56,1,1,12,55,9,23,3,32,-,-,-,-
27205011200011400_大阪府吹田市津雲台３丁目,27205,大阪府,吹田市,津雲台３丁目,9,13,9,13,-,-,9,13,7,11,2,2,-,-,-,-
27205011200011500_大阪府吹田市津雲台４丁目,27205,大阪府,吹田市,津雲台４丁目,22,577,20,519,-,-,19,517,8,161,11,356,1,2,2,58
27205011200011600_大阪府吹田市津雲台５丁目,27205,大阪府,吹田市,津雲台５丁目,22,161,22,161,6,52,16,109,13,90,3,19,-,-,-,-
27205011200011700_大阪府吹田市津雲台６丁目,27205,大阪府,吹田市,津雲台６丁目,28,72,28,72,7,17,20,54,19,53,1,1,1,1,-,-
27205011200011800_大阪府吹田市津雲台７丁目,27205,大阪府,吹田市,津雲台７丁目,67,"1,665",66,"1,584",9,31,57,"1,553",57,"1,553",-,-,-,-,1,81
27205012000012000_大阪府吹田市出口町,27205,大阪府,吹田市,出口町,63,"1,132",55,746,6,22,49,724,32,498,17,226,-,-,8,386
27205011900011900_大阪府吹田市天道町,27205,大阪府,吹田市,天道町,25,115,25,115,9,24,16,91,16,91,-,-,-,-,-,-
27205012100012100_大阪府吹田市豊津町,27205,大阪府,吹田市,豊津町,915,"11,494",913,"11,455",139,488,772,"10,964",739,"10,291",33,673,2,3,2,39
27205012200012200_大阪府吹田市中の島町,27205,大阪府,吹田市,中の島町,17,168,16,136,3,5,13,131,12,128,1,3,-,-,1,32
27205012300012300_大阪府吹田市長野西,27205,大阪府,吹田市,長野西,30,167,30,167,11,31,19,136,18,134,1,2,-,-,-,-
27205012400012400_大阪府吹田市長野東,27205,大阪府,吹田市,長野東,102,911,102,911,55,165,46,745,41,650,5,95,1,1,-,-
27205012500012500_大阪府吹田市西御旅町,27205,大阪府,吹田市,西御旅町,24,916,24,916,1,4,23,912,19,819,4,93,-,-,-,-
27205012600012600_大阪府吹田市西の庄町,27205,大阪府,吹田市,西の庄町,40,876,40,876,7,14,33,862,30,766,3,96,-,-,-,-
27205012700012700_大阪府吹田市原町１丁目,27205,大阪府,吹田市,原町１丁目,41,168,41,168,15,35,26,133,22,117,4,16,-,-,-,-
27205012700012800_大阪府吹田市原町２丁目,27205,大阪府,吹田市,原町２丁目,19,61,18,60,3,5,13,48,12,46,1,2,2,7,1,1
27205012700012900_大阪府吹田市原町３丁目,27205,大阪府,吹田市,原町３丁目,30,222,30,222,15,25,15,197,12,110,3,87,-,-,-,-
27205012700013000_大阪府吹田市原町４丁目,27205,大阪府,吹田市,原町４丁目,53,633,50,557,20,48,30,509,27,465,3,44,-,-,3,76
27205013100013100_大阪府吹田市東御旅町,27205,大阪府,吹田市,東御旅町,58,919,58,919,14,26,44,893,42,819,2,74,-,-,-,-
27205013200013200_大阪府吹田市日の出町,27205,大阪府,吹田市,日の出町,62,372,62,372,31,86,31,286,27,252,4,34,-,-,-,-
27205013300013300_大阪府吹田市平松町,27205,大阪府,吹田市,平松町,6,319,6,319,1,2,5,317,4,314,1,3,-,-,-,-
27205013400013400_大阪府吹田市広芝町,27205,大阪府,吹田市,広芝町,419,"6,276",419,"6,276",51,161,365,"6,084",356,"6,058",9,26,3,31,-,-
27205013500013500_大阪府吹田市藤が丘町,27205,大阪府,吹田市,藤が丘町,13,42,13,42,1,1,12,41,9,28,3,13,-,-,-,-
27205013600013600_大阪府吹田市藤白台１丁目,27205,大阪府,吹田市,藤白台１丁目,7,106,6,56,1,17,5,39,4,5,1,34,-,-,1,50
27205013600013700_大阪府吹田市藤白台２丁目,27205,大阪府,吹田市,藤白台２丁目,39,142,39,142,10,32,29,110,24,82,5,28,-,-,-,-
27205013600013800_大阪府吹田市藤白台３丁目,27205,大阪府,吹田市,藤白台３丁目,4,61,3,10,-,-,3,10,3,10,-,-,-,-,1,51
27205013600013900_大阪府吹田市藤白台４丁目,27205,大阪府,吹田市,藤白台４丁目,16,128,16,128,3,9,13,119,10,25,3,94,-,-,-,-
27205013600014000_大阪府吹田市藤白台５丁目,27205,大阪府,吹田市,藤白台５丁目,12,554,11,476,-,-,11,476,2,26,9,450,-,-,1,78
27205014100014100_大阪府吹田市古江台１丁目,27205,大阪府,吹田市,古江台１丁目,20,116,19,71,1,2,18,69,17,29,1,40,-,-,1,45
27205014100014200_大阪府吹田市古江台２丁目,27205,大阪府,吹田市,古江台２丁目,37,272,36,189,11,65,24,122,22,98,2,24,1,2,1,83
27205014100014300_大阪府吹田市古江台３丁目,27205,大阪府,吹田市,古江台３丁目,12,110,12,110,1,1,11,109,9,30,2,79,-,-,-,-
27205014100014400_大阪府吹田市古江台４丁目,27205,大阪府,吹田市,古江台４丁目,118,"1,501",115,"1,486",30,134,85,"1,352",73,"1,153",12,199,-,-,3,15
27205014100014500_大阪府吹田市古江台５丁目,27205,大阪府,吹田市,古江台５丁目,12,186,10,131,-,-,10,131,6,77,4,54,-,-,2,55
27205014100014600_大阪府吹田市古江台６丁目,27205,大阪府,吹田市,古江台６丁目,21,730,16,525,-,-,16,525,6,53,10,472,-,-,5,205
27205014700014700_大阪府吹田市穂波町,27205,大阪府,吹田市,穂波町,98,"2,367",96,"1,908",23,76,73,"1,832",68,"1,678",5,154,-,-,2,459
27205014800014800_大阪府吹田市円山町,27205,大阪府,吹田市,円山町,51,209,50,189,11,20,39,169,38,164,1,5,-,-,1,20
27205014900014900_大阪府吹田市南金田１丁目,27205,大阪府,吹田市,南金田１丁目,96,"1,011",95,991,23,64,72,927,71,926,1,1,-,-,1,20
27205014900015000_大阪府吹田市南金田２丁目,27205,大阪府,吹田市,南金田２丁目,195,"3,772",195,"3,772",26,95,169,"3,677",163,"3,599",6,78,-,-,-,-
27205015100015100_大阪府吹田市南正雀１丁目,27205,大阪府,吹田市,南正雀１丁目,11,80,11,80,3,4,8,76,7,75,1,1,-,-,-,-
27205015100015200_大阪府吹田市南正雀２丁目,27205,大阪府,吹田市,南正雀２丁目,16,53,16,53,7,22,9,31,9,31,-,-,-,-,-,-
27205015100015300_大阪府吹田市南正雀３丁目,27205,大阪府,吹田市,南正雀３丁目,-,-,-,-,-,-,-,-,-,-,-,-,-,-,-,-
27205015100015400_大阪府吹田市南正雀４丁目,27205,大阪府,吹田市,南正雀４丁目,13,207,11,158,-,-,11,158,11,158,-,-,-,-,2,49
27205015100015500_大阪府吹田市南正雀５丁目,27205,大阪府,吹田市,南正雀５丁目,3,15,3,15,2,7,1,8,-,-,1,8,-,-,-,-
27205015600015600_大阪府吹田市南吹田１丁目,27205,大阪府,吹田市,南吹田１丁目,69,"1,390",69,"1,390",4,14,65,"1,376",64,"1,346",1,30,-,-,-,-
27205015600015700_大阪府吹田市南吹田２丁目,27205,大阪府,吹田市,南吹田２丁目,24,207,24,207,3,9,21,198,20,176,1,22,-,-,-,-
27205015600015800_大阪府吹田市南吹田３丁目,27205,大阪府,吹田市,南吹田３丁目,91,"1,421",90,"1,269",14,34,76,"1,235",75,"1,224",1,11,-,-,1,152
27205015600015900_大阪府吹田市南吹田４丁目,27205,大阪府,吹田市,南吹田４丁目,30,841,29,840,3,5,26,835,24,810,2,25,-,-,1,1
27205015600016000_大阪府吹田市南吹田５丁目,27205,大阪府,吹田市,南吹田５丁目,177,"2,114",172,"1,989",21,72,151,"1,917",147,"1,853",4,64,-,-,5,125
27205016100016100_大阪府吹田市南清和園町,27205,大阪府,吹田市,南清和園町,25,162,22,80,7,8,14,70,12,63,2,7,1,2,3,82
27205016200016200_大阪府吹田市南高浜町,27205,大阪府,吹田市,南高浜町,59,308,58,307,22,35,35,271,18,59,17,212,1,1,1,1
27205016300016300_大阪府吹田市目俵町,27205,大阪府,吹田市,目俵町,13,"1,102",13,"1,102",-,-,13,"1,102",12,"1,100",1,2,-,-,-,-
27205016400016400_大阪府吹田市元町,27205,大阪府,吹田市,元町,163,948,160,889,65,235,94,653,84,570,10,83,1,1,3,59
27205016500016500_大阪府吹田市桃山台１丁目,27205,大阪府,吹田市,桃山台１丁目,6,125,4,6,1,1,3,5,3,5,-,-,-,-,2,119
27205016500016600_大阪府吹田市桃山台２丁目,27205,大阪府,吹田市,桃山台２丁目,33,371,33,371,13,78,19,291,9,132,10,159,1,2,-,-
27205016500016700_大阪府吹田市桃山台３丁目,27205,大阪府,吹田市,桃山台３丁目,27,79,27,79,3,3,24,76,24,76,-,-,-,-,-,-
27205016500016800_大阪府吹田市桃山台４丁目,27205,大阪府,吹田市,桃山台４丁目,7,53,6,12,1,2,5,10,5,10,-,-,-,-,1,41
27205016500016900_大阪府吹田市桃山台５丁目,27205,大阪府,吹田市,桃山台５丁目,48,463,48,463,12,54,36,409,32,364,4,45,-,-,-,-
27205017000017000_大阪府吹田市山田市場,27205,大阪府,吹田市,山田市場,33,372,30,268,9,34,20,232,20,232,-,-,1,2,3,104
27205018100018100_大阪府吹田市山田丘,27205,大阪府,吹田市,山田丘,98,"11,443",98,"11,443",2,10,95,"11,432",30,332,65,"11,100",1,1,-,-
27205017100017100_大阪府吹田市山田北,27205,大阪府,吹田市,山田北,40,656,39,617,9,28,30,589,25,370,5,219,-,-,1,39
27205017200017200_大阪府吹田市山田西１丁目,27205,大阪府,吹田市,山田西１丁目,113,"1,033",106,876,35,136,69,722,60,470,9,252,2,18,7,157
27205017200017300_大阪府吹田市山田西２丁目,27205,大阪府,吹田市,山田西２丁目,75,881,70,797,23,132,46,662,34,435,12,227,1,3,5,84
27205017200017400_大阪府吹田市山田西３丁目,27205,大阪府,吹田市,山田西３丁目,72,397,72,397,18,80,54,317,45,252,9,65,-,-,-,-
27205017200017500_大阪府吹田市山田西４丁目,27205,大阪府,吹田市,山田西４丁目,93,"1,149",88,"1,032",30,160,58,872,52,729,6,143,-,-,5,117
27205017600017600_大阪府吹田市山田東１丁目,27205,大阪府,吹田市,山田東１丁目,81,432,81,432,30,111,51,321,45,296,6,25,-,-,-,-
27205017600017700_大阪府吹田市山田東２丁目,27205,大阪府,吹田市,山田東２丁目,122,774,118,700,33,117,84,581,72,384,12,197,1,2,4,74
27205017600017800_大阪府吹田市山田東３丁目,27205,大阪府,吹田市,山田東３丁目,36,245,35,168,3,3,32,165,29,155,3,10,-,-,1,77
27205017600017900_大阪府吹田市山田東４丁目,27205,大阪府,吹田市,山田東４丁目,115,588,113,545,33,75,79,468,70,362,9,106,1,2,2,43
27205018000018000_大阪府吹田市山田南,27205,大阪府,吹田市,山田南,126,"1,597",125,"1,596",37,181,86,"1,406",78,"1,278",8,128,2,9,1,1
27205018200018200_大阪府吹田市山手町１丁目,27205,大阪府,吹田市,山手町１丁目,40,308,39,307,17,42,20,262,15,86,5,176,2,3,1,1
27205018200018300_大阪府吹田市山手町２丁目,27205,大阪府,吹田市,山手町２丁目,46,485,45,433,17,33,28,400,23,294,5,106,-,-,1,52
27205018200018400_大阪府吹田市山手町３丁目,27205,大阪府,吹田市,山手町３丁目,44,"4,842",44,"4,842",13,25,30,"4,814",21,183,9,"4,631",1,3,-,-
27205018200018500_大阪府吹田市山手町４丁目,27205,大阪府,吹田市,山手町４丁目,22,129,22,129,5,12,17,117,17,117,-,-,-,-,-,-
27205018600018600_大阪府吹田市芳野町,27205,大阪府,吹田市,芳野町,111,"1,941",110,"1,789",11,20,99,"1,769",94,"1,749",5,20,-,-,1,152
27205999999999999_大阪府吹田市その他,27205,大阪府,吹田市,その他,-,-,-,-,-,-,-,-,-,-,-,-,-,-,-,-
27206_大阪府泉大津市,27206,大阪府,泉大津市,,"3,093","30,115","3,033","27,677","1,268","3,803","1,752","23,846","1,577","21,356",175,"2,490",13,28,60,"2,438"
27206005700005700_大阪府泉大津市二田町１丁目,27206,大阪府,泉大津市,二田町１丁目,58,418,57,340,32,96,24,243,20,204,4,39,1,1,1,78
27206005700005800_大阪府泉大津市二田町２丁目,27206,大阪府,泉大津市,二田町２丁目,39,114,39,114,21,46,18,68,17,67,1,1,-,-,-,-
27206005700005900_大阪府泉大津市二田町３丁目,27206,大阪府,泉大津市,二田町３丁目,16,167,16,167,4,13,12,154,10,122,2,32,-,-,-,-
27206007700007700_大阪府泉大津市なぎさ町,27206,大阪府,泉大津市,なぎさ町,46,955,43,869,5,20,38,849,36,834,2,15,-,-,3,86
27206000200000200_大阪府泉大津市旭町,27206,大阪府,泉大津市,旭町,174,"1,485",171,"1,401",50,252,121,"1,149",108,"1,040",13,109,-,-,3,84
27206000700000700_大阪府泉大津市綾井,27206,大阪府,泉大津市,綾井,11,91,11,91,4,28,7,63,7,63,-,-,-,-,-,-
27206001700001700_大阪府泉大津市宇多,27206,大阪府,泉大津市,宇多,5,32,5,32,-,-,5,32,5,32,-,-,-,-,-,-
27206002500002500_大阪府泉大津市下条町,27206,大阪府,泉大津市,下条町,24,673,21,224,6,14,15,210,13,113,2,97,-,-,3,449
27206003000003000_大阪府泉大津市下之町,27206,大阪府,泉大津市,下之町,18,107,17,70,8,42,9,28,7,21,2,7,-,-,1,37
27206002100002100_大阪府泉大津市河原町,27206,大阪府,泉大津市,河原町,31,778,30,736,8,22,22,714,19,643,3,71,-,-,1,42
27206000400000400_大阪府泉大津市我孫子,27206,大阪府,泉大津市,我孫子,83,781,82,776,39,102,42,673,39,649,3,24,1,1,1,5
27206000400000500_大阪府泉大津市我孫子１丁目,27206,大阪府,泉大津市,我孫子１丁目,41,374,39,314,20,61,19,253,17,239,2,14,-,-,2,60
27206000400000600_大阪府泉大津市我孫子２丁目,27206,大阪府,泉大津市,我孫子２丁目,26,465,24,380,10,32,14,348,14,348,-,-,-,-,2,85
27206500100061400_大阪府泉大津市宮,27206,大阪府,泉大津市,宮,-,-,-,-,-,-,-,-,-,-,-,-,-,-,-,-
27206006400006400_大阪府泉大津市宮町,27206,大阪府,泉大津市,宮町,47,333,43,236,23,78,20,158,18,151,2,7,-,-,4,97
27206000300000300_大阪府泉大津市穴田,27206,大阪府,泉大津市,穴田,35,189,35,189,19,48,16,141,15,126,1,15,-,-,-,-
27206004600004600_大阪府泉大津市高津町,27206,大阪府,泉大津市,高津町,24,203,24,203,15,35,9,168,9,168,-,-,-,-,-,-
27206002800002800_大阪府泉大津市汐見町,27206,大阪府,泉大津市,汐見町,74,"1,151",72,"1,147",1,1,71,"1,146",64,"1,105",7,41,-,-,2,4
27206002900002900_大阪府泉大津市式内町,27206,大阪府,泉大津市,式内町,24,229,24,229,8,9,16,220,16,220,-,-,-,-,-,-
27206007000007000_大阪府泉大津市若宮町,27206,大阪府,泉大津市,若宮町,37,143,37,143,26,67,11,76,10,74,1,2,-,-,-,-
27206002600002600_大阪府泉大津市寿町,27206,大阪府,泉大津市,寿町,42,520,41,510,16,68,25,442,22,414,3,28,-,-,1,10
27206001800001800_大阪府泉大津市戎町,27206,大阪府,泉大津市,戎町,40,215,39,209,21,50,18,159,13,105,5,54,-,-,1,6
27206002000002000_大阪府泉大津市春日町,27206,大阪府,泉大津市,春日町,80,868,80,868,33,99,47,769,41,594,6,175,-,-,-,-
27206003800003800_大阪府泉大津市助松団地,27206,大阪府,泉大津市,助松団地,8,25,8,25,5,15,3,10,3,10,-,-,-,-,-,-
27206003900003900_大阪府泉大津市助松町１丁目,27206,大阪府,泉大津市,助松町１丁目,41,227,41,227,23,60,18,167,14,93,4,74,-,-,-,-
27206003900004000_大阪府泉大津市助松町２丁目,27206,大阪府,泉大津市,助松町２丁目,27,163,26,124,15,36,11,88,9,84,2,4,-,-,1,39
27206003900004100_大阪府泉大津市助松町３丁目,27206,大阪府,泉大津市,助松町３丁目,22,286,22,286,6,20,16,266,13,149,3,117,-,-,-,-
27206003900004200_大阪府泉大津市助松町４丁目,27206,大阪府,泉大津市,助松町４丁目,-,-,-,-,-,-,-,-,-,-,-,-,-,-,-,-
27206002700002700_大阪府泉大津市小松町,27206,大阪府,泉大津市,小松町,22,282,21,244,13,31,8,213,8,213,-,-,-,-,1,38
27206001900001900_大阪府泉大津市小津島町,27206,大阪府,泉大津市,小津島町,63,"2,172",63,"2,172",-,-,63,"2,172",63,"2,172",-,-,-,-,-,-
27206003300003300_大阪府泉大津市昭和町,27206,大阪府,泉大津市,昭和町,61,498,59,447,30,67,29,380,28,379,1,1,-,-,2,51
27206006100006100_大阪府泉大津市松之浜町１丁目,27206,大阪府,泉大津市,松之浜町１丁目,32,414,32,414,11,24,21,390,19,338,2,52,-,-,-,-
27206006100006200_大阪府泉大津市松之浜町２丁目,27206,大阪府,泉大津市,松之浜町２丁目,73,338,73,338,39,135,34,203,29,186,5,17,-,-,-,-
27206001600001600_大阪府泉大津市上之町,27206,大阪府,泉大津市,上之町,21,67,21,67,12,32,9,35,9,35,-,-,-,-,-,-
27206003600003600_大阪府泉大津市条南町,27206,大阪府,泉大津市,条南町,35,241,35,241,20,50,15,191,15,191,-,-,-,-,-,-
27206003400003400_大阪府泉大津市新港町,27206,大阪府,泉大津市,新港町,26,511,25,491,-,-,25,491,25,491,-,-,-,-,1,20
27206006500006500_大阪府泉大津市森町１丁目,27206,大阪府,泉大津市,森町１丁目,20,108,20,108,14,42,6,66,4,32,2,34,-,-,-,-
27206006500006600_大阪府泉大津市森町２丁目,27206,大阪府,泉大津市,森町２丁目,39,264,39,264,14,64,25,200,23,185,2,15,-,-,-,-
27206003500003500_大阪府泉大津市神明町,27206,大阪府,泉大津市,神明町,16,72,16,72,5,14,11,58,7,45,4,13,-,-,-,-
27206003700003700_大阪府泉大津市菅原町,27206,大阪府,泉大津市,菅原町,29,309,28,283,17,48,11,235,8,115,3,120,-,-,1,26
27206003200003200_大阪府泉大津市清水町,27206,大阪府,泉大津市,清水町,22,167,22,167,10,17,12,150,12,150,-,-,-,-,-,-
27206005100005100_大阪府泉大津市西港町,27206,大阪府,泉大津市,西港町,29,274,29,274,10,22,19,252,18,231,1,21,-,-,-,-
27206000100000100_大阪府泉大津市青葉町,27206,大阪府,泉大津市,青葉町,8,129,8,129,-,-,8,129,8,129,-,-,-,-,-,-
27206004800004800_大阪府泉大津市千原町１丁目,27206,大阪府,泉大津市,千原町１丁目,23,149,23,149,13,36,10,113,10,113,-,-,-,-,-,-
27206004800004900_大阪府泉大津市千原町２丁目,27206,大阪府,泉大津市,千原町２丁目,45,360,41,287,19,29,22,258,20,244,2,14,-,-,4,73
27206004300004300_大阪府泉大津市曽根町１丁目,27206,大阪府,泉大津市,曽根町１丁目,33,174,33,174,19,59,14,115,13,112,1,3,-,-,-,-
27206004300004400_大阪府泉大津市曽根町２丁目,27206,大阪府,泉大津市,曽根町２丁目,43,309,43,309,19,38,23,270,19,152,4,118,1,1,-,-
27206004300004500_大阪府泉大津市曽根町３丁目,27206,大阪府,泉大津市,曽根町３丁目,13,48,13,48,8,27,5,21,5,21,-,-,-,-,-,-
27206000800000800_大阪府泉大津市池浦,27206,大阪府,泉大津市,池浦,3,35,2,7,1,1,1,6,1,6,-,-,-,-,1,28
27206000900000900_大阪府泉大津市池浦町１丁目,27206,大阪府,泉大津市,池浦町１丁目,67,645,66,559,31,98,35,461,32,437,3,24,-,-,1,86
27206000900001000_大阪府泉大津市池浦町２丁目,27206,大阪府,泉大津市,池浦町２丁目,41,151,41,151,25,83,16,68,16,68,-,-,-,-,-,-
27206000900001100_大阪府泉大津市池浦町３丁目,27206,大阪府,泉大津市,池浦町３丁目,23,144,23,144,12,24,11,120,7,23,4,97,-,-,-,-
27206000900001200_大阪府泉大津市池浦町４丁目,27206,大阪府,泉大津市,池浦町４丁目,36,414,34,303,11,35,23,268,19,213,4,55,-,-,2,111
27206000900001300_大阪府泉大津市池浦町５丁目,27206,大阪府,泉大津市,池浦町５丁目,30,263,30,263,12,31,18,232,17,220,1,12,-,-,-,-
27206001400001400_大阪府泉大津市池園町,27206,大阪府,泉大津市,池園町,33,159,33,159,12,30,21,129,17,84,4,45,-,-,-,-
27206008100008100_大阪府泉大津市虫取町１丁目,27206,大阪府,泉大津市,虫取町１丁目,51,370,51,370,21,98,30,272,28,265,2,7,-,-,-,-
27206008100008200_大阪府泉大津市虫取町２丁目,27206,大阪府,泉大津市,虫取町２丁目,28,133,28,133,18,46,10,87,10,87,-,-,-,-,-,-
27206004700004700_大阪府泉大津市田中町,27206,大阪府,泉大津市,田中町,95,824,94,633,41,115,48,511,41,435,7,76,5,7,1,191
27206003100003100_大阪府泉大津市東雲町,27206,大阪府,泉大津市,東雲町,110,"1,298",96,738,43,154,50,579,44,517,6,62,3,5,14,560
27206005600005600_大阪府泉大津市東港町,27206,大阪府,泉大津市,東港町,29,187,29,187,10,21,19,166,18,165,1,1,-,-,-,-
27206005200005200_大阪府泉大津市東助松町１丁目,27206,大阪府,泉大津市,東助松町１丁目,51,368,51,368,34,106,17,262,15,111,2,151,-,-,-,-
27206005200005300_大阪府泉大津市東助松町２丁目,27206,大阪府,泉大津市,東助松町２丁目,53,300,53,300,39,122,14,178,11,132,3,46,-,-,-,-
27206005200005400_大阪府泉大津市東助松町３丁目,27206,大阪府,泉大津市,東助松町３丁目,13,159,12,120,6,41,6,79,5,77,1,2,-,-,1,39
27206005200005500_大阪府泉大津市東助松町４丁目,27206,大阪府,泉大津市,東助松町４丁目,32,261,30,208,14,59,16,149,15,119,1,30,-,-,2,53
27206007100007100_大阪府泉大津市東豊中町１丁目,27206,大阪府,泉大津市,東豊中町１丁目,98,690,98,690,55,154,43,536,40,502,3,34,-,-,-,-
27206007100007200_大阪府泉大津市東豊中町２丁目,27206,大阪府,泉大津市,東豊中町２丁目,32,311,32,311,15,59,17,252,15,163,2,89,-,-,-,-
27206007100007300_大阪府泉大津市東豊中町３丁目,27206,大阪府,泉大津市,東豊中町３丁目,43,186,42,178,28,56,14,122,9,57,5,65,-,-,1,8
27206008300008300_大阪府泉大津市楠町西,27206,大阪府,泉大津市,楠町西,5,15,4,10,2,5,2,5,2,5,-,-,-,-,1,5
27206008500008500_大阪府泉大津市楠町東,27206,大阪府,泉大津市,楠町東,10,73,10,73,2,5,8,68,7,56,1,12,-,-,-,-
27206001500001500_大阪府泉大津市板原,27206,大阪府,泉大津市,板原,3,12,3,12,-,-,3,12,3,12,-,-,-,-,-,-
27206008600008600_大阪府泉大津市板原町１丁目,27206,大阪府,泉大津市,板原町１丁目,28,373,28,373,3,22,25,351,22,287,3,64,-,-,-,-
27206008600008700_大阪府泉大津市板原町２丁目,27206,大阪府,泉大津市,板原町２丁目,17,96,17,96,4,10,13,86,11,67,2,19,-,-,-,-
27206008600008800_大阪府泉大津市板原町３丁目,27206,大阪府,泉大津市,板原町３丁目,35,204,35,204,12,27,22,175,20,174,2,1,1,2,-,-
27206008600008900_大阪府泉大津市板原町４丁目,27206,大阪府,泉大津市,板原町４丁目,48,393,48,393,16,49,32,344,31,338,1,6,-,-,-,-
27206008600009000_大阪府泉大津市板原町５丁目,27206,大阪府,泉大津市,板原町５丁目,39,343,39,343,6,11,33,332,33,332,-,-,-,-,-,-
27206500100061500_大阪府泉大津市尾井千原,27206,大阪府,泉大津市,尾井千原,1,22,1,22,-,-,1,22,1,22,-,-,-,-,-,-
27206007400007400_大阪府泉大津市尾井千原町,27206,大阪府,泉大津市,尾井千原町,1,5,1,5,-,-,1,5,1,5,-,-,-,-,-,-
27206005000005000_大阪府泉大津市豊中,27206,大阪府,泉大津市,豊中,6,19,6,19,5,17,1,2,1,2,-,-,-,-,-,-
27206007800007800_大阪府泉大津市豊中町１丁目,27206,大阪府,泉大津市,豊中町１丁目,34,115,34,115,19,43,15,72,13,61,2,11,-,-,-,-
27206007800007900_大阪府泉大津市豊中町２丁目,27206,大阪府,泉大津市,豊中町２丁目,44,493,44,493,13,35,31,458,22,316,9,142,-,-,-,-
27206007800008000_大阪府泉大津市豊中町３丁目,27206,大阪府,泉大津市,豊中町３丁目,27,126,27,126,15,30,12,96,12,96,-,-,-,-,-,-
27206002200002200_大阪府泉大津市北豊中町１丁目,27206,大阪府,泉大津市,北豊中町１丁目,20,228,19,161,9,42,10,119,9,86,1,33,-,-,1,67
27206002200002300_大阪府泉大津市北豊中町２丁目,27206,大阪府,泉大津市,北豊中町２丁目,40,447,40,447,12,37,27,399,24,381,3,18,1,11,-,-
27206002200002400_大阪府泉大津市北豊中町３丁目,27206,大阪府,泉大津市,北豊中町３丁目,25,180,25,180,12,49,13,131,13,131,-,-,-,-,-,-
27206006000006000_大阪府泉大津市本町,27206,大阪府,泉大津市,本町,25,105,25,105,14,27,11,78,7,40,4,38,-,-,-,-
27206007500007500_大阪府泉大津市末広町１丁目,27206,大阪府,泉大津市,末広町１丁目,8,29,8,29,4,10,4,19,3,14,1,5,-,-,-,-
27206007500007600_大阪府泉大津市末広町２丁目,27206,大阪府,泉大津市,末広町２丁目,1,2,1,2,1,2,-,-,-,-,-,-,-,-,-,-
27206009100009100_大阪府泉大津市夕凪町,27206,大阪府,泉大津市,夕凪町,13,106,13,106,-,-,13,106,11,95,2,11,-,-,-,-
27206008400008400_大阪府泉大津市要池住宅,27206,大阪府,泉大津市,要池住宅,-,-,-,-,-,-,-,-,-,-,-,-,-,-,-,-
27206006700006700_大阪府泉大津市臨海町１丁目,27206,大阪府,泉大津市,臨海町１丁目,50,"1,506",50,"1,506",-,-,50,"1,506",50,"1,506",-,-,-,-,-,-
27206006700006800_大阪府泉大津市臨海町２丁目,27206,大阪府,泉大津市,臨海町２丁目,17,412,17,412,-,-,17,412,17,412,-,-,-,-,-,-
27206006700006900_大阪府泉大津市臨海町３丁目,27206,大阪府,泉大津市,臨海町３丁目,2,35,2,35,-,-,2,35,2,35,-,-,-,-,-,-
27206999999999999_大阪府泉大津市その他,27206,大阪府,泉大津市,その他,-,-,-,-,-,-,-,-,-,-,-,-,-,-,-,-
27207_大阪府高槻市,27207,大阪府,高槻市,,"9,448","114,090","9,224","106,438","3,093","9,898","6,101","96,455","5,175","73,078",926,"23,377",30,85,224,"7,652"
27207013400013400_大阪府高槻市三箇牧１丁目,27207,大阪府,高槻市,三箇牧１丁目,15,256,15,256,-,-,15,256,14,248,1,8,-,-,-,-
27207013400013500_大阪府高槻市三箇牧２丁目,27207,大阪府,高槻市,三箇牧２丁目,9,179,9,179,1,3,8,176,7,63,1,113,-,-,-,-
27207033400033500_大阪府高槻市三島江１丁目,27207,大阪府,高槻市,三島江１丁目,32,"1,040",27,984,3,13,24,971,22,968,2,3,-,-,5,56
27207033400033600_大阪府高槻市三島江２丁目,27207,大阪府,高槻市,三島江２丁目,20,295,20,295,1,2,19,293,17,290,2,3,-,-,-,-
27207033400033700_大阪府高槻市三島江３丁目,27207,大阪府,高槻市,三島江３丁目,7,145,7,145,1,2,6,143,5,140,1,3,-,-,-,-
27207033400033800_大阪府高槻市三島江４丁目,27207,大阪府,高槻市,三島江４丁目,19,362,19,362,3,7,16,355,11,268,5,87,-,-,-,-
27207011600011600_大阪府高槻市五領町,27207,大阪府,高槻市,五領町,16,255,13,216,1,2,12,214,12,214,-,-,-,-,3,39
27207027500027500_大阪府高槻市八丁西町,27207,大阪府,高槻市,八丁西町,12,288,12,288,4,19,8,269,7,219,1,50,-,-,-,-
27207027400027400_大阪府高槻市八丁畷町,27207,大阪府,高槻市,八丁畷町,12,224,9,77,-,-,9,77,9,77,-,-,-,-,3,147
27207036300036300_大阪府高槻市八幡町,27207,大阪府,高槻市,八幡町,25,126,25,126,10,21,15,105,12,98,3,7,-,-,-,-
27207000900000900_大阪府高槻市阿武野１丁目,27207,大阪府,高槻市,阿武野１丁目,10,926,10,926,1,7,9,919,5,122,4,797,-,-,-,-
27207000900001000_大阪府高槻市阿武野２丁目,27207,大阪府,高槻市,阿武野２丁目,5,157,3,107,-,-,3,107,-,-,3,107,-,-,2,50
27207002000002000_大阪府高槻市安岡寺町１丁目,27207,大阪府,高槻市,安岡寺町１丁目,30,250,28,204,11,52,17,152,14,101,3,51,-,-,2,46
27207002000002100_大阪府高槻市安岡寺町２丁目,27207,大阪府,高槻市,安岡寺町２丁目,22,137,22,137,9,16,13,121,8,43,5,78,-,-,-,-
27207002000002200_大阪府高槻市安岡寺町３丁目,27207,大阪府,高槻市,安岡寺町３丁目,6,24,6,24,2,10,4,14,4,14,-,-,-,-,-,-
27207002000002300_大阪府高槻市安岡寺町４丁目,27207,大阪府,高槻市,安岡寺町４丁目,14,80,14,80,4,11,10,69,9,68,1,1,-,-,-,-
27207002000002400_大阪府高槻市安岡寺町５丁目,27207,大阪府,高槻市,安岡寺町５丁目,17,51,17,51,8,15,9,36,7,11,2,25,-,-,-,-
27207002000002500_大阪府高槻市安岡寺町６丁目,27207,大阪府,高槻市,安岡寺町６丁目,6,199,3,153,1,10,2,143,1,1,1,142,-,-,3,46
27207001300001300_大阪府高槻市安満御所の町,27207,大阪府,高槻市,安満御所の町,6,34,4,18,1,1,3,17,3,17,-,-,-,-,2,16
27207001400001400_大阪府高槻市安満新町,27207,大阪府,高槻市,安満新町,12,183,12,183,6,10,6,173,6,173,-,-,-,-,-,-
27207001600001600_大阪府高槻市安満西の町,27207,大阪府,高槻市,安満西の町,8,62,6,14,4,7,2,7,2,7,-,-,-,-,2,48
27207001500001500_大阪府高槻市安満中の町,27207,大阪府,高槻市,安満中の町,7,56,7,56,3,26,4,30,3,7,1,23,-,-,-,-
27207001700001700_大阪府高槻市安満東の町,27207,大阪府,高槻市,安満東の町,11,22,11,22,5,6,6,16,4,12,2,4,-,-,-,-
27207001100001100_大阪府高槻市安満磐手町,27207,大阪府,高槻市,安満磐手町,1,1,1,1,-,-,1,1,-,-,1,1,-,-,-,-
27207001200001200_大阪府高槻市安満北の町,27207,大阪府,高槻市,安満北の町,6,20,5,15,2,4,3,11,2,8,1,3,-,-,1,5
27207002600002600_大阪府高槻市井尻１丁目,27207,大阪府,高槻市,井尻１丁目,1,8,1,8,-,-,1,8,-,-,1,8,-,-,-,-
27207002600002700_大阪府高槻市井尻２丁目,27207,大阪府,高槻市,井尻２丁目,29,675,29,675,-,-,29,675,21,504,8,171,-,-,-,-
27207003100003100_大阪府高槻市浦堂１丁目,27207,大阪府,高槻市,浦堂１丁目,4,90,3,7,1,1,2,6,2,6,-,-,-,-,1,83
27207003100003200_大阪府高槻市浦堂２丁目,27207,大阪府,高槻市,浦堂２丁目,26,195,25,166,12,35,13,131,12,125,1,6,-,-,1,29
27207003100003300_大阪府高槻市浦堂３丁目,27207,大阪府,高槻市,浦堂３丁目,7,30,7,30,1,1,6,29,4,19,2,10,-,-,-,-
27207003400003400_大阪府高槻市浦堂本町,27207,大阪府,高槻市,浦堂本町,13,74,13,74,1,16,12,58,9,49,3,9,-,-,-,-
27207012600012600_大阪府高槻市栄町１丁目,27207,大阪府,高槻市,栄町１丁目,28,296,27,274,13,47,14,227,12,200,2,27,-,-,1,22
27207012600012700_大阪府高槻市栄町２丁目,27207,大阪府,高槻市,栄町２丁目,79,440,79,440,41,92,38,348,33,314,5,34,-,-,-,-
27207012600012800_大阪府高槻市栄町３丁目,27207,大阪府,高槻市,栄町３丁目,11,79,9,34,5,13,3,16,2,11,1,5,1,5,2,45
27207012600012900_大阪府高槻市栄町４丁目,27207,大阪府,高槻市,栄町４丁目,44,260,44,260,23,61,21,199,18,166,3,33,-,-,-,-
27207003500003500_大阪府高槻市永楽町,27207,大阪府,高槻市,永楽町,36,203,35,152,24,63,11,89,9,38,2,51,-,-,1,51
27207004700004700_大阪府高槻市奥天神町１丁目,27207,大阪府,高槻市,奥天神町１丁目,5,15,5,15,1,2,4,13,3,9,1,4,-,-,-,-
27207004700004800_大阪府高槻市奥天神町２丁目,27207,大阪府,高槻市,奥天神町２丁目,6,22,6,22,5,20,1,2,1,2,-,-,-,-,-,-
27207004700004900_大阪府高槻市奥天神町３丁目,27207,大阪府,高槻市,奥天神町３丁目,2,15,2,15,-,-,2,15,2,15,-,-,-,-,-,-
27207010600010600_大阪府高槻市黄金の里１丁目,27207,大阪府,高槻市,黄金の里１丁目,10,200,10,200,1,2,9,198,4,8,5,190,-,-,-,-
27207004600004600_大阪府高槻市岡本町,27207,大阪府,高槻市,岡本町,43,335,43,335,15,53,28,282,26,272,2,10,-,-,-,-
27207014200014200_大阪府高槻市下田部町１丁目,27207,大阪府,高槻市,下田部町１丁目,43,598,43,598,8,18,35,580,34,579,1,1,-,-,-,-
27207014200014300_大阪府高槻市下田部町２丁目,27207,大阪府,高槻市,下田部町２丁目,35,"1,020",35,"1,020",3,30,31,983,28,947,3,36,1,7,-,-
27207037800037800_大阪府高槻市花林苑,27207,大阪府,高槻市,花林苑,4,19,4,19,-,-,4,19,4,19,-,-,-,-,-,-
27207000200000200_大阪府高槻市芥川町１丁目,27207,大阪府,高槻市,芥川町１丁目,190,"2,176",190,"2,176",54,276,136,"1,900",128,"1,710",8,190,-,-,-,-
27207000200000300_大阪府高槻市芥川町２丁目,27207,大阪府,高槻市,芥川町２丁目,124,648,124,648,69,178,54,467,43,371,11,96,1,3,-,-
27207000200000400_大阪府高槻市芥川町３丁目,27207,大阪府,高槻市,芥川町３丁目,41,206,41,206,15,59,26,147,24,109,2,38,-,-,-,-
27207000200000500_大阪府高槻市芥川町４丁目,27207,大阪府,高槻市,芥川町４丁目,25,61,24,58,10,20,14,38,13,37,1,1,-,-,1,3
27207005000005100_大阪府高槻市梶原１丁目,27207,大阪府,高槻市,梶原１丁目,5,31,5,31,1,1,4,30,1,6,3,24,-,-,-,-
27207005000005200_大阪府高槻市梶原２丁目,27207,大阪府,高槻市,梶原２丁目,3,14,3,14,1,6,2,8,1,7,1,1,-,-,-,-
27207005000005300_大阪府高槻市梶原３丁目,27207,大阪府,高槻市,梶原３丁目,4,17,4,17,1,1,3,16,3,16,-,-,-,-,-,-
27207005000005400_大阪府高槻市梶原４丁目,27207,大阪府,高槻市,梶原４丁目,12,144,12,144,1,10,11,134,11,134,-,-,-,-,-,-
27207005000005500_大阪府高槻市梶原５丁目,27207,大阪府,高槻市,梶原５丁目,3,12,3,12,1,5,2,7,1,4,1,3,-,-,-,-
27207005000005600_大阪府高槻市梶原６丁目,27207,大阪府,高槻市,梶原６丁目,12,235,12,235,2,2,10,233,9,232,1,1,-,-,-,-
27207005700005700_大阪府高槻市梶原中村町,27207,大阪府,高槻市,梶原中村町,7,78,7,78,1,1,6,77,6,77,-,-,-,-,-,-
27207034800034800_大阪府高槻市宮が谷町,27207,大阪府,高槻市,宮が谷町,8,186,8,186,2,29,6,157,6,157,-,-,-,-,-,-
27207034900034900_大阪府高槻市宮田町１丁目,27207,大阪府,高槻市,宮田町１丁目,37,"1,952",37,"1,952",10,32,27,"1,920",26,"1,914",1,6,-,-,-,-
27207034900035000_大阪府高槻市宮田町２丁目,27207,大阪府,高槻市,宮田町２丁目,45,322,44,285,17,54,27,231,19,202,8,29,-,-,1,37
27207034900035100_大阪府高槻市宮田町３丁目,27207,大阪府,高槻市,宮田町３丁目,15,81,15,81,6,16,9,65,7,60,2,5,-,-,-,-
27207035200035200_大阪府高槻市宮之川原１丁目,27207,大阪府,高槻市,宮之川原１丁目,10,47,10,47,3,7,7,40,6,25,1,15,-,-,-,-
27207035200035300_大阪府高槻市宮之川原２丁目,27207,大阪府,高槻市,宮之川原２丁目,9,161,9,161,4,4,5,157,1,11,4,146,-,-,-,-
27207035200035400_大阪府高槻市宮之川原３丁目,27207,大阪府,高槻市,宮之川原３丁目,4,15,4,15,1,1,3,14,3,14,-,-,-,-,-,-
27207035200035500_大阪府高槻市宮之川原４丁目,27207,大阪府,高槻市,宮之川原４丁目,23,171,21,114,12,20,9,94,7,39,2,55,-,-,2,57
27207035200035600_大阪府高槻市宮之川原５丁目,27207,大阪府,高槻市,宮之川原５丁目,15,114,15,114,6,14,9,100,6,65,3,35,-,-,-,-
27207035700035700_大阪府高槻市宮之川原元町,27207,大阪府,高槻市,宮之川原元町,23,62,23,62,11,22,12,40,6,26,6,14,-,-,-,-
27207035800035800_大阪府高槻市宮野町,27207,大阪府,高槻市,宮野町,72,"1,243",70,"1,197",26,76,43,"1,115",32,426,11,689,1,6,2,46
27207009900009900_大阪府高槻市京口町,27207,大阪府,高槻市,京口町,60,400,59,395,19,52,40,343,35,319,5,24,-,-,1,5
27207016600016600_大阪府高槻市玉川１丁目,27207,大阪府,高槻市,玉川１丁目,13,203,13,203,3,8,10,195,9,91,1,104,-,-,-,-
27207016600016700_大阪府高槻市玉川２丁目,27207,大阪府,高槻市,玉川２丁目,9,110,9,110,2,4,7,106,4,68,3,38,-,-,-,-
27207016600016800_大阪府高槻市玉川３丁目,27207,大阪府,高槻市,玉川３丁目,17,502,17,502,3,8,14,494,13,449,1,45,-,-,-,-
27207016600016900_大阪府高槻市玉川４丁目,27207,大阪府,高槻市,玉川４丁目,1,4,1,4,1,4,-,-,-,-,-,-,-,-,-,-
27207037100037100_大阪府高槻市玉川新町,27207,大阪府,高槻市,玉川新町,7,323,7,323,3,5,4,318,3,33,1,285,-,-,-,-
27207010000010000_大阪府高槻市郡家新町,27207,大阪府,高槻市,郡家新町,61,"1,044",56,960,16,56,40,904,30,371,10,533,-,-,5,84
27207010100010100_大阪府高槻市郡家本町,27207,大阪府,高槻市,郡家本町,62,901,61,830,10,32,50,795,27,205,23,590,1,3,1,71
27207018800018800_大阪府高槻市月見町,27207,大阪府,高槻市,月見町,8,43,8,43,1,1,7,42,6,38,1,4,-,-,-,-
27207010700010700_大阪府高槻市古曽部町１丁目,27207,大阪府,高槻市,古曽部町１丁目,33,"1,513",33,"1,513",14,60,19,"1,453",13,102,6,"1,351",-,-,-,-
27207010700010800_大阪府高槻市古曽部町２丁目,27207,大阪府,高槻市,古曽部町２丁目,47,347,46,307,13,55,31,252,27,209,4,43,2,-,1,40
27207010700010900_大阪府高槻市古曽部町３丁目,27207,大阪府,高槻市,古曽部町３丁目,17,81,17,81,3,5,14,76,7,50,7,26,-,-,-,-
27207010700011000_大阪府高槻市古曽部町４丁目,27207,大阪府,高槻市,古曽部町４丁目,2,15,2,15,-,-,2,15,2,15,-,-,-,-,-,-
27207010700011100_大阪府高槻市古曽部町５丁目,27207,大阪府,高槻市,古曽部町５丁目,2,4,2,4,-,-,2,4,2,4,-,-,-,-,-,-
27207012500012500_大阪府高槻市幸町,27207,大阪府,高槻市,幸町,18,"1,622",17,"1,600",-,-,17,"1,600",13,"1,333",4,267,-,-,1,22
27207031300031300_大阪府高槻市紅茸町,27207,大阪府,高槻市,紅茸町,2,38,1,3,-,-,1,3,1,3,-,-,-,-,1,35
27207016200016200_大阪府高槻市高垣町,27207,大阪府,高槻市,高垣町,19,55,19,55,10,18,9,37,8,22,1,15,-,-,-,-
27207037200037200_大阪府高槻市高見台,27207,大阪府,高槻市,高見台,3,5,3,5,-,-,3,5,3,5,-,-,-,-,-,-
27207010200010200_大阪府高槻市高西町,27207,大阪府,高槻市,高西町,28,239,28,239,16,42,12,197,11,180,1,17,-,-,-,-
27207016300016300_大阪府高槻市高槻町,27207,大阪府,高槻市,高槻町,409,"3,700",409,"3,700",142,542,265,"3,155",235,"2,838",30,317,2,3,-,-
27207002900002900_大阪府高槻市今城町,27207,大阪府,高槻市,今城町,30,438,29,358,5,10,24,348,24,348,-,-,-,-,1,80
27207011500011500_大阪府高槻市紺屋町,27207,大阪府,高槻市,紺屋町,239,"2,400",235,"2,360",66,286,166,"2,059",158,"1,975",8,84,3,15,4,40
27207013100013100_大阪府高槻市桜ケ丘南町,27207,大阪府,高槻市,桜ケ丘南町,41,137,41,137,23,48,17,88,12,75,5,13,1,1,-,-
27207013000013000_大阪府高槻市桜ケ丘北町,27207,大阪府,高槻市,桜ケ丘北町,14,125,14,125,8,11,6,114,2,75,4,39,-,-,-,-
27207013200013200_大阪府高槻市桜町,27207,大阪府,高槻市,桜町,7,636,7,636,-,-,7,636,7,636,-,-,-,-,-,-
27207036400036400_大阪府高槻市山手町１丁目,27207,大阪府,高槻市,山手町１丁目,12,44,12,44,3,9,9,35,8,33,1,2,-,-,-,-
27207036400036500_大阪府高槻市山手町２丁目,27207,大阪府,高槻市,山手町２丁目,6,53,6,53,-,-,6,53,2,4,4,49,-,-,-,-
27207035900035900_大阪府高槻市紫町,27207,大阪府,高槻市,紫町,8,602,8,602,-,-,8,602,8,602,-,-,-,-,-,-
27207019400019400_大阪府高槻市寺谷町,27207,大阪府,高槻市,寺谷町,27,195,26,192,7,51,19,141,18,132,1,9,-,-,1,3
27207013700013700_大阪府高槻市芝生町１丁目,27207,大阪府,高槻市,芝生町１丁目,87,"1,250",87,"1,250",25,114,62,"1,136",56,"1,112",6,24,-,-,-,-
27207013700013800_大阪府高槻市芝生町２丁目,27207,大阪府,高槻市,芝生町２丁目,55,577,53,495,23,37,30,458,26,446,4,12,-,-,2,82
27207013700013900_大阪府高槻市芝生町３丁目,27207,大阪府,高槻市,芝生町３丁目,31,261,26,162,11,25,15,137,14,107,1,30,-,-,5,99
27207013700014000_大阪府高槻市芝生町４丁目,27207,大阪府,高槻市,芝生町４丁目,23,556,21,367,5,9,15,357,10,214,5,143,1,1,2,189
27207013600013600_大阪府高槻市芝谷町,27207,大阪府,高槻市,芝谷町,21,283,20,235,10,51,10,184,9,152,1,32,-,-,1,48
27207036800036800_大阪府高槻市若松町,27207,大阪府,高槻市,若松町,34,494,32,456,7,13,25,443,23,411,2,32,-,-,2,38
27207011200011200_大阪府高槻市寿町１丁目,27207,大阪府,高槻市,寿町１丁目,54,217,54,217,34,90,20,127,18,108,2,19,-,-,-,-
27207011200011300_大阪府高槻市寿町２丁目,27207,大阪府,高槻市,寿町２丁目,25,70,25,70,12,21,13,49,11,42,2,7,-,-,-,-
27207011200011400_大阪府高槻市寿町３丁目,27207,大阪府,高槻市,寿町３丁目,31,175,31,175,15,40,16,135,11,71,5,64,-,-,-,-
27207019800019800_大阪府高槻市出丸町,27207,大阪府,高槻市,出丸町,21,237,21,237,5,21,16,216,14,91,2,125,-,-,-,-
27207005800005800_大阪府高槻市春日町,27207,大阪府,高槻市,春日町,83,738,79,689,22,111,57,578,44,452,13,126,-,-,4,49
27207014400014400_大阪府高槻市庄所町,27207,大阪府,高槻市,庄所町,68,433,68,433,31,133,37,300,33,248,4,52,-,-,-,-
27207014500014500_大阪府高槻市昭和台町１丁目,27207,大阪府,高槻市,昭和台町１丁目,3,43,-,-,-,-,-,-,-,-,-,-,-,-,3,43
27207014500014600_大阪府高槻市昭和台町２丁目,27207,大阪府,高槻市,昭和台町２丁目,31,95,31,95,19,56,12,39,9,30,3,9,-,-,-,-
27207032900032900_大阪府高槻市松が丘１丁目,27207,大阪府,高槻市,松が丘１丁目,45,441,44,393,23,57,21,336,16,178,5,158,-,-,1,48
27207032900033000_大阪府高槻市松が丘２丁目,27207,大阪府,高槻市,松が丘２丁目,22,101,22,101,14,35,8,66,8,66,-,-,-,-,-,-
27207032900033100_大阪府高槻市松が丘３丁目,27207,大阪府,高槻市,松が丘３丁目,16,35,16,35,11,20,5,15,5,15,-,-,-,-,-,-
27207032900033200_大阪府高槻市松が丘４丁目,27207,大阪府,高槻市,松が丘４丁目,13,38,13,38,7,19,6,19,5,18,1,1,-,-,-,-
27207033300033300_大阪府高槻市松原町,27207,大阪府,高槻市,松原町,25,308,25,308,12,76,13,232,12,113,1,119,-,-,-,-
27207032800032800_大阪府高槻市松川町,27207,大阪府,高槻市,松川町,28,421,28,421,6,35,22,386,18,304,4,82,-,-,-,-
27207005900005900_大阪府高槻市上田辺町,27207,大阪府,高槻市,上田辺町,109,707,109,707,44,169,64,537,58,488,6,49,1,1,-,-
27207006000006000_大阪府高槻市上土室１丁目,27207,大阪府,高槻市,上土室１丁目,10,57,10,57,3,9,7,48,7,48,-,-,-,-,-,-
27207006000006100_大阪府高槻市上土室２丁目,27207,大阪府,高槻市,上土室２丁目,4,44,4,44,-,-,4,44,4,44,-,-,-,-,-,-
27207006000006200_大阪府高槻市上土室３丁目,27207,大阪府,高槻市,上土室３丁目,15,56,15,56,8,15,7,41,7,41,-,-,-,-,-,-
27207006000006300_大阪府高槻市上土室４丁目,27207,大阪府,高槻市,上土室４丁目,2,12,2,12,-,-,2,12,2,12,-,-,-,-,-,-
27207006000006400_大阪府高槻市上土室５丁目,27207,大阪府,高槻市,上土室５丁目,21,264,21,264,10,41,11,223,7,174,4,49,-,-,-,-
27207006000006500_大阪府高槻市上土室６丁目,27207,大阪府,高槻市,上土室６丁目,6,211,3,164,-,-,3,164,3,164,-,-,-,-,3,47
27207008900008900_大阪府高槻市上牧山手町,27207,大阪府,高槻市,上牧山手町,2,3,2,3,1,1,1,2,-,-,1,2,-,-,-,-
27207009000009000_大阪府高槻市上牧町１丁目,27207,大阪府,高槻市,上牧町１丁目,10,51,10,51,1,1,9,50,8,46,1,4,-,-,-,-
27207009000009100_大阪府高槻市上牧町２丁目,27207,大阪府,高槻市,上牧町２丁目,20,145,20,145,12,25,8,120,4,36,4,84,-,-,-,-
27207009000009200_大阪府高槻市上牧町３丁目,27207,大阪府,高槻市,上牧町３丁目,-,-,-,-,-,-,-,-,-,-,-,-,-,-,-,-
27207009000009300_大阪府高槻市上牧町４丁目,27207,大阪府,高槻市,上牧町４丁目,3,46,1,6,-,-,1,6,1,6,-,-,-,-,2,40
27207009000009400_大阪府高槻市上牧町５丁目,27207,大阪府,高槻市,上牧町５丁目,1,11,1,11,-,-,1,11,1,11,-,-,-,-,-,-
27207008800008800_大阪府高槻市上牧南駅前町,27207,大阪府,高槻市,上牧南駅前町,30,391,30,391,6,21,24,370,23,355,1,15,-,-,-,-
27207008700008700_大阪府高槻市上牧北駅前町,27207,大阪府,高槻市,上牧北駅前町,9,27,9,27,5,14,4,13,4,13,-,-,-,-,-,-
27207006600006600_大阪府高槻市上本町,27207,大阪府,高槻市,上本町,25,75,25,75,7,14,18,61,18,61,-,-,-,-,-,-
27207014700014700_大阪府高槻市城西町,27207,大阪府,高槻市,城西町,62,999,62,999,13,58,49,941,43,851,6,90,-,-,-,-
27207014800014800_大阪府高槻市城東町,27207,大阪府,高槻市,城東町,14,419,12,250,2,20,10,230,4,58,6,172,-,-,2,169
27207014900014900_大阪府高槻市城内町,27207,大阪府,高槻市,城内町,17,287,8,78,1,1,7,77,6,68,1,9,-,-,9,209
27207015000015000_大阪府高槻市城南町１丁目,27207,大阪府,高槻市,城南町１丁目,32,115,32,115,19,42,13,73,11,70,2,3,-,-,-,-
27207015000015100_大阪府高槻市城南町２丁目,27207,大阪府,高槻市,城南町２丁目,36,370,35,337,9,36,26,301,17,99,9,202,-,-,1,33
27207015000015200_大阪府高槻市城南町３丁目,27207,大阪府,高槻市,城南町３丁目,26,149,23,84,14,22,9,62,7,48,2,14,-,-,3,65
27207015000015300_大阪府高槻市城南町４丁目,27207,大阪府,高槻市,城南町４丁目,19,68,19,68,11,22,8,46,7,45,1,1,-,-,-,-
27207015400015400_大阪府高槻市城北町１丁目,27207,大阪府,高槻市,城北町１丁目,138,"1,448",138,"1,448",73,240,65,"1,208",54,"1,104",11,104,-,-,-,-
27207015400015500_大阪府高槻市城北町２丁目,27207,大阪府,高槻市,城北町２丁目,254,"2,302",254,"2,302",108,351,146,"1,951",134,"1,813",12,138,-,-,-,-
27207030600030600_大阪府高槻市深沢町１丁目,27207,大阪府,高槻市,深沢町１丁目,29,252,29,252,8,31,21,221,19,206,2,15,-,-,-,-
27207030600030700_大阪府高槻市深沢町２丁目,27207,大阪府,高槻市,深沢町２丁目,2,5,2,5,-,-,2,5,2,5,-,-,-,-,-,-
27207030800030800_大阪府高槻市深沢本町,27207,大阪府,高槻市,深沢本町,16,68,16,68,6,12,10,56,9,54,1,2,-,-,-,-
27207032100032100_大阪府高槻市真上町１丁目,27207,大阪府,高槻市,真上町１丁目,52,420,49,325,19,77,29,246,28,242,1,4,1,2,3,95
27207032100032200_大阪府高槻市真上町２丁目,27207,大阪府,高槻市,真上町２丁目,32,153,31,150,9,33,22,117,19,78,3,39,-,-,1,3
27207032100032300_大阪府高槻市真上町３丁目,27207,大阪府,高槻市,真上町３丁目,24,924,24,924,9,23,15,901,12,60,3,841,-,-,-,-
27207032100032400_大阪府高槻市真上町４丁目,27207,大阪府,高槻市,真上町４丁目,6,16,6,16,1,2,5,14,4,10,1,4,-,-,-,-
27207032100032500_大阪府高槻市真上町５丁目,27207,大阪府,高槻市,真上町５丁目,6,18,6,18,-,-,6,18,5,12,1,6,-,-,-,-
27207032100032600_大阪府高槻市真上町６丁目,27207,大阪府,高槻市,真上町６丁目,35,147,35,147,16,49,19,98,18,90,1,8,-,-,-,-
27207010300010400_大阪府高槻市神内１丁目,27207,大阪府,高槻市,神内１丁目,1,2,1,2,1,2,-,-,-,-,-,-,-,-,-,-
27207010300010500_大阪府高槻市神内２丁目,27207,大阪府,高槻市,神内２丁目,58,414,57,375,26,98,30,273,25,203,5,70,1,4,1,39
27207015600015600_大阪府高槻市須賀町,27207,大阪府,高槻市,須賀町,46,"1,432",46,"1,432",3,5,43,"1,427",40,"1,310",3,117,-,-,-,-
27207022800022800_大阪府高槻市成合西の町,27207,大阪府,高槻市,成合西の町,-,-,-,-,-,-,-,-,-,-,-,-,-,-,-,-
27207022700022700_大阪府高槻市成合中の町,27207,大阪府,高槻市,成合中の町,5,18,5,18,2,4,3,14,2,12,1,2,-,-,-,-
27207022900022900_大阪府高槻市成合東の町,27207,大阪府,高槻市,成合東の町,2,6,2,6,-,-,2,6,1,1,1,5,-,-,-,-
27207023000023000_大阪府高槻市成合南の町,27207,大阪府,高槻市,成合南の町,7,240,7,240,-,-,7,240,4,31,3,209,-,-,-,-
27207022600022600_大阪府高槻市成合北の町,27207,大阪府,高槻市,成合北の町,6,20,6,20,-,-,6,20,5,20,1,-,-,-,-,-
27207036900036900_大阪府高槻市清水台１丁目,27207,大阪府,高槻市,清水台１丁目,6,39,5,36,1,3,4,33,3,25,1,8,-,-,1,3
27207036900037000_大阪府高槻市清水台２丁目,27207,大阪府,高槻市,清水台２丁目,2,9,2,9,1,1,1,8,1,8,-,-,-,-,-,-
27207016100016100_大阪府高槻市清福寺町,27207,大阪府,高槻市,清福寺町,28,147,28,147,7,12,21,135,20,134,1,1,-,-,-,-
27207024500024500_大阪府高槻市西五百住町,27207,大阪府,高槻市,西五百住町,19,57,18,33,14,24,4,9,2,7,2,2,-,-,1,24
27207023700023700_大阪府高槻市西冠１丁目,27207,大阪府,高槻市,西冠１丁目,27,116,27,116,7,18,20,98,16,72,4,26,-,-,-,-
27207023700023800_大阪府高槻市西冠２丁目,27207,大阪府,高槻市,西冠２丁目,10,60,10,60,4,7,6,53,6,53,-,-,-,-,-,-
27207023700023900_大阪府高槻市西冠３丁目,27207,大阪府,高槻市,西冠３丁目,65,"1,039",64,"1,019",9,64,55,955,52,863,3,92,-,-,1,20
27207024200024200_大阪府高槻市西真上１丁目,27207,大阪府,高槻市,西真上１丁目,70,567,70,567,37,86,33,481,28,442,5,39,-,-,-,-
27207024200024300_大阪府高槻市西真上２丁目,27207,大阪府,高槻市,西真上２丁目,10,65,8,17,2,3,6,14,5,11,1,3,-,-,2,48
27207023600023600_大阪府高槻市西大樋町,27207,大阪府,高槻市,西大樋町,4,39,4,39,-,-,4,39,4,39,-,-,-,-,-,-
27207024400024400_大阪府高槻市西町,27207,大阪府,高槻市,西町,49,770,47,737,21,63,26,674,20,536,6,138,-,-,2,33
27207024000024000_大阪府高槻市西之川原１丁目,27207,大阪府,高槻市,西之川原１丁目,10,71,10,71,3,7,7,64,3,10,4,54,-,-,-,-
27207024000024100_大阪府高槻市西之川原２丁目,27207,大阪府,高槻市,西之川原２丁目,10,102,10,102,3,8,7,94,5,17,2,77,-,-,-,-
27207011900011900_大阪府高槻市西面中１丁目,27207,大阪府,高槻市,西面中１丁目,10,125,10,125,-,-,10,125,10,125,-,-,-,-,-,-
27207011900012000_大阪府高槻市西面中２丁目,27207,大阪府,高槻市,西面中２丁目,15,61,15,61,5,8,10,53,9,52,1,1,-,-,-,-
27207012100012100_大阪府高槻市西面南１丁目,27207,大阪府,高槻市,西面南１丁目,9,178,9,178,1,1,8,177,8,177,-,-,-,-,-,-
27207012100012200_大阪府高槻市西面南２丁目,27207,大阪府,高槻市,西面南２丁目,7,65,7,65,2,5,5,60,5,60,-,-,-,-,-,-
27207012100012300_大阪府高槻市西面南３丁目,27207,大阪府,高槻市,西面南３丁目,7,139,7,139,1,6,6,133,6,133,-,-,-,-,-,-
27207012100012400_大阪府高槻市西面南４丁目,27207,大阪府,高槻市,西面南４丁目,14,260,14,260,3,12,11,248,11,248,-,-,-,-,-,-
27207011700011700_大阪府高槻市西面北１丁目,27207,大阪府,高槻市,西面北１丁目,22,396,21,365,3,7,18,358,18,358,-,-,-,-,1,31
27207011700011800_大阪府高槻市西面北２丁目,27207,大阪府,高槻市,西面北２丁目,4,189,4,189,-,-,4,189,4,189,-,-,-,-,-,-
27207000100000100_大阪府高槻市赤大路町,27207,大阪府,高槻市,赤大路町,27,464,25,407,8,16,17,391,14,379,3,12,-,-,2,57
27207017600017600_大阪府高槻市千代田町,27207,大阪府,高槻市,千代田町,24,125,24,125,11,31,13,94,11,91,2,3,-,-,-,-
27207008300008300_大阪府高槻市川西町１丁目,27207,大阪府,高槻市,川西町１丁目,53,757,51,727,14,30,36,689,33,649,3,40,1,8,2,30
27207008300008400_大阪府高槻市川西町２丁目,27207,大阪府,高槻市,川西町２丁目,18,221,16,147,5,8,11,139,11,139,-,-,-,-,2,74
27207008300008500_大阪府高槻市川西町３丁目,27207,大阪府,高槻市,川西町３丁目,5,15,5,15,2,3,3,12,3,12,-,-,-,-,-,-
27207008100008100_大阪府高槻市川添１丁目,27207,大阪府,高槻市,川添１丁目,8,87,7,51,1,1,6,50,5,45,1,5,-,-,1,36
27207008100008200_大阪府高槻市川添２丁目,27207,大阪府,高槻市,川添２丁目,93,569,93,569,51,182,42,387,32,314,10,73,-,-,-,-
27207031500031600_大阪府高槻市前島１丁目,27207,大阪府,高槻市,前島１丁目,5,101,5,101,1,2,4,99,2,12,2,87,-,-,-,-
27207031500031700_大阪府高槻市前島２丁目,27207,大阪府,高槻市,前島２丁目,3,17,3,17,1,2,2,15,2,15,-,-,-,-,-,-
27207031500031800_大阪府高槻市前島３丁目,27207,大阪府,高槻市,前島３丁目,9,244,6,110,-,-,6,110,6,110,-,-,-,-,3,134
27207031500031900_大阪府高槻市前島４丁目,27207,大阪府,高槻市,前島４丁目,3,72,3,72,1,4,2,68,2,68,-,-,-,-,-,-
27207031500032000_大阪府高槻市前島５丁目,27207,大阪府,高槻市,前島５丁目,1,19,1,19,-,-,1,19,1,19,-,-,-,-,-,-
27207017000017000_大阪府高槻市大学町,27207,大阪府,高槻市,大学町,11,"3,018",11,"3,018",-,-,11,"3,018",6,39,5,"2,979",-,-,-,-
27207003600003600_大阪府高槻市大冠町１丁目,27207,大阪府,高槻市,大冠町１丁目,8,55,8,55,1,17,7,38,7,38,-,-,-,-,-,-
27207003600003700_大阪府高槻市大冠町２丁目,27207,大阪府,高槻市,大冠町２丁目,20,319,17,238,4,15,13,223,10,193,3,30,-,-,3,81
27207003600003800_大阪府高槻市大冠町３丁目,27207,大阪府,高槻市,大冠町３丁目,25,132,25,132,12,36,13,96,11,86,2,10,-,-,-,-
27207024700024700_大阪府高槻市大字二料,27207,大阪府,高槻市,大字二料,-,-,-,-,-,-,-,-,-,-,-,-,-,-,-,-
27207033400033400_大阪府高槻市大字三島江,27207,大阪府,高槻市,大字三島江,7,49,7,49,1,10,6,39,6,39,-,-,-,-,-,-
27207003000003000_大阪府高槻市大字鵜殿,27207,大阪府,高槻市,大字鵜殿,-,-,-,-,-,-,-,-,-,-,-,-,-,-,-,-
27207014100014100_大阪府高槻市大字下,27207,大阪府,高槻市,大字下,-,-,-,-,-,-,-,-,-,-,-,-,-,-,-,-
27207005000005000_大阪府高槻市大字梶原,27207,大阪府,高槻市,大字梶原,-,-,-,-,-,-,-,-,-,-,-,-,-,-,-,-
27207027700027700_大阪府高槻市大字原,27207,大阪府,高槻市,大字原,66,987,64,984,11,28,53,956,28,324,25,632,-,-,2,3
27207002800002800_大阪府高槻市大字出灰,27207,大阪府,高槻市,大字出灰,2,3,2,3,1,1,1,2,1,2,-,-,-,-,-,-
27207008600008600_大阪府高槻市大字上牧,27207,大阪府,高槻市,大字上牧,2,6,2,6,-,-,2,6,2,6,-,-,-,-,-,-
27207010300010300_大阪府高槻市大字神内,27207,大阪府,高槻市,大字神内,-,-,-,-,-,-,-,-,-,-,-,-,-,-,-,-
27207015700015700_大阪府高槻市大字杉生,27207,大阪府,高槻市,大字杉生,1,1,1,1,1,1,-,-,-,-,-,-,-,-,-,-
27207022500022500_大阪府高槻市大字成合,27207,大阪府,高槻市,大字成合,9,80,8,61,-,-,8,61,7,59,1,2,-,-,1,19
27207008000008000_大阪府高槻市大字川久保,27207,大阪府,高槻市,大字川久保,8,85,8,85,-,-,8,85,7,83,1,2,-,-,-,-
27207031500031500_大阪府高槻市大字前島,27207,大阪府,高槻市,大字前島,-,-,-,-,-,-,-,-,-,-,-,-,-,-,-,-
27207037900037900_大阪府高槻市大字大塚,27207,大阪府,高槻市,大字大塚,1,3,1,3,-,-,1,3,1,3,-,-,-,-,-,-
27207021800021800_大阪府高槻市大字中畑,27207,大阪府,高槻市,大字中畑,7,11,7,11,4,8,3,3,1,1,2,2,-,-,-,-
27207026400026400_大阪府高槻市大字柱本,27207,大阪府,高槻市,大字柱本,-,-,-,-,-,-,-,-,-,-,-,-,-,-,-,-
27207016500016500_大阪府高槻市大字田能,27207,大阪府,高槻市,大字田能,25,218,22,197,4,12,17,185,8,60,9,125,1,-,3,21
27207006700006700_大阪府高槻市大字唐崎,27207,大阪府,高槻市,大字唐崎,12,156,12,156,-,-,12,156,9,120,3,36,-,-,-,-
27207021900021900_大阪府高槻市大字奈佐原,27207,大阪府,高槻市,大字奈佐原,17,351,14,286,-,-,14,286,7,18,7,268,-,-,3,65
27207025600025600_大阪府高槻市大字萩谷,27207,大阪府,高槻市,大字萩谷,9,89,9,89,1,3,8,86,3,21,5,65,-,-,-,-
27207025700025700_大阪府高槻市大字萩之庄,27207,大阪府,高槻市,大字萩之庄,-,-,-,-,-,-,-,-,-,-,-,-,-,-,-,-
27207004400004400_大阪府高槻市大手町,27207,大阪府,高槻市,大手町,41,209,41,209,18,53,20,153,12,87,8,66,3,3,-,-
27207017100017100_大阪府高槻市大蔵司１丁目,27207,大阪府,高槻市,大蔵司１丁目,10,28,10,28,4,10,6,18,5,15,1,3,-,-,-,-
27207017100017200_大阪府高槻市大蔵司２丁目,27207,大阪府,高槻市,大蔵司２丁目,37,170,37,170,19,78,18,92,16,81,2,11,-,-,-,-
27207017100017300_大阪府高槻市大蔵司３丁目,27207,大阪府,高槻市,大蔵司３丁目,22,193,22,193,11,23,11,170,9,131,2,39,-,-,-,-
27207003900003900_大阪府高槻市大塚町１丁目,27207,大阪府,高槻市,大塚町１丁目,53,752,49,698,15,50,34,648,32,632,2,16,-,-,4,54
27207003900004000_大阪府高槻市大塚町２丁目,27207,大阪府,高槻市,大塚町２丁目,29,203,28,169,10,19,18,150,14,132,4,18,-,-,1,34
27207003900004100_大阪府高槻市大塚町３丁目,27207,大阪府,高槻市,大塚町３丁目,21,163,21,163,1,1,20,162,19,161,1,1,-,-,-,-
27207003900004200_大阪府高槻市大塚町４丁目,27207,大阪府,高槻市,大塚町４丁目,30,485,28,406,1,1,27,405,22,359,5,46,-,-,2,79
27207003900004300_大阪府高槻市大塚町５丁目,27207,大阪府,高槻市,大塚町５丁目,59,"1,606",59,"1,606",10,43,49,"1,563",42,"1,276",7,287,-,-,-,-
27207004500004500_大阪府高槻市大畑町,27207,大阪府,高槻市,大畑町,177,"1,644",176,"1,601",64,276,112,"1,325",107,"1,253",5,72,-,-,1,43
27207017400017400_大阪府高槻市大和１丁目,27207,大阪府,高槻市,大和１丁目,16,64,16,64,2,5,14,59,12,56,2,3,-,-,-,-
27207017400017500_大阪府高槻市大和２丁目,27207,大阪府,高槻市,大和２丁目,2,9,2,9,-,-,2,9,1,4,1,5,-,-,-,-
27207013300013300_大阪府高槻市沢良木町,27207,大阪府,高槻市,沢良木町,35,452,32,400,14,24,18,376,12,234,6,142,-,-,3,52
27207016400016400_大阪府高槻市竹の内町,27207,大阪府,高槻市,竹の内町,40,435,37,324,15,58,22,266,21,259,1,7,-,-,3,111
27207021700021700_大阪府高槻市中川町,27207,大阪府,高槻市,中川町,28,586,28,586,10,14,18,572,17,571,1,1,-,-,-,-
27207026400026500_大阪府高槻市柱本１丁目,27207,大阪府,高槻市,柱本１丁目,15,162,15,162,3,3,12,159,12,159,-,-,-,-,-,-
27207026400026600_大阪府高槻市柱本２丁目,27207,大阪府,高槻市,柱本２丁目,10,184,10,184,2,9,8,175,8,175,-,-,-,-,-,-
27207026400026700_大阪府高槻市柱本３丁目,27207,大阪府,高槻市,柱本３丁目,21,222,21,222,4,16,17,206,14,197,3,9,-,-,-,-
27207026400026800_大阪府高槻市柱本４丁目,27207,大阪府,高槻市,柱本４丁目,11,54,11,54,3,6,8,48,8,48,-,-,-,-,-,-
27207026400026900_大阪府高槻市柱本５丁目,27207,大阪府,高槻市,柱本５丁目,31,552,31,552,7,28,24,524,24,524,-,-,-,-,-,-
27207026400027000_大阪府高槻市柱本６丁目,27207,大阪府,高槻市,柱本６丁目,23,179,23,179,8,21,15,158,15,158,-,-,-,-,-,-
27207026400027100_大阪府高槻市柱本７丁目,27207,大阪府,高槻市,柱本７丁目,6,184,6,184,-,-,6,184,6,184,-,-,-,-,-,-
27207027200027200_大阪府高槻市柱本新町,27207,大阪府,高槻市,柱本新町,33,211,31,182,14,34,17,148,15,113,2,35,-,-,2,29
27207027300027300_大阪府高槻市柱本南町,27207,大阪府,高槻市,柱本南町,8,125,8,125,-,-,8,125,8,125,-,-,-,-,-,-
27207000800000800_大阪府高槻市朝日町,27207,大阪府,高槻市,朝日町,11,"1,571",11,"1,571",-,-,11,"1,571",10,"1,544",1,27,-,-,-,-
27207019100019100_大阪府高槻市津之江町１丁目,27207,大阪府,高槻市,津之江町１丁目,96,393,96,393,54,134,42,259,37,222,5,37,-,-,-,-
27207019100019200_大阪府高槻市津之江町２丁目,27207,大阪府,高槻市,津之江町２丁目,41,192,41,192,17,38,24,154,21,121,3,33,-,-,-,-
27207019100019300_大阪府高槻市津之江町３丁目,27207,大阪府,高槻市,津之江町３丁目,18,40,18,40,5,11,13,29,11,25,2,4,-,-,-,-
27207019000019000_大阪府高槻市津之江北町,27207,大阪府,高槻市,津之江北町,27,144,24,99,15,28,9,71,7,45,2,26,-,-,3,45
27207017700017700_大阪府高槻市塚原１丁目,27207,大阪府,高槻市,塚原１丁目,18,186,18,186,6,29,12,157,10,36,2,121,-,-,-,-
27207017700017800_大阪府高槻市塚原２丁目,27207,大阪府,高槻市,塚原２丁目,8,52,8,52,5,15,3,37,2,31,1,6,-,-,-,-
27207017700017900_大阪府高槻市塚原３丁目,27207,大阪府,高槻市,塚原３丁目,8,16,8,16,1,1,7,15,4,11,3,4,-,-,-,-
27207017700018000_大阪府高槻市塚原４丁目,27207,大阪府,高槻市,塚原４丁目,20,99,20,99,9,30,11,69,11,69,-,-,-,-,-,-
27207017700018100_大阪府高槻市塚原５丁目,27207,大阪府,高槻市,塚原５丁目,7,25,7,25,-,-,7,25,4,11,3,14,-,-,-,-
27207017700018200_大阪府高槻市塚原６丁目,27207,大阪府,高槻市,塚原６丁目,7,26,7,26,-,-,7,26,7,26,-,-,-,-,-,-
27207018300018300_大阪府高槻市塚脇１丁目,27207,大阪府,高槻市,塚脇１丁目,15,36,15,36,6,10,8,25,5,16,3,9,1,1,-,-
27207018300018400_大阪府高槻市塚脇２丁目,27207,大阪府,高槻市,塚脇２丁目,1,6,1,6,1,6,-,-,-,-,-,-,-,-,-,-
27207018300018500_大阪府高槻市塚脇３丁目,27207,大阪府,高槻市,塚脇３丁目,4,34,4,34,1,1,3,33,3,33,-,-,-,-,-,-
27207018300018600_大阪府高槻市塚脇４丁目,27207,大阪府,高槻市,塚脇４丁目,1,47,1,47,-,-,1,47,1,47,-,-,-,-,-,-
27207018300018700_大阪府高槻市塚脇５丁目,27207,大阪府,高槻市,塚脇５丁目,5,22,4,14,3,8,1,6,-,-,1,6,-,-,1,8
27207015800015800_大阪府高槻市辻子１丁目,27207,大阪府,高槻市,辻子１丁目,21,224,21,224,3,15,18,209,17,206,1,3,-,-,-,-
27207015800015900_大阪府高槻市辻子２丁目,27207,大阪府,高槻市,辻子２丁目,21,330,20,308,2,3,18,305,14,232,4,73,-,-,1,22
27207015800016000_大阪府高槻市辻子３丁目,27207,大阪府,高槻市,辻子３丁目,44,"1,010",44,"1,010",9,18,35,992,31,903,4,89,-,-,-,-
27207018900018900_大阪府高槻市堤町,27207,大阪府,高槻市,堤町,6,34,6,34,1,8,5,26,4,22,1,4,-,-,-,-
27207019700019700_大阪府高槻市天王町,27207,大阪府,高槻市,天王町,24,127,24,127,11,42,13,85,13,85,-,-,-,-,-,-
27207019500019500_大阪府高槻市天神町１丁目,27207,大阪府,高槻市,天神町１丁目,67,451,67,451,19,84,48,367,38,278,10,89,-,-,-,-
27207019500019600_大阪府高槻市天神町２丁目,27207,大阪府,高槻市,天神町２丁目,29,190,28,186,5,21,23,165,18,123,5,42,-,-,1,4
27207001800001800_大阪府高槻市天川新町,27207,大阪府,高槻市,天川新町,19,82,19,82,9,15,10,67,10,67,-,-,-,-,-,-
27207001900001900_大阪府高槻市天川町,27207,大阪府,高槻市,天川町,7,53,5,15,-,-,5,15,2,10,3,5,-,-,2,38
27207020100020100_大阪府高槻市殿町,27207,大阪府,高槻市,殿町,9,69,9,69,4,4,5,65,5,65,-,-,-,-,-,-
27207025400025400_大阪府高槻市登町,27207,大阪府,高槻市,登町,67,"1,035",64,950,23,83,41,867,32,486,9,381,-,-,3,85
27207020200020200_大阪府高槻市登美の里町,27207,大阪府,高槻市,登美の里町,33,270,30,222,12,31,18,191,13,147,5,44,-,-,3,48
27207021600021600_大阪府高槻市土橋町,27207,大阪府,高槻市,土橋町,18,86,18,86,9,12,9,74,7,25,2,49,-,-,-,-
27207027600027600_大阪府高槻市土室町,27207,大阪府,高槻市,土室町,38,368,38,368,15,102,23,266,20,210,3,56,-,-,-,-
27207007500007500_大阪府高槻市唐崎西１丁目,27207,大阪府,高槻市,唐崎西１丁目,14,148,14,148,4,7,10,141,9,135,1,6,-,-,-,-
27207007500007600_大阪府高槻市唐崎西２丁目,27207,大阪府,高槻市,唐崎西２丁目,14,244,14,244,2,3,12,241,12,241,-,-,-,-,-,-
27207007100007100_大阪府高槻市唐崎中１丁目,27207,大阪府,高槻市,唐崎中１丁目,8,49,7,31,-,-,7,31,5,27,2,4,-,-,1,18
27207007100007200_大阪府高槻市唐崎中２丁目,27207,大阪府,高槻市,唐崎中２丁目,7,26,7,26,1,3,6,23,5,22,1,1,-,-,-,-
27207007100007300_大阪府高槻市唐崎中３丁目,27207,大阪府,高槻市,唐崎中３丁目,12,233,12,233,1,1,11,232,10,217,1,15,-,-,-,-
27207007100007400_大阪府高槻市唐崎中４丁目,27207,大阪府,高槻市,唐崎中４丁目,18,120,18,120,7,17,11,103,10,98,1,5,-,-,-,-
27207007700007700_大阪府高槻市唐崎南１丁目,27207,大阪府,高槻市,唐崎南１丁目,5,71,5,71,1,1,4,70,4,70,-,-,-,-,-,-
27207007700007800_大阪府高槻市唐崎南２丁目,27207,大阪府,高槻市,唐崎南２丁目,9,116,9,116,1,3,8,113,8,113,-,-,-,-,-,-
27207007700007900_大阪府高槻市唐崎南３丁目,27207,大阪府,高槻市,唐崎南３丁目,7,107,7,107,-,-,7,107,5,24,2,83,-,-,-,-
27207006800006800_大阪府高槻市唐崎北１丁目,27207,大阪府,高槻市,唐崎北１丁目,13,105,13,105,2,8,11,97,11,97,-,-,-,-,-,-
27207006800006900_大阪府高槻市唐崎北２丁目,27207,大阪府,高槻市,唐崎北２丁目,13,191,13,191,3,39,10,152,10,152,-,-,-,-,-,-
27207006800007000_大阪府高槻市唐崎北３丁目,27207,大阪府,高槻市,唐崎北３丁目,25,315,24,291,4,10,20,281,19,280,1,1,-,-,1,24
27207028900028900_大阪府高槻市東五百住町１丁目,27207,大阪府,高槻市,東五百住町１丁目,10,86,10,86,1,2,9,84,8,61,1,23,-,-,-,-
27207028900029000_大阪府高槻市東五百住町２丁目,27207,大阪府,高槻市,東五百住町２丁目,23,90,23,90,10,16,13,74,9,24,4,50,-,-,-,-
27207028900029100_大阪府高槻市東五百住町３丁目,27207,大阪府,高槻市,東五百住町３丁目,47,255,46,221,27,68,18,151,13,70,5,81,1,2,1,34
27207028500028500_大阪府高槻市東上牧１丁目,27207,大阪府,高槻市,東上牧１丁目,16,779,16,779,-,-,16,779,13,655,3,124,-,-,-,-
27207028500028600_大阪府高槻市東上牧２丁目,27207,大阪府,高槻市,東上牧２丁目,13,144,13,144,5,32,8,112,7,31,1,81,-,-,-,-
27207028500028700_大阪府高槻市東上牧３丁目,27207,大阪府,高槻市,東上牧３丁目,12,60,12,60,3,6,9,54,9,54,-,-,-,-,-,-
27207028800028800_大阪府高槻市東城山町,27207,大阪府,高槻市,東城山町,2,10,2,10,1,2,1,8,1,8,-,-,-,-,-,-
27207028000028000_大阪府高槻市東天川１丁目,27207,大阪府,高槻市,東天川１丁目,6,90,6,90,2,4,4,86,3,84,1,2,-,-,-,-
27207028000028100_大阪府高槻市東天川２丁目,27207,大阪府,高槻市,東天川２丁目,3,144,3,144,-,-,3,144,2,143,1,1,-,-,-,-
27207028000028200_大阪府高槻市東天川３丁目,27207,大阪府,高槻市,東天川３丁目,10,43,10,43,3,4,7,39,7,39,-,-,-,-,-,-
27207028000028300_大阪府高槻市東天川４丁目,27207,大阪府,高槻市,東天川４丁目,-,-,-,-,-,-,-,-,-,-,-,-,-,-,-,-
27207028000028400_大阪府高槻市東天川５丁目,27207,大阪府,高槻市,東天川５丁目,7,178,7,178,-,-,7,178,7,178,-,-,-,-,-,-
27207020000020000_大阪府高槻市東和町,27207,大阪府,高槻市,東和町,19,201,19,201,5,15,14,186,8,57,6,129,-,-,-,-
27207019900019900_大阪府高槻市桃園町,27207,大阪府,高槻市,桃園町,39,"2,251",21,358,2,2,17,346,9,119,8,227,2,10,18,"1,893"
27207030900030900_大阪府高槻市藤の里町,27207,大阪府,高槻市,藤の里町,51,691,51,691,9,57,42,634,37,420,5,214,-,-,-,-
27207021000021000_大阪府高槻市道鵜町１丁目,27207,大阪府,高槻市,道鵜町１丁目,3,28,2,10,1,6,1,4,1,4,-,-,-,-,1,18
27207021000021100_大阪府高槻市道鵜町２丁目,27207,大阪府,高槻市,道鵜町２丁目,4,20,4,20,-,-,4,20,4,20,-,-,-,-,-,-
27207021000021200_大阪府高槻市道鵜町３丁目,27207,大阪府,高槻市,道鵜町３丁目,7,286,6,254,-,-,6,254,6,254,-,-,-,-,1,32
27207021000021300_大阪府高槻市道鵜町４丁目,27207,大阪府,高槻市,道鵜町４丁目,8,58,8,58,1,2,7,56,7,56,-,-,-,-,-,-
27207021000021400_大阪府高槻市道鵜町５丁目,27207,大阪府,高槻市,道鵜町５丁目,11,27,11,27,4,8,7,19,5,15,2,4,-,-,-,-
27207021000021500_大阪府高槻市道鵜町６丁目,27207,大阪府,高槻市,道鵜町６丁目,3,25,3,25,-,-,3,25,3,25,-,-,-,-,-,-
27207021900022000_大阪府高槻市奈佐原１丁目,27207,大阪府,高槻市,奈佐原１丁目,5,96,4,42,-,-,4,42,3,41,1,1,-,-,1,54
27207021900022100_大阪府高槻市奈佐原２丁目,27207,大阪府,高槻市,奈佐原２丁目,30,380,27,335,7,69,20,266,17,196,3,70,-,-,3,45
27207021900022200_大阪府高槻市奈佐原３丁目,27207,大阪府,高槻市,奈佐原３丁目,4,38,4,38,1,2,3,36,2,4,1,32,-,-,-,-
27207021900022300_大阪府高槻市奈佐原４丁目,27207,大阪府,高槻市,奈佐原４丁目,18,849,18,849,-,-,18,849,7,89,11,760,-,-,-,-
27207022400022400_大阪府高槻市奈佐原元町,27207,大阪府,高槻市,奈佐原元町,15,142,15,142,5,40,10,102,7,63,3,39,-,-,-,-
27207034300034300_大阪府高槻市南芥川町,27207,大阪府,高槻市,南芥川町,50,640,50,640,17,75,32,564,27,345,5,219,1,1,-,-
27207034500034500_大阪府高槻市南庄所町,27207,大阪府,高槻市,南庄所町,26,"1,627",26,"1,627",3,6,23,"1,621",22,"1,606",1,15,-,-,-,-
27207034700034700_大阪府高槻市南松原町,27207,大阪府,高槻市,南松原町,36,232,36,232,15,54,21,178,20,162,1,16,-,-,-,-
27207034600034600_大阪府高槻市南総持寺町,27207,大阪府,高槻市,南総持寺町,17,130,17,130,7,10,10,120,8,90,2,30,-,-,-,-
27207034400034400_大阪府高槻市南大樋町,27207,大阪府,高槻市,南大樋町,14,115,14,115,4,4,10,111,10,111,-,-,-,-,-,-
27207023100023100_大阪府高槻市南平台１丁目,27207,大阪府,高槻市,南平台１丁目,22,88,22,88,6,13,15,74,14,64,1,10,1,1,-,-
27207023100023200_大阪府高槻市南平台２丁目,27207,大阪府,高槻市,南平台２丁目,12,41,12,41,3,16,9,25,8,22,1,3,-,-,-,-
27207023100023300_大阪府高槻市南平台３丁目,27207,大阪府,高槻市,南平台３丁目,33,316,33,316,7,38,26,278,21,205,5,73,-,-,-,-
27207023100023400_大阪府高槻市南平台４丁目,27207,大阪府,高槻市,南平台４丁目,34,213,34,213,14,29,20,184,14,142,6,42,-,-,-,-
27207023100023500_大阪府高槻市南平台５丁目,27207,大阪府,高槻市,南平台５丁目,36,430,33,358,5,11,28,347,19,134,9,213,-,-,3,72
27207029900029900_大阪府高槻市日吉台一番町,27207,大阪府,高槻市,日吉台一番町,28,210,26,156,15,37,11,119,7,80,4,39,-,-,2,54
27207030300030300_大阪府高槻市日吉台二番町,27207,大阪府,高槻市,日吉台二番町,10,38,10,38,-,-,10,38,8,29,2,9,-,-,-,-
27207030100030100_大阪府高槻市日吉台三番町,27207,大阪府,高槻市,日吉台三番町,18,129,16,76,5,13,11,63,10,36,1,27,-,-,2,53
27207030400030400_大阪府高槻市日吉台四番町,27207,大阪府,高槻市,日吉台四番町,7,21,7,21,1,1,6,20,5,10,1,10,-,-,-,-
27207030000030000_大阪府高槻市日吉台五番町,27207,大阪府,高槻市,日吉台五番町,13,60,13,60,2,23,11,37,11,37,-,-,-,-,-,-
27207030500030500_大阪府高槻市日吉台六番町,27207,大阪府,高槻市,日吉台六番町,11,103,11,103,2,2,9,101,7,9,2,92,-,-,-,-
27207030200030200_大阪府高槻市日吉台七番町,27207,大阪府,高槻市,日吉台七番町,7,52,7,52,2,2,5,50,4,40,1,10,-,-,-,-
27207029800029800_大阪府高槻市日向町,27207,大阪府,高槻市,日向町,13,273,13,273,2,5,11,268,11,268,-,-,-,-,-,-
27207024600024600_大阪府高槻市如是町,27207,大阪府,高槻市,如是町,46,308,42,227,22,60,20,167,19,143,1,24,-,-,4,81
27207037300037300_大阪府高槻市萩谷月見台,27207,大阪府,高槻市,萩谷月見台,2,7,2,7,-,-,2,7,2,7,-,-,-,-,-,-
27207025700025800_大阪府高槻市萩之庄１丁目,27207,大阪府,高槻市,萩之庄１丁目,9,21,9,21,5,10,4,11,3,10,1,1,-,-,-,-
27207025700025900_大阪府高槻市萩之庄２丁目,27207,大阪府,高槻市,萩之庄２丁目,13,141,13,141,3,3,10,138,10,138,-,-,-,-,-,-
27207025700026000_大阪府高槻市萩之庄３丁目,27207,大阪府,高槻市,萩之庄３丁目,58,915,58,915,4,23,54,892,53,890,1,2,-,-,-,-
27207025700026100_大阪府高槻市萩之庄４丁目,27207,大阪府,高槻市,萩之庄４丁目,7,55,7,55,1,6,6,49,6,49,-,-,-,-,-,-
27207025700026200_大阪府高槻市萩之庄５丁目,27207,大阪府,高槻市,萩之庄５丁目,12,369,12,369,-,-,12,369,12,369,-,-,-,-,-,-
27207026300026300_大阪府高槻市白梅町,27207,大阪府,高槻市,白梅町,158,"2,995",157,"2,986",4,48,153,"2,938",140,"2,084",13,854,-,-,1,9
27207027800027800_大阪府高槻市番田１丁目,27207,大阪府,高槻市,番田１丁目,20,667,20,667,-,-,20,667,16,589,4,78,-,-,-,-
27207027800027900_大阪府高槻市番田２丁目,27207,大阪府,高槻市,番田２丁目,5,146,4,136,-,-,4,136,4,136,-,-,-,-,1,10
27207037600037600_大阪府高槻市美しが丘１丁目,27207,大阪府,高槻市,美しが丘１丁目,5,10,5,10,-,-,5,10,5,10,-,-,-,-,-,-
27207037600037700_大阪府高槻市美しが丘２丁目,27207,大阪府,高槻市,美しが丘２丁目,6,147,6,147,-,-,6,147,6,147,-,-,-,-,-,-
27207029200029200_大阪府高槻市氷室町１丁目,27207,大阪府,高槻市,氷室町１丁目,49,395,49,395,17,82,32,313,30,263,2,50,-,-,-,-
27207029200029300_大阪府高槻市氷室町２丁目,27207,大阪府,高槻市,氷室町２丁目,57,362,57,362,24,65,33,297,25,213,8,84,-,-,-,-
27207029200029400_大阪府高槻市氷室町３丁目,27207,大阪府,高槻市,氷室町３丁目,14,158,13,87,4,5,9,82,8,47,1,35,-,-,1,71
27207029200029500_大阪府高槻市氷室町４丁目,27207,大阪府,高槻市,氷室町４丁目,20,142,17,81,10,22,7,59,5,50,2,9,-,-,3,61
27207029200029600_大阪府高槻市氷室町５丁目,27207,大阪府,高槻市,氷室町５丁目,1,47,-,-,-,-,-,-,-,-,-,-,-,-,1,47
27207029200029700_大阪府高槻市氷室町６丁目,27207,大阪府,高槻市,氷室町６丁目,-,-,-,-,-,-,-,-,-,-,-,-,-,-,-,-
27207020300020300_大阪府高槻市富田丘町,27207,大阪府,高槻市,富田丘町,68,566,68,566,26,111,41,453,38,421,3,32,1,2,-,-
27207020400020400_大阪府高槻市富田町１丁目,27207,大阪府,高槻市,富田町１丁目,167,"1,372",166,"1,181",71,235,95,946,83,859,12,87,-,-,1,191
27207020400020500_大阪府高槻市富田町２丁目,27207,大阪府,高槻市,富田町２丁目,19,148,16,87,4,6,12,81,6,48,6,33,-,-,3,61
27207020400020600_大阪府高槻市富田町３丁目,27207,大阪府,高槻市,富田町３丁目,60,285,60,285,31,98,29,187,24,126,5,61,-,-,-,-
27207020400020700_大阪府高槻市富田町４丁目,27207,大阪府,高槻市,富田町４丁目,23,102,21,90,9,12,12,78,3,9,9,69,-,-,2,12
27207020400020800_大阪府高槻市富田町５丁目,27207,大阪府,高槻市,富田町５丁目,48,308,46,288,19,48,27,240,21,118,6,122,-,-,2,20
27207020400020900_大阪府高槻市富田町６丁目,27207,大阪府,高槻市,富田町６丁目,46,482,46,482,18,58,28,424,23,196,5,228,-,-,-,-
27207031000031000_大阪府高槻市別所新町,27207,大阪府,高槻市,別所新町,24,404,24,404,10,20,14,384,12,362,2,22,-,-,-,-
27207031100031100_大阪府高槻市別所中の町,27207,大阪府,高槻市,別所中の町,14,131,14,131,8,12,6,119,5,87,1,32,-,-,-,-
27207031200031200_大阪府高槻市別所本町,27207,大阪府,高槻市,別所本町,30,248,26,93,4,10,22,83,19,70,3,13,-,-,4,155
27207009700009700_大阪府高槻市北園町,27207,大阪府,高槻市,北園町,164,"1,393",163,"1,346",53,186,110,"1,160",98,984,12,176,-,-,1,47
27207009600009600_大阪府高槻市北昭和台町,27207,大阪府,高槻市,北昭和台町,9,81,8,37,-,-,8,37,8,37,-,-,-,-,1,44
27207009500009500_大阪府高槻市北大樋町,27207,大阪府,高槻市,北大樋町,29,229,29,229,8,33,21,196,17,191,4,5,-,-,-,-
27207009800009800_大阪府高槻市北柳川町,27207,大阪府,高槻市,北柳川町,38,832,38,832,11,29,27,803,15,146,12,657,-,-,-,-
27207032700032700_大阪府高槻市牧田町,27207,大阪府,高槻市,牧田町,41,289,38,248,17,49,21,199,16,157,5,42,-,-,3,41
27207031400031400_大阪府高槻市本町,27207,大阪府,高槻市,本町,16,111,13,55,5,15,8,40,6,30,2,10,-,-,3,56
27207036000036000_大阪府高槻市名神町,27207,大阪府,高槻市,名神町,10,83,10,83,3,9,7,74,6,48,1,26,-,-,-,-
27207000600000600_大阪府高槻市明田町,27207,大阪府,高槻市,明田町,17,898,17,898,4,8,13,890,11,867,2,23,-,-,-,-
27207000700000700_大阪府高槻市明野町,27207,大阪府,高槻市,明野町,40,210,40,210,19,37,21,173,16,64,5,109,-,-,-,-
27207025500025500_大阪府高槻市野見町,27207,大阪府,高槻市,野見町,72,"1,097",71,679,29,65,41,608,32,433,9,175,1,6,1,418
27207024800024800_大阪府高槻市野田１丁目,27207,大阪府,高槻市,野田１丁目,8,37,8,37,4,8,4,29,3,28,1,1,-,-,-,-
27207024800024900_大阪府高槻市野田２丁目,27207,大阪府,高槻市,野田２丁目,16,80,16,80,5,23,11,57,9,47,2,10,-,-,-,-
27207024800025000_大阪府高槻市野田３丁目,27207,大阪府,高槻市,野田３丁目,35,131,35,131,16,34,19,97,18,93,1,4,-,-,-,-
27207024800025100_大阪府高槻市野田４丁目,27207,大阪府,高槻市,野田４丁目,7,60,7,60,2,6,5,54,4,27,1,27,-,-,-,-
27207025200025200_大阪府高槻市野田東１丁目,27207,大阪府,高槻市,野田東１丁目,2,21,2,21,-,-,2,21,2,21,-,-,-,-,-,-
27207025200025300_大阪府高槻市野田東２丁目,27207,大阪府,高槻市,野田東２丁目,9,201,9,201,-,-,9,201,9,201,-,-,-,-,-,-
27207036600036600_大阪府高槻市弥生が丘町,27207,大阪府,高槻市,弥生が丘町,10,43,10,43,3,9,7,34,6,22,1,12,-,-,-,-
27207036100036100_大阪府高槻市柳川町１丁目,27207,大阪府,高槻市,柳川町１丁目,14,107,14,107,5,10,9,97,8,73,1,24,-,-,-,-
27207036100036200_大阪府高槻市柳川町２丁目,27207,大阪府,高槻市,柳川町２丁目,15,120,15,120,6,22,9,98,7,84,2,14,-,-,-,-
27207036700036700_大阪府高槻市淀の原町,27207,大阪府,高槻市,淀の原町,50,209,50,209,29,72,21,137,18,125,3,12,-,-,-,-
27207033900033900_大阪府高槻市緑が丘１丁目,27207,大阪府,高槻市,緑が丘１丁目,19,81,19,81,9,16,10,65,10,65,-,-,-,-,-,-
27207033900034000_大阪府高槻市緑が丘２丁目,27207,大阪府,高槻市,緑が丘２丁目,8,21,8,21,2,3,6,18,6,18,-,-,-,-,-,-
27207033900034100_大阪府高槻市緑が丘３丁目,27207,大阪府,高槻市,緑が丘３丁目,13,259,11,61,3,16,8,45,8,45,-,-,-,-,2,198
27207034200034200_大阪府高槻市緑町,27207,大阪府,高槻市,緑町,43,"1,295",43,"1,295",8,42,35,"1,253",32,"1,236",3,17,-,-,-,-
27207037400037400_大阪府高槻市霊仙寺町１丁目,27207,大阪府,高槻市,霊仙寺町１丁目,3,11,3,11,-,-,3,11,2,7,1,4,-,-,-,-
27207037400037500_大阪府高槻市霊仙寺町２丁目,27207,大阪府,高槻市,霊仙寺町２丁目,5,142,5,142,-,-,5,142,1,2,4,140,-,-,-,-
27207999999999999_大阪府高槻市その他,27207,大阪府,高槻市,その他,-,-,-,-,-,-,-,-,-,-,-,-,-,-,-,-
27208_大阪府貝塚市,27208,大阪府,貝塚市,,"3,218","32,730","3,139","29,984","1,283","3,558","1,841","26,399","1,598","21,624",243,"4,775",15,27,79,"2,746"
27208005700005700_大阪府貝塚市二色１丁目,27208,大阪府,貝塚市,二色１丁目,6,51,4,28,1,1,3,27,3,27,-,-,-,-,2,23
27208005700005800_大阪府貝塚市二色２丁目,27208,大阪府,貝塚市,二色２丁目,24,169,21,133,4,17,17,116,16,89,1,27,-,-,3,36
27208005700005900_大阪府貝塚市二色３丁目,27208,大阪府,貝塚市,二色３丁目,10,31,8,18,2,6,6,12,6,12,-,-,-,-,2,13
27208005700006000_大阪府貝塚市二色４丁目,27208,大阪府,貝塚市,二色４丁目,7,43,7,43,4,10,3,33,3,33,-,-,-,-,-,-
27208006500006500_大阪府貝塚市二色港町,27208,大阪府,貝塚市,二色港町,2,8,2,8,-,-,2,8,2,8,-,-,-,-,-,-
27208006100006100_大阪府貝塚市二色中町,27208,大阪府,貝塚市,二色中町,75,"1,974",75,"1,974",2,5,73,"1,969",72,"1,968",1,1,-,-,-,-
27208006200006200_大阪府貝塚市二色南町,27208,大阪府,貝塚市,二色南町,81,"1,743",80,"1,738",3,8,74,"1,727",72,"1,714",2,13,3,3,1,5
27208006300006300_大阪府貝塚市二色北町,27208,大阪府,貝塚市,二色北町,15,428,15,428,-,-,15,428,15,428,-,-,-,-,-,-
27208004700004700_大阪府貝塚市三ケ山,27208,大阪府,貝塚市,三ケ山,65,651,65,651,15,44,50,607,48,561,2,46,-,-,-,-
27208004900004900_大阪府貝塚市三ツ松,27208,大阪府,貝塚市,三ツ松,156,"1,367",147,"1,201",69,197,78,"1,004",65,810,13,194,-,-,9,166
27208000500000500_大阪府貝塚市浦田,27208,大阪府,貝塚市,浦田,35,240,35,240,18,44,17,196,14,155,3,41,-,-,-,-
27208003100003100_大阪府貝塚市永吉,27208,大阪府,貝塚市,永吉,17,102,17,102,10,78,7,24,7,24,-,-,-,-,-,-
27208000600000600_大阪府貝塚市王子,27208,大阪府,貝塚市,王子,137,934,137,934,39,116,98,818,92,751,6,67,-,-,-,-
27208001000001000_大阪府貝塚市加治,27208,大阪府,貝塚市,加治,3,12,3,12,-,-,3,12,2,5,1,7,-,-,-,-
27208000800000800_大阪府貝塚市加神１丁目,27208,大阪府,貝塚市,加神１丁目,59,504,58,445,24,57,34,388,27,284,7,104,-,-,1,59
27208000800000900_大阪府貝塚市加神２丁目,27208,大阪府,貝塚市,加神２丁目,30,296,30,296,11,25,19,271,16,237,3,34,-,-,-,-
27208000300000300_大阪府貝塚市海塚,27208,大阪府,貝塚市,海塚,36,521,33,326,13,40,19,283,13,69,6,214,1,3,3,195
27208000300000400_大阪府貝塚市海塚３丁目,27208,大阪府,貝塚市,海塚３丁目,25,81,25,81,20,73,5,8,4,7,1,1,-,-,-,-
27208001300001300_大阪府貝塚市久保,27208,大阪府,貝塚市,久保,58,426,58,426,30,48,28,378,24,343,4,35,-,-,-,-
27208003500003500_大阪府貝塚市橋本,27208,大阪府,貝塚市,橋本,82,814,79,720,42,96,37,624,29,329,8,295,-,-,3,94
27208002400002400_大阪府貝塚市蕎原,27208,大阪府,貝塚市,蕎原,11,43,11,43,5,9,6,34,4,26,2,8,-,-,-,-
27208400100400100_大阪府貝塚市近木町,27208,大阪府,貝塚市,近木町,108,720,108,720,57,179,49,537,43,488,6,49,2,4,-,-
27208001400001400_大阪府貝塚市窪田,27208,大阪府,貝塚市,窪田,37,430,37,430,10,16,27,414,25,368,2,46,-,-,-,-
27208005000005000_大阪府貝塚市港,27208,大阪府,貝塚市,港,38,977,37,924,2,12,35,912,33,854,2,58,-,-,1,53
27208001700001700_大阪府貝塚市小瀬,27208,大阪府,貝塚市,小瀬,35,"1,408",35,"1,408",6,15,29,"1,393",27,"1,389",2,4,-,-,-,-
27208001700001800_大阪府貝塚市小瀬１丁目,27208,大阪府,貝塚市,小瀬１丁目,45,377,43,323,17,28,26,295,23,289,3,6,-,-,2,54
27208003300003300_大阪府貝塚市新井,27208,大阪府,貝塚市,新井,19,227,19,227,6,11,13,216,12,214,1,2,-,-,-,-
27208002100002100_大阪府貝塚市新町,27208,大阪府,貝塚市,新町,34,195,34,195,19,48,15,147,13,63,2,84,-,-,-,-
27208005200005200_大阪府貝塚市森,27208,大阪府,貝塚市,森,56,"1,198",56,"1,198",16,60,40,"1,138",28,287,12,851,-,-,-,-
27208004800004800_大阪府貝塚市水間,27208,大阪府,貝塚市,水間,84,"1,184",84,"1,184",38,89,46,"1,095",27,190,19,905,-,-,-,-
27208002300002300_大阪府貝塚市清児,27208,大阪府,貝塚市,清児,75,539,75,539,40,99,34,440,27,415,7,25,1,-,-,-
27208003400003400_大阪府貝塚市西町,27208,大阪府,貝塚市,西町,32,292,32,292,11,46,21,246,16,164,5,82,-,-,-,-
27208000200000200_大阪府貝塚市石才,27208,大阪府,貝塚市,石才,90,735,90,735,39,93,51,642,48,579,3,63,-,-,-,-
27208000700000700_大阪府貝塚市大川,27208,大阪府,貝塚市,大川,1,2,1,2,1,2,-,-,-,-,-,-,-,-,-,-
27208002200002200_大阪府貝塚市地藏堂,27208,大阪府,貝塚市,地藏堂,97,821,94,760,34,123,59,636,52,521,7,115,1,1,3,61
27208002900002900_大阪府貝塚市鳥羽,27208,大阪府,貝塚市,鳥羽,39,571,38,499,13,29,25,470,21,400,4,70,-,-,1,72
27208002500002500_大阪府貝塚市津田,27208,大阪府,貝塚市,津田,2,12,1,3,1,3,-,-,-,-,-,-,-,-,1,9
27208002700002700_大阪府貝塚市津田南町,27208,大阪府,貝塚市,津田南町,20,203,17,150,10,16,7,134,7,134,-,-,-,-,3,53
27208002600002600_大阪府貝塚市津田北町,27208,大阪府,貝塚市,津田北町,30,159,30,159,11,41,19,118,17,103,2,15,-,-,-,-
27208002800002800_大阪府貝塚市堤,27208,大阪府,貝塚市,堤,64,594,64,594,20,60,43,533,37,508,6,25,1,1,-,-
27208004100004100_大阪府貝塚市東,27208,大阪府,貝塚市,東,17,39,16,33,9,19,6,12,2,3,4,9,1,2,1,6
27208006600006600_大阪府貝塚市東山１丁目,27208,大阪府,貝塚市,東山１丁目,6,21,6,21,4,7,2,14,2,14,-,-,-,-,-,-
27208006600006700_大阪府貝塚市東山２丁目,27208,大阪府,貝塚市,東山２丁目,17,252,17,252,3,6,14,246,7,103,7,143,-,-,-,-
27208006600006800_大阪府貝塚市東山３丁目,27208,大阪府,貝塚市,東山３丁目,9,21,9,21,5,5,4,16,4,16,-,-,-,-,-,-
27208006600006900_大阪府貝塚市東山４丁目,27208,大阪府,貝塚市,東山４丁目,9,89,9,89,4,15,5,74,5,74,-,-,-,-,-,-
27208006600007000_大阪府貝塚市東山５丁目,27208,大阪府,貝塚市,東山５丁目,4,85,2,8,2,8,-,-,-,-,-,-,-,-,2,77
27208006600007100_大阪府貝塚市東山６丁目,27208,大阪府,貝塚市,東山６丁目,4,51,4,51,2,35,2,16,2,16,-,-,-,-,-,-
27208006600007200_大阪府貝塚市東山７丁目,27208,大阪府,貝塚市,東山７丁目,12,161,10,101,5,39,5,62,3,35,2,27,-,-,2,60
27208005100005100_大阪府貝塚市南町,27208,大阪府,貝塚市,南町,31,149,31,149,14,25,17,124,14,115,3,9,-,-,-,-
27208004000004000_大阪府貝塚市馬場,27208,大阪府,貝塚市,馬場,24,94,23,81,13,20,10,61,8,59,2,2,-,-,1,13
27208003600003600_大阪府貝塚市畠中,27208,大阪府,貝塚市,畠中,11,79,11,79,4,22,7,57,6,50,1,7,-,-,-,-
27208003600003700_大阪府貝塚市畠中１丁目,27208,大阪府,貝塚市,畠中１丁目,71,"1,104",51,277,20,74,30,202,26,168,4,34,1,1,20,827
27208003600003800_大阪府貝塚市畠中２丁目,27208,大阪府,貝塚市,畠中２丁目,27,209,27,209,9,21,18,188,15,149,3,39,-,-,-,-
27208003900003900_大阪府貝塚市半田,27208,大阪府,貝塚市,半田,45,281,44,280,20,52,24,228,19,149,5,79,-,-,1,1
27208400200400200_大阪府貝塚市半田１丁目,27208,大阪府,貝塚市,半田１丁目,57,345,57,345,27,103,30,242,25,174,5,68,-,-,-,-
27208400200400300_大阪府貝塚市半田２丁目,27208,大阪府,貝塚市,半田２丁目,35,142,35,142,22,44,13,98,13,98,-,-,-,-,-,-
27208400200400400_大阪府貝塚市半田３丁目,27208,大阪府,貝塚市,半田３丁目,29,114,29,114,16,42,13,72,13,72,-,-,-,-,-,-
27208400200400500_大阪府貝塚市半田４丁目,27208,大阪府,貝塚市,半田４丁目,9,63,9,63,4,8,5,55,5,55,-,-,-,-,-,-
27208004200004200_大阪府貝塚市福田,27208,大阪府,貝塚市,福田,29,228,27,171,15,22,12,149,12,149,-,-,-,-,2,57
27208001100001100_大阪府貝塚市北町,27208,大阪府,貝塚市,北町,52,206,52,206,30,77,22,129,20,109,2,20,-,-,-,-
27208004300004300_大阪府貝塚市堀,27208,大阪府,貝塚市,堀,5,19,5,19,4,6,1,13,1,13,-,-,-,-,-,-
27208004300004400_大阪府貝塚市堀１丁目,27208,大阪府,貝塚市,堀１丁目,50,390,50,390,27,61,23,329,20,221,3,108,-,-,-,-
27208004300004500_大阪府貝塚市堀２丁目,27208,大阪府,貝塚市,堀２丁目,9,97,9,97,4,22,5,75,4,26,1,49,-,-,-,-
27208004300004600_大阪府貝塚市堀３丁目,27208,大阪府,貝塚市,堀３丁目,45,906,44,345,12,29,31,315,28,300,3,15,1,1,1,561
27208000100000100_大阪府貝塚市麻生中,27208,大阪府,貝塚市,麻生中,135,"1,362",132,"1,297",65,156,67,"1,141",61,"1,033",6,108,-,-,3,65
27208003200003200_大阪府貝塚市名越,27208,大阪府,貝塚市,名越,118,663,117,651,56,163,60,486,55,402,5,84,1,2,1,12
27208001900001900_大阪府貝塚市木積,27208,大阪府,貝塚市,木積,100,712,96,656,47,117,49,539,43,494,6,45,-,-,4,56
27208005300005300_大阪府貝塚市脇浜１丁目,27208,大阪府,貝塚市,脇浜１丁目,58,604,58,604,17,57,41,547,34,450,7,97,-,-,-,-
27208005300005400_大阪府貝塚市脇浜２丁目,27208,大阪府,貝塚市,脇浜２丁目,12,58,11,51,6,8,5,43,4,40,1,3,-,-,1,7
27208005300005500_大阪府貝塚市脇浜３丁目,27208,大阪府,貝塚市,脇浜３丁目,26,127,26,127,10,13,16,114,13,66,3,48,-,-,-,-
27208005300005600_大阪府貝塚市脇浜４丁目,27208,大阪府,貝塚市,脇浜４丁目,28,767,26,690,4,6,21,683,20,660,1,23,1,1,2,77
27208006400006400_大阪府貝塚市脇濱,27208,大阪府,貝塚市,脇濱,-,-,-,-,-,-,-,-,-,-,-,-,-,-,-,-
27208002000002000_大阪府貝塚市澤,27208,大阪府,貝塚市,澤,163,"1,402",163,"1,402",66,230,97,"1,172",86,"1,005",11,167,-,-,-,-
27208001200001200_大阪府貝塚市秬谷,27208,大阪府,貝塚市,秬谷,-,-,-,-,-,-,-,-,-,-,-,-,-,-,-,-
27208000300000500_大阪府貝塚市海塚１丁目,27208,大阪府,貝塚市,海塚１丁目,92,571,92,571,60,162,31,401,24,327,7,74,1,8,-,-
27208500100061600_大阪府貝塚市中町,27208,大阪府,貝塚市,中町,39,237,36,203,14,40,22,163,14,133,8,30,-,-,3,34
27208999999999999_大阪府貝塚市その他,27208,大阪府,貝塚市,その他,-,-,-,-,-,-,-,-,-,-,-,-,-,-,-,-
27209_大阪府守口市,27209,大阪府,守口市,,"5,939","57,105","5,881","54,596","2,170","5,575","3,700","48,995","3,299","39,024",401,"9,971",11,26,58,"2,509"
27209016300016300_大阪府守口市八雲西町１丁目,27209,大阪府,守口市,八雲西町１丁目,36,173,36,173,7,16,29,157,23,124,6,33,-,-,-,-
27209016300016400_大阪府守口市八雲西町２丁目,27209,大阪府,守口市,八雲西町２丁目,46,245,46,245,23,54,23,191,20,151,3,40,-,-,-,-
27209016300016500_大阪府守口市八雲西町３丁目,27209,大阪府,守口市,八雲西町３丁目,12,113,11,78,3,23,8,55,7,52,1,3,-,-,1,35
27209016300016600_大阪府守口市八雲西町４丁目,27209,大阪府,守口市,八雲西町４丁目,49,310,48,281,28,60,20,221,17,196,3,25,-,-,1,29
27209016000016000_大阪府守口市八雲中町１丁目,27209,大阪府,守口市,八雲中町１丁目,41,332,41,332,17,32,24,300,21,228,3,72,-,-,-,-
27209016000016100_大阪府守口市八雲中町２丁目,27209,大阪府,守口市,八雲中町２丁目,25,679,24,611,4,5,20,606,19,420,1,186,-,-,1,68
27209016000016200_大阪府守口市八雲中町３丁目,27209,大阪府,守口市,八雲中町３丁目,32,"1,360",32,"1,360",2,5,30,"1,355",23,"1,227",7,128,-,-,-,-
27209016700016700_大阪府守口市八雲東町１丁目,27209,大阪府,守口市,八雲東町１丁目,45,895,45,895,12,31,33,864,30,776,3,88,-,-,-,-
27209016700016800_大阪府守口市八雲東町２丁目,27209,大阪府,守口市,八雲東町２丁目,121,"1,240",120,"1,209",58,142,62,"1,067",57,545,5,522,-,-,1,31
27209015700015700_大阪府守口市八雲北町１丁目,27209,大阪府,守口市,八雲北町１丁目,22,92,22,92,10,17,12,75,10,48,2,27,-,-,-,-
27209015700015800_大阪府守口市八雲北町２丁目,27209,大阪府,守口市,八雲北町２丁目,18,122,18,122,7,21,11,101,6,50,5,51,-,-,-,-
27209015700015900_大阪府守口市八雲北町３丁目,27209,大阪府,守口市,八雲北町３丁目,36,350,34,307,15,29,19,278,9,180,10,98,-,-,2,43
27209016900016900_大阪府守口市八島町,27209,大阪府,守口市,八島町,21,207,20,159,2,8,18,151,17,149,1,2,-,-,1,48
27209006100006100_大阪府守口市下島町,27209,大阪府,守口市,下島町,8,84,7,61,2,5,5,56,4,55,1,1,-,-,1,23
27209002800002800_大阪府守口市河原町,27209,大阪府,守口市,河原町,147,"1,872",147,"1,872",37,91,110,"1,781",98,"1,585",12,196,-,-,-,-
27209006600006600_大阪府守口市外島町,27209,大阪府,守口市,外島町,23,"1,575",21,"1,441",-,-,21,"1,441",13,99,8,"1,342",-,-,2,134
27209002000002000_大阪府守口市梶町１丁目,27209,大阪府,守口市,梶町１丁目,45,343,45,343,16,32,29,311,28,300,1,11,-,-,-,-
27209002000002100_大阪府守口市梶町２丁目,27209,大阪府,守口市,梶町２丁目,33,128,33,128,13,32,20,96,19,92,1,4,-,-,-,-
27209002000002200_大阪府守口市梶町３丁目,27209,大阪府,守口市,梶町３丁目,48,117,48,117,39,66,9,51,9,51,-,-,-,-,-,-
27209002000002300_大阪府守口市梶町４丁目,27209,大阪府,守口市,梶町４丁目,78,533,75,460,33,70,42,390,38,330,4,60,-,-,3,73
27209002900002900_大阪府守口市菊水通１丁目,27209,大阪府,守口市,菊水通１丁目,6,35,6,35,2,7,4,28,4,28,-,-,-,-,-,-
27209002900003000_大阪府守口市菊水通２丁目,27209,大阪府,守口市,菊水通２丁目,38,459,38,459,8,23,30,436,25,235,5,201,-,-,-,-
27209002900003100_大阪府守口市菊水通３丁目,27209,大阪府,守口市,菊水通３丁目,47,374,47,374,6,26,41,348,34,220,7,128,-,-,-,-
27209002900003200_大阪府守口市菊水通４丁目,27209,大阪府,守口市,菊水通４丁目,42,389,42,389,12,46,30,343,28,301,2,42,-,-,-,-
27209003900003900_大阪府守口市京阪北本通,27209,大阪府,守口市,京阪北本通,38,314,38,314,21,82,17,232,16,229,1,3,-,-,-,-
27209004000004000_大阪府守口市京阪本通１丁目,27209,大阪府,守口市,京阪本通１丁目,82,"1,395",82,"1,395",22,90,60,"1,305",54,"1,261",6,44,-,-,-,-
27209004000004100_大阪府守口市京阪本通２丁目,27209,大阪府,守口市,京阪本通２丁目,100,"1,871",86,910,25,93,59,809,50,714,9,95,2,8,14,961
27209011600011600_大阪府守口市橋波西之町１丁目,27209,大阪府,守口市,橋波西之町１丁目,20,326,20,326,6,12,14,314,13,210,1,104,-,-,-,-
27209011600011700_大阪府守口市橋波西之町２丁目,27209,大阪府,守口市,橋波西之町２丁目,29,134,29,134,14,33,15,101,14,67,1,34,-,-,-,-
27209011600011800_大阪府守口市橋波西之町３丁目,27209,大阪府,守口市,橋波西之町３丁目,12,61,12,61,1,1,11,60,10,59,1,1,-,-,-,-
27209011900011900_大阪府守口市橋波東之町１丁目,27209,大阪府,守口市,橋波東之町１丁目,16,121,16,121,3,3,13,118,10,75,3,43,-,-,-,-
27209011900012000_大阪府守口市橋波東之町２丁目,27209,大阪府,守口市,橋波東之町２丁目,19,129,19,129,9,26,10,103,6,85,4,18,-,-,-,-
27209011900012100_大阪府守口市橋波東之町３丁目,27209,大阪府,守口市,橋波東之町３丁目,21,839,21,839,5,6,16,833,15,811,1,22,-,-,-,-
27209011900012200_大阪府守口市橋波東之町４丁目,27209,大阪府,守口市,橋波東之町４丁目,10,73,10,73,1,2,9,71,7,69,2,2,-,-,-,-
27209000100000100_大阪府守口市暁町,27209,大阪府,守口市,暁町,6,80,6,80,-,-,6,80,6,80,-,-,-,-,-,-
27209002500002500_大阪府守口市金下町１丁目,27209,大阪府,守口市,金下町１丁目,56,392,56,392,25,61,30,330,23,291,7,39,1,1,-,-
27209002500002600_大阪府守口市金下町２丁目,27209,大阪府,守口市,金下町２丁目,47,255,47,255,27,73,20,182,18,107,2,75,-,-,-,-
27209003300003300_大阪府守口市金田町１丁目,27209,大阪府,守口市,金田町１丁目,134,830,132,779,76,169,56,610,52,508,4,102,-,-,2,51
27209003300003400_大阪府守口市金田町２丁目,27209,大阪府,守口市,金田町２丁目,71,476,71,476,27,82,44,394,37,304,7,90,-,-,-,-
27209003300003500_大阪府守口市金田町３丁目,27209,大阪府,守口市,金田町３丁目,50,487,49,461,17,30,32,431,29,387,3,44,-,-,1,26
27209003300003600_大阪府守口市金田町４丁目,27209,大阪府,守口市,金田町４丁目,22,381,22,381,6,14,16,367,13,262,3,105,-,-,-,-
27209003300003700_大阪府守口市金田町５丁目,27209,大阪府,守口市,金田町５丁目,36,196,36,196,14,28,22,168,20,151,2,17,-,-,-,-
27209003300003800_大阪府守口市金田町６丁目,27209,大阪府,守口市,金田町６丁目,25,99,25,99,10,18,15,81,12,70,3,11,-,-,-,-
27209013500013500_大阪府守口市紅屋町,27209,大阪府,守口市,紅屋町,32,131,32,131,19,47,13,84,11,65,2,19,-,-,-,-
27209017200017200_大阪府守口市高瀬錯雑地,27209,大阪府,守口市,高瀬錯雑地,1,1,1,1,-,-,1,1,1,1,-,-,-,-,-,-
27209006700006700_大阪府守口市高瀬町１丁目,27209,大阪府,守口市,高瀬町１丁目,11,42,11,42,5,10,6,32,6,32,-,-,-,-,-,-
27209006700006800_大阪府守口市高瀬町２丁目,27209,大阪府,守口市,高瀬町２丁目,13,69,13,69,7,18,6,51,5,49,1,2,-,-,-,-
27209006700006900_大阪府守口市高瀬町３丁目,27209,大阪府,守口市,高瀬町３丁目,8,57,8,57,3,23,5,34,5,34,-,-,-,-,-,-
27209006700007000_大阪府守口市高瀬町４丁目,27209,大阪府,守口市,高瀬町４丁目,5,11,5,11,2,4,3,7,2,3,1,4,-,-,-,-
27209006700007100_大阪府守口市高瀬町５丁目,27209,大阪府,守口市,高瀬町５丁目,24,201,24,201,7,18,17,183,14,149,3,34,-,-,-,-
27209005600005600_大阪府守口市佐太西町１丁目,27209,大阪府,守口市,佐太西町１丁目,3,10,3,10,1,3,2,7,2,7,-,-,-,-,-,-
27209005600005700_大阪府守口市佐太西町２丁目,27209,大阪府,守口市,佐太西町２丁目,5,29,5,29,3,8,2,21,2,21,-,-,-,-,-,-
27209004900004900_大阪府守口市佐太中町１丁目,27209,大阪府,守口市,佐太中町１丁目,21,165,20,133,3,7,17,126,12,66,5,60,-,-,1,32
27209004900005000_大阪府守口市佐太中町２丁目,27209,大阪府,守口市,佐太中町２丁目,42,424,41,415,13,24,28,391,27,309,1,82,-,-,1,9
27209004900005100_大阪府守口市佐太中町３丁目,27209,大阪府,守口市,佐太中町３丁目,38,417,38,417,13,26,25,391,24,381,1,10,-,-,-,-
27209004900005200_大阪府守口市佐太中町４丁目,27209,大阪府,守口市,佐太中町４丁目,25,341,24,300,8,32,16,268,14,233,2,35,-,-,1,41
27209004900005300_大阪府守口市佐太中町５丁目,27209,大阪府,守口市,佐太中町５丁目,15,57,15,57,6,11,9,46,7,42,2,4,-,-,-,-
27209004900005400_大阪府守口市佐太中町６丁目,27209,大阪府,守口市,佐太中町６丁目,67,"1,417",66,"1,395",18,45,48,"1,350",43,669,5,681,-,-,1,22
27209004900005500_大阪府守口市佐太中町７丁目,27209,大阪府,守口市,佐太中町７丁目,23,355,23,355,3,18,20,337,17,329,3,8,-,-,-,-
27209005800005800_大阪府守口市佐太東町１丁目,27209,大阪府,守口市,佐太東町１丁目,49,539,49,539,12,35,37,504,36,494,1,10,-,-,-,-
27209005800005900_大阪府守口市佐太東町２丁目,27209,大阪府,守口市,佐太東町２丁目,52,794,52,794,8,25,44,769,39,676,5,93,-,-,-,-
27209004800004800_大阪府守口市桜町,27209,大阪府,守口市,桜町,48,471,48,471,27,93,20,375,18,354,2,21,1,3,-,-
27209006400006400_大阪府守口市寺内町１丁目,27209,大阪府,守口市,寺内町１丁目,31,229,31,229,12,42,19,187,18,186,1,1,-,-,-,-
27209006400006500_大阪府守口市寺内町２丁目,27209,大阪府,守口市,寺内町２丁目,110,826,110,826,40,122,69,701,62,609,7,92,1,3,-,-
27209008700008700_大阪府守口市寺方錦通１丁目,27209,大阪府,守口市,寺方錦通１丁目,23,134,23,134,6,20,17,114,17,114,-,-,-,-,-,-
27209008700008800_大阪府守口市寺方錦通２丁目,27209,大阪府,守口市,寺方錦通２丁目,7,69,6,26,3,4,3,22,2,13,1,9,-,-,1,43
27209008700008900_大阪府守口市寺方錦通３丁目,27209,大阪府,守口市,寺方錦通３丁目,22,163,22,163,8,15,14,148,13,139,1,9,-,-,-,-
27209008700009000_大阪府守口市寺方錦通４丁目,27209,大阪府,守口市,寺方錦通４丁目,21,97,21,97,5,11,16,86,16,86,-,-,-,-,-,-
27209009500009500_大阪府守口市寺方元町１丁目,27209,大阪府,守口市,寺方元町１丁目,24,81,24,81,11,26,13,55,13,55,-,-,-,-,-,-
27209009500009600_大阪府守口市寺方元町２丁目,27209,大阪府,守口市,寺方元町２丁目,18,87,18,87,4,7,14,80,10,37,4,43,-,-,-,-
27209009500009700_大阪府守口市寺方元町３丁目,27209,大阪府,守口市,寺方元町３丁目,14,68,14,68,1,20,13,48,13,48,-,-,-,-,-,-
27209009500009800_大阪府守口市寺方元町４丁目,27209,大阪府,守口市,寺方元町４丁目,10,138,8,56,3,7,5,49,5,49,-,-,-,-,2,82
27209009100009100_大阪府守口市寺方本通１丁目,27209,大阪府,守口市,寺方本通１丁目,23,353,23,353,5,13,18,340,15,231,3,109,-,-,-,-
27209009100009200_大阪府守口市寺方本通２丁目,27209,大阪府,守口市,寺方本通２丁目,23,325,23,325,8,41,15,284,14,233,1,51,-,-,-,-
27209009100009300_大阪府守口市寺方本通３丁目,27209,大阪府,守口市,寺方本通３丁目,15,117,14,64,7,12,7,52,7,52,-,-,-,-,1,53
27209009100009400_大阪府守口市寺方本通４丁目,27209,大阪府,守口市,寺方本通４丁目,18,220,18,220,5,13,13,207,11,148,2,59,-,-,-,-
27209004200004200_大阪府守口市寿町,27209,大阪府,守口市,寿町,1,10,1,10,-,-,1,10,1,10,-,-,-,-,-,-
27209000200000200_大阪府守口市祝町,27209,大阪府,守口市,祝町,22,72,22,72,7,13,15,59,14,56,1,3,-,-,-,-
27209002400002400_大阪府守口市春日町,27209,大阪府,守口市,春日町,14,157,13,83,4,8,9,75,7,45,2,30,-,-,1,74
27209004300004300_大阪府守口市小春町,27209,大阪府,守口市,小春町,34,321,34,321,11,22,23,299,19,233,4,66,-,-,-,-
27209013900013900_大阪府守口市松下町,27209,大阪府,守口市,松下町,19,"1,271",18,"1,256",2,6,16,"1,250",14,"1,228",2,22,-,-,1,15
27209006200006200_大阪府守口市松月町,27209,大阪府,守口市,松月町,22,199,22,199,14,51,8,148,8,148,-,-,-,-,-,-
27209014000014000_大阪府守口市松町,27209,大阪府,守口市,松町,14,48,14,48,3,11,10,36,8,31,2,5,1,1,-,-
27209006300006300_大阪府守口市新橋寺町,27209,大阪府,守口市,新橋寺町,4,12,4,12,-,-,4,12,4,12,-,-,-,-,-,-
27209002700002700_大阪府守口市神木町,27209,大阪府,守口市,神木町,17,35,17,35,8,12,7,20,7,20,-,-,2,3,-,-
27209004400004400_大阪府守口市西郷通１丁目,27209,大阪府,守口市,西郷通１丁目,95,332,95,332,63,152,30,177,28,154,2,23,2,3,-,-
27209004400004500_大阪府守口市西郷通２丁目,27209,大阪府,守口市,西郷通２丁目,42,321,42,321,16,37,26,284,23,264,3,20,-,-,-,-
27209004400004600_大阪府守口市西郷通３丁目,27209,大阪府,守口市,西郷通３丁目,12,85,11,46,10,16,1,30,-,-,1,30,-,-,1,39
27209004400004700_大阪府守口市西郷通４丁目,27209,大阪府,守口市,西郷通４丁目,24,75,24,75,13,38,11,37,9,21,2,16,-,-,-,-
27209006000006000_大阪府守口市早苗町,27209,大阪府,守口市,早苗町,33,323,33,323,10,56,23,267,18,160,5,107,-,-,-,-
27209000900000900_大阪府守口市大久保町１丁目,27209,大阪府,守口市,大久保町１丁目,50,205,50,205,27,54,23,151,21,144,2,7,-,-,-,-
27209000900001000_大阪府守口市大久保町２丁目,27209,大阪府,守口市,大久保町２丁目,57,481,56,439,21,47,35,392,31,311,4,81,-,-,1,42
27209000900001100_大阪府守口市大久保町３丁目,27209,大阪府,守口市,大久保町３丁目,76,524,76,524,35,68,41,456,35,268,6,188,-,-,-,-
27209000900001200_大阪府守口市大久保町４丁目,27209,大阪府,守口市,大久保町４丁目,45,214,43,183,21,46,21,133,18,90,3,43,1,4,2,31
27209000900001300_大阪府守口市大久保町５丁目,27209,大阪府,守口市,大久保町５丁目,61,232,61,232,32,84,29,148,27,144,2,4,-,-,-,-
27209001600001600_大阪府守口市大宮通１丁目,27209,大阪府,守口市,大宮通１丁目,28,260,26,208,9,27,17,181,11,99,6,82,-,-,2,52
27209001600001700_大阪府守口市大宮通２丁目,27209,大阪府,守口市,大宮通２丁目,34,154,34,154,12,29,22,125,22,125,-,-,-,-,-,-
27209001600001800_大阪府守口市大宮通３丁目,27209,大阪府,守口市,大宮通３丁目,18,173,18,173,5,10,13,163,13,163,-,-,-,-,-,-
27209001600001900_大阪府守口市大宮通４丁目,27209,大阪府,守口市,大宮通４丁目,36,191,36,191,15,42,21,149,20,138,1,11,-,-,-,-
27209000600000600_大阪府守口市大枝西町,27209,大阪府,守口市,大枝西町,33,141,33,141,18,42,15,99,12,79,3,20,-,-,-,-
27209000700000700_大阪府守口市大枝東町,27209,大阪府,守口市,大枝東町,47,257,47,257,25,66,22,191,14,107,8,84,-,-,-,-
27209000800000800_大阪府守口市大枝南町,27209,大阪府,守口市,大枝南町,29,95,29,95,11,35,18,60,16,55,2,5,-,-,-,-
27209000500000500_大阪府守口市大枝北町,27209,大阪府,守口市,大枝北町,20,85,20,85,9,34,11,51,8,31,3,20,-,-,-,-
27209001400001400_大阪府守口市大庭町１丁目,27209,大阪府,守口市,大庭町１丁目,38,173,38,173,20,50,18,123,16,121,2,2,-,-,-,-
27209001400001500_大阪府守口市大庭町２丁目,27209,大阪府,守口市,大庭町２丁目,19,113,18,62,6,10,12,52,9,30,3,22,-,-,1,51
27209008100008100_大阪府守口市大日町１丁目,27209,大阪府,守口市,大日町１丁目,33,526,33,526,5,11,28,515,26,485,2,30,-,-,-,-
27209008100008200_大阪府守口市大日町２丁目,27209,大阪府,守口市,大日町２丁目,71,565,71,565,22,78,49,487,45,475,4,12,-,-,-,-
27209008100008300_大阪府守口市大日町３丁目,27209,大阪府,守口市,大日町３丁目,70,"1,034",70,"1,034",20,55,50,979,46,955,4,24,-,-,-,-
27209008100008400_大阪府守口市大日町４丁目,27209,大阪府,守口市,大日町４丁目,45,323,45,323,16,33,29,290,28,289,1,1,-,-,-,-
27209008500008500_大阪府守口市大日東町,27209,大阪府,守口市,大日東町,239,"3,499",238,"3,492",27,68,211,"3,424",207,"3,340",4,84,-,-,1,7
27209008600008600_大阪府守口市大門町,27209,大阪府,守口市,大門町,8,68,8,68,4,7,4,61,4,61,-,-,-,-,-,-
27209007500007500_大阪府守口市滝井元町１丁目,27209,大阪府,守口市,滝井元町１丁目,19,49,19,49,6,18,13,31,11,19,2,12,-,-,-,-
27209007500007600_大阪府守口市滝井元町２丁目,27209,大阪府,守口市,滝井元町２丁目,4,9,4,9,4,9,-,-,-,-,-,-,-,-,-,-
27209007500007700_大阪府守口市滝井元町３丁目,27209,大阪府,守口市,滝井元町３丁目,7,23,7,23,5,15,2,8,2,8,-,-,-,-,-,-
27209007200007200_大阪府守口市滝井西町１丁目,27209,大阪府,守口市,滝井西町１丁目,10,52,10,52,7,24,3,28,3,28,-,-,-,-,-,-
27209007200007300_大阪府守口市滝井西町２丁目,27209,大阪府,守口市,滝井西町２丁目,11,51,11,51,5,21,6,30,6,30,-,-,-,-,-,-
27209007200007400_大阪府守口市滝井西町３丁目,27209,大阪府,守口市,滝井西町３丁目,8,44,8,44,2,6,6,38,3,18,3,20,-,-,-,-
27209007800007800_大阪府守口市竹町,27209,大阪府,守口市,竹町,16,92,15,54,8,22,7,32,7,32,-,-,-,-,1,38
27209011400011400_大阪府守口市長池町,27209,大阪府,守口市,長池町,23,277,23,277,10,18,13,259,9,100,4,159,-,-,-,-
27209011300011300_大阪府守口市土居町,27209,大阪府,守口市,土居町,39,148,39,148,22,60,17,88,13,77,4,11,-,-,-,-
27209010200010200_大阪府守口市東郷通１丁目,27209,大阪府,守口市,東郷通１丁目,15,258,15,258,4,21,11,237,11,237,-,-,-,-,-,-
27209010200010300_大阪府守口市東郷通２丁目,27209,大阪府,守口市,東郷通２丁目,43,444,43,444,5,30,38,414,37,408,1,6,-,-,-,-
27209010200010400_大阪府守口市東郷通３丁目,27209,大阪府,守口市,東郷通３丁目,36,465,36,465,5,14,31,451,31,451,-,-,-,-,-,-
27209009900009900_大阪府守口市東光町１丁目,27209,大阪府,守口市,東光町１丁目,34,171,34,171,17,40,17,131,13,114,4,17,-,-,-,-
27209009900010000_大阪府守口市東光町２丁目,27209,大阪府,守口市,東光町２丁目,25,169,24,139,8,28,16,111,14,99,2,12,-,-,1,30
27209009900010100_大阪府守口市東光町３丁目,27209,大阪府,守口市,東光町３丁目,27,108,27,108,17,23,10,85,10,85,-,-,-,-,-,-
27209012800012800_大阪府守口市東町１丁目,27209,大阪府,守口市,東町１丁目,13,83,13,83,2,4,11,79,10,55,1,24,-,-,-,-
27209012800012900_大阪府守口市東町２丁目,27209,大阪府,守口市,東町２丁目,16,51,16,51,9,17,7,34,7,34,-,-,-,-,-,-
27209015600015600_大阪府守口市桃町,27209,大阪府,守口市,桃町,9,93,9,93,2,4,7,89,5,17,2,72,-,-,-,-
27209010500010500_大阪府守口市藤田町１丁目,27209,大阪府,守口市,藤田町１丁目,59,395,57,317,24,54,33,263,31,242,2,21,-,-,2,78
27209010500010600_大阪府守口市藤田町２丁目,27209,大阪府,守口市,藤田町２丁目,28,257,28,257,15,30,13,227,11,205,2,22,-,-,-,-
27209010500010700_大阪府守口市藤田町３丁目,27209,大阪府,守口市,藤田町３丁目,36,123,36,123,25,52,11,71,11,71,-,-,-,-,-,-
27209010500010800_大阪府守口市藤田町４丁目,27209,大阪府,守口市,藤田町４丁目,42,233,42,233,24,69,18,164,15,116,3,48,-,-,-,-
27209010500010900_大阪府守口市藤田町５丁目,27209,大阪府,守口市,藤田町５丁目,58,198,58,198,37,80,21,118,18,67,3,51,-,-,-,-
27209010500011000_大阪府守口市藤田町６丁目,27209,大阪府,守口市,藤田町６丁目,17,671,17,671,6,9,11,662,6,54,5,608,-,-,-,-
27209014400014400_大阪府守口市南寺方中通１丁目,27209,大阪府,守口市,南寺方中通１丁目,28,114,28,114,10,25,18,89,18,89,-,-,-,-,-,-
27209014400014500_大阪府守口市南寺方中通２丁目,27209,大阪府,守口市,南寺方中通２丁目,17,68,17,68,4,12,13,56,10,50,3,6,-,-,-,-
27209014400014600_大阪府守口市南寺方中通３丁目,27209,大阪府,守口市,南寺方中通３丁目,31,235,31,235,11,30,20,205,17,184,3,21,-,-,-,-
27209014700014700_大阪府守口市南寺方東通１丁目,27209,大阪府,守口市,南寺方東通１丁目,57,430,56,421,18,53,38,368,36,277,2,91,-,-,1,9
27209014700014800_大阪府守口市南寺方東通２丁目,27209,大阪府,守口市,南寺方東通２丁目,91,560,91,560,34,58,57,502,57,502,-,-,-,-,-,-
27209014700014900_大阪府守口市南寺方東通３丁目,27209,大阪府,守口市,南寺方東通３丁目,38,280,38,280,10,30,28,250,27,239,1,11,-,-,-,-
27209014700015000_大阪府守口市南寺方東通４丁目,27209,大阪府,守口市,南寺方東通４丁目,117,"1,120",116,"1,086",29,83,87,"1,003",85,999,2,4,-,-,1,34
27209014700015100_大阪府守口市南寺方東通５丁目,27209,大阪府,守口市,南寺方東通５丁目,105,981,104,855,25,52,79,803,77,802,2,1,-,-,1,126
27209014700015200_大阪府守口市南寺方東通６丁目,27209,大阪府,守口市,南寺方東通６丁目,72,542,72,542,20,51,52,491,52,491,-,-,-,-,-,-
27209015300015300_大阪府守口市南寺方南通１丁目,27209,大阪府,守口市,南寺方南通１丁目,27,141,27,141,8,16,19,125,19,125,-,-,-,-,-,-
27209015300015400_大阪府守口市南寺方南通２丁目,27209,大阪府,守口市,南寺方南通２丁目,32,195,32,195,11,25,21,170,20,157,1,13,-,-,-,-
27209015300015500_大阪府守口市南寺方南通３丁目,27209,大阪府,守口市,南寺方南通３丁目,37,611,37,611,8,16,29,595,25,209,4,386,-,-,-,-
27209014200014200_大阪府守口市南寺方北通１丁目,27209,大阪府,守口市,南寺方北通１丁目,21,93,21,93,15,24,6,69,5,53,1,16,-,-,-,-
27209014200014300_大阪府守口市南寺方北通２丁目,27209,大阪府,守口市,南寺方北通２丁目,27,117,27,117,13,25,14,92,14,92,-,-,-,-,-,-
27209013100013100_大阪府守口市日吉町１丁目,27209,大阪府,守口市,日吉町１丁目,44,151,44,151,24,45,20,106,14,79,6,27,-,-,-,-
27209013100013200_大阪府守口市日吉町２丁目,27209,大阪府,守口市,日吉町２丁目,30,674,30,674,11,36,19,638,17,628,2,10,-,-,-,-
27209011500011500_大阪府守口市日光町,27209,大阪府,守口市,日光町,16,295,16,295,5,28,11,267,11,267,-,-,-,-,-,-
27209013000013000_大阪府守口市日向町,27209,大阪府,守口市,日向町,18,145,18,145,5,15,13,130,13,130,-,-,-,-,-,-
27209012500012500_大阪府守口市馬場町１丁目,27209,大阪府,守口市,馬場町１丁目,36,281,36,281,20,43,16,238,12,194,4,44,-,-,-,-
27209012500012600_大阪府守口市馬場町２丁目,27209,大阪府,守口市,馬場町２丁目,8,105,8,105,1,8,7,97,4,15,3,82,-,-,-,-
27209012500012700_大阪府守口市馬場町３丁目,27209,大阪府,守口市,馬場町３丁目,18,49,18,49,5,8,13,41,12,37,1,4,-,-,-,-
27209000300000300_大阪府守口市梅園町,27209,大阪府,守口市,梅園町,36,166,36,166,22,55,14,111,13,100,1,11,-,-,-,-
27209000400000400_大阪府守口市梅町,27209,大阪府,守口市,梅町,11,33,11,33,5,14,6,19,4,15,2,4,-,-,-,-
27209012300012300_大阪府守口市浜町１丁目,27209,大阪府,守口市,浜町１丁目,19,75,19,75,2,2,17,73,15,52,2,21,-,-,-,-
27209012300012400_大阪府守口市浜町２丁目,27209,大阪府,守口市,浜町２丁目,16,156,16,156,5,29,11,127,11,127,-,-,-,-,-,-
27209013400013400_大阪府守口市文園町,27209,大阪府,守口市,文園町,30,"1,401",30,"1,401",8,16,22,"1,385",18,191,4,"1,194",-,-,-,-
27209013300013300_大阪府守口市平代町,27209,大阪府,守口市,平代町,28,146,28,146,11,25,17,121,15,112,2,9,-,-,-,-
27209011100011100_大阪府守口市豊秀町１丁目,27209,大阪府,守口市,豊秀町１丁目,28,133,28,133,14,35,14,98,10,81,4,17,-,-,-,-
27209011100011200_大阪府守口市豊秀町２丁目,27209,大阪府,守口市,豊秀町２丁目,17,83,17,83,6,14,11,69,9,60,2,9,-,-,-,-
27209013600013600_大阪府守口市北斗町,27209,大阪府,守口市,北斗町,16,187,16,187,4,21,12,166,12,166,-,-,-,-,-,-
27209013700013700_大阪府守口市本町１丁目,27209,大阪府,守口市,本町１丁目,87,432,87,432,45,134,42,298,36,258,6,40,-,-,-,-
27209013700013800_大阪府守口市本町２丁目,27209,大阪府,守口市,本町２丁目,50,556,50,556,7,37,43,519,38,364,5,155,-,-,-,-
27209017000017000_大阪府守口市淀江町,27209,大阪府,守口市,淀江町,11,122,9,59,2,11,7,48,4,25,3,23,-,-,2,63
27209017100017100_大阪府守口市来迎町,27209,大阪府,守口市,来迎町,6,40,6,40,3,8,3,32,3,32,-,-,-,-,-,-
27209007900007900_大阪府守口市竜田通１丁目,27209,大阪府,守口市,竜田通１丁目,16,167,16,167,4,9,12,158,9,127,3,31,-,-,-,-
27209007900008000_大阪府守口市竜田通２丁目,27209,大阪府,守口市,竜田通２丁目,24,130,23,114,12,30,11,84,10,44,1,40,-,-,1,16
27209014100014100_大阪府守口市緑町,27209,大阪府,守口市,緑町,15,129,15,129,2,2,13,127,9,96,4,31,-,-,-,-
27209999999999999_大阪府守口市その他,27209,大阪府,守口市,その他,-,-,-,-,-,-,-,-,-,-,-,-,-,-,-,-
27210_大阪府枚方市,27210,大阪府,枚方市,,"10,074","129,464","9,839","121,833","3,286","11,429","6,522","110,285","5,659","84,855",863,"25,430",31,119,235,"7,631"
27210037000037000_大阪府枚方市三栗１丁目,27210,大阪府,枚方市,三栗１丁目,39,301,39,301,13,64,26,237,25,235,1,2,-,-,-,-
27210037000037100_大阪府枚方市三栗２丁目,27210,大阪府,枚方市,三栗２丁目,10,66,10,66,3,9,7,57,7,57,-,-,-,-,-,-
27210035000035000_大阪府枚方市三矢町,27210,大阪府,枚方市,三矢町,49,791,48,782,17,64,31,718,26,664,5,54,-,-,1,9
27210000500000500_大阪府枚方市伊加賀栄町,27210,大阪府,枚方市,伊加賀栄町,27,135,27,135,8,18,19,117,18,112,1,5,-,-,-,-
27210000400000400_大阪府枚方市伊加賀寿町,27210,大阪府,枚方市,伊加賀寿町,20,268,20,268,5,12,15,256,14,250,1,6,-,-,-,-
27210000600000600_大阪府枚方市伊加賀西町,27210,大阪府,枚方市,伊加賀西町,48,"1,233",46,"1,215",15,47,31,"1,168",25,131,6,"1,037",-,-,2,18
27210000700000700_大阪府枚方市伊加賀東町,27210,大阪府,枚方市,伊加賀東町,40,375,38,358,24,97,14,261,10,94,4,167,-,-,2,17
27210001000001000_大阪府枚方市伊加賀南町,27210,大阪府,枚方市,伊加賀南町,19,174,19,174,10,44,9,130,7,105,2,25,-,-,-,-
27210000300000300_大阪府枚方市伊加賀北町,27210,大阪府,枚方市,伊加賀北町,37,337,37,337,10,38,27,299,25,259,2,40,-,-,-,-
27210000800000800_大阪府枚方市伊加賀本町,27210,大阪府,枚方市,伊加賀本町,16,122,16,122,6,38,10,84,9,82,1,2,-,-,-,-
27210000900000900_大阪府枚方市伊加賀緑町,27210,大阪府,枚方市,伊加賀緑町,11,518,11,518,2,4,9,514,9,514,-,-,-,-,-,-
27210001800001800_大阪府枚方市磯島元町,27210,大阪府,枚方市,磯島元町,9,195,8,106,-,-,8,106,4,53,4,53,-,-,1,89
27210001600001600_大阪府枚方市磯島茶屋町,27210,大阪府,枚方市,磯島茶屋町,10,52,10,52,5,10,5,42,5,42,-,-,-,-,-,-
27210001700001700_大阪府枚方市磯島南町,27210,大阪府,枚方市,磯島南町,10,185,10,185,-,-,10,185,10,185,-,-,-,-,-,-
27210001500001500_大阪府枚方市磯島北町,27210,大阪府,枚方市,磯島北町,11,254,6,75,1,2,5,73,4,11,1,62,-,-,5,179
27210001900001900_大阪府枚方市印田町,27210,大阪府,枚方市,印田町,19,186,19,186,3,6,16,180,13,154,3,26,-,-,-,-
27210002300002300_大阪府枚方市宇山町,27210,大阪府,枚方市,宇山町,16,146,16,146,2,2,14,144,12,138,2,6,-,-,-,-
27210002400002400_大阪府枚方市宇山東町,27210,大阪府,枚方市,宇山東町,12,227,12,227,2,2,10,225,8,149,2,76,-,-,-,-
27210038900038900_大阪府枚方市王仁公園,27210,大阪府,枚方市,王仁公園,4,46,4,46,-,-,4,46,2,21,2,25,-,-,-,-
27210011900011900_大阪府枚方市黄金野１丁目,27210,大阪府,枚方市,黄金野１丁目,13,92,13,92,8,12,5,80,5,80,-,-,-,-,-,-
27210011900012000_大阪府枚方市黄金野２丁目,27210,大阪府,枚方市,黄金野２丁目,8,25,8,25,-,-,8,25,7,24,1,1,-,-,-,-
27210003700003700_大阪府枚方市岡山手町,27210,大阪府,枚方市,岡山手町,21,123,21,123,9,51,12,72,11,56,1,16,-,-,-,-
27210003400003400_大阪府枚方市岡東町,27210,大阪府,枚方市,岡東町,319,"4,508",311,"4,423",60,428,249,"3,988",224,"3,319",25,669,2,7,8,85
27210003600003600_大阪府枚方市岡南町,27210,大阪府,枚方市,岡南町,20,152,20,152,3,10,17,142,11,68,6,74,-,-,-,-
27210003500003500_大阪府枚方市岡本町,27210,大阪府,枚方市,岡本町,138,"1,497",137,"1,387",37,177,100,"1,210",95,"1,159",5,51,-,-,1,110
27210027000027000_大阪府枚方市茄子作１丁目,27210,大阪府,枚方市,茄子作１丁目,28,92,28,92,13,17,15,75,15,75,-,-,-,-,-,-
27210027000027100_大阪府枚方市茄子作２丁目,27210,大阪府,枚方市,茄子作２丁目,15,192,15,192,4,28,11,164,8,157,3,7,-,-,-,-
27210027000027200_大阪府枚方市茄子作３丁目,27210,大阪府,枚方市,茄子作３丁目,24,149,24,149,5,16,19,133,18,132,1,1,-,-,-,-
27210027000027300_大阪府枚方市茄子作４丁目,27210,大阪府,枚方市,茄子作４丁目,35,200,35,200,16,54,19,146,17,59,2,87,-,-,-,-
27210027000027400_大阪府枚方市茄子作５丁目,27210,大阪府,枚方市,茄子作５丁目,5,73,5,73,1,3,4,70,4,70,-,-,-,-,-,-
27210027600027600_大阪府枚方市茄子作東町,27210,大阪府,枚方市,茄子作東町,28,237,28,237,3,4,25,233,23,196,2,37,-,-,-,-
27210027700027700_大阪府枚方市茄子作南町,27210,大阪府,枚方市,茄子作南町,7,229,7,229,1,20,6,209,6,209,-,-,-,-,-,-
27210027500027500_大阪府枚方市茄子作北町,27210,大阪府,枚方市,茄子作北町,49,268,48,246,22,51,26,195,24,193,2,2,-,-,1,22
27210006300006300_大阪府枚方市菊丘町,27210,大阪府,枚方市,菊丘町,16,128,16,128,2,16,14,112,14,112,-,-,-,-,-,-
27210006400006400_大阪府枚方市菊丘南町,27210,大阪府,枚方市,菊丘南町,12,203,12,203,2,8,10,195,10,195,-,-,-,-,-,-
27210036400036400_大阪府枚方市宮之下町,27210,大阪府,枚方市,宮之下町,71,312,71,312,39,118,32,194,26,116,6,78,-,-,-,-
27210035900035900_大阪府枚方市宮之阪１丁目,27210,大阪府,枚方市,宮之阪１丁目,48,233,47,230,26,97,21,133,19,107,2,26,-,-,1,3
27210035900036000_大阪府枚方市宮之阪２丁目,27210,大阪府,枚方市,宮之阪２丁目,37,177,37,177,18,62,19,115,17,81,2,34,-,-,-,-
27210035900036100_大阪府枚方市宮之阪３丁目,27210,大阪府,枚方市,宮之阪３丁目,66,"1,084",66,"1,084",32,103,34,981,26,298,8,683,-,-,-,-
27210035900036200_大阪府枚方市宮之阪４丁目,27210,大阪府,枚方市,宮之阪４丁目,36,528,36,528,9,24,27,504,24,395,3,109,-,-,-,-
27210035900036300_大阪府枚方市宮之阪５丁目,27210,大阪府,枚方市,宮之阪５丁目,3,14,3,14,-,-,3,14,3,14,-,-,-,-,-,-
27210007300007300_大阪府枚方市禁野本町１丁目,27210,大阪府,枚方市,禁野本町１丁目,98,"1,155",98,"1,155",29,120,69,"1,035",61,832,8,203,-,-,-,-
27210007300007400_大阪府枚方市禁野本町２丁目,27210,大阪府,枚方市,禁野本町２丁目,25,"1,149",22,348,3,4,19,344,16,179,3,165,-,-,3,801
27210012100012100_大阪府枚方市御殿山町,27210,大阪府,枚方市,御殿山町,74,414,74,414,47,132,27,282,25,255,2,27,-,-,-,-
27210012200012200_大阪府枚方市御殿山南町,27210,大阪府,枚方市,御殿山南町,16,263,12,204,2,17,10,187,9,91,1,96,-,-,4,59
27210009700009700_大阪府枚方市交北１丁目,27210,大阪府,枚方市,交北１丁目,8,58,8,58,4,15,4,43,3,41,1,2,-,-,-,-
27210009700009800_大阪府枚方市交北２丁目,27210,大阪府,枚方市,交北２丁目,13,197,10,175,-,-,10,175,3,31,7,144,-,-,3,22
27210009700009900_大阪府枚方市交北３丁目,27210,大阪府,枚方市,交北３丁目,16,142,16,142,2,4,14,138,5,27,9,111,-,-,-,-
27210009700010000_大阪府枚方市交北４丁目,27210,大阪府,枚方市,交北４丁目,6,104,6,104,1,2,5,102,-,-,5,102,-,-,-,-
27210004000004000_大阪府枚方市甲斐田新町,27210,大阪府,枚方市,甲斐田新町,29,477,29,477,10,24,19,453,19,453,-,-,-,-,-,-
27210004200004200_大阪府枚方市甲斐田町,27210,大阪府,枚方市,甲斐田町,28,163,26,154,14,28,12,126,9,112,3,14,-,-,2,9
27210004100004100_大阪府枚方市甲斐田東町,27210,大阪府,枚方市,甲斐田東町,30,362,29,330,11,27,18,303,16,271,2,32,-,-,1,32
27210010700010700_大阪府枚方市香里ケ丘１丁目,27210,大阪府,枚方市,香里ケ丘１丁目,5,35,4,24,-,-,4,24,4,24,-,-,-,-,1,11
27210010700010800_大阪府枚方市香里ケ丘２丁目,27210,大阪府,枚方市,香里ケ丘２丁目,25,373,22,280,3,13,19,267,15,227,4,40,-,-,3,93
27210010700010900_大阪府枚方市香里ケ丘３丁目,27210,大阪府,枚方市,香里ケ丘３丁目,46,"1,221",44,"1,170",9,51,34,"1,113",27,620,7,493,1,6,2,51
27210010700011000_大阪府枚方市香里ケ丘４丁目,27210,大阪府,枚方市,香里ケ丘４丁目,31,394,31,394,11,59,20,335,13,206,7,129,-,-,-,-
27210010700011100_大阪府枚方市香里ケ丘５丁目,27210,大阪府,枚方市,香里ケ丘５丁目,7,360,6,350,1,3,5,347,4,53,1,294,-,-,1,10
27210010700011200_大阪府枚方市香里ケ丘６丁目,27210,大阪府,枚方市,香里ケ丘６丁目,18,149,16,132,2,2,14,130,11,102,3,28,-,-,2,17
27210010700011300_大阪府枚方市香里ケ丘７丁目,27210,大阪府,枚方市,香里ケ丘７丁目,11,32,11,32,2,8,9,24,9,24,-,-,-,-,-,-
27210010700011400_大阪府枚方市香里ケ丘８丁目,27210,大阪府,枚方市,香里ケ丘８丁目,29,116,29,116,13,34,16,82,12,39,4,43,-,-,-,-
27210010700011500_大阪府枚方市香里ケ丘９丁目,27210,大阪府,枚方市,香里ケ丘９丁目,4,17,4,17,2,7,2,10,1,2,1,8,-,-,-,-
27210010700011600_大阪府枚方市香里ケ丘１０丁目,27210,大阪府,枚方市,香里ケ丘１０丁目,27,257,23,169,14,55,9,114,7,100,2,14,-,-,4,88
27210010700011700_大阪府枚方市香里ケ丘１１丁目,27210,大阪府,枚方市,香里ケ丘１１丁目,14,41,12,28,5,6,7,22,7,22,-,-,-,-,2,13
27210010700011800_大阪府枚方市香里ケ丘１２丁目,27210,大阪府,枚方市,香里ケ丘１２丁目,22,143,22,143,10,41,12,102,11,91,1,11,-,-,-,-
27210010300010300_大阪府枚方市香里園桜木町,27210,大阪府,枚方市,香里園桜木町,11,23,11,23,6,8,5,15,5,15,-,-,-,-,-,-
27210010500010500_大阪府枚方市香里園山之手町,27210,大阪府,枚方市,香里園山之手町,21,221,21,221,2,4,19,217,19,217,-,-,-,-,-,-
27210010600010600_大阪府枚方市香里園町,27210,大阪府,枚方市,香里園町,41,353,40,350,14,127,26,223,20,143,6,80,-,-,1,3
27210010400010400_大阪府枚方市香里園東之町,27210,大阪府,枚方市,香里園東之町,10,78,9,68,1,1,8,67,6,13,2,54,-,-,1,10
27210017300017300_大阪府枚方市高塚町,27210,大阪府,枚方市,高塚町,12,202,12,202,1,3,11,199,7,22,4,177,-,-,-,-
27210009500009500_大阪府枚方市高田１丁目,27210,大阪府,枚方市,高田１丁目,23,186,23,186,14,62,9,124,8,122,1,2,-,-,-,-
27210009500009600_大阪府枚方市高田２丁目,27210,大阪府,枚方市,高田２丁目,70,596,67,569,27,70,40,499,35,320,5,179,-,-,3,27
27210010100010100_大阪府枚方市高野道１丁目,27210,大阪府,枚方市,高野道１丁目,32,587,32,587,2,5,30,582,30,582,-,-,-,-,-,-
27210010100010200_大阪府枚方市高野道２丁目,27210,大阪府,枚方市,高野道２丁目,21,91,21,91,6,14,15,77,15,77,-,-,-,-,-,-
27210040100040100_大阪府枚方市大字阪,27210,大阪府,枚方市,大字阪,-,-,-,-,-,-,-,-,-,-,-,-,-,-,-,-
27210012300012300_大阪府枚方市桜丘町,27210,大阪府,枚方市,桜丘町,17,262,15,213,2,3,13,210,11,84,2,126,-,-,2,49
27210012400012400_大阪府枚方市桜町,27210,大阪府,枚方市,桜町,9,81,8,78,1,5,7,73,6,60,1,13,-,-,1,3
27210037800037800_大阪府枚方市山田池公園,27210,大阪府,枚方市,山田池公園,1,16,1,16,-,-,1,16,-,-,1,16,-,-,-,-
27210037900037900_大阪府枚方市山田池東町,27210,大阪府,枚方市,山田池東町,22,302,22,302,9,28,13,274,12,261,1,13,-,-,-,-
27210038000038000_大阪府枚方市山田池南町,27210,大阪府,枚方市,山田池南町,1,1,1,1,-,-,1,1,-,-,1,1,-,-,-,-
27210037700037700_大阪府枚方市山田池北町,27210,大阪府,枚方市,山田池北町,2,58,-,-,-,-,-,-,-,-,-,-,-,-,2,58
27210038100038100_大阪府枚方市山之上１丁目,27210,大阪府,枚方市,山之上１丁目,20,139,18,116,6,27,12,89,11,48,1,41,-,-,2,23
27210038100038200_大阪府枚方市山之上２丁目,27210,大阪府,枚方市,山之上２丁目,29,200,29,200,12,34,17,166,15,111,2,55,-,-,-,-
27210038100038300_大阪府枚方市山之上３丁目,27210,大阪府,枚方市,山之上３丁目,5,30,5,30,-,-,5,30,5,30,-,-,-,-,-,-
27210038100038400_大阪府枚方市山之上４丁目,27210,大阪府,枚方市,山之上４丁目,28,167,28,167,12,29,16,138,9,52,7,86,-,-,-,-
27210038100038500_大阪府枚方市山之上５丁目,27210,大阪府,枚方市,山之上５丁目,15,32,15,32,5,6,10,26,10,26,-,-,-,-,-,-
27210038700038700_大阪府枚方市山之上西町,27210,大阪府,枚方市,山之上西町,36,234,36,234,14,42,22,192,20,125,2,67,-,-,-,-
27210038800038800_大阪府枚方市山之上東町,27210,大阪府,枚方市,山之上東町,23,208,23,208,6,17,17,191,15,155,2,36,-,-,-,-
27210038600038600_大阪府枚方市山之上北町,27210,大阪府,枚方市,山之上北町,39,392,39,392,8,23,31,369,28,365,3,4,-,-,-,-
27210039500039500_大阪府枚方市車塚１丁目,27210,大阪府,枚方市,車塚１丁目,10,222,7,38,-,-,7,38,5,21,2,17,-,-,3,184
27210039500039600_大阪府枚方市車塚２丁目,27210,大阪府,枚方市,車塚２丁目,1,63,-,-,-,-,-,-,-,-,-,-,-,-,1,63
27210012500012500_大阪府枚方市釈尊寺町,27210,大阪府,枚方市,釈尊寺町,23,212,21,197,9,18,12,179,8,116,4,63,-,-,2,15
27210016400016400_大阪府枚方市宗谷１丁目,27210,大阪府,枚方市,宗谷１丁目,11,46,10,31,4,8,5,20,4,10,1,10,1,3,1,15
27210016400016500_大阪府枚方市宗谷２丁目,27210,大阪府,枚方市,宗谷２丁目,11,31,11,31,6,10,5,21,5,21,-,-,-,-,-,-
27210021100021100_大阪府枚方市出屋敷元町１丁目,27210,大阪府,枚方市,出屋敷元町１丁目,9,125,9,125,-,-,9,125,7,119,2,6,-,-,-,-
27210021100021200_大阪府枚方市出屋敷元町２丁目,27210,大阪府,枚方市,出屋敷元町２丁目,11,189,11,189,1,21,10,168,10,168,-,-,-,-,-,-
27210020900020900_大阪府枚方市出屋敷西町１丁目,27210,大阪府,枚方市,出屋敷西町１丁目,25,787,25,787,3,24,22,763,22,763,-,-,-,-,-,-
27210020900021000_大阪府枚方市出屋敷西町２丁目,27210,大阪府,枚方市,出屋敷西町２丁目,20,342,19,338,1,4,18,334,13,192,5,142,-,-,1,4
27210020200020300_大阪府枚方市出口１丁目,27210,大阪府,枚方市,出口１丁目,37,941,37,941,2,7,35,934,35,934,-,-,-,-,-,-
27210020200020400_大阪府枚方市出口２丁目,27210,大阪府,枚方市,出口２丁目,32,223,31,203,9,30,22,173,18,107,4,66,-,-,1,20
27210020200020500_大阪府枚方市出口３丁目,27210,大阪府,枚方市,出口３丁目,33,305,33,305,6,14,27,291,26,290,1,1,-,-,-,-
27210020200020600_大阪府枚方市出口４丁目,27210,大阪府,枚方市,出口４丁目,22,131,22,131,8,17,14,114,10,62,4,52,-,-,-,-
27210020200020700_大阪府枚方市出口５丁目,27210,大阪府,枚方市,出口５丁目,20,153,19,142,4,15,15,127,15,127,-,-,-,-,1,11
27210020200020800_大阪府枚方市出口６丁目,27210,大阪府,枚方市,出口６丁目,16,202,13,159,1,13,12,146,12,146,-,-,-,-,3,43
27210005400005400_大阪府枚方市春日元町１丁目,27210,大阪府,枚方市,春日元町１丁目,26,96,26,96,22,41,4,55,4,55,-,-,-,-,-,-
27210005400005500_大阪府枚方市春日元町２丁目,27210,大阪府,枚方市,春日元町２丁目,19,121,19,121,7,20,12,101,10,97,2,4,-,-,-,-
27210004800004800_大阪府枚方市春日西町１丁目,27210,大阪府,枚方市,春日西町１丁目,31,683,31,683,4,34,27,649,27,649,-,-,-,-,-,-
27210004800004900_大阪府枚方市春日西町２丁目,27210,大阪府,枚方市,春日西町２丁目,42,918,42,918,2,4,40,914,39,913,1,1,-,-,-,-
27210004800005000_大阪府枚方市春日西町３丁目,27210,大阪府,枚方市,春日西町３丁目,4,143,4,143,-,-,4,143,3,142,1,1,-,-,-,-
27210004800005100_大阪府枚方市春日西町４丁目,27210,大阪府,枚方市,春日西町４丁目,6,33,6,33,2,2,4,31,4,31,-,-,-,-,-,-
27210005200005200_大阪府枚方市春日東町１丁目,27210,大阪府,枚方市,春日東町１丁目,2,12,2,12,-,-,2,12,2,12,-,-,-,-,-,-
27210005200005300_大阪府枚方市春日東町２丁目,27210,大阪府,枚方市,春日東町２丁目,14,154,14,154,9,25,5,129,3,25,2,104,-,-,-,-
27210004300004300_大阪府枚方市春日北町１丁目,27210,大阪府,枚方市,春日北町１丁目,19,504,19,504,-,-,19,504,19,504,-,-,-,-,-,-
27210004300004400_大阪府枚方市春日北町２丁目,27210,大阪府,枚方市,春日北町２丁目,17,867,17,867,-,-,17,867,17,867,-,-,-,-,-,-
27210004300004500_大阪府枚方市春日北町３丁目,27210,大阪府,枚方市,春日北町３丁目,6,148,6,148,-,-,6,148,6,148,-,-,-,-,-,-
27210004300004600_大阪府枚方市春日北町４丁目,27210,大阪府,枚方市,春日北町４丁目,9,201,9,201,2,7,7,194,1,2,6,192,-,-,-,-
27210004300004700_大阪府枚方市春日北町５丁目,27210,大阪府,枚方市,春日北町５丁目,12,294,12,294,1,2,11,292,11,292,-,-,-,-,-,-
27210005600005600_大阪府枚方市春日野１丁目,27210,大阪府,枚方市,春日野１丁目,31,767,30,742,1,3,29,739,28,648,1,91,-,-,1,25
27210005600005700_大阪府枚方市春日野２丁目,27210,大阪府,枚方市,春日野２丁目,42,612,42,612,5,15,37,597,37,597,-,-,-,-,-,-
27210025800025800_大阪府枚方市渚栄町,27210,大阪府,枚方市,渚栄町,13,64,13,64,8,23,5,41,4,31,1,10,-,-,-,-
27210026200026200_大阪府枚方市渚元町,27210,大阪府,枚方市,渚元町,13,47,13,47,8,12,5,35,3,7,2,28,-,-,-,-
27210026700026700_大阪府枚方市渚西１丁目,27210,大阪府,枚方市,渚西１丁目,41,692,41,692,10,298,31,394,28,308,3,86,-,-,-,-
27210026700026800_大阪府枚方市渚西２丁目,27210,大阪府,枚方市,渚西２丁目,20,413,19,374,6,13,13,361,9,241,4,120,-,-,1,39
27210026700026900_大阪府枚方市渚西３丁目,27210,大阪府,枚方市,渚西３丁目,2,16,1,8,-,-,1,8,-,-,1,8,-,-,1,8
27210025900025900_大阪府枚方市渚東町,27210,大阪府,枚方市,渚東町,7,27,6,16,4,7,2,9,2,9,-,-,-,-,1,11
27210026300026300_大阪府枚方市渚内野１丁目,27210,大阪府,枚方市,渚内野１丁目,5,109,5,109,-,-,5,109,4,81,1,28,-,-,-,-
27210026300026400_大阪府枚方市渚内野２丁目,27210,大阪府,枚方市,渚内野２丁目,-,-,-,-,-,-,-,-,-,-,-,-,-,-,-,-
27210026300026500_大阪府枚方市渚内野３丁目,27210,大阪府,枚方市,渚内野３丁目,-,-,-,-,-,-,-,-,-,-,-,-,-,-,-,-
27210026300026600_大阪府枚方市渚内野４丁目,27210,大阪府,枚方市,渚内野４丁目,3,66,2,54,-,-,2,54,2,54,-,-,-,-,1,12
27210026100026100_大阪府枚方市渚南町,27210,大阪府,枚方市,渚南町,48,388,48,388,20,82,26,281,21,148,5,133,2,25,-,-
27210026000026000_大阪府枚方市渚本町,27210,大阪府,枚方市,渚本町,26,65,26,65,17,29,9,36,6,22,3,14,-,-,-,-
27210003800003800_大阪府枚方市小倉町,27210,大阪府,枚方市,小倉町,18,119,16,104,7,11,9,93,7,48,2,45,-,-,2,15
27210003900003900_大阪府枚方市小倉東町,27210,大阪府,枚方市,小倉東町,5,7,5,7,2,2,3,5,3,5,-,-,-,-,-,-
27210014500014500_大阪府枚方市招提元町１丁目,27210,大阪府,枚方市,招提元町１丁目,20,321,20,321,10,37,10,284,8,39,2,245,-,-,-,-
27210014500014600_大阪府枚方市招提元町２丁目,27210,大阪府,枚方市,招提元町２丁目,18,124,18,124,4,11,14,113,13,100,1,13,-,-,-,-
27210014500014700_大阪府枚方市招提元町３丁目,27210,大阪府,枚方市,招提元町３丁目,11,70,11,70,4,10,7,60,6,57,1,3,-,-,-,-
27210014500014800_大阪府枚方市招提元町４丁目,27210,大阪府,枚方市,招提元町４丁目,12,119,12,119,1,2,11,117,11,117,-,-,-,-,-,-
27210012600012600_大阪府枚方市招提大谷１丁目,27210,大阪府,枚方市,招提大谷１丁目,3,97,3,97,-,-,3,97,3,97,-,-,-,-,-,-
27210012600012700_大阪府枚方市招提大谷２丁目,27210,大阪府,枚方市,招提大谷２丁目,54,"1,254",54,"1,254",3,11,51,"1,243",50,"1,242",1,1,-,-,-,-
27210012600012800_大阪府枚方市招提大谷３丁目,27210,大阪府,枚方市,招提大谷３丁目,19,116,19,116,6,10,13,106,13,106,-,-,-,-,-,-
27210013500013500_大阪府枚方市招提中町１丁目,27210,大阪府,枚方市,招提中町１丁目,24,123,22,101,10,30,12,71,11,63,1,8,-,-,2,22
27210013500013600_大阪府枚方市招提中町２丁目,27210,大阪府,枚方市,招提中町２丁目,17,194,17,194,8,26,9,168,9,168,-,-,-,-,-,-
27210013500013700_大阪府枚方市招提中町３丁目,27210,大阪府,枚方市,招提中町３丁目,3,36,3,36,-,-,3,36,2,15,1,21,-,-,-,-
27210013200013200_大阪府枚方市招提田近１丁目,27210,大阪府,枚方市,招提田近１丁目,30,"1,533",30,"1,533",-,-,30,"1,533",28,"1,447",2,86,-,-,-,-
27210013200013300_大阪府枚方市招提田近２丁目,27210,大阪府,枚方市,招提田近２丁目,35,"1,547",35,"1,547",-,-,35,"1,547",34,"1,545",1,2,-,-,-,-
27210013200013400_大阪府枚方市招提田近３丁目,27210,大阪府,枚方市,招提田近３丁目,40,"2,635",40,"2,635",2,10,38,"2,625",36,"2,585",2,40,-,-,-,-
27210013800013800_大阪府枚方市招提東町１丁目,27210,大阪府,枚方市,招提東町１丁目,15,181,15,181,6,11,9,170,9,170,-,-,-,-,-,-
27210013800013900_大阪府枚方市招提東町２丁目,27210,大阪府,枚方市,招提東町２丁目,7,101,3,71,-,-,3,71,2,63,1,8,-,-,4,30
27210013800014000_大阪府枚方市招提東町３丁目,27210,大阪府,枚方市,招提東町３丁目,-,-,-,-,-,-,-,-,-,-,-,-,-,-,-,-
27210014200014200_大阪府枚方市招提南町１丁目,27210,大阪府,枚方市,招提南町１丁目,27,144,27,144,10,33,17,111,14,67,3,44,-,-,-,-
27210014200014300_大阪府枚方市招提南町２丁目,27210,大阪府,枚方市,招提南町２丁目,24,86,24,86,10,21,14,65,14,65,-,-,-,-,-,-
27210014200014400_大阪府枚方市招提南町３丁目,27210,大阪府,枚方市,招提南町３丁目,23,199,23,199,11,37,12,162,10,103,2,59,-,-,-,-
27210014100014100_大阪府枚方市招提平野町,27210,大阪府,枚方市,招提平野町,30,394,30,394,9,20,21,374,15,285,6,89,-,-,-,-
27210012900012900_大阪府枚方市招提北町１丁目,27210,大阪府,枚方市,招提北町１丁目,11,206,11,206,1,15,10,191,7,151,3,40,-,-,-,-
27210012900013000_大阪府枚方市招提北町２丁目,27210,大阪府,枚方市,招提北町２丁目,7,215,6,209,-,-,6,209,4,105,2,104,-,-,1,6
27210012900013100_大阪府枚方市招提北町３丁目,27210,大阪府,枚方市,招提北町３丁目,8,108,8,108,1,4,7,104,4,48,3,56,-,-,-,-
27210034900034900_大阪府枚方市松丘町,27210,大阪府,枚方市,松丘町,18,232,18,232,6,19,12,213,12,213,-,-,-,-,-,-
27210040300040300_大阪府枚方市大字上島,27210,大阪府,枚方市,大字上島,-,-,-,-,-,-,-,-,-,-,-,-,-,-,-,-
27210006000006000_大阪府枚方市上島町,27210,大阪府,枚方市,上島町,24,281,24,281,8,15,16,266,14,256,2,10,-,-,-,-
27210006100006100_大阪府枚方市上島東町,27210,大阪府,枚方市,上島東町,13,123,11,101,4,16,7,85,6,36,1,49,-,-,2,22
27210002000002000_大阪府枚方市上野１丁目,27210,大阪府,枚方市,上野１丁目,4,13,2,3,1,2,1,1,1,1,-,-,-,-,2,10
27210002000002100_大阪府枚方市上野２丁目,27210,大阪府,枚方市,上野２丁目,6,77,6,77,-,-,6,77,6,77,-,-,-,-,-,-
27210002000002200_大阪府枚方市上野３丁目,27210,大阪府,枚方市,上野３丁目,19,"2,906",18,"2,879",-,-,18,"2,879",17,"2,878",1,1,-,-,1,27
27210015000015000_大阪府枚方市新町１丁目,27210,大阪府,枚方市,新町１丁目,81,"1,511",79,"1,356",10,32,68,"1,323",63,"1,257",5,66,1,1,2,155
27210015000015100_大阪府枚方市新町２丁目,27210,大阪府,枚方市,新町２丁目,30,"2,948",28,"2,824",1,1,27,"2,823",13,240,14,"2,583",-,-,2,124
27210014900014900_大阪府枚方市新之栄町,27210,大阪府,枚方市,新之栄町,17,126,17,126,7,14,10,112,10,112,-,-,-,-,-,-
27210016300016300_大阪府枚方市須山町,27210,大阪府,枚方市,須山町,61,376,61,376,27,64,34,312,29,274,5,38,-,-,-,-
27210015200015200_大阪府枚方市翠香園町,27210,大阪府,枚方市,翠香園町,14,51,12,30,2,6,10,24,8,22,2,2,-,-,2,21
27210015300015400_大阪府枚方市杉１丁目,27210,大阪府,枚方市,杉１丁目,7,32,7,32,2,2,5,30,4,29,1,1,-,-,-,-
27210015300015500_大阪府枚方市杉２丁目,27210,大阪府,枚方市,杉２丁目,2,15,2,15,-,-,2,15,2,15,-,-,-,-,-,-
27210015300015600_大阪府枚方市杉３丁目,27210,大阪府,枚方市,杉３丁目,3,25,3,25,-,-,2,22,1,6,1,16,1,3,-,-
27210015300015700_大阪府枚方市杉４丁目,27210,大阪府,枚方市,杉４丁目,2,10,1,2,-,-,1,2,1,2,-,-,-,-,1,8
27210016000016000_大阪府枚方市杉山手１丁目,27210,大阪府,枚方市,杉山手１丁目,18,65,18,65,6,14,12,51,12,51,-,-,-,-,-,-
27210016000016100_大阪府枚方市杉山手２丁目,27210,大阪府,枚方市,杉山手２丁目,11,38,11,38,4,4,7,34,7,34,-,-,-,-,-,-
27210016000016200_大阪府枚方市杉山手３丁目,27210,大阪府,枚方市,杉山手３丁目,7,43,7,43,2,4,5,39,5,39,-,-,-,-,-,-
27210015900015900_大阪府枚方市杉責谷１丁目,27210,大阪府,枚方市,杉責谷１丁目,7,58,7,58,1,13,6,45,6,45,-,-,-,-,-,-
27210015800015800_大阪府枚方市杉北町１丁目,27210,大阪府,枚方市,杉北町１丁目,6,152,6,152,1,3,5,149,5,149,-,-,-,-,-,-
27210033100033100_大阪府枚方市星丘１丁目,27210,大阪府,枚方市,星丘１丁目,34,134,34,134,11,27,22,98,20,92,2,6,1,9,-,-
27210033100033200_大阪府枚方市星丘２丁目,27210,大阪府,枚方市,星丘２丁目,57,408,57,408,21,88,36,320,31,284,5,36,-,-,-,-
27210033100033300_大阪府枚方市星丘３丁目,27210,大阪府,枚方市,星丘３丁目,61,502,61,502,27,68,34,434,28,271,6,163,-,-,-,-
27210033100033400_大阪府枚方市星丘４丁目,27210,大阪府,枚方市,星丘４丁目,34,"1,216",31,"1,196",11,21,20,"1,175",17,321,3,854,-,-,3,20
27210027800027800_大阪府枚方市西禁野１丁目,27210,大阪府,枚方市,西禁野１丁目,30,509,30,509,12,26,18,483,17,474,1,9,-,-,-,-
27210027800027900_大阪府枚方市西禁野２丁目,27210,大阪府,枚方市,西禁野２丁目,69,629,69,629,37,120,32,509,27,321,5,188,-,-,-,-
27210028000028000_大阪府枚方市西招提町,27210,大阪府,枚方市,西招提町,27,757,27,757,4,37,23,720,15,166,8,554,-,-,-,-
27210028200028200_大阪府枚方市西船橋１丁目,27210,大阪府,枚方市,西船橋１丁目,6,139,6,139,1,1,5,138,3,14,2,124,-,-,-,-
27210028200028300_大阪府枚方市西船橋２丁目,27210,大阪府,枚方市,西船橋２丁目,22,167,20,114,8,29,12,85,11,44,1,41,-,-,2,53
27210028100028100_大阪府枚方市西田宮町,27210,大阪府,枚方市,西田宮町,14,52,13,45,2,8,11,37,11,37,-,-,-,-,1,7
27210028400028400_大阪府枚方市西牧野１丁目,27210,大阪府,枚方市,西牧野１丁目,5,39,5,39,-,-,5,39,5,39,-,-,-,-,-,-
27210028400028500_大阪府枚方市西牧野２丁目,27210,大阪府,枚方市,西牧野２丁目,2,14,-,-,-,-,-,-,-,-,-,-,-,-,2,14
27210028400028600_大阪府枚方市西牧野３丁目,27210,大阪府,枚方市,西牧野３丁目,4,12,4,12,1,1,3,11,3,11,-,-,-,-,-,-
27210028400028700_大阪府枚方市西牧野４丁目,27210,大阪府,枚方市,西牧野４丁目,3,35,3,35,-,-,3,35,2,20,1,15,-,-,-,-
27210006200006200_大阪府枚方市川原町,27210,大阪府,枚方市,川原町,75,506,75,506,50,250,25,256,22,202,3,54,-,-,-,-
27210032900032900_大阪府枚方市船橋本町１丁目,27210,大阪府,枚方市,船橋本町１丁目,9,27,9,27,1,2,8,25,5,21,3,4,-,-,-,-
27210032900033000_大阪府枚方市船橋本町２丁目,27210,大阪府,枚方市,船橋本町２丁目,47,301,47,301,14,76,33,225,31,200,2,25,-,-,-,-
27210029200029200_大阪府枚方市走谷１丁目,27210,大阪府,枚方市,走谷１丁目,21,99,21,99,4,12,17,87,13,57,4,30,-,-,-,-
27210029200029300_大阪府枚方市走谷２丁目,27210,大阪府,枚方市,走谷２丁目,35,323,35,323,13,25,22,298,21,296,1,2,-,-,-,-
27210016600016700_大阪府枚方市尊延寺１丁目,27210,大阪府,枚方市,尊延寺１丁目,8,77,8,77,1,1,7,76,4,27,3,49,-,-,-,-
27210016600016800_大阪府枚方市尊延寺２丁目,27210,大阪府,枚方市,尊延寺２丁目,5,34,5,34,2,5,3,29,3,29,-,-,-,-,-,-
27210016600016900_大阪府枚方市尊延寺３丁目,27210,大阪府,枚方市,尊延寺３丁目,12,49,9,37,5,14,4,23,4,23,-,-,-,-,3,12
27210016600017000_大阪府枚方市尊延寺４丁目,27210,大阪府,枚方市,尊延寺４丁目,8,39,8,39,2,9,6,30,6,30,-,-,-,-,-,-
27210016600017100_大阪府枚方市尊延寺５丁目,27210,大阪府,枚方市,尊延寺５丁目,8,14,8,14,2,4,6,10,4,8,2,2,-,-,-,-
27210016600017200_大阪府枚方市尊延寺６丁目,27210,大阪府,枚方市,尊延寺６丁目,21,220,21,220,5,32,16,188,11,105,5,83,-,-,-,-
27210036500036500_大阪府枚方市村野高見台,27210,大阪府,枚方市,村野高見台,29,"1,343",27,"1,226",6,30,20,"1,194",18,"1,194",2,-,1,2,2,117
27210036600036600_大阪府枚方市村野西町,27210,大阪府,枚方市,村野西町,21,520,17,261,3,48,14,213,8,121,6,92,-,-,4,259
27210036700036700_大阪府枚方市村野東町,27210,大阪府,枚方市,村野東町,25,92,25,92,17,40,8,52,8,52,-,-,-,-,-,-
27210036900036900_大阪府枚方市村野南町,27210,大阪府,枚方市,村野南町,1,5,1,5,-,-,1,5,-,-,1,5,-,-,-,-
27210036800036800_大阪府枚方市村野本町,27210,大阪府,枚方市,村野本町,44,346,42,323,15,75,27,248,18,156,9,92,-,-,2,23
27210002500002500_大阪府枚方市大垣内町１丁目,27210,大阪府,枚方市,大垣内町１丁目,65,"1,663",65,"1,663",19,65,46,"1,598",39,"1,543",7,55,-,-,-,-
27210002500002600_大阪府枚方市大垣内町２丁目,27210,大阪府,枚方市,大垣内町２丁目,142,"3,511",125,"1,377",38,143,81,"1,217",64,"1,026",17,191,6,17,17,"2,134"
27210002500002700_大阪府枚方市大垣内町３丁目,27210,大阪府,枚方市,大垣内町３丁目,56,623,55,540,16,53,37,483,30,364,7,119,2,4,1,83
27210039700039700_大阪府枚方市大字三矢,27210,大阪府,枚方市,大字三矢,-,-,-,-,-,-,-,-,-,-,-,-,-,-,-,-
27210015300015300_大阪府枚方市大字杉,27210,大阪府,枚方市,大字杉,2,28,2,28,-,-,2,28,1,21,1,7,-,-,-,-
27210016600016600_大阪府枚方市大字尊延寺,27210,大阪府,枚方市,大字尊延寺,37,386,36,372,2,23,34,349,28,284,6,65,-,-,1,14
27210018300018300_大阪府枚方市大字津田,27210,大阪府,枚方市,大字津田,2,99,2,99,-,-,2,99,2,99,-,-,-,-,-,-
27210033500033500_大阪府枚方市大字穂谷,27210,大阪府,枚方市,大字穂谷,16,261,15,258,1,2,14,256,10,240,4,16,-,-,1,3
27210003200003200_大阪府枚方市大峰元町１丁目,27210,大阪府,枚方市,大峰元町１丁目,28,364,28,364,11,27,17,337,15,274,2,63,-,-,-,-
27210003200003300_大阪府枚方市大峰元町２丁目,27210,大阪府,枚方市,大峰元町２丁目,23,262,23,262,5,16,18,246,14,152,4,94,-,-,-,-
27210003000003000_大阪府枚方市大峰東町,27210,大阪府,枚方市,大峰東町,7,109,7,109,-,-,7,109,7,109,-,-,-,-,-,-
27210003100003100_大阪府枚方市大峰南町,27210,大阪府,枚方市,大峰南町,38,268,38,268,24,48,14,220,11,214,3,6,-,-,-,-
27210002800002800_大阪府枚方市大峰北町１丁目,27210,大阪府,枚方市,大峰北町１丁目,-,-,-,-,-,-,-,-,-,-,-,-,-,-,-,-
27210002800002900_大阪府枚方市大峰北町２丁目,27210,大阪府,枚方市,大峰北町２丁目,-,-,-,-,-,-,-,-,-,-,-,-,-,-,-,-
27210001100001100_大阪府枚方市池之宮１丁目,27210,大阪府,枚方市,池之宮１丁目,39,473,39,473,8,44,31,429,31,429,-,-,-,-,-,-
27210001100001200_大阪府枚方市池之宮２丁目,27210,大阪府,枚方市,池之宮２丁目,30,393,30,393,9,28,21,365,21,365,-,-,-,-,-,-
27210001100001300_大阪府枚方市池之宮３丁目,27210,大阪府,枚方市,池之宮３丁目,12,58,11,43,2,4,9,39,9,39,-,-,-,-,1,15
27210001100001400_大阪府枚方市池之宮４丁目,27210,大阪府,枚方市,池之宮４丁目,25,863,25,863,2,5,23,858,22,857,1,1,-,-,-,-
27210022300022300_大阪府枚方市中宮山戸町,27210,大阪府,枚方市,中宮山戸町,52,337,50,319,22,83,28,236,18,92,10,144,-,-,2,18
27210022000022000_大阪府枚方市中宮西之町,27210,大阪府,枚方市,中宮西之町,53,278,51,262,21,49,30,213,25,153,5,60,-,-,2,16
27210021500021500_大阪府枚方市中宮大池１丁目,27210,大阪府,枚方市,中宮大池１丁目,13,"1,681",13,"1,681",-,-,13,"1,681",12,"1,680",1,1,-,-,-,-
27210021500021600_大阪府枚方市中宮大池２丁目,27210,大阪府,枚方市,中宮大池２丁目,21,225,21,225,1,3,20,222,20,222,-,-,-,-,-,-
27210021500021700_大阪府枚方市中宮大池３丁目,27210,大阪府,枚方市,中宮大池３丁目,9,355,9,355,-,-,9,355,9,355,-,-,-,-,-,-
27210021500021800_大阪府枚方市中宮大池４丁目,27210,大阪府,枚方市,中宮大池４丁目,6,125,6,125,-,-,6,125,5,110,1,15,-,-,-,-
27210022100022100_大阪府枚方市中宮東之町,27210,大阪府,枚方市,中宮東之町,59,"1,112",59,"1,112",23,104,36,"1,008",28,273,8,735,-,-,-,-
27210021900021900_大阪府枚方市中宮北町,27210,大阪府,枚方市,中宮北町,19,426,15,219,6,31,9,188,7,141,2,47,-,-,4,207
27210022200022200_大阪府枚方市中宮本町,27210,大阪府,枚方市,中宮本町,68,396,68,396,47,101,21,295,16,107,5,188,-,-,-,-
27210000100000100_大阪府枚方市朝日丘町,27210,大阪府,枚方市,朝日丘町,25,204,25,204,5,29,20,175,18,162,2,13,-,-,-,-
27210034700034700_大阪府枚方市町楠葉１丁目,27210,大阪府,枚方市,町楠葉１丁目,141,821,141,821,57,228,84,593,73,500,11,93,-,-,-,-
27210034700034800_大阪府枚方市町楠葉２丁目,27210,大阪府,枚方市,町楠葉２丁目,9,41,9,41,3,7,6,34,4,32,2,2,-,-,-,-
27210022600022600_大阪府枚方市長尾家具町１丁目,27210,大阪府,枚方市,長尾家具町１丁目,55,574,55,574,13,35,42,539,37,487,5,52,-,-,-,-
27210022600022700_大阪府枚方市長尾家具町２丁目,27210,大阪府,枚方市,長尾家具町２丁目,86,805,86,805,36,130,50,675,49,661,1,14,-,-,-,-
27210022600022800_大阪府枚方市長尾家具町３丁目,27210,大阪府,枚方市,長尾家具町３丁目,63,888,63,888,18,52,45,836,43,812,2,24,-,-,-,-
27210022600022900_大阪府枚方市長尾家具町４丁目,27210,大阪府,枚方市,長尾家具町４丁目,30,111,30,111,14,31,16,80,14,55,2,25,-,-,-,-
27210022600023000_大阪府枚方市長尾家具町５丁目,27210,大阪府,枚方市,長尾家具町５丁目,5,98,4,35,-,-,4,35,3,25,1,10,-,-,1,63
27210024900024900_大阪府枚方市長尾宮前１丁目,27210,大阪府,枚方市,長尾宮前１丁目,12,79,12,79,3,12,8,62,6,56,2,6,1,5,-,-
27210024900025000_大阪府枚方市長尾宮前２丁目,27210,大阪府,枚方市,長尾宮前２丁目,13,30,13,30,8,12,5,18,4,16,1,2,-,-,-,-
27210025100025100_大阪府枚方市長尾元町１丁目,27210,大阪府,枚方市,長尾元町１丁目,36,329,35,289,13,62,22,227,20,214,2,13,-,-,1,40
27210025100025200_大阪府枚方市長尾元町２丁目,27210,大阪府,枚方市,長尾元町２丁目,44,651,43,627,9,48,34,579,25,347,9,232,-,-,1,24
27210025100025300_大阪府枚方市長尾元町３丁目,27210,大阪府,枚方市,長尾元町３丁目,12,22,12,22,6,7,6,15,6,15,-,-,-,-,-,-
27210025100025400_大阪府枚方市長尾元町４丁目,27210,大阪府,枚方市,長尾元町４丁目,11,38,11,38,5,9,6,29,5,27,1,2,-,-,-,-
27210025100025500_大阪府枚方市長尾元町５丁目,27210,大阪府,枚方市,長尾元町５丁目,67,608,67,608,25,96,42,512,35,475,7,37,-,-,-,-
27210025100025600_大阪府枚方市長尾元町６丁目,27210,大阪府,枚方市,長尾元町６丁目,38,232,38,232,15,48,23,184,20,133,3,51,-,-,-,-
27210025100025700_大阪府枚方市長尾元町７丁目,27210,大阪府,枚方市,長尾元町７丁目,28,263,28,263,8,22,20,241,19,240,1,1,-,-,-,-
27210022400022400_大阪府枚方市長尾荒阪１丁目,27210,大阪府,枚方市,長尾荒阪１丁目,7,88,7,88,3,28,4,60,1,10,3,50,-,-,-,-
27210022400022500_大阪府枚方市長尾荒阪２丁目,27210,大阪府,枚方市,長尾荒阪２丁目,8,223,8,223,1,4,7,219,5,104,2,115,-,-,-,-
27210024200024200_大阪府枚方市長尾西町１丁目,27210,大阪府,枚方市,長尾西町１丁目,10,58,10,58,2,3,8,55,7,46,1,9,-,-,-,-
27210024200024300_大阪府枚方市長尾西町２丁目,27210,大阪府,枚方市,長尾西町２丁目,20,233,18,216,7,19,11,197,11,197,-,-,-,-,2,17
27210024200024400_大阪府枚方市長尾西町３丁目,27210,大阪府,枚方市,長尾西町３丁目,11,109,11,109,2,3,9,106,8,60,1,46,-,-,-,-
27210023700023700_大阪府枚方市長尾台１丁目,27210,大阪府,枚方市,長尾台１丁目,15,54,15,54,5,7,9,43,9,43,-,-,1,4,-,-
27210023700023800_大阪府枚方市長尾台２丁目,27210,大阪府,枚方市,長尾台２丁目,13,173,13,173,6,16,7,157,6,74,1,83,-,-,-,-
27210023700023900_大阪府枚方市長尾台３丁目,27210,大阪府,枚方市,長尾台３丁目,6,14,6,14,4,12,2,2,2,2,-,-,-,-,-,-
27210023700024000_大阪府枚方市長尾台４丁目,27210,大阪府,枚方市,長尾台４丁目,3,14,3,14,-,-,3,14,3,14,-,-,-,-,-,-
27210023400023400_大阪府枚方市長尾谷町１丁目,27210,大阪府,枚方市,長尾谷町１丁目,66,"1,401",65,"1,392",13,46,52,"1,346",44,"1,161",8,185,-,-,1,9
27210023400023500_大阪府枚方市長尾谷町２丁目,27210,大阪府,枚方市,長尾谷町２丁目,24,233,24,233,6,38,18,195,15,167,3,28,-,-,-,-
27210023400023600_大阪府枚方市長尾谷町３丁目,27210,大阪府,枚方市,長尾谷町３丁目,40,287,40,287,21,85,19,202,17,189,2,13,-,-,-,-
27210024600024600_大阪府枚方市長尾東町１丁目,27210,大阪府,枚方市,長尾東町１丁目,10,140,10,140,3,9,7,131,2,3,5,128,-,-,-,-
27210024600024700_大阪府枚方市長尾東町２丁目,27210,大阪府,枚方市,長尾東町２丁目,7,17,7,17,2,4,5,13,5,13,-,-,-,-,-,-
27210024600024800_大阪府枚方市長尾東町３丁目,27210,大阪府,枚方市,長尾東町３丁目,8,18,8,18,4,7,4,11,4,11,-,-,-,-,-,-
27210024100024100_大阪府枚方市長尾峠町,27210,大阪府,枚方市,長尾峠町,18,"1,782",18,"1,782",5,8,13,"1,774",12,"1,429",1,345,-,-,-,-
27210024500024500_大阪府枚方市長尾播磨谷１丁目,27210,大阪府,枚方市,長尾播磨谷１丁目,10,584,10,584,-,-,10,584,7,135,3,449,-,-,-,-
27210023100023100_大阪府枚方市長尾北町１丁目,27210,大阪府,枚方市,長尾北町１丁目,11,175,11,175,3,14,8,161,6,62,2,99,-,-,-,-
27210023100023200_大阪府枚方市長尾北町２丁目,27210,大阪府,枚方市,長尾北町２丁目,10,255,10,255,1,21,9,234,3,27,6,207,-,-,-,-
27210023100023300_大阪府枚方市長尾北町３丁目,27210,大阪府,枚方市,長尾北町３丁目,7,139,3,106,-,-,3,106,-,-,3,106,-,-,4,33
27210018400018400_大阪府枚方市津田駅前１丁目,27210,大阪府,枚方市,津田駅前１丁目,50,280,50,280,23,66,27,214,23,167,4,47,-,-,-,-
27210018400018500_大阪府枚方市津田駅前２丁目,27210,大阪府,枚方市,津田駅前２丁目,10,56,10,56,2,21,8,35,6,31,2,4,-,-,-,-
27210019700019700_大阪府枚方市津田元町１丁目,27210,大阪府,枚方市,津田元町１丁目,61,741,61,741,17,60,44,681,36,611,8,70,-,-,-,-
27210019700019800_大阪府枚方市津田元町２丁目,27210,大阪府,枚方市,津田元町２丁目,18,139,18,139,4,13,14,126,11,122,3,4,-,-,-,-
27210019700019900_大阪府枚方市津田元町３丁目,27210,大阪府,枚方市,津田元町３丁目,11,88,11,88,2,6,9,82,4,15,5,67,-,-,-,-
27210019700020000_大阪府枚方市津田元町４丁目,27210,大阪府,枚方市,津田元町４丁目,1,11,1,11,-,-,1,11,-,-,1,11,-,-,-,-
27210039300039300_大阪府枚方市津田山手１丁目,27210,大阪府,枚方市,津田山手１丁目,19,150,19,150,1,5,18,145,17,136,1,9,-,-,-,-
27210039300039400_大阪府枚方市津田山手２丁目,27210,大阪府,枚方市,津田山手２丁目,28,943,27,893,-,-,27,893,25,886,2,7,-,-,1,50
27210018900018900_大阪府枚方市津田西町１丁目,27210,大阪府,枚方市,津田西町１丁目,42,540,40,522,15,55,25,467,20,158,5,309,-,-,2,18
27210018900019000_大阪府枚方市津田西町２丁目,27210,大阪府,枚方市,津田西町２丁目,28,288,28,288,14,71,14,217,14,217,-,-,-,-,-,-
27210018900019100_大阪府枚方市津田西町３丁目,27210,大阪府,枚方市,津田西町３丁目,12,175,10,146,3,39,7,107,7,107,-,-,-,-,2,29
27210019200019200_大阪府枚方市津田東町１丁目,27210,大阪府,枚方市,津田東町１丁目,3,25,3,25,1,1,2,24,2,24,-,-,-,-,-,-
27210019200019300_大阪府枚方市津田東町２丁目,27210,大阪府,枚方市,津田東町２丁目,12,843,12,843,1,2,11,841,5,34,6,807,-,-,-,-
27210019200019400_大阪府枚方市津田東町３丁目,27210,大阪府,枚方市,津田東町３丁目,18,60,18,60,13,41,5,19,5,19,-,-,-,-,-,-
27210019500019500_大阪府枚方市津田南町１丁目,27210,大阪府,枚方市,津田南町１丁目,5,40,5,40,-,-,5,40,5,40,-,-,-,-,-,-
27210019500019600_大阪府枚方市津田南町２丁目,27210,大阪府,枚方市,津田南町２丁目,4,63,4,63,1,16,3,47,2,27,1,20,-,-,-,-
27210018600018600_大阪府枚方市津田北町１丁目,27210,大阪府,枚方市,津田北町１丁目,16,416,15,406,3,5,12,401,12,401,-,-,-,-,1,10
27210018600018700_大阪府枚方市津田北町２丁目,27210,大阪府,枚方市,津田北町２丁目,24,381,21,239,9,18,12,221,11,212,1,9,-,-,3,142
27210018600018800_大阪府枚方市津田北町３丁目,27210,大阪府,枚方市,津田北町３丁目,7,132,7,132,1,4,6,128,3,25,3,103,-,-,-,-
27210020100020100_大阪府枚方市堤町,27210,大阪府,枚方市,堤町,36,201,36,201,19,29,16,170,12,139,4,31,1,2,-,-
27210000200000200_大阪府枚方市天之川町,27210,大阪府,枚方市,天之川町,16,75,16,75,4,12,11,60,8,55,3,5,1,3,-,-
27210018200018200_大阪府枚方市田宮本町,27210,大阪府,枚方市,田宮本町,21,135,19,117,7,11,12,106,11,44,1,62,-,-,2,18
27210017400017400_大阪府枚方市田口１丁目,27210,大阪府,枚方市,田口１丁目,31,187,31,187,10,40,21,147,18,106,3,41,-,-,-,-
27210017400017500_大阪府枚方市田口２丁目,27210,大阪府,枚方市,田口２丁目,18,134,18,134,9,61,9,73,7,55,2,18,-,-,-,-
27210017400017600_大阪府枚方市田口３丁目,27210,大阪府,枚方市,田口３丁目,13,120,11,105,3,18,8,87,5,59,3,28,-,-,2,15
27210017400017700_大阪府枚方市田口４丁目,27210,大阪府,枚方市,田口４丁目,24,426,24,426,7,18,17,408,17,408,-,-,-,-,-,-
27210017400017800_大阪府枚方市田口５丁目,27210,大阪府,枚方市,田口５丁目,8,424,7,195,1,2,6,193,5,44,1,149,-,-,1,229
27210017900017900_大阪府枚方市田口山１丁目,27210,大阪府,枚方市,田口山１丁目,14,254,14,254,5,43,9,211,7,85,2,126,-,-,-,-
27210017900018000_大阪府枚方市田口山２丁目,27210,大阪府,枚方市,田口山２丁目,17,311,17,311,1,2,16,309,9,75,7,234,-,-,-,-
27210017900018100_大阪府枚方市田口山３丁目,27210,大阪府,枚方市,田口山３丁目,21,205,17,143,8,25,9,118,9,118,-,-,-,-,4,62
27210035800035800_大阪府枚方市都丘町,27210,大阪府,枚方市,都丘町,43,210,42,202,22,59,20,143,15,62,5,81,-,-,1,8
27210029400029400_大阪府枚方市東香里１丁目,27210,大阪府,枚方市,東香里１丁目,23,695,23,695,5,14,18,681,10,59,8,622,-,-,-,-
27210029400029500_大阪府枚方市東香里２丁目,27210,大阪府,枚方市,東香里２丁目,27,142,27,142,13,37,14,105,13,95,1,10,-,-,-,-
27210029400029600_大阪府枚方市東香里３丁目,27210,大阪府,枚方市,東香里３丁目,33,288,32,276,8,18,24,258,24,258,-,-,-,-,1,12
27210029900029900_大阪府枚方市東香里元町,27210,大阪府,枚方市,東香里元町,56,360,56,360,19,72,37,288,35,264,2,24,-,-,-,-
27210029700029700_大阪府枚方市東香里新町,27210,大阪府,枚方市,東香里新町,28,163,28,163,15,47,13,116,12,111,1,5,-,-,-,-
27210029800029800_大阪府枚方市東香里南町,27210,大阪府,枚方市,東香里南町,43,379,41,362,13,36,28,326,25,282,3,44,-,-,2,17
27210030800030800_大阪府枚方市東山１丁目,27210,大阪府,枚方市,東山１丁目,33,261,31,242,17,47,14,195,11,156,3,39,-,-,2,19
27210030800030900_大阪府枚方市東山２丁目,27210,大阪府,枚方市,東山２丁目,13,71,13,71,7,29,6,42,5,37,1,5,-,-,-,-
27210030500030500_大阪府枚方市東船橋１丁目,27210,大阪府,枚方市,東船橋１丁目,63,281,63,281,36,118,27,163,24,124,3,39,-,-,-,-
27210030500030600_大阪府枚方市東船橋２丁目,27210,大阪府,枚方市,東船橋２丁目,24,122,24,122,15,79,9,43,8,31,1,12,-,-,-,-
27210030300030300_大阪府枚方市東中振１丁目,27210,大阪府,枚方市,東中振１丁目,29,216,29,216,14,38,15,178,12,94,3,84,-,-,-,-
27210030300030400_大阪府枚方市東中振２丁目,27210,大阪府,枚方市,東中振２丁目,25,506,22,395,8,52,14,343,11,104,3,239,-,-,3,111
27210030000030000_大阪府枚方市東田宮１丁目,27210,大阪府,枚方市,東田宮１丁目,60,964,57,787,12,41,42,740,40,725,2,15,3,6,3,177
27210030000030100_大阪府枚方市東田宮２丁目,27210,大阪府,枚方市,東田宮２丁目,1,8,1,8,-,-,1,8,1,8,-,-,-,-,-,-
27210030200030200_大阪府枚方市東藤田町,27210,大阪府,枚方市,東藤田町,1,2,1,2,1,2,-,-,-,-,-,-,-,-,-,-
27210030700030700_大阪府枚方市東牧野町,27210,大阪府,枚方市,東牧野町,29,201,29,201,16,28,13,173,10,135,3,38,-,-,-,-
27210032600032600_大阪府枚方市藤阪元町１丁目,27210,大阪府,枚方市,藤阪元町１丁目,13,59,13,59,8,15,4,28,3,25,1,3,1,16,-,-
27210032600032700_大阪府枚方市藤阪元町２丁目,27210,大阪府,枚方市,藤阪元町２丁目,15,88,15,88,6,7,9,81,4,17,5,64,-,-,-,-
27210032600032800_大阪府枚方市藤阪元町３丁目,27210,大阪府,枚方市,藤阪元町３丁目,35,209,35,209,19,55,16,154,15,144,1,10,-,-,-,-
27210031800031800_大阪府枚方市藤阪西町,27210,大阪府,枚方市,藤阪西町,17,111,16,108,7,16,9,92,8,80,1,12,-,-,1,3
27210031700031700_大阪府枚方市藤阪中町,27210,大阪府,枚方市,藤阪中町,32,213,30,186,11,24,19,162,12,129,7,33,-,-,2,27
27210031600031600_大阪府枚方市藤阪天神町,27210,大阪府,枚方市,藤阪天神町,8,151,7,145,1,1,6,144,4,17,2,127,-,-,1,6
27210031900031900_大阪府枚方市藤阪東町１丁目,27210,大阪府,枚方市,藤阪東町１丁目,17,782,17,782,3,3,14,779,8,81,6,698,-,-,-,-
27210031900032000_大阪府枚方市藤阪東町２丁目,27210,大阪府,枚方市,藤阪東町２丁目,8,23,8,23,5,10,3,13,3,13,-,-,-,-,-,-
27210031900032100_大阪府枚方市藤阪東町３丁目,27210,大阪府,枚方市,藤阪東町３丁目,33,168,31,142,16,37,15,105,11,51,4,54,-,-,2,26
27210031900032200_大阪府枚方市藤阪東町４丁目,27210,大阪府,枚方市,藤阪東町４丁目,16,183,16,183,3,5,13,178,11,164,2,14,-,-,-,-
27210032300032300_大阪府枚方市藤阪南町１丁目,27210,大阪府,枚方市,藤阪南町１丁目,8,87,5,57,1,2,4,55,2,16,2,39,-,-,3,30
27210032300032400_大阪府枚方市藤阪南町２丁目,27210,大阪府,枚方市,藤阪南町２丁目,12,180,12,180,6,52,6,128,4,49,2,79,-,-,-,-
27210032300032500_大阪府枚方市藤阪南町３丁目,27210,大阪府,枚方市,藤阪南町３丁目,6,78,6,78,1,4,5,74,3,58,2,16,-,-,-,-
27210031500031500_大阪府枚方市藤阪北町,27210,大阪府,枚方市,藤阪北町,16,45,16,45,9,27,6,17,5,15,1,2,1,1,-,-
27210021300021300_大阪府枚方市藤田町,27210,大阪府,枚方市,藤田町,12,172,12,172,3,5,9,167,7,148,2,19,-,-,-,-
27210039000039000_大阪府枚方市堂山１丁目,27210,大阪府,枚方市,堂山１丁目,27,195,26,186,8,21,18,165,17,135,1,30,-,-,1,9
27210039000039100_大阪府枚方市堂山２丁目,27210,大阪府,枚方市,堂山２丁目,15,172,15,172,3,11,12,161,12,161,-,-,-,-,-,-
27210039000039200_大阪府枚方市堂山３丁目,27210,大阪府,枚方市,堂山３丁目,10,134,10,134,3,21,7,113,7,113,-,-,-,-,-,-
27210021400021400_大阪府枚方市堂山東町,27210,大阪府,枚方市,堂山東町,15,265,15,265,-,-,15,265,15,265,-,-,-,-,-,-
27210035600035600_大阪府枚方市南船橋１丁目,27210,大阪府,枚方市,南船橋１丁目,8,96,7,25,4,5,3,20,2,13,1,7,-,-,1,71
27210035600035700_大阪府枚方市南船橋２丁目,27210,大阪府,枚方市,南船橋２丁目,11,53,11,53,5,29,6,24,6,24,-,-,-,-,-,-
27210035300035300_大阪府枚方市南中振１丁目,27210,大阪府,枚方市,南中振１丁目,45,275,44,251,7,9,36,241,32,199,4,42,1,1,1,24
27210035300035400_大阪府枚方市南中振２丁目,27210,大阪府,枚方市,南中振２丁目,47,339,47,339,15,36,32,303,31,274,1,29,-,-,-,-
27210035300035500_大阪府枚方市南中振３丁目,27210,大阪府,枚方市,南中振３丁目,44,"1,009",42,995,-,-,42,995,39,902,3,93,-,-,2,14
27210035100035100_大阪府枚方市南楠葉１丁目,27210,大阪府,枚方市,南楠葉１丁目,172,"1,064",171,"1,019",99,318,71,700,67,605,4,95,1,1,1,45
27210035100035200_大阪府枚方市南楠葉２丁目,27210,大阪府,枚方市,南楠葉２丁目,20,138,17,94,7,18,10,76,8,58,2,18,-,-,3,44
27210008800008800_大阪府枚方市楠葉花園町,27210,大阪府,枚方市,楠葉花園町,310,"4,664",310,"4,664",31,194,279,"4,470",269,"3,940",10,530,-,-,-,-
27210007800007800_大阪府枚方市楠葉丘１丁目,27210,大阪府,枚方市,楠葉丘１丁目,17,96,17,96,8,13,9,83,7,43,2,40,-,-,-,-
27210007800007900_大阪府枚方市楠葉丘２丁目,27210,大阪府,枚方市,楠葉丘２丁目,9,45,8,37,1,1,7,36,6,35,1,1,-,-,1,8
27210008200008200_大阪府枚方市楠葉中町,27210,大阪府,枚方市,楠葉中町,29,93,29,93,15,42,14,51,11,47,3,4,-,-,-,-
27210008000008000_大阪府枚方市楠葉中之芝１丁目,27210,大阪府,枚方市,楠葉中之芝１丁目,4,8,4,8,1,1,3,7,2,4,1,3,-,-,-,-
27210008000008100_大阪府枚方市楠葉中之芝２丁目,27210,大阪府,枚方市,楠葉中之芝２丁目,10,234,10,234,2,36,8,198,7,196,1,2,-,-,-,-
27210007500007500_大阪府枚方市楠葉朝日１丁目,27210,大阪府,枚方市,楠葉朝日１丁目,40,405,40,405,18,38,22,367,19,276,3,91,-,-,-,-
27210007500007600_大阪府枚方市楠葉朝日２丁目,27210,大阪府,枚方市,楠葉朝日２丁目,45,528,45,528,17,68,28,460,28,460,-,-,-,-,-,-
27210007500007700_大阪府枚方市楠葉朝日３丁目,27210,大阪府,枚方市,楠葉朝日３丁目,28,276,28,276,14,122,14,154,12,78,2,76,-,-,-,-
27210008900008900_大阪府枚方市楠葉美咲１丁目,27210,大阪府,枚方市,楠葉美咲１丁目,8,26,6,8,4,5,2,3,2,3,-,-,-,-,2,18
27210008900009000_大阪府枚方市楠葉美咲２丁目,27210,大阪府,枚方市,楠葉美咲２丁目,5,11,5,11,1,1,4,10,4,10,-,-,-,-,-,-
27210008900009100_大阪府枚方市楠葉美咲３丁目,27210,大阪府,枚方市,楠葉美咲３丁目,21,428,21,428,5,16,16,412,15,371,1,41,-,-,-,-
27210008300008300_大阪府枚方市楠葉並木１丁目,27210,大阪府,枚方市,楠葉並木１丁目,39,199,37,180,16,60,21,120,20,119,1,1,-,-,2,19
27210008300008400_大阪府枚方市楠葉並木２丁目,27210,大阪府,枚方市,楠葉並木２丁目,112,948,108,894,34,145,74,749,67,666,7,83,-,-,4,54
27210009200009200_大阪府枚方市楠葉面取町,27210,大阪府,枚方市,楠葉面取町,5,6,5,6,1,1,4,5,3,3,1,2,-,-,-,-
27210009200009300_大阪府枚方市楠葉面取町１丁目,27210,大阪府,枚方市,楠葉面取町１丁目,2,3,2,3,1,2,1,1,1,1,-,-,-,-,-,-
27210009200009400_大阪府枚方市楠葉面取町２丁目,27210,大阪府,枚方市,楠葉面取町２丁目,3,4,3,4,-,-,3,4,2,3,1,1,-,-,-,-
27210008500008500_大阪府枚方市楠葉野田１丁目,27210,大阪府,枚方市,楠葉野田１丁目,21,103,21,103,9,26,12,77,10,68,2,9,-,-,-,-
27210008500008600_大阪府枚方市楠葉野田２丁目,27210,大阪府,枚方市,楠葉野田２丁目,8,23,8,23,5,8,3,15,2,14,1,1,-,-,-,-
27210008500008700_大阪府枚方市楠葉野田３丁目,27210,大阪府,枚方市,楠葉野田３丁目,8,40,6,23,1,6,5,17,4,9,1,8,-,-,2,17
27210031000031000_大阪府枚方市樋之上町,27210,大阪府,枚方市,樋之上町,10,101,10,101,4,7,6,94,5,38,1,56,-,-,-,-
27210031100031100_大阪府枚方市氷室台１丁目,27210,大阪府,枚方市,氷室台１丁目,23,90,23,90,8,20,14,68,12,56,2,12,1,2,-,-
27210005800005800_大阪府枚方市片鉾東町,27210,大阪府,枚方市,片鉾東町,8,29,8,29,4,7,4,22,4,22,-,-,-,-,-,-
27210005900005900_大阪府枚方市片鉾本町,27210,大阪府,枚方市,片鉾本町,22,105,22,105,12,23,10,82,7,41,3,41,-,-,-,-
27210033500033600_大阪府枚方市穂谷１丁目,27210,大阪府,枚方市,穂谷１丁目,-,-,-,-,-,-,-,-,-,-,-,-,-,-,-,-
27210033500033700_大阪府枚方市穂谷２丁目,27210,大阪府,枚方市,穂谷２丁目,2,14,2,14,-,-,2,14,1,13,1,1,-,-,-,-
27210033500033800_大阪府枚方市穂谷３丁目,27210,大阪府,枚方市,穂谷３丁目,4,8,4,8,-,-,4,8,2,4,2,4,-,-,-,-
27210033500033900_大阪府枚方市穂谷４丁目,27210,大阪府,枚方市,穂谷４丁目,-,-,-,-,-,-,-,-,-,-,-,-,-,-,-,-
27210007200007200_大阪府枚方市北山１丁目,27210,大阪府,枚方市,北山１丁目,97,"1,670",95,"1,621",8,22,87,"1,599",85,"1,380",2,219,-,-,2,49
27210007100007100_大阪府枚方市北船橋町,27210,大阪府,枚方市,北船橋町,9,82,9,82,4,12,5,70,5,70,-,-,-,-,-,-
27210006700006700_大阪府枚方市北中振１丁目,27210,大阪府,枚方市,北中振１丁目,62,263,62,263,28,58,34,205,29,153,5,52,-,-,-,-
27210006700006800_大阪府枚方市北中振２丁目,27210,大阪府,枚方市,北中振２丁目,17,243,13,148,2,7,11,141,8,83,3,58,-,-,4,95
27210006700006900_大阪府枚方市北中振３丁目,27210,大阪府,枚方市,北中振３丁目,124,830,123,819,73,304,50,515,45,335,5,180,-,-,1,11
27210006700007000_大阪府枚方市北中振４丁目,27210,大阪府,枚方市,北中振４丁目,16,223,16,223,5,28,11,195,10,139,1,56,-,-,-,-
27210006600006600_大阪府枚方市北楠葉町,27210,大阪府,枚方市,北楠葉町,9,56,9,56,3,8,6,48,5,25,1,23,-,-,-,-
27210006500006500_大阪府枚方市北片鉾町,27210,大阪府,枚方市,北片鉾町,9,26,9,26,4,9,5,17,5,17,-,-,-,-,-,-
27210034400034400_大阪府枚方市牧野下島町,27210,大阪府,枚方市,牧野下島町,76,246,76,246,59,130,17,116,12,62,5,54,-,-,-,-
27210034100034100_大阪府枚方市牧野阪１丁目,27210,大阪府,枚方市,牧野阪１丁目,39,425,39,425,19,81,20,344,17,322,3,22,-,-,-,-
27210034100034200_大阪府枚方市牧野阪２丁目,27210,大阪府,枚方市,牧野阪２丁目,65,396,65,396,35,113,30,283,25,196,5,87,-,-,-,-
27210034100034300_大阪府枚方市牧野阪３丁目,27210,大阪府,枚方市,牧野阪３丁目,3,5,3,5,3,5,-,-,-,-,-,-,-,-,-,-
27210034000034000_大阪府枚方市牧野北町,27210,大阪府,枚方市,牧野北町,21,482,21,482,4,14,17,468,15,386,2,82,-,-,-,-
27210034500034500_大阪府枚方市牧野本町１丁目,27210,大阪府,枚方市,牧野本町１丁目,55,339,53,259,31,82,22,177,18,120,4,57,-,-,2,80
27210034500034600_大阪府枚方市牧野本町２丁目,27210,大阪府,枚方市,牧野本町２丁目,48,125,48,125,35,78,13,47,13,47,-,-,-,-,-,-
27210031400031400_大阪府枚方市枚方元町,27210,大阪府,枚方市,枚方元町,17,119,17,119,3,11,13,107,9,94,4,13,1,1,-,-
27210031300031300_大阪府枚方市枚方公園町,27210,大阪府,枚方市,枚方公園町,10,256,10,256,-,-,10,256,10,256,-,-,-,-,-,-
27210031200031200_大阪府枚方市枚方上之町,27210,大阪府,枚方市,枚方上之町,10,69,6,12,3,4,3,8,2,4,1,4,-,-,4,57
27210029100029100_大阪府枚方市野村元町,27210,大阪府,枚方市,野村元町,14,136,14,136,2,7,12,129,8,111,4,18,-,-,-,-
27210028900028900_大阪府枚方市野村中町,27210,大阪府,枚方市,野村中町,40,544,40,544,16,59,24,485,24,485,-,-,-,-,-,-
27210029000029000_大阪府枚方市野村南町,27210,大阪府,枚方市,野村南町,-,-,-,-,-,-,-,-,-,-,-,-,-,-,-,-
27210028800028800_大阪府枚方市野村北町,27210,大阪府,枚方市,野村北町,4,38,4,38,2,5,2,33,2,33,-,-,-,-,-,-
27210037500037500_大阪府枚方市養父丘１丁目,27210,大阪府,枚方市,養父丘１丁目,41,283,41,283,22,42,19,241,19,241,-,-,-,-,-,-
27210037500037600_大阪府枚方市養父丘２丁目,27210,大阪府,枚方市,養父丘２丁目,30,134,28,121,17,33,11,88,11,88,-,-,-,-,2,13
27210037400037400_大阪府枚方市養父元町,27210,大阪府,枚方市,養父元町,31,177,31,177,16,41,15,136,13,115,2,21,-,-,-,-
27210037200037200_大阪府枚方市養父西町,27210,大阪府,枚方市,養父西町,40,321,40,321,14,31,26,290,19,139,7,151,-,-,-,-
27210037300037300_大阪府枚方市養父東町,27210,大阪府,枚方市,養父東町,43,"1,013",42,"1,005",5,17,37,988,28,413,9,575,-,-,1,8
27210002400002600_大阪府枚方市大字磯島,27210,大阪府,枚方市,大字磯島,-,-,-,-,-,-,-,-,-,-,-,-,-,-,-,-
27210003900004000_大阪府枚方市大字岡,27210,大阪府,枚方市,大字岡,3,54,2,50,-,-,2,50,2,50,-,-,-,-,1,4
27210002900003000_大阪府枚方市大字下島,27210,大阪府,枚方市,大字下島,-,-,-,-,-,-,-,-,-,-,-,-,-,-,-,-
27210013400013400_大阪府枚方市大字渚,27210,大阪府,枚方市,大字渚,-,-,-,-,-,-,-,-,-,-,-,-,-,-,-,-
27210037300037500_大阪府枚方市大字楠葉,27210,大阪府,枚方市,大字楠葉,3,95,3,95,-,-,3,95,3,95,-,-,-,-,-,-
27210999999999999_大阪府枚方市その他,27210,大阪府,枚方市,その他,-,-,-,-,-,-,-,-,-,-,-,-,-,-,-,-
27211_大阪府茨木市,27211,大阪府,茨木市,,"9,128","114,817","8,945","107,328","2,704","8,534","6,186","98,583","5,454","79,509",732,"19,074",55,211,183,"7,489"
27211023300023300_大阪府茨木市三咲町,27211,大阪府,茨木市,三咲町,14,268,14,268,-,-,14,268,14,268,-,-,-,-,-,-
27211023500023500_大阪府茨木市三島丘１丁目,27211,大阪府,茨木市,三島丘１丁目,25,380,25,380,5,15,20,365,18,346,2,19,-,-,-,-
27211023500023600_大阪府茨木市三島丘２丁目,27211,大阪府,茨木市,三島丘２丁目,27,109,27,109,12,43,15,66,14,48,1,18,-,-,-,-
27211023700023700_大阪府茨木市三島町,27211,大阪府,茨木市,三島町,27,201,25,140,15,50,10,90,7,39,3,51,-,-,2,61
27211001500001500_大阪府茨木市五日市１丁目,27211,大阪府,茨木市,五日市１丁目,38,"1,267",38,"1,267",-,-,38,"1,267",35,"1,239",3,28,-,-,-,-
27211001500001600_大阪府茨木市五日市２丁目,27211,大阪府,茨木市,五日市２丁目,5,18,5,18,1,1,4,17,3,16,1,1,-,-,-,-
27211001700001700_大阪府茨木市五日市緑町,27211,大阪府,茨木市,五日市緑町,14,130,14,130,-,-,14,130,14,130,-,-,-,-,-,-
27211015500015500_大阪府茨木市十日市町,27211,大阪府,茨木市,十日市町,19,122,17,105,3,19,14,86,13,83,1,3,-,-,2,17
27211001300001300_大阪府茨木市五十鈴町,27211,大阪府,茨木市,五十鈴町,44,157,44,157,23,58,21,99,19,90,2,9,-,-,-,-
27211000700000700_大阪府茨木市鮎川１丁目,27211,大阪府,茨木市,鮎川１丁目,31,190,30,187,14,35,16,152,14,147,2,5,-,-,1,3
27211000700000800_大阪府茨木市鮎川２丁目,27211,大阪府,茨木市,鮎川２丁目,30,205,28,165,11,19,16,137,14,91,2,46,1,9,2,40
27211000700000900_大阪府茨木市鮎川３丁目,27211,大阪府,茨木市,鮎川３丁目,15,187,15,187,6,10,9,177,6,150,3,27,-,-,-,-
27211000700001000_大阪府茨木市鮎川４丁目,27211,大阪府,茨木市,鮎川４丁目,36,207,36,207,9,13,27,194,23,155,4,39,-,-,-,-
27211000700001100_大阪府茨木市鮎川５丁目,27211,大阪府,茨木市,鮎川５丁目,23,535,23,535,3,18,20,517,19,477,1,40,-,-,-,-
27211000100000200_大阪府茨木市安威１丁目,27211,大阪府,茨木市,安威１丁目,12,85,12,85,2,5,9,77,8,45,1,32,1,3,-,-
27211000100000300_大阪府茨木市安威２丁目,27211,大阪府,茨木市,安威２丁目,22,259,19,224,7,23,12,201,8,77,4,124,-,-,3,35
27211000100000400_大阪府茨木市安威３丁目,27211,大阪府,茨木市,安威３丁目,12,29,12,29,2,6,10,23,8,16,2,7,-,-,-,-
27211000100000500_大阪府茨木市安威４丁目,27211,大阪府,茨木市,安威４丁目,3,40,3,40,-,-,3,40,1,27,2,13,-,-,-,-
27211029700030100_大阪府茨木市井口台,27211,大阪府,茨木市,井口台,6,30,6,30,-,-,6,30,6,30,-,-,-,-,-,-
27211001800001800_大阪府茨木市稲葉町,27211,大阪府,茨木市,稲葉町,51,327,51,327,28,88,21,236,17,173,4,63,2,3,-,-
27211002300002300_大阪府茨木市宇野辺１丁目,27211,大阪府,茨木市,宇野辺１丁目,37,798,37,798,5,7,32,791,32,791,-,-,-,-,-,-
27211002300002400_大阪府茨木市宇野辺２丁目,27211,大阪府,茨木市,宇野辺２丁目,63,516,63,516,19,36,44,480,43,479,1,1,-,-,-,-
27211002100002100_大阪府茨木市丑寅１丁目,27211,大阪府,茨木市,丑寅１丁目,15,430,15,430,-,-,15,430,15,430,-,-,-,-,-,-
27211002100002200_大阪府茨木市丑寅２丁目,27211,大阪府,茨木市,丑寅２丁目,32,403,32,403,8,12,24,391,13,226,11,165,-,-,-,-
27211002500002500_大阪府茨木市永代町,27211,大阪府,茨木市,永代町,243,"1,973",243,"1,973",99,373,144,"1,600",137,"1,476",7,124,-,-,-,-
27211002600002600_大阪府茨木市駅前１丁目,27211,大阪府,茨木市,駅前１丁目,85,677,85,677,32,99,52,578,45,478,7,100,1,-,-,-
27211002600002700_大阪府茨木市駅前２丁目,27211,大阪府,茨木市,駅前２丁目,46,452,46,452,26,108,19,343,18,338,1,5,1,1,-,-
27211002600002800_大阪府茨木市駅前３丁目,27211,大阪府,茨木市,駅前３丁目,84,"1,894",76,672,23,95,47,563,40,517,7,46,6,14,8,"1,222"
27211002600002900_大阪府茨木市駅前４丁目,27211,大阪府,茨木市,駅前４丁目,44,502,37,317,16,37,21,280,15,194,6,86,-,-,7,185
27211013600013600_大阪府茨木市園田町,27211,大阪府,茨木市,園田町,57,216,57,216,38,85,19,131,17,77,2,54,-,-,-,-
27211028200028200_大阪府茨木市横江１丁目,27211,大阪府,茨木市,横江１丁目,74,"1,414",74,"1,414",3,7,71,"1,407",71,"1,407",-,-,-,-,-,-
27211028200028300_大阪府茨木市横江２丁目,27211,大阪府,茨木市,横江２丁目,86,"2,388",86,"2,388",4,10,82,"2,378",79,"2,315",3,63,-,-,-,-
27211009700009700_大阪府茨木市下井町,27211,大阪府,茨木市,下井町,25,260,24,231,10,20,14,211,14,211,-,-,-,-,1,29
27211009900009900_大阪府茨木市下中条町,27211,大阪府,茨木市,下中条町,52,232,52,232,27,63,25,169,22,128,3,41,-,-,-,-
27211010000010000_大阪府茨木市下穂積１丁目,27211,大阪府,茨木市,下穂積１丁目,51,"1,381",49,"1,310",16,72,31,"1,232",28,"1,221",3,11,2,6,2,71
27211010000010100_大阪府茨木市下穂積２丁目,27211,大阪府,茨木市,下穂積２丁目,35,299,33,253,12,45,21,208,18,177,3,31,-,-,2,46
27211010000010200_大阪府茨木市下穂積３丁目,27211,大阪府,茨木市,下穂積３丁目,34,223,33,220,15,44,18,176,15,86,3,90,-,-,1,3
27211010000010300_大阪府茨木市下穂積４丁目,27211,大阪府,茨木市,下穂積４丁目,27,123,27,123,9,22,18,101,17,99,1,2,-,-,-,-
27211019700019700_大阪府茨木市花園１丁目,27211,大阪府,茨木市,花園１丁目,6,136,3,31,-,-,3,31,3,31,-,-,-,-,3,105
27211019700019800_大阪府茨木市花園２丁目,27211,大阪府,茨木市,花園２丁目,14,483,14,483,5,6,9,477,8,83,1,394,-,-,-,-
27211005700005700_大阪府茨木市学園町,27211,大阪府,茨木市,学園町,9,83,8,51,2,2,5,48,3,15,2,33,1,1,1,32
27211005800005800_大阪府茨木市学園南町,27211,大阪府,茨木市,学園南町,24,337,22,283,7,12,15,271,14,261,1,10,-,-,2,54
27211001900001900_大阪府茨木市岩倉町,27211,大阪府,茨木市,岩倉町,17,"1,220",17,"1,220",1,2,16,"1,218",11,425,5,793,-,-,-,-
27211026700026700_大阪府茨木市宮元町,27211,大阪府,茨木市,宮元町,32,257,31,199,10,25,21,174,16,145,5,29,-,-,1,58
27211026400026400_大阪府茨木市宮島１丁目,27211,大阪府,茨木市,宮島１丁目,160,"2,663",158,"2,634",8,26,149,"2,606",143,"2,553",6,53,1,2,2,29
27211026400026500_大阪府茨木市宮島２丁目,27211,大阪府,茨木市,宮島２丁目,83,"2,785",83,"2,785",-,-,83,"2,785",82,"2,740",1,45,-,-,-,-
27211026400026600_大阪府茨木市宮島３丁目,27211,大阪府,茨木市,宮島３丁目,19,307,18,296,-,-,18,296,18,296,-,-,-,-,1,11
27211019300019300_大阪府茨木市橋の内１丁目,27211,大阪府,茨木市,橋の内１丁目,15,30,15,30,10,15,5,15,4,14,1,1,-,-,-,-
27211019300019400_大阪府茨木市橋の内２丁目,27211,大阪府,茨木市,橋の内２丁目,32,180,32,180,17,48,15,132,10,102,5,30,-,-,-,-
27211019300019500_大阪府茨木市橋の内３丁目,27211,大阪府,茨木市,橋の内３丁目,15,75,15,75,10,17,5,58,3,53,2,5,-,-,-,-
27211014200014200_大阪府茨木市玉櫛１丁目,27211,大阪府,茨木市,玉櫛１丁目,22,152,22,152,7,10,15,142,11,57,4,85,-,-,-,-
27211014200014300_大阪府茨木市玉櫛２丁目,27211,大阪府,茨木市,玉櫛２丁目,67,467,67,467,33,110,34,357,26,149,8,208,-,-,-,-
27211014800014800_大阪府茨木市玉水町,27211,大阪府,茨木市,玉水町,7,51,7,51,2,9,5,42,3,38,2,4,-,-,-,-
27211014700014700_大阪府茨木市玉瀬町,27211,大阪府,茨木市,玉瀬町,34,65,34,65,17,24,17,41,16,38,1,3,-,-,-,-
27211014400014400_大阪府茨木市玉島１丁目,27211,大阪府,茨木市,玉島１丁目,9,193,9,193,-,-,9,193,7,150,2,43,-,-,-,-
27211014400014500_大阪府茨木市玉島２丁目,27211,大阪府,茨木市,玉島２丁目,13,151,11,88,1,4,10,84,8,58,2,26,-,-,2,63
27211014600014600_大阪府茨木市玉島台,27211,大阪府,茨木市,玉島台,5,82,4,11,1,4,3,7,3,7,-,-,-,-,1,71
27211006900006900_大阪府茨木市桑田町,27211,大阪府,茨木市,桑田町,15,210,15,210,4,8,10,201,4,104,6,97,1,1,-,-
27211007100007100_大阪府茨木市郡１丁目,27211,大阪府,茨木市,郡１丁目,1,1,1,1,-,-,1,1,1,1,-,-,-,-,-,-
27211007100007200_大阪府茨木市郡２丁目,27211,大阪府,茨木市,郡２丁目,-,-,-,-,-,-,-,-,-,-,-,-,-,-,-,-
27211007100007300_大阪府茨木市郡３丁目,27211,大阪府,茨木市,郡３丁目,22,53,22,53,10,14,12,39,8,35,4,4,-,-,-,-
27211007100007400_大阪府茨木市郡４丁目,27211,大阪府,茨木市,郡４丁目,44,478,44,478,12,22,32,456,31,438,1,18,-,-,-,-
27211007100007500_大阪府茨木市郡５丁目,27211,大阪府,茨木市,郡５丁目,34,357,31,252,11,36,19,215,18,200,1,15,1,1,3,105
27211007600007600_大阪府茨木市郡山１丁目,27211,大阪府,茨木市,郡山１丁目,3,75,2,3,-,-,2,3,2,3,-,-,-,-,1,72
27211007600007700_大阪府茨木市郡山２丁目,27211,大阪府,茨木市,郡山２丁目,19,56,18,49,10,21,8,28,6,25,2,3,-,-,1,7
27211024200024200_大阪府茨木市見付山１丁目,27211,大阪府,茨木市,見付山１丁目,32,327,32,327,9,26,23,301,10,52,13,249,-,-,-,-
27211024200024300_大阪府茨木市見付山２丁目,27211,大阪府,茨木市,見付山２丁目,19,"1,014",18,938,7,48,11,890,8,87,3,803,-,-,1,76
27211027300027300_大阪府茨木市元町,27211,大阪府,茨木市,元町,115,730,114,629,57,171,57,458,48,339,9,119,-,-,1,101
27211015600015600_大阪府茨木市戸伏町,27211,大阪府,茨木市,戸伏町,22,56,22,56,15,17,7,39,5,7,2,32,-,-,-,-
27211013800013800_大阪府茨木市高田町,27211,大阪府,茨木市,高田町,36,"1,303",36,"1,303",14,28,22,"1,275",18,296,4,979,-,-,-,-
27211013900013900_大阪府茨木市高浜町,27211,大阪府,茨木市,高浜町,25,555,25,555,1,15,24,540,23,539,1,1,-,-,-,-
27211400100400100_大阪府茨木市彩都あかね,27211,大阪府,茨木市,彩都あかね,17,659,17,659,-,-,17,659,16,652,1,7,-,-,-,-
27211028900028900_大阪府茨木市彩都あさぎ１丁目,27211,大阪府,茨木市,彩都あさぎ１丁目,40,395,40,395,6,34,33,360,29,296,4,64,1,1,-,-
27211028900029000_大阪府茨木市彩都あさぎ２丁目,27211,大阪府,茨木市,彩都あさぎ２丁目,9,20,9,20,3,8,6,12,6,12,-,-,-,-,-,-
27211028900029100_大阪府茨木市彩都あさぎ３丁目,27211,大阪府,茨木市,彩都あさぎ３丁目,5,23,5,23,4,11,1,12,1,12,-,-,-,-,-,-
27211028900029200_大阪府茨木市彩都あさぎ４丁目,27211,大阪府,茨木市,彩都あさぎ４丁目,8,115,7,72,1,5,6,67,2,10,4,57,-,-,1,43
27211028900029300_大阪府茨木市彩都あさぎ５丁目,27211,大阪府,茨木市,彩都あさぎ５丁目,9,195,7,128,3,15,4,113,2,33,2,80,-,-,2,67
27211028900029400_大阪府茨木市彩都あさぎ６丁目,27211,大阪府,茨木市,彩都あさぎ６丁目,3,16,3,16,-,-,3,16,3,16,-,-,-,-,-,-
27211028900029500_大阪府茨木市彩都あさぎ７丁目,27211,大阪府,茨木市,彩都あさぎ７丁目,43,"1,438",43,"1,438",-,-,43,"1,438",36,726,7,712,-,-,-,-
27211029600029600_大阪府茨木市彩都やまぶき１丁目,27211,大阪府,茨木市,彩都やまぶき１丁目,4,81,4,81,-,-,4,81,4,81,-,-,-,-,-,-
27211029600029700_大阪府茨木市彩都やまぶき２丁目,27211,大阪府,茨木市,彩都やまぶき２丁目,9,311,9,311,-,-,9,311,7,300,2,11,-,-,-,-
27211029600029800_大阪府茨木市彩都やまぶき３丁目,27211,大阪府,茨木市,彩都やまぶき３丁目,1,3,1,3,-,-,1,3,1,3,-,-,-,-,-,-
27211029600029900_大阪府茨木市彩都やまぶき４丁目,27211,大阪府,茨木市,彩都やまぶき４丁目,-,-,-,-,-,-,-,-,-,-,-,-,-,-,-,-
27211029600030000_大阪府茨木市彩都やまぶき５丁目,27211,大阪府,茨木市,彩都やまぶき５丁目,6,93,6,93,-,-,6,93,6,93,-,-,-,-,-,-
27211027500027500_大阪府茨木市山手台１丁目,27211,大阪府,茨木市,山手台１丁目,2,44,1,11,-,-,1,11,1,11,-,-,-,-,1,33
27211027500027600_大阪府茨木市山手台２丁目,27211,大阪府,茨木市,山手台２丁目,7,38,6,15,-,-,6,15,6,15,-,-,-,-,1,23
27211027500027700_大阪府茨木市山手台３丁目,27211,大阪府,茨木市,山手台３丁目,16,265,16,265,4,16,11,248,8,195,3,53,1,1,-,-
27211027500027800_大阪府茨木市山手台４丁目,27211,大阪府,茨木市,山手台４丁目,3,67,1,6,-,-,1,6,1,6,-,-,-,-,2,61
27211027500027900_大阪府茨木市山手台５丁目,27211,大阪府,茨木市,山手台５丁目,5,23,5,23,1,1,4,22,4,22,-,-,-,-,-,-
27211027500028000_大阪府茨木市山手台６丁目,27211,大阪府,茨木市,山手台６丁目,4,13,4,13,-,-,4,13,4,13,-,-,-,-,-,-
27211027500028100_大阪府茨木市山手台７丁目,27211,大阪府,茨木市,山手台７丁目,9,67,9,67,-,-,9,67,9,67,-,-,-,-,-,-
27211029800030200_大阪府茨木市山手台新町１丁目,27211,大阪府,茨木市,山手台新町１丁目,2,7,2,7,-,-,2,7,2,7,-,-,-,-,-,-
27211029800030300_大阪府茨木市山手台新町２丁目,27211,大阪府,茨木市,山手台新町２丁目,-,-,-,-,-,-,-,-,-,-,-,-,-,-,-,-
27211029800030400_大阪府茨木市山手台新町３丁目,27211,大阪府,茨木市,山手台新町３丁目,-,-,-,-,-,-,-,-,-,-,-,-,-,-,-,-
27211029800030500_大阪府茨木市山手台東町,27211,大阪府,茨木市,山手台東町,-,-,-,-,-,-,-,-,-,-,-,-,-,-,-,-
27211009600009600_大阪府茨木市紫明園,27211,大阪府,茨木市,紫明園,17,168,16,99,2,8,14,91,14,91,-,-,-,-,1,69
27211015100015100_大阪府茨木市寺田町,27211,大阪府,茨木市,寺田町,45,305,45,305,22,86,23,219,19,185,4,34,-,-,-,-
27211026000026000_大阪府茨木市耳原１丁目,27211,大阪府,茨木市,耳原１丁目,18,71,18,71,4,13,14,58,13,49,1,9,-,-,-,-
27211026000026100_大阪府茨木市耳原２丁目,27211,大阪府,茨木市,耳原２丁目,34,235,32,167,18,47,14,120,12,96,2,24,-,-,2,68
27211026000026200_大阪府茨木市耳原３丁目,27211,大阪府,茨木市,耳原３丁目,15,61,15,61,7,19,8,42,6,39,2,3,-,-,-,-
27211026800026800_大阪府茨木市室山１丁目,27211,大阪府,茨木市,室山１丁目,8,38,8,38,-,-,7,26,4,19,3,7,1,12,-,-
27211026800026900_大阪府茨木市室山２丁目,27211,大阪府,茨木市,室山２丁目,9,353,9,353,1,5,7,347,5,185,2,162,1,1,-,-
27211028500028500_大阪府茨木市若園町,27211,大阪府,茨木市,若園町,41,404,40,341,11,38,29,303,28,297,1,6,-,-,1,63
27211028400028400_大阪府茨木市若草町,27211,大阪府,茨木市,若草町,28,163,28,163,4,8,24,155,24,155,-,-,-,-,-,-
27211001200001200_大阪府茨木市主原町,27211,大阪府,茨木市,主原町,35,141,35,141,16,27,19,114,16,100,3,14,-,-,-,-
27211022300022300_大阪府茨木市舟木町,27211,大阪府,茨木市,舟木町,164,"1,054",164,"1,054",62,166,101,887,88,712,13,175,1,1,-,-
27211010500010700_大阪府茨木市宿久庄１丁目,27211,大阪府,茨木市,宿久庄１丁目,9,43,9,43,3,5,6,38,4,33,2,5,-,-,-,-
27211010500010800_大阪府茨木市宿久庄２丁目,27211,大阪府,茨木市,宿久庄２丁目,14,888,14,888,-,-,14,888,11,482,3,406,-,-,-,-
27211010500010900_大阪府茨木市宿久庄３丁目,27211,大阪府,茨木市,宿久庄３丁目,11,108,11,108,4,7,7,101,7,101,-,-,-,-,-,-
27211010500011000_大阪府茨木市宿久庄４丁目,27211,大阪府,茨木市,宿久庄４丁目,18,91,18,91,3,3,15,88,13,77,2,11,-,-,-,-
27211010500011100_大阪府茨木市宿久庄５丁目,27211,大阪府,茨木市,宿久庄５丁目,5,41,3,6,1,1,2,5,2,5,-,-,-,-,2,35
27211010500011200_大阪府茨木市宿久庄６丁目,27211,大阪府,茨木市,宿久庄６丁目,2,50,2,50,-,-,2,50,1,49,1,1,-,-,-,-
27211010500011300_大阪府茨木市宿久庄７丁目,27211,大阪府,茨木市,宿久庄７丁目,6,319,6,319,-,-,6,319,3,51,3,268,-,-,-,-
27211010400010400_大阪府茨木市宿川原町,27211,大阪府,茨木市,宿川原町,27,309,27,309,4,47,23,262,20,257,3,5,-,-,-,-
27211003900003900_大阪府茨木市春日１丁目,27211,大阪府,茨木市,春日１丁目,139,807,139,807,82,258,57,549,48,400,9,149,-,-,-,-
27211003900004000_大阪府茨木市春日２丁目,27211,大阪府,茨木市,春日２丁目,38,566,37,455,16,72,20,380,17,346,3,34,1,3,1,111
27211003900004100_大阪府茨木市春日３丁目,27211,大阪府,茨木市,春日３丁目,44,395,42,333,19,60,22,259,15,94,7,165,1,14,2,62
27211003900004200_大阪府茨木市春日４丁目,27211,大阪府,茨木市,春日４丁目,25,163,25,163,9,12,16,151,15,135,1,16,-,-,-,-
27211003900004300_大阪府茨木市春日５丁目,27211,大阪府,茨木市,春日５丁目,19,222,16,56,8,11,8,45,7,33,1,12,-,-,3,166
27211003800003800_大阪府茨木市小川町,27211,大阪府,茨木市,小川町,23,168,23,168,11,55,12,113,8,64,4,49,-,-,-,-
27211007800007800_大阪府茨木市小柳町,27211,大阪府,茨木市,小柳町,52,580,52,580,9,32,43,548,41,541,2,7,-,-,-,-
27211011400011400_大阪府茨木市庄１丁目,27211,大阪府,茨木市,庄１丁目,30,712,30,712,12,35,18,677,14,658,4,19,-,-,-,-
27211011400011500_大阪府茨木市庄２丁目,27211,大阪府,茨木市,庄２丁目,39,459,36,395,14,44,21,350,13,124,8,226,1,1,3,64
27211023100023100_大阪府茨木市松ケ本町,27211,大阪府,茨木市,松ケ本町,176,"2,536",175,"2,523",18,63,157,"2,460",152,"2,393",5,67,-,-,1,13
27211023200023200_大阪府茨木市松下町,27211,大阪府,茨木市,松下町,15,"2,660",15,"2,660",-,-,14,"2,649",14,"2,649",-,-,1,11,-,-
27211004700004700_大阪府茨木市上郡１丁目,27211,大阪府,茨木市,上郡１丁目,23,471,23,471,2,22,21,449,21,449,-,-,-,-,-,-
27211004700004800_大阪府茨木市上郡２丁目,27211,大阪府,茨木市,上郡２丁目,81,"1,605",81,"1,605",24,101,57,"1,504",56,"1,433",1,71,-,-,-,-
27211004500004500_大阪府茨木市上泉町,27211,大阪府,茨木市,上泉町,18,122,18,122,9,22,9,100,8,75,1,25,-,-,-,-
27211004900004900_大阪府茨木市上中条１丁目,27211,大阪府,茨木市,上中条１丁目,49,474,48,306,18,73,28,230,21,163,7,67,2,3,1,168
27211004900005000_大阪府茨木市上中条２丁目,27211,大阪府,茨木市,上中条２丁目,47,301,42,184,21,48,21,136,15,86,6,50,-,-,5,117
27211005100005200_大阪府茨木市上穂積１丁目,27211,大阪府,茨木市,上穂積１丁目,18,275,18,275,2,4,16,271,14,263,2,8,-,-,-,-
27211005100005300_大阪府茨木市上穂積２丁目,27211,大阪府,茨木市,上穂積２丁目,53,437,52,407,9,11,42,395,35,237,7,158,1,1,1,30
27211005100005400_大阪府茨木市上穂積３丁目,27211,大阪府,茨木市,上穂積３丁目,5,25,5,25,1,1,4,24,4,24,-,-,-,-,-,-
27211005100005500_大阪府茨木市上穂積４丁目,27211,大阪府,茨木市,上穂積４丁目,40,329,40,329,5,7,35,322,34,311,1,11,-,-,-,-
27211005600005600_大阪府茨木市上穂東町,27211,大阪府,茨木市,上穂東町,22,351,21,288,3,7,17,280,14,225,3,55,1,1,1,63
27211002000002000_大阪府茨木市上野町,27211,大阪府,茨木市,上野町,35,150,35,150,14,23,21,127,19,118,2,9,-,-,-,-
27211012000012000_大阪府茨木市城の前町,27211,大阪府,茨木市,城の前町,32,617,31,594,-,-,31,594,30,593,1,1,-,-,1,23
27211012100012100_大阪府茨木市新郡山１丁目,27211,大阪府,茨木市,新郡山１丁目,-,-,-,-,-,-,-,-,-,-,-,-,-,-,-,-
27211012100012200_大阪府茨木市新郡山２丁目,27211,大阪府,茨木市,新郡山２丁目,26,276,24,226,10,26,14,200,12,119,2,81,-,-,2,50
27211012300012300_大阪府茨木市新庄町,27211,大阪府,茨木市,新庄町,36,374,35,286,18,43,17,243,15,138,2,105,-,-,1,88
27211012400012400_大阪府茨木市新中条町,27211,大阪府,茨木市,新中条町,28,463,26,388,12,88,14,300,14,300,-,-,-,-,2,75
27211012500012500_大阪府茨木市新堂１丁目,27211,大阪府,茨木市,新堂１丁目,21,243,21,243,5,31,16,212,16,212,-,-,-,-,-,-
27211012500012600_大阪府茨木市新堂２丁目,27211,大阪府,茨木市,新堂２丁目,7,95,7,95,1,1,6,94,6,94,-,-,-,-,-,-
27211012500012700_大阪府茨木市新堂３丁目,27211,大阪府,茨木市,新堂３丁目,24,138,24,138,8,10,16,128,16,128,-,-,-,-,-,-
27211012800012800_大阪府茨木市新和町,27211,大阪府,茨木市,新和町,36,375,34,308,9,19,24,288,22,255,2,33,1,1,2,67
27211022800022800_大阪府茨木市真砂１丁目,27211,大阪府,茨木市,真砂１丁目,104,710,104,710,33,123,71,587,66,542,5,45,-,-,-,-
27211022800022900_大阪府茨木市真砂２丁目,27211,大阪府,茨木市,真砂２丁目,64,480,63,452,12,41,51,411,46,369,5,42,-,-,1,28
27211022800023000_大阪府茨木市真砂３丁目,27211,大阪府,茨木市,真砂３丁目,33,311,33,311,5,21,28,290,25,188,3,102,-,-,-,-
27211029900030600_大阪府茨木市真砂玉島台,27211,大阪府,茨木市,真砂玉島台,15,425,15,425,1,12,14,413,12,368,2,45,-,-,-,-
27211023800023800_大阪府茨木市水尾１丁目,27211,大阪府,茨木市,水尾１丁目,41,249,41,249,18,37,23,212,21,195,2,17,-,-,-,-
27211023800023900_大阪府茨木市水尾２丁目,27211,大阪府,茨木市,水尾２丁目,31,151,31,151,13,47,17,103,15,81,2,22,1,1,-,-
27211023800024000_大阪府茨木市水尾３丁目,27211,大阪府,茨木市,水尾３丁目,44,394,40,307,17,54,22,233,19,171,3,62,1,20,4,87
27211023800024100_大阪府茨木市水尾４丁目,27211,大阪府,茨木市,水尾４丁目,10,100,8,42,1,3,7,39,7,39,-,-,-,-,2,58
27211022500022500_大阪府茨木市星見町,27211,大阪府,茨木市,星見町,31,229,31,229,6,40,25,189,23,141,2,48,-,-,-,-
27211009300009400_大阪府茨木市清水１丁目,27211,大阪府,茨木市,清水１丁目,36,631,36,631,2,6,34,625,27,474,7,151,-,-,-,-
27211009300009500_大阪府茨木市清水２丁目,27211,大阪府,茨木市,清水２丁目,3,65,3,65,-,-,3,65,3,65,-,-,-,-,-,-
27211017400017400_大阪府茨木市西安威１丁目,27211,大阪府,茨木市,西安威１丁目,13,40,13,40,5,6,8,34,8,34,-,-,-,-,-,-
27211017400017500_大阪府茨木市西安威２丁目,27211,大阪府,茨木市,西安威２丁目,8,513,8,513,-,-,7,512,6,78,1,434,1,1,-,-
27211017600017600_大阪府茨木市西駅前町,27211,大阪府,茨木市,西駅前町,256,"2,585",255,"2,580",85,272,169,"2,307",154,"1,817",15,490,1,1,1,5
27211017800017800_大阪府茨木市西河原１丁目,27211,大阪府,茨木市,西河原１丁目,27,149,26,100,13,48,13,52,12,49,1,3,-,-,1,49
27211017800017900_大阪府茨木市西河原２丁目,27211,大阪府,茨木市,西河原２丁目,38,417,37,391,13,33,23,357,20,327,3,30,1,1,1,26
27211017800018000_大阪府茨木市西河原３丁目,27211,大阪府,茨木市,西河原３丁目,2,75,2,75,-,-,2,75,2,75,-,-,-,-,-,-
27211018100018100_大阪府茨木市西河原北町,27211,大阪府,茨木市,西河原北町,14,290,12,258,-,-,11,257,11,257,-,-,1,1,2,32
27211017700017700_大阪府茨木市西太田町,27211,大阪府,茨木市,西太田町,18,146,18,146,7,13,11,133,9,83,2,50,-,-,-,-
27211018300018300_大阪府茨木市西中条町,27211,大阪府,茨木市,西中条町,62,503,62,503,25,95,37,408,31,363,6,45,-,-,-,-
27211018200018200_大阪府茨木市西田中町,27211,大阪府,茨木市,西田中町,24,298,23,242,8,44,15,198,13,192,2,6,-,-,1,56
27211018500018500_大阪府茨木市西福井１丁目,27211,大阪府,茨木市,西福井１丁目,5,40,5,40,1,1,3,14,2,13,1,1,1,25,-,-
27211018500018600_大阪府茨木市西福井２丁目,27211,大阪府,茨木市,西福井２丁目,6,622,6,622,1,2,5,620,4,55,1,565,-,-,-,-
27211018500018700_大阪府茨木市西福井３丁目,27211,大阪府,茨木市,西福井３丁目,18,264,16,165,6,15,10,150,6,110,4,40,-,-,2,99
27211018500018800_大阪府茨木市西福井４丁目,27211,大阪府,茨木市,西福井４丁目,4,205,3,21,-,-,3,21,2,10,1,11,-,-,1,184
27211018900018900_大阪府茨木市西穂積町,27211,大阪府,茨木市,西穂積町,5,158,4,114,-,-,4,114,2,28,2,86,-,-,1,44
27211018400018400_大阪府茨木市西豊川町,27211,大阪府,茨木市,西豊川町,30,933,30,933,-,-,30,933,29,539,1,394,-,-,-,-
27211022200022200_大阪府茨木市双葉町,27211,大阪府,茨木市,双葉町,234,"2,115",234,"2,115",88,359,146,"1,756",131,"1,548",15,208,-,-,-,-
27211013200013200_大阪府茨木市総持寺１丁目,27211,大阪府,茨木市,総持寺１丁目,27,395,26,386,9,20,17,366,7,66,10,300,-,-,1,9
27211013200013300_大阪府茨木市総持寺２丁目,27211,大阪府,茨木市,総持寺２丁目,15,200,13,142,6,9,7,133,4,47,3,86,-,-,2,58
27211013400013400_大阪府茨木市総持寺駅前町,27211,大阪府,茨木市,総持寺駅前町,94,453,94,453,48,159,46,294,41,247,5,47,-,-,-,-
27211013500013500_大阪府茨木市総持寺台,27211,大阪府,茨木市,総持寺台,13,137,13,137,7,15,6,122,5,102,1,20,-,-,-,-
27211006400006400_大阪府茨木市蔵垣内,27211,大阪府,茨木市,蔵垣内,-,-,-,-,-,-,-,-,-,-,-,-,-,-,-,-
27211006400006500_大阪府茨木市蔵垣内１丁目,27211,大阪府,茨木市,蔵垣内１丁目,8,108,8,108,-,-,8,108,8,108,-,-,-,-,-,-
27211006400006600_大阪府茨木市蔵垣内２丁目,27211,大阪府,茨木市,蔵垣内２丁目,15,71,15,71,4,11,11,60,9,57,2,3,-,-,-,-
27211006400006700_大阪府茨木市蔵垣内３丁目,27211,大阪府,茨木市,蔵垣内３丁目,32,260,32,260,5,13,27,247,23,235,4,12,-,-,-,-
27211003400003400_大阪府茨木市太田１丁目,27211,大阪府,茨木市,太田１丁目,21,70,21,70,10,25,11,45,9,39,2,6,-,-,-,-
27211003400003500_大阪府茨木市太田２丁目,27211,大阪府,茨木市,太田２丁目,10,136,8,108,1,1,7,107,7,107,-,-,-,-,2,28
27211003400003600_大阪府茨木市太田３丁目,27211,大阪府,茨木市,太田３丁目,22,209,21,206,6,30,14,175,12,118,2,57,1,1,1,3
27211028600028600_大阪府茨木市太田東芝町,27211,大阪府,茨木市,太田東芝町,13,258,13,258,-,-,13,258,7,37,6,221,-,-,-,-
27211000600000600_大阪府茨木市大字粟生岩阪,27211,大阪府,茨木市,大字粟生岩阪,1,1,1,1,-,-,1,1,-,-,1,1,-,-,-,-
27211000100000100_大阪府茨木市大字安威,27211,大阪府,茨木市,大字安威,1,97,1,97,-,-,1,97,-,-,1,97,-,-,-,-
27211027400027400_大阪府茨木市大字安元,27211,大阪府,茨木市,大字安元,12,121,12,121,3,9,9,112,7,31,2,81,-,-,-,-
27211009800009800_大阪府茨木市大字下音羽,27211,大阪府,茨木市,大字下音羽,7,19,6,18,2,12,4,6,2,4,2,2,-,-,1,1
27211007000007000_大阪府茨木市大字桑原,27211,大阪府,茨木市,大字桑原,12,227,12,227,1,22,11,205,10,203,1,2,-,-,-,-
27211008000008000_大阪府茨木市大字佐保,27211,大阪府,茨木市,大字佐保,24,398,24,398,2,2,22,396,19,393,3,3,-,-,-,-
27211006800006800_大阪府茨木市大字車作,27211,大阪府,茨木市,大字車作,5,25,5,25,2,5,3,20,1,4,2,16,-,-,-,-
27211010500010500_大阪府茨木市大字宿久庄,27211,大阪府,茨木市,大字宿久庄,2,145,2,145,-,-,2,145,2,145,-,-,-,-,-,-
27211028800028800_大阪府茨木市大字小坪井,27211,大阪府,茨木市,大字小坪井,6,202,5,182,-,-,5,182,5,182,-,-,-,-,1,20
27211004600004600_大阪府茨木市大字上音羽,27211,大阪府,茨木市,大字上音羽,7,36,7,36,1,3,6,33,5,32,1,1,-,-,-,-
27211005100005100_大阪府茨木市大字上穂積,27211,大阪府,茨木市,大字上穂積,-,-,-,-,-,-,-,-,-,-,-,-,-,-,-,-
27211006300006300_大阪府茨木市大字清阪,27211,大阪府,茨木市,大字清阪,6,34,6,34,-,-,6,34,6,34,-,-,-,-,-,-
27211011600011600_大阪府茨木市大字生保,27211,大阪府,茨木市,大字生保,4,10,4,10,1,3,3,7,2,6,1,1,-,-,-,-
27211013000013000_大阪府茨木市大字千提寺,27211,大阪府,茨木市,大字千提寺,14,93,13,89,3,5,10,84,9,82,1,2,-,-,1,4
27211001400001400_大阪府茨木市大字泉原,27211,大阪府,茨木市,大字泉原,36,418,32,378,2,3,29,366,14,129,15,237,1,9,4,40
27211013100013100_大阪府茨木市大字銭原,27211,大阪府,茨木市,大字銭原,11,128,10,38,4,9,6,29,4,26,2,3,-,-,1,90
27211003200003200_大阪府茨木市大字大岩,27211,大阪府,茨木市,大字大岩,9,49,8,48,3,6,4,19,3,17,1,2,1,23,1,1
27211015000015000_大阪府茨木市大字大門寺,27211,大阪府,茨木市,大字大門寺,1,3,1,3,-,-,1,3,-,-,1,3,-,-,-,-
27211016600016600_大阪府茨木市大字中穂積,27211,大阪府,茨木市,大字中穂積,4,256,4,256,-,-,4,256,3,79,1,177,-,-,-,-
27211017100017100_大阪府茨木市大字長谷,27211,大阪府,茨木市,大字長谷,2,81,2,81,1,1,1,80,-,-,1,80,-,-,-,-
27211007900007900_大阪府茨木市大字道祖本,27211,大阪府,茨木市,大字道祖本,-,-,-,-,-,-,-,-,-,-,-,-,-,-,-,-
27211019000019000_大阪府茨木市大字忍頂寺,27211,大阪府,茨木市,大字忍頂寺,12,60,11,45,2,4,9,41,5,35,4,6,-,-,1,15
27211021700021700_大阪府茨木市大字福井,27211,大阪府,茨木市,大字福井,4,34,4,34,-,-,4,34,3,34,1,-,-,-,-,-
27211003700003700_大阪府茨木市大手町,27211,大阪府,茨木市,大手町,106,987,106,987,40,145,64,838,53,751,11,87,2,4,-,-
27211003300003300_大阪府茨木市大住町,27211,大阪府,茨木市,大住町,30,304,26,162,13,23,13,139,11,124,2,15,-,-,4,142
27211013700013700_大阪府茨木市大正町,27211,大阪府,茨木市,大正町,4,116,4,116,-,-,4,116,2,23,2,93,-,-,-,-
27211003000003000_大阪府茨木市大池１丁目,27211,大阪府,茨木市,大池１丁目,52,429,50,353,22,73,28,280,25,219,3,61,-,-,2,76
27211003000003100_大阪府茨木市大池２丁目,27211,大阪府,茨木市,大池２丁目,25,93,25,93,13,35,12,58,11,38,1,20,-,-,-,-
27211014900014900_大阪府茨木市大同町,27211,大阪府,茨木市,大同町,27,139,27,139,12,31,15,108,14,86,1,22,-,-,-,-
27211008100008100_大阪府茨木市沢良宜西１丁目,27211,大阪府,茨木市,沢良宜西１丁目,127,"1,822",127,"1,822",42,158,85,"1,664",73,"1,385",12,279,-,-,-,-
27211008100008200_大阪府茨木市沢良宜西２丁目,27211,大阪府,茨木市,沢良宜西２丁目,28,380,28,380,4,6,24,374,21,365,3,9,-,-,-,-
27211008100008300_大阪府茨木市沢良宜西３丁目,27211,大阪府,茨木市,沢良宜西３丁目,18,286,17,232,2,7,15,225,15,225,-,-,-,-,1,54
27211008100008400_大阪府茨木市沢良宜西４丁目,27211,大阪府,茨木市,沢良宜西４丁目,25,333,25,333,5,7,20,326,19,317,1,9,-,-,-,-
27211008800008800_大阪府茨木市沢良宜東町,27211,大阪府,茨木市,沢良宜東町,72,336,72,336,33,59,38,276,34,234,4,42,1,1,-,-
27211008500008500_大阪府茨木市沢良宜浜１丁目,27211,大阪府,茨木市,沢良宜浜１丁目,39,155,39,155,5,10,34,145,33,141,1,4,-,-,-,-
27211008500008600_大阪府茨木市沢良宜浜２丁目,27211,大阪府,茨木市,沢良宜浜２丁目,14,176,14,176,3,16,11,160,11,160,-,-,-,-,-,-
27211008500008700_大阪府茨木市沢良宜浜３丁目,27211,大阪府,茨木市,沢良宜浜３丁目,22,205,20,145,4,11,16,134,12,99,4,35,-,-,2,60
27211014000014000_大阪府茨木市竹橋町,27211,大阪府,茨木市,竹橋町,76,310,76,310,44,145,32,165,28,136,4,29,-,-,-,-
27211016300016300_大阪府茨木市中河原町,27211,大阪府,茨木市,中河原町,28,455,28,455,3,13,25,442,23,436,2,6,-,-,-,-
27211016400016400_大阪府茨木市中総持寺町,27211,大阪府,茨木市,中総持寺町,94,474,94,474,64,194,30,280,23,224,7,56,-,-,-,-
27211017000017000_大阪府茨木市中村町,27211,大阪府,茨木市,中村町,26,175,25,120,8,27,17,93,17,93,-,-,-,-,1,55
27211016500016500_大阪府茨木市中津町,27211,大阪府,茨木市,中津町,130,"1,389",128,"1,335",44,121,84,"1,214",77,"1,020",7,194,-,-,2,54
27211016600016700_大阪府茨木市中穂積１丁目,27211,大阪府,茨木市,中穂積１丁目,83,"1,773",78,"1,185",13,46,64,"1,137",61,"1,075",3,62,1,2,5,588
27211016600016800_大阪府茨木市中穂積２丁目,27211,大阪府,茨木市,中穂積２丁目,39,533,39,533,11,45,28,488,22,151,6,337,-,-,-,-
27211016600016900_大阪府茨木市中穂積３丁目,27211,大阪府,茨木市,中穂積３丁目,48,"1,016",46,963,8,30,38,933,31,681,7,252,-,-,2,53
27211015200015200_大阪府茨木市天王１丁目,27211,大阪府,茨木市,天王１丁目,12,125,12,125,1,1,11,124,10,122,1,2,-,-,-,-
27211015200015300_大阪府茨木市天王２丁目,27211,大阪府,茨木市,天王２丁目,71,617,67,541,29,135,38,406,33,345,5,61,-,-,4,76
27211014100014100_大阪府茨木市田中町,27211,大阪府,茨木市,田中町,58,461,58,461,20,42,37,402,34,397,3,5,1,17,-,-
27211008900008900_大阪府茨木市島１丁目,27211,大阪府,茨木市,島１丁目,49,554,49,554,3,4,46,550,45,506,1,44,-,-,-,-
27211008900009000_大阪府茨木市島２丁目,27211,大阪府,茨木市,島２丁目,38,174,38,174,10,16,28,158,25,144,3,14,-,-,-,-
27211008900009100_大阪府茨木市島３丁目,27211,大阪府,茨木市,島３丁目,49,739,48,735,9,36,39,699,39,699,-,-,-,-,1,4
27211008900009200_大阪府茨木市島４丁目,27211,大阪府,茨木市,島４丁目,33,613,33,613,1,2,32,611,32,611,-,-,-,-,-,-
27211019900019900_大阪府茨木市東安威１丁目,27211,大阪府,茨木市,東安威１丁目,13,249,13,249,-,-,13,249,13,249,-,-,-,-,-,-
27211019900020000_大阪府茨木市東安威２丁目,27211,大阪府,茨木市,東安威２丁目,16,289,16,289,2,3,14,286,14,286,-,-,-,-,-,-
27211020100020100_大阪府茨木市東宇野辺町,27211,大阪府,茨木市,東宇野辺町,23,872,23,872,1,2,22,870,21,865,1,5,-,-,-,-
27211015400015400_大阪府茨木市東宮町,27211,大阪府,茨木市,東宮町,8,55,7,52,1,2,6,50,6,50,-,-,-,-,1,3
27211020200020200_大阪府茨木市東太田１丁目,27211,大阪府,茨木市,東太田１丁目,48,716,48,716,11,28,37,688,28,461,9,227,-,-,-,-
27211020200020300_大阪府茨木市東太田２丁目,27211,大阪府,茨木市,東太田２丁目,27,85,27,85,11,44,16,41,14,39,2,2,-,-,-,-
27211020200020400_大阪府茨木市東太田３丁目,27211,大阪府,茨木市,東太田３丁目,33,278,33,278,2,3,31,275,28,227,3,48,-,-,-,-
27211020200020500_大阪府茨木市東太田４丁目,27211,大阪府,茨木市,東太田４丁目,30,535,30,535,6,27,24,508,20,184,4,324,-,-,-,-
27211020600020600_大阪府茨木市東中条町,27211,大阪府,茨木市,東中条町,52,851,48,462,20,149,28,313,26,260,2,53,-,-,4,389
27211020700020700_大阪府茨木市東奈良１丁目,27211,大阪府,茨木市,東奈良１丁目,15,138,15,138,4,74,11,64,8,43,3,21,-,-,-,-
27211020700020800_大阪府茨木市東奈良２丁目,27211,大阪府,茨木市,東奈良２丁目,26,155,24,113,14,23,10,90,9,50,1,40,-,-,2,42
27211020700020900_大阪府茨木市東奈良３丁目,27211,大阪府,茨木市,東奈良３丁目,53,834,52,820,21,69,30,750,26,469,4,281,1,1,1,14
27211021000021000_大阪府茨木市東福井１丁目,27211,大阪府,茨木市,東福井１丁目,12,113,12,113,5,17,7,96,7,96,-,-,-,-,-,-
27211021000021100_大阪府茨木市東福井２丁目,27211,大阪府,茨木市,東福井２丁目,16,109,13,42,5,8,8,34,5,22,3,12,-,-,3,67
27211021000021200_大阪府茨木市東福井３丁目,27211,大阪府,茨木市,東福井３丁目,9,31,9,31,2,4,7,27,5,23,2,4,-,-,-,-
27211021000021300_大阪府茨木市東福井４丁目,27211,大阪府,茨木市,東福井４丁目,10,108,10,108,1,2,9,106,9,106,-,-,-,-,-,-
27211028700028700_大阪府茨木市東野々宮町,27211,大阪府,茨木市,東野々宮町,8,178,7,87,1,3,6,84,5,56,1,28,-,-,1,91
27211022000022000_大阪府茨木市藤の里１丁目,27211,大阪府,茨木市,藤の里１丁目,25,554,24,516,1,13,23,503,22,480,1,23,-,-,1,38
27211022000022100_大阪府茨木市藤の里２丁目,27211,大阪府,茨木市,藤の里２丁目,26,"1,001",26,"1,001",1,1,24,999,23,998,1,1,1,1,-,-
27211017300017300_大阪府茨木市奈良町,27211,大阪府,茨木市,奈良町,42,219,42,219,9,21,33,198,32,195,1,3,-,-,-,-
27211024400024400_大阪府茨木市南安威１丁目,27211,大阪府,茨木市,南安威１丁目,13,332,13,332,5,13,8,319,8,319,-,-,-,-,-,-
27211024400024500_大阪府茨木市南安威２丁目,27211,大阪府,茨木市,南安威２丁目,35,502,35,502,15,51,20,451,12,202,8,249,-,-,-,-
27211024400024600_大阪府茨木市南安威３丁目,27211,大阪府,茨木市,南安威３丁目,8,91,7,40,2,2,5,38,5,38,-,-,-,-,1,51
27211025500025500_大阪府茨木市南耳原１丁目,27211,大阪府,茨木市,南耳原１丁目,12,360,12,360,2,3,10,357,10,357,-,-,-,-,-,-
27211025500025600_大阪府茨木市南耳原２丁目,27211,大阪府,茨木市,南耳原２丁目,25,643,25,643,5,24,20,619,20,619,-,-,-,-,-,-
27211024700024700_大阪府茨木市南春日丘１丁目,27211,大阪府,茨木市,南春日丘１丁目,23,179,22,118,9,40,13,78,12,48,1,30,-,-,1,61
27211024700024800_大阪府茨木市南春日丘２丁目,27211,大阪府,茨木市,南春日丘２丁目,28,159,28,159,12,34,16,125,15,124,1,1,-,-,-,-
27211024700024900_大阪府茨木市南春日丘３丁目,27211,大阪府,茨木市,南春日丘３丁目,17,182,14,123,1,3,13,120,13,120,-,-,-,-,3,59
27211024700025000_大阪府茨木市南春日丘４丁目,27211,大阪府,茨木市,南春日丘４丁目,5,10,5,10,-,-,5,10,4,9,1,1,-,-,-,-
27211024700025100_大阪府茨木市南春日丘５丁目,27211,大阪府,茨木市,南春日丘５丁目,14,66,14,66,1,1,12,64,7,15,5,49,1,1,-,-
27211024700025200_大阪府茨木市南春日丘６丁目,27211,大阪府,茨木市,南春日丘６丁目,13,37,13,37,7,14,6,23,6,23,-,-,-,-,-,-
27211024700025300_大阪府茨木市南春日丘７丁目,27211,大阪府,茨木市,南春日丘７丁目,22,408,22,408,3,9,19,399,14,60,5,339,-,-,-,-
27211025400025400_大阪府茨木市南清水町,27211,大阪府,茨木市,南清水町,7,274,7,274,-,-,7,274,7,274,-,-,-,-,-,-
27211025700025700_大阪府茨木市南目垣１丁目,27211,大阪府,茨木市,南目垣１丁目,19,446,19,446,-,-,19,446,18,412,1,34,-,-,-,-
27211025700025800_大阪府茨木市南目垣２丁目,27211,大阪府,茨木市,南目垣２丁目,6,201,6,201,-,-,6,201,6,201,-,-,-,-,-,-
27211025700025900_大阪府茨木市南目垣３丁目,27211,大阪府,茨木市,南目垣３丁目,6,22,6,22,3,5,3,17,3,17,-,-,-,-,-,-
27211011700011700_大阪府茨木市白川１丁目,27211,大阪府,茨木市,白川１丁目,19,345,17,296,4,14,13,282,11,226,2,56,-,-,2,49
27211011700011800_大阪府茨木市白川２丁目,27211,大阪府,茨木市,白川２丁目,31,295,30,274,6,13,24,261,20,160,4,101,-,-,1,21
27211011700011900_大阪府茨木市白川３丁目,27211,大阪府,茨木市,白川３丁目,13,82,13,82,4,7,9,75,9,75,-,-,-,-,-,-
27211019600019600_大阪府茨木市畑田町,27211,大阪府,茨木市,畑田町,61,"1,339",56,"1,134",5,14,50,"1,119",46,820,4,299,1,1,5,205
27211023400023400_大阪府茨木市美沢町,27211,大阪府,茨木市,美沢町,24,260,24,260,9,13,15,247,15,247,-,-,-,-,-,-
27211026300026300_大阪府茨木市美穂ケ丘,27211,大阪府,茨木市,美穂ケ丘,48,"1,031",48,"1,031",7,39,40,988,27,174,13,814,1,4,-,-
27211021400021400_大阪府茨木市平田１丁目,27211,大阪府,茨木市,平田１丁目,17,187,16,136,5,14,11,122,10,90,1,32,-,-,1,51
27211021400021500_大阪府茨木市平田２丁目,27211,大阪府,茨木市,平田２丁目,23,323,21,312,2,4,19,308,17,271,2,37,-,-,2,11
27211021600021600_大阪府茨木市平田台,27211,大阪府,茨木市,平田台,16,170,16,170,6,7,10,163,9,111,1,52,-,-,-,-
27211017200017200_大阪府茨木市並木町,27211,大阪府,茨木市,並木町,34,234,34,234,15,58,19,176,14,96,5,80,-,-,-,-
27211022400022400_大阪府茨木市別院町,27211,大阪府,茨木市,別院町,121,"1,565",121,"1,565",50,182,71,"1,383",65,"1,259",6,124,-,-,-,-
27211004400004400_大阪府茨木市片桐町,27211,大阪府,茨木市,片桐町,25,340,22,246,5,6,16,238,10,65,6,173,1,2,3,94
27211022600022600_大阪府茨木市穂積台,27211,大阪府,茨木市,穂積台,33,156,33,156,15,84,18,72,18,72,-,-,-,-,-,-
27211016200016200_大阪府茨木市豊原町,27211,大阪府,茨木市,豊原町,24,483,24,483,2,14,22,469,21,438,1,31,-,-,-,-
27211015700015700_大阪府茨木市豊川１丁目,27211,大阪府,茨木市,豊川１丁目,21,497,21,497,-,-,21,497,20,495,1,2,-,-,-,-
27211015700015800_大阪府茨木市豊川２丁目,27211,大阪府,茨木市,豊川２丁目,10,99,10,99,2,4,8,95,6,55,2,40,-,-,-,-
27211015700015900_大阪府茨木市豊川３丁目,27211,大阪府,茨木市,豊川３丁目,26,394,26,394,4,24,22,370,19,359,3,11,-,-,-,-
27211015700016000_大阪府茨木市豊川４丁目,27211,大阪府,茨木市,豊川４丁目,35,351,34,346,6,10,28,336,22,199,6,137,-,-,1,5
27211015700016100_大阪府茨木市豊川５丁目,27211,大阪府,茨木市,豊川５丁目,22,532,22,532,5,35,17,497,17,497,-,-,-,-,-,-
27211005900005900_大阪府茨木市北春日丘１丁目,27211,大阪府,茨木市,北春日丘１丁目,28,200,28,200,4,6,23,193,17,75,6,118,1,1,-,-
27211005900006000_大阪府茨木市北春日丘２丁目,27211,大阪府,茨木市,北春日丘２丁目,13,39,13,39,1,1,12,38,11,36,1,2,-,-,-,-
27211005900006100_大阪府茨木市北春日丘３丁目,27211,大阪府,茨木市,北春日丘３丁目,16,120,14,87,2,3,12,84,11,80,1,4,-,-,2,33
27211005900006200_大阪府茨木市北春日丘４丁目,27211,大阪府,茨木市,北春日丘４丁目,19,78,19,78,5,13,13,64,10,40,3,24,1,1,-,-
27211022700022700_大阪府茨木市本町,27211,大阪府,茨木市,本町,44,155,44,155,24,57,20,98,19,92,1,6,-,-,-,-
27211012900012900_大阪府茨木市末広町,27211,大阪府,茨木市,末広町,47,384,46,333,26,56,20,277,16,216,4,61,-,-,1,51
27211027000027000_大阪府茨木市目垣１丁目,27211,大阪府,茨木市,目垣１丁目,16,48,16,48,3,4,13,44,12,42,1,2,-,-,-,-
27211027000027100_大阪府茨木市目垣２丁目,27211,大阪府,茨木市,目垣２丁目,22,352,22,352,3,39,19,313,18,312,1,1,-,-,-,-
27211027000027200_大阪府茨木市目垣３丁目,27211,大阪府,茨木市,目垣３丁目,14,313,14,313,1,5,13,308,12,276,1,32,-,-,-,-
27211019100019100_大阪府茨木市野々宮１丁目,27211,大阪府,茨木市,野々宮１丁目,29,416,29,416,2,8,27,408,27,408,-,-,-,-,-,-
27211019100019200_大阪府茨木市野々宮２丁目,27211,大阪府,茨木市,野々宮２丁目,54,426,54,426,12,24,42,402,41,401,1,1,-,-,-,-
27211500100061700_大阪府茨木市彩都はなだ１丁目,27211,大阪府,茨木市,彩都はなだ１丁目,-,-,-,-,-,-,-,-,-,-,-,-,-,-,-,-
27211500100061800_大阪府茨木市彩都はなだ２丁目,27211,大阪府,茨木市,彩都はなだ２丁目,2,32,2,32,-,-,2,32,2,32,-,-,-,-,-,-
27211500100061900_大阪府茨木市彩都もえぎ１丁目,27211,大阪府,茨木市,彩都もえぎ１丁目,4,325,4,325,-,-,4,325,4,325,-,-,-,-,-,-
27211999999999999_大阪府茨木市その他,27211,大阪府,茨木市,その他,-,-,-,-,-,-,-,-,-,-,-,-,-,-,-,-
27212_大阪府八尾市,27212,大阪府,八尾市,,"11,068","117,359","10,930","109,238","3,865","11,526","7,034","97,588","6,285","84,367",749,"13,221",31,124,138,"8,121"
27212043200043300_大阪府八尾市二俣１丁目,27212,大阪府,八尾市,二俣１丁目,5,96,5,96,2,3,3,93,3,93,-,-,-,-,-,-
27212043200043400_大阪府八尾市二俣２丁目,27212,大阪府,八尾市,二俣２丁目,8,400,8,400,2,5,5,394,5,394,-,-,1,1,-,-
27212043200043500_大阪府八尾市二俣３丁目,27212,大阪府,八尾市,二俣３丁目,8,134,8,134,-,-,8,134,8,134,-,-,-,-,-,-
27212050200050300_大阪府八尾市八尾木１丁目,27212,大阪府,八尾市,八尾木１丁目,28,297,28,297,5,19,23,278,23,278,-,-,-,-,-,-
27212050200050400_大阪府八尾市八尾木２丁目,27212,大阪府,八尾市,八尾木２丁目,13,78,12,54,4,14,8,40,5,15,3,25,-,-,1,24
27212050200050500_大阪府八尾市八尾木３丁目,27212,大阪府,八尾市,八尾木３丁目,13,48,13,48,4,5,9,43,9,43,-,-,-,-,-,-
27212050200050600_大阪府八尾市八尾木４丁目,27212,大阪府,八尾市,八尾木４丁目,9,33,8,26,3,10,5,16,5,16,-,-,-,-,1,7
27212050200050700_大阪府八尾市八尾木５丁目,27212,大阪府,八尾市,八尾木５丁目,12,72,12,72,7,10,5,62,5,62,-,-,-,-,-,-
27212050200050800_大阪府八尾市八尾木６丁目,27212,大阪府,八尾市,八尾木６丁目,12,178,12,178,1,2,11,176,5,74,6,102,-,-,-,-
27212051500051500_大阪府八尾市八尾木東１丁目,27212,大阪府,八尾市,八尾木東１丁目,4,10,4,10,1,4,3,6,2,5,1,1,-,-,-,-
27212051500051600_大阪府八尾市八尾木東２丁目,27212,大阪府,八尾市,八尾木東２丁目,3,46,1,7,-,-,1,7,1,7,-,-,-,-,2,39
27212051500051700_大阪府八尾市八尾木東３丁目,27212,大阪府,八尾市,八尾木東３丁目,17,112,17,112,13,33,4,79,1,3,3,76,-,-,-,-
27212050900050900_大阪府八尾市八尾木北１丁目,27212,大阪府,八尾市,八尾木北１丁目,35,243,35,243,12,52,23,191,22,180,1,11,-,-,-,-
27212050900051000_大阪府八尾市八尾木北２丁目,27212,大阪府,八尾市,八尾木北２丁目,19,340,19,340,4,11,15,329,15,329,-,-,-,-,-,-
27212050900051100_大阪府八尾市八尾木北３丁目,27212,大阪府,八尾市,八尾木北３丁目,24,172,24,172,11,42,13,130,6,54,7,76,-,-,-,-
27212050900051200_大阪府八尾市八尾木北４丁目,27212,大阪府,八尾市,八尾木北４丁目,23,248,23,248,6,21,17,227,16,225,1,2,-,-,-,-
27212050900051300_大阪府八尾市八尾木北５丁目,27212,大阪府,八尾市,八尾木北５丁目,40,315,40,315,15,39,25,276,23,264,2,12,-,-,-,-
27212050900051400_大阪府八尾市八尾木北６丁目,27212,大阪府,八尾市,八尾木北６丁目,31,218,31,218,9,24,22,194,19,156,3,38,-,-,-,-
27212001600001600_大阪府八尾市旭ケ丘１丁目,27212,大阪府,八尾市,旭ケ丘１丁目,14,169,14,169,1,3,13,166,12,164,1,2,-,-,-,-
27212001600001700_大阪府八尾市旭ケ丘２丁目,27212,大阪府,八尾市,旭ケ丘２丁目,1,23,1,23,-,-,1,23,1,23,-,-,-,-,-,-
27212001600001800_大阪府八尾市旭ケ丘３丁目,27212,大阪府,八尾市,旭ケ丘３丁目,2,15,2,15,-,-,2,15,1,1,1,14,-,-,-,-
27212001600001900_大阪府八尾市旭ケ丘４丁目,27212,大阪府,八尾市,旭ケ丘４丁目,2,5,2,5,2,5,-,-,-,-,-,-,-,-,-,-
27212001600002000_大阪府八尾市旭ケ丘５丁目,27212,大阪府,八尾市,旭ケ丘５丁目,17,243,16,183,6,28,10,155,5,132,5,23,-,-,1,60
27212051800051800_大阪府八尾市安中町１丁目,27212,大阪府,八尾市,安中町１丁目,44,744,44,744,23,65,21,679,21,679,-,-,-,-,-,-
27212051800051900_大阪府八尾市安中町２丁目,27212,大阪府,八尾市,安中町２丁目,20,137,20,137,13,55,7,82,7,82,-,-,-,-,-,-
27212051800052000_大阪府八尾市安中町３丁目,27212,大阪府,八尾市,安中町３丁目,50,368,50,368,25,69,25,299,19,228,6,71,-,-,-,-
27212051800052100_大阪府八尾市安中町４丁目,27212,大阪府,八尾市,安中町４丁目,26,225,26,225,7,28,19,197,17,194,2,3,-,-,-,-
27212051800052200_大阪府八尾市安中町５丁目,27212,大阪府,八尾市,安中町５丁目,8,82,8,82,-,-,8,82,7,46,1,36,-,-,-,-
27212051800052300_大阪府八尾市安中町６丁目,27212,大阪府,八尾市,安中町６丁目,11,75,11,75,4,8,7,67,7,67,-,-,-,-,-,-
27212051800052400_大阪府八尾市安中町７丁目,27212,大阪府,八尾市,安中町７丁目,4,14,4,14,2,5,2,9,2,9,-,-,-,-,-,-
27212051800052500_大阪府八尾市安中町８丁目,27212,大阪府,八尾市,安中町８丁目,23,175,21,112,11,18,10,94,8,83,2,11,-,-,2,63
27212051800052600_大阪府八尾市安中町９丁目,27212,大阪府,八尾市,安中町９丁目,19,161,19,161,6,13,13,148,7,34,6,114,-,-,-,-
27212021600021600_大阪府八尾市栄町１丁目,27212,大阪府,八尾市,栄町１丁目,23,214,23,214,10,21,13,193,9,93,4,100,-,-,-,-
27212021600021700_大阪府八尾市栄町２丁目,27212,大阪府,八尾市,栄町２丁目,12,117,11,98,8,17,3,81,3,81,-,-,-,-,1,19
27212033200033200_大阪府八尾市永畑町１丁目,27212,大阪府,八尾市,永畑町１丁目,15,263,13,220,-,-,13,220,13,220,-,-,-,-,2,43
27212033200033300_大阪府八尾市永畑町２丁目,27212,大阪府,八尾市,永畑町２丁目,14,131,14,131,5,7,9,124,9,124,-,-,-,-,-,-
27212033200033400_大阪府八尾市永畑町３丁目,27212,大阪府,八尾市,永畑町３丁目,12,134,12,134,1,2,11,132,11,132,-,-,-,-,-,-
27212007000007000_大阪府八尾市恩智中町１丁目,27212,大阪府,八尾市,恩智中町１丁目,51,290,51,290,30,120,21,170,18,149,3,21,-,-,-,-
27212007000007100_大阪府八尾市恩智中町２丁目,27212,大阪府,八尾市,恩智中町２丁目,45,244,45,244,28,64,16,179,14,151,2,28,1,1,-,-
27212007000007200_大阪府八尾市恩智中町３丁目,27212,大阪府,八尾市,恩智中町３丁目,11,39,11,39,8,17,3,22,2,20,1,2,-,-,-,-
27212007000007300_大阪府八尾市恩智中町４丁目,27212,大阪府,八尾市,恩智中町４丁目,17,64,16,59,2,3,14,56,11,47,3,9,-,-,1,5
27212007000007400_大阪府八尾市恩智中町５丁目,27212,大阪府,八尾市,恩智中町５丁目,19,54,19,54,6,13,13,41,9,28,4,13,-,-,-,-
27212007500007500_大阪府八尾市恩智南町１丁目,27212,大阪府,八尾市,恩智南町１丁目,1,1,1,1,-,-,1,1,1,1,-,-,-,-,-,-
27212007500007600_大阪府八尾市恩智南町２丁目,27212,大阪府,八尾市,恩智南町２丁目,11,119,11,119,3,6,8,113,6,80,2,33,-,-,-,-
27212007500007700_大阪府八尾市恩智南町３丁目,27212,大阪府,八尾市,恩智南町３丁目,8,59,8,59,4,10,4,49,3,18,1,31,-,-,-,-
27212007500007800_大阪府八尾市恩智南町４丁目,27212,大阪府,八尾市,恩智南町４丁目,2,7,2,7,-,-,2,7,2,7,-,-,-,-,-,-
27212007500007900_大阪府八尾市恩智南町５丁目,27212,大阪府,八尾市,恩智南町５丁目,4,17,4,17,1,2,3,15,2,13,1,2,-,-,-,-
27212006600006600_大阪府八尾市恩智北町１丁目,27212,大阪府,八尾市,恩智北町１丁目,20,179,20,179,5,15,15,164,14,143,1,21,-,-,-,-
27212006600006700_大阪府八尾市恩智北町２丁目,27212,大阪府,八尾市,恩智北町２丁目,11,43,11,43,7,17,4,26,4,26,-,-,-,-,-,-
27212006600006800_大阪府八尾市恩智北町３丁目,27212,大阪府,八尾市,恩智北町３丁目,6,62,5,26,5,26,-,-,-,-,-,-,-,-,1,36
27212006600006900_大阪府八尾市恩智北町４丁目,27212,大阪府,八尾市,恩智北町４丁目,9,111,7,42,3,8,4,34,4,34,-,-,-,-,2,69
27212008000008100_大阪府八尾市垣内１丁目,27212,大阪府,八尾市,垣内１丁目,19,268,19,268,3,11,16,257,15,256,1,1,-,-,-,-
27212008000008200_大阪府八尾市垣内２丁目,27212,大阪府,八尾市,垣内２丁目,6,10,6,10,5,8,1,2,1,2,-,-,-,-,-,-
27212008000008300_大阪府八尾市垣内３丁目,27212,大阪府,八尾市,垣内３丁目,14,65,14,65,4,9,10,56,10,56,-,-,-,-,-,-
27212008000008400_大阪府八尾市垣内４丁目,27212,大阪府,八尾市,垣内４丁目,3,5,3,5,-,-,3,5,1,1,2,4,-,-,-,-
27212008000008500_大阪府八尾市垣内５丁目,27212,大阪府,八尾市,垣内５丁目,2,5,2,5,1,2,1,3,1,3,-,-,-,-,-,-
27212008000008600_大阪府八尾市垣内６丁目,27212,大阪府,八尾市,垣内６丁目,-,-,-,-,-,-,-,-,-,-,-,-,-,-,-,-
27212013000013100_大阪府八尾市楽音寺１丁目,27212,大阪府,八尾市,楽音寺１丁目,24,336,24,336,5,22,19,314,16,270,3,44,-,-,-,-
27212013000013200_大阪府八尾市楽音寺２丁目,27212,大阪府,八尾市,楽音寺２丁目,18,156,18,156,5,10,13,146,3,18,10,128,-,-,-,-
27212013000013300_大阪府八尾市楽音寺３丁目,27212,大阪府,八尾市,楽音寺３丁目,9,338,9,338,4,5,5,333,3,16,2,317,-,-,-,-
27212013000013400_大阪府八尾市楽音寺４丁目,27212,大阪府,八尾市,楽音寺４丁目,5,68,5,68,2,48,3,20,3,20,-,-,-,-,-,-
27212013000013500_大阪府八尾市楽音寺５丁目,27212,大阪府,八尾市,楽音寺５丁目,7,35,7,35,3,3,4,32,4,32,-,-,-,-,-,-
27212013000013600_大阪府八尾市楽音寺６丁目,27212,大阪府,八尾市,楽音寺６丁目,14,266,14,266,6,11,8,255,5,30,3,225,-,-,-,-
27212013000013700_大阪府八尾市楽音寺７丁目,27212,大阪府,八尾市,楽音寺７丁目,1,1,1,1,-,-,1,1,1,1,-,-,-,-,-,-
27212012300012300_大阪府八尾市萱振町１丁目,27212,大阪府,八尾市,萱振町１丁目,38,271,38,271,13,46,25,225,23,197,2,28,-,-,-,-
27212012300012400_大阪府八尾市萱振町２丁目,27212,大阪府,八尾市,萱振町２丁目,23,114,23,114,6,12,17,102,13,92,4,10,-,-,-,-
27212012300012500_大阪府八尾市萱振町３丁目,27212,大阪府,八尾市,萱振町３丁目,22,177,22,177,8,44,14,133,13,121,1,12,-,-,-,-
27212012300012600_大阪府八尾市萱振町４丁目,27212,大阪府,八尾市,萱振町４丁目,11,88,11,88,1,2,10,86,9,84,1,2,-,-,-,-
27212012300012700_大阪府八尾市萱振町５丁目,27212,大阪府,八尾市,萱振町５丁目,20,210,20,210,3,4,17,206,13,107,4,99,-,-,-,-
27212012300012800_大阪府八尾市萱振町６丁目,27212,大阪府,八尾市,萱振町６丁目,9,80,9,80,1,3,8,77,8,77,-,-,-,-,-,-
27212012300012900_大阪府八尾市萱振町７丁目,27212,大阪府,八尾市,萱振町７丁目,9,205,8,121,2,3,6,118,5,88,1,30,-,-,1,84
27212011900011900_大阪府八尾市亀井町１丁目,27212,大阪府,八尾市,亀井町１丁目,14,134,12,63,5,7,7,56,7,56,-,-,-,-,2,71
27212011900012000_大阪府八尾市亀井町２丁目,27212,大阪府,八尾市,亀井町２丁目,19,107,18,87,8,16,10,71,7,35,3,36,-,-,1,20
27212011900012100_大阪府八尾市亀井町３丁目,27212,大阪府,八尾市,亀井町３丁目,6,22,6,22,4,9,2,13,2,13,-,-,-,-,-,-
27212011900012200_大阪府八尾市亀井町４丁目,27212,大阪府,八尾市,亀井町４丁目,10,32,10,32,5,14,5,18,4,16,1,2,-,-,-,-
27212015700015700_大阪府八尾市久宝園１丁目,27212,大阪府,八尾市,久宝園１丁目,9,51,9,51,2,3,7,48,7,48,-,-,-,-,-,-
27212015700015800_大阪府八尾市久宝園２丁目,27212,大阪府,八尾市,久宝園２丁目,20,173,20,173,8,17,12,156,8,108,4,48,-,-,-,-
27212015700015900_大阪府八尾市久宝園３丁目,27212,大阪府,八尾市,久宝園３丁目,5,13,5,13,2,2,3,11,2,7,1,4,-,-,-,-
27212016000016000_大阪府八尾市久宝寺１丁目,27212,大阪府,八尾市,久宝寺１丁目,29,252,29,252,13,62,16,190,14,140,2,50,-,-,-,-
27212016000016100_大阪府八尾市久宝寺２丁目,27212,大阪府,八尾市,久宝寺２丁目,20,240,17,139,7,23,10,116,8,76,2,40,-,-,3,101
27212016000016200_大阪府八尾市久宝寺３丁目,27212,大阪府,八尾市,久宝寺３丁目,41,267,41,267,16,41,25,226,17,124,8,102,-,-,-,-
27212016000016300_大阪府八尾市久宝寺４丁目,27212,大阪府,八尾市,久宝寺４丁目,19,159,19,159,5,12,14,147,13,145,1,2,-,-,-,-
27212016000016400_大阪府八尾市久宝寺５丁目,27212,大阪府,八尾市,久宝寺５丁目,21,128,21,128,4,10,17,118,14,113,3,5,-,-,-,-
27212016000016500_大阪府八尾市久宝寺６丁目,27212,大阪府,八尾市,久宝寺６丁目,26,255,26,255,3,6,23,249,19,188,4,61,-,-,-,-
27212049600049600_大阪府八尾市宮町１丁目,27212,大阪府,八尾市,宮町１丁目,23,157,23,157,14,46,9,111,6,66,3,45,-,-,-,-
27212049600049700_大阪府八尾市宮町２丁目,27212,大阪府,八尾市,宮町２丁目,13,84,13,84,1,1,12,83,10,62,2,21,-,-,-,-
27212049600049800_大阪府八尾市宮町３丁目,27212,大阪府,八尾市,宮町３丁目,28,339,28,339,2,6,26,333,25,308,1,25,-,-,-,-
27212049600049900_大阪府八尾市宮町４丁目,27212,大阪府,八尾市,宮町４丁目,15,258,15,258,3,6,12,252,12,252,-,-,-,-,-,-
27212049600050000_大阪府八尾市宮町５丁目,27212,大阪府,八尾市,宮町５丁目,39,229,39,229,14,45,25,184,24,175,1,9,-,-,-,-
27212049600050100_大阪府八尾市宮町６丁目,27212,大阪府,八尾市,宮町６丁目,41,238,41,238,11,28,30,210,29,197,1,13,-,-,-,-
27212056200056200_大阪府八尾市弓削町１丁目,27212,大阪府,八尾市,弓削町１丁目,36,197,36,197,21,102,15,95,12,85,3,10,-,-,-,-
27212056200056300_大阪府八尾市弓削町２丁目,27212,大阪府,八尾市,弓削町２丁目,22,72,22,72,7,15,15,57,14,56,1,1,-,-,-,-
27212056200056400_大阪府八尾市弓削町３丁目,27212,大阪府,八尾市,弓削町３丁目,12,52,12,52,6,14,6,38,4,13,2,25,-,-,-,-
27212056500056500_大阪府八尾市弓削町南１丁目,27212,大阪府,八尾市,弓削町南１丁目,17,425,17,425,3,6,14,419,14,419,-,-,-,-,-,-
27212056500056600_大阪府八尾市弓削町南２丁目,27212,大阪府,八尾市,弓削町南２丁目,25,229,25,229,7,13,18,216,17,214,1,2,-,-,-,-
27212056500056700_大阪府八尾市弓削町南３丁目,27212,大阪府,八尾市,弓削町南３丁目,13,373,13,373,-,-,13,373,13,373,-,-,-,-,-,-
27212016600016700_大阪府八尾市教興寺１丁目,27212,大阪府,八尾市,教興寺１丁目,11,151,11,151,7,25,4,126,4,126,-,-,-,-,-,-
27212016600016800_大阪府八尾市教興寺２丁目,27212,大阪府,八尾市,教興寺２丁目,4,14,4,14,4,14,-,-,-,-,-,-,-,-,-,-
27212016600016900_大阪府八尾市教興寺３丁目,27212,大阪府,八尾市,教興寺３丁目,8,132,8,132,1,1,7,131,7,131,-,-,-,-,-,-
27212016600017000_大阪府八尾市教興寺４丁目,27212,大阪府,八尾市,教興寺４丁目,3,13,3,13,1,2,2,11,2,11,-,-,-,-,-,-
27212016600017100_大阪府八尾市教興寺５丁目,27212,大阪府,八尾市,教興寺５丁目,10,68,10,68,4,12,6,56,6,56,-,-,-,-,-,-
27212016600017200_大阪府八尾市教興寺６丁目,27212,大阪府,八尾市,教興寺６丁目,5,20,5,20,1,1,4,19,4,19,-,-,-,-,-,-
27212016600017300_大阪府八尾市教興寺７丁目,27212,大阪府,八尾市,教興寺７丁目,14,72,14,72,5,13,9,59,6,21,3,38,-,-,-,-
27212059200059200_大阪府八尾市空港１丁目,27212,大阪府,八尾市,空港１丁目,31,"1,117",29,487,1,1,28,486,25,454,3,32,-,-,2,630
27212059200059300_大阪府八尾市空港２丁目,27212,大阪府,八尾市,空港２丁目,19,334,16,296,-,-,16,296,15,280,1,16,-,-,3,38
27212019500019600_大阪府八尾市郡川１丁目,27212,大阪府,八尾市,郡川１丁目,1,52,1,52,-,-,1,52,1,52,-,-,-,-,-,-
27212019500019700_大阪府八尾市郡川２丁目,27212,大阪府,八尾市,郡川２丁目,9,154,9,154,3,5,6,149,5,79,1,70,-,-,-,-
27212019500019800_大阪府八尾市郡川３丁目,27212,大阪府,八尾市,郡川３丁目,6,103,6,103,1,2,5,101,4,20,1,81,-,-,-,-
27212019500019900_大阪府八尾市郡川４丁目,27212,大阪府,八尾市,郡川４丁目,8,47,8,47,3,3,5,44,4,34,1,10,-,-,-,-
27212019500020000_大阪府八尾市郡川５丁目,27212,大阪府,八尾市,郡川５丁目,8,15,8,15,4,8,4,7,2,4,2,3,-,-,-,-
27212019500020100_大阪府八尾市郡川６丁目,27212,大阪府,八尾市,郡川６丁目,1,5,1,5,-,-,1,5,-,-,1,5,-,-,-,-
27212006000006100_大阪府八尾市刑部１丁目,27212,大阪府,八尾市,刑部１丁目,32,168,32,168,19,69,13,99,13,99,-,-,-,-,-,-
27212006000006200_大阪府八尾市刑部２丁目,27212,大阪府,八尾市,刑部２丁目,21,79,21,79,13,18,8,61,6,47,2,14,-,-,-,-
27212006000006300_大阪府八尾市刑部３丁目,27212,大阪府,八尾市,刑部３丁目,11,134,9,89,4,9,5,80,5,80,-,-,-,-,2,45
27212006000006400_大阪府八尾市刑部４丁目,27212,大阪府,八尾市,刑部４丁目,15,49,15,49,6,14,9,35,7,32,2,3,-,-,-,-
27212009100009100_大阪府八尾市桂町１丁目,27212,大阪府,八尾市,桂町１丁目,17,81,17,81,8,15,9,66,9,66,-,-,-,-,-,-
27212009100009200_大阪府八尾市桂町２丁目,27212,大阪府,八尾市,桂町２丁目,10,140,7,71,1,6,6,65,4,24,2,41,-,-,3,69
27212009100009300_大阪府八尾市桂町３丁目,27212,大阪府,八尾市,桂町３丁目,7,23,7,23,5,8,2,15,1,10,1,5,-,-,-,-
27212009100009400_大阪府八尾市桂町４丁目,27212,大阪府,八尾市,桂町４丁目,7,100,4,23,2,3,2,20,2,20,-,-,-,-,3,77
27212009100009500_大阪府八尾市桂町５丁目,27212,大阪府,八尾市,桂町５丁目,9,118,9,118,2,3,7,115,6,30,1,85,-,-,-,-
27212009100009600_大阪府八尾市桂町６丁目,27212,大阪府,八尾市,桂町６丁目,7,150,7,150,2,7,5,143,4,75,1,68,-,-,-,-
27212036600036600_大阪府八尾市光町１丁目,27212,大阪府,八尾市,光町１丁目,89,"1,227",89,"1,227",22,140,67,"1,087",58,938,9,149,-,-,-,-
27212036600036700_大阪府八尾市光町２丁目,27212,大阪府,八尾市,光町２丁目,280,"3,569",279,"3,566",16,81,263,"3,485",253,"3,353",10,132,-,-,1,3
27212019300019300_大阪府八尾市光南町１丁目,27212,大阪府,八尾市,光南町１丁目,31,398,30,318,13,57,17,261,14,184,3,77,-,-,1,80
27212019300019400_大阪府八尾市光南町２丁目,27212,大阪府,八尾市,光南町２丁目,19,158,19,158,8,34,11,124,8,120,3,4,-,-,-,-
27212021000021000_大阪府八尾市幸町１丁目,27212,大阪府,八尾市,幸町１丁目,-,-,-,-,-,-,-,-,-,-,-,-,-,-,-,-
27212021000021100_大阪府八尾市幸町２丁目,27212,大阪府,八尾市,幸町２丁目,3,7,3,7,2,4,1,3,-,-,1,3,-,-,-,-
27212021000021200_大阪府八尾市幸町３丁目,27212,大阪府,八尾市,幸町３丁目,11,45,11,45,8,14,3,31,1,7,2,24,-,-,-,-
27212021000021300_大阪府八尾市幸町４丁目,27212,大阪府,八尾市,幸町４丁目,6,106,6,106,1,4,5,102,4,56,1,46,-,-,-,-
27212021000021400_大阪府八尾市幸町５丁目,27212,大阪府,八尾市,幸町５丁目,3,12,3,12,1,1,2,11,2,11,-,-,-,-,-,-
27212021000021500_大阪府八尾市幸町６丁目,27212,大阪府,八尾市,幸町６丁目,7,113,7,113,2,3,5,110,3,26,2,84,-,-,-,-
27212029600029600_大阪府八尾市高安町南１丁目,27212,大阪府,八尾市,高安町南１丁目,31,113,31,113,20,56,11,57,11,57,-,-,-,-,-,-
27212029600029700_大阪府八尾市高安町南２丁目,27212,大阪府,八尾市,高安町南２丁目,4,10,4,10,3,9,1,1,1,1,-,-,-,-,-,-
27212029600029800_大阪府八尾市高安町南３丁目,27212,大阪府,八尾市,高安町南３丁目,2,5,2,5,1,3,1,2,1,2,-,-,-,-,-,-
27212029600029900_大阪府八尾市高安町南４丁目,27212,大阪府,八尾市,高安町南４丁目,1,2,1,2,-,-,1,2,1,2,-,-,-,-,-,-
27212029600030000_大阪府八尾市高安町南５丁目,27212,大阪府,八尾市,高安町南５丁目,4,12,4,12,2,4,2,8,1,1,1,7,-,-,-,-
27212029600030100_大阪府八尾市高安町南６丁目,27212,大阪府,八尾市,高安町南６丁目,10,58,10,58,3,15,7,43,7,43,-,-,-,-,-,-
27212029600030200_大阪府八尾市高安町南７丁目,27212,大阪府,八尾市,高安町南７丁目,3,95,3,95,1,15,2,80,2,80,-,-,-,-,-,-
27212028900028900_大阪府八尾市高安町北１丁目,27212,大阪府,八尾市,高安町北１丁目,31,168,31,168,20,53,11,115,10,93,1,22,-,-,-,-
27212028900029000_大阪府八尾市高安町北２丁目,27212,大阪府,八尾市,高安町北２丁目,4,48,4,48,1,2,3,46,2,17,1,29,-,-,-,-
27212028900029100_大阪府八尾市高安町北３丁目,27212,大阪府,八尾市,高安町北３丁目,3,27,3,27,1,1,2,26,-,-,2,26,-,-,-,-
27212028900029200_大阪府八尾市高安町北４丁目,27212,大阪府,八尾市,高安町北４丁目,5,80,3,24,-,-,3,24,3,24,-,-,-,-,2,56
27212028900029300_大阪府八尾市高安町北５丁目,27212,大阪府,八尾市,高安町北５丁目,1,3,1,3,-,-,1,3,1,3,-,-,-,-,-,-
27212028900029400_大阪府八尾市高安町北６丁目,27212,大阪府,八尾市,高安町北６丁目,4,9,4,9,-,-,4,9,4,9,-,-,-,-,-,-
27212028900029500_大阪府八尾市高安町北７丁目,27212,大阪府,八尾市,高安町北７丁目,8,73,8,73,3,11,5,62,5,62,-,-,-,-,-,-
27212027600027600_大阪府八尾市高砂町１丁目,27212,大阪府,八尾市,高砂町１丁目,18,109,18,109,6,12,12,97,8,73,4,24,-,-,-,-
27212027600027700_大阪府八尾市高砂町２丁目,27212,大阪府,八尾市,高砂町２丁目,7,27,7,27,2,9,5,18,4,16,1,2,-,-,-,-
27212027600027800_大阪府八尾市高砂町３丁目,27212,大阪府,八尾市,高砂町３丁目,42,442,42,442,12,40,30,402,30,402,-,-,-,-,-,-
27212027600027900_大阪府八尾市高砂町４丁目,27212,大阪府,八尾市,高砂町４丁目,5,14,5,14,4,7,1,7,1,7,-,-,-,-,-,-
27212027600028000_大阪府八尾市高砂町５丁目,27212,大阪府,八尾市,高砂町５丁目,8,33,8,33,4,7,4,26,4,26,-,-,-,-,-,-
27212028100028100_大阪府八尾市高町,27212,大阪府,八尾市,高町,10,502,8,47,3,4,5,43,4,26,1,17,-,-,2,455
27212028200028200_大阪府八尾市高美町１丁目,27212,大阪府,八尾市,高美町１丁目,47,390,47,390,15,42,32,348,28,288,4,60,-,-,-,-
27212028200028300_大阪府八尾市高美町２丁目,27212,大阪府,八尾市,高美町２丁目,10,93,9,56,2,3,7,53,7,53,-,-,-,-,1,37
27212028200028400_大阪府八尾市高美町３丁目,27212,大阪府,八尾市,高美町３丁目,11,378,8,194,3,6,5,188,5,188,-,-,-,-,3,184
27212028200028500_大阪府八尾市高美町４丁目,27212,大阪府,八尾市,高美町４丁目,18,210,18,210,8,48,10,162,7,145,3,17,-,-,-,-
27212028200028600_大阪府八尾市高美町５丁目,27212,大阪府,八尾市,高美町５丁目,13,574,11,93,4,9,7,84,7,84,-,-,-,-,2,481
27212028200028700_大阪府八尾市高美町６丁目,27212,大阪府,八尾市,高美町６丁目,25,244,23,204,10,54,13,150,13,150,-,-,-,-,2,40
27212028200028800_大阪府八尾市高美町７丁目,27212,大阪府,八尾市,高美町７丁目,7,108,7,108,2,3,5,105,5,105,-,-,-,-,-,-
27212017900018000_大阪府八尾市黒谷１丁目,27212,大阪府,八尾市,黒谷１丁目,4,49,4,49,1,3,3,46,2,3,1,43,-,-,-,-
27212017900018100_大阪府八尾市黒谷２丁目,27212,大阪府,八尾市,黒谷２丁目,1,4,1,4,1,4,-,-,-,-,-,-,-,-,-,-
27212017900018200_大阪府八尾市黒谷３丁目,27212,大阪府,八尾市,黒谷３丁目,3,7,3,7,1,2,2,5,1,2,1,3,-,-,-,-
27212017900018300_大阪府八尾市黒谷４丁目,27212,大阪府,八尾市,黒谷４丁目,2,4,2,4,1,2,1,2,1,2,-,-,-,-,-,-
27212017900018400_大阪府八尾市黒谷５丁目,27212,大阪府,八尾市,黒谷５丁目,-,-,-,-,-,-,-,-,-,-,-,-,-,-,-,-
27212017900018500_大阪府八尾市黒谷６丁目,27212,大阪府,八尾市,黒谷６丁目,6,12,6,12,2,4,4,8,2,5,2,3,-,-,-,-
27212022200022200_大阪府八尾市佐堂町１丁目,27212,大阪府,八尾市,佐堂町１丁目,17,82,17,82,2,12,15,70,14,69,1,1,-,-,-,-
27212022200022300_大阪府八尾市佐堂町２丁目,27212,大阪府,八尾市,佐堂町２丁目,14,51,14,51,4,10,10,41,9,40,1,1,-,-,-,-
27212022200022400_大阪府八尾市佐堂町３丁目,27212,大阪府,八尾市,佐堂町３丁目,24,158,24,158,10,43,14,115,11,93,3,22,-,-,-,-
27212021800021800_大阪府八尾市桜ケ丘１丁目,27212,大阪府,八尾市,桜ケ丘１丁目,43,238,43,238,17,58,25,179,21,110,4,69,1,1,-,-
27212021800021900_大阪府八尾市桜ケ丘２丁目,27212,大阪府,八尾市,桜ケ丘２丁目,40,362,40,362,10,31,30,331,25,280,5,51,-,-,-,-
27212021800022000_大阪府八尾市桜ケ丘３丁目,27212,大阪府,八尾市,桜ケ丘３丁目,30,158,30,158,15,59,14,96,12,74,2,22,1,3,-,-
27212021800022100_大阪府八尾市桜ケ丘４丁目,27212,大阪府,八尾市,桜ケ丘４丁目,13,86,13,86,6,19,7,67,7,67,-,-,-,-,-,-
27212052700052700_大阪府八尾市山賀町１丁目,27212,大阪府,八尾市,山賀町１丁目,19,158,19,158,8,20,11,138,11,138,-,-,-,-,-,-
27212052700052800_大阪府八尾市山賀町２丁目,27212,大阪府,八尾市,山賀町２丁目,8,75,8,75,1,9,7,66,7,66,-,-,-,-,-,-
27212052700052900_大阪府八尾市山賀町３丁目,27212,大阪府,八尾市,山賀町３丁目,28,225,28,225,7,35,21,190,20,176,1,14,-,-,-,-
27212052700053000_大阪府八尾市山賀町４丁目,27212,大阪府,八尾市,山賀町４丁目,25,390,25,390,7,15,18,375,18,375,-,-,-,-,-,-
27212052700053100_大阪府八尾市山賀町５丁目,27212,大阪府,八尾市,山賀町５丁目,39,317,39,317,13,39,26,278,26,278,-,-,-,-,-,-
27212052700053200_大阪府八尾市山賀町６丁目,27212,大阪府,八尾市,山賀町６丁目,18,183,18,183,3,9,15,174,15,174,-,-,-,-,-,-
27212053300053300_大阪府八尾市山城町１丁目,27212,大阪府,八尾市,山城町１丁目,30,121,30,121,16,46,12,73,11,72,1,1,2,2,-,-
27212053300053400_大阪府八尾市山城町２丁目,27212,大阪府,八尾市,山城町２丁目,20,172,20,172,5,11,15,161,13,129,2,32,-,-,-,-
27212053300053500_大阪府八尾市山城町３丁目,27212,大阪府,八尾市,山城町３丁目,6,71,4,14,1,2,3,12,3,12,-,-,-,-,2,57
27212053300053600_大阪府八尾市山城町４丁目,27212,大阪府,八尾市,山城町４丁目,10,34,10,34,2,4,8,30,8,30,-,-,-,-,-,-
27212053300053700_大阪府八尾市山城町５丁目,27212,大阪府,八尾市,山城町５丁目,19,371,19,371,5,9,14,362,11,312,3,50,-,-,-,-
27212053900053900_大阪府八尾市山本高安町１丁目,27212,大阪府,八尾市,山本高安町１丁目,10,554,10,554,-,-,10,554,10,554,-,-,-,-,-,-
27212053900054000_大阪府八尾市山本高安町２丁目,27212,大阪府,八尾市,山本高安町２丁目,38,254,38,254,16,54,22,200,17,137,5,63,-,-,-,-
27212054100054100_大阪府八尾市山本町１丁目,27212,大阪府,八尾市,山本町１丁目,88,600,86,565,42,137,44,428,36,318,8,110,-,-,2,35
27212054100054200_大阪府八尾市山本町２丁目,27212,大阪府,八尾市,山本町２丁目,15,66,15,66,5,13,10,53,7,21,3,32,-,-,-,-
27212054100054300_大阪府八尾市山本町３丁目,27212,大阪府,八尾市,山本町３丁目,5,20,5,20,2,7,3,13,2,6,1,7,-,-,-,-
27212054100054400_大阪府八尾市山本町４丁目,27212,大阪府,八尾市,山本町４丁目,4,67,4,67,-,-,4,67,2,9,2,58,-,-,-,-
27212054100054500_大阪府八尾市山本町５丁目,27212,大阪府,八尾市,山本町５丁目,5,54,5,54,1,2,4,52,3,46,1,6,-,-,-,-
27212055400055400_大阪府八尾市山本町南１丁目,27212,大阪府,八尾市,山本町南１丁目,148,901,148,901,93,272,55,629,45,413,10,216,-,-,-,-
27212055400055500_大阪府八尾市山本町南２丁目,27212,大阪府,八尾市,山本町南２丁目,7,87,7,87,1,2,6,85,5,55,1,30,-,-,-,-
27212055400055600_大阪府八尾市山本町南３丁目,27212,大阪府,八尾市,山本町南３丁目,10,118,9,58,5,21,4,37,3,8,1,29,-,-,1,60
27212055400055700_大阪府八尾市山本町南４丁目,27212,大阪府,八尾市,山本町南４丁目,24,381,24,381,12,39,12,342,11,336,1,6,-,-,-,-
27212055400055800_大阪府八尾市山本町南５丁目,27212,大阪府,八尾市,山本町南５丁目,5,35,5,35,3,5,2,30,2,30,-,-,-,-,-,-
27212055400055900_大阪府八尾市山本町南６丁目,27212,大阪府,八尾市,山本町南６丁目,17,32,17,32,14,26,3,6,3,6,-,-,-,-,-,-
27212055400056000_大阪府八尾市山本町南７丁目,27212,大阪府,八尾市,山本町南７丁目,17,98,15,44,5,8,10,36,8,26,2,10,-,-,2,54
27212055400056100_大阪府八尾市山本町南８丁目,27212,大阪府,八尾市,山本町南８丁目,4,52,3,12,-,-,3,12,3,12,-,-,-,-,1,40
27212054600054600_大阪府八尾市山本町北１丁目,27212,大阪府,八尾市,山本町北１丁目,8,121,7,55,3,4,4,51,1,4,3,47,-,-,1,66
27212054600054700_大阪府八尾市山本町北２丁目,27212,大阪府,八尾市,山本町北２丁目,13,120,11,73,4,10,7,63,7,63,-,-,-,-,2,47
27212054600054800_大阪府八尾市山本町北３丁目,27212,大阪府,八尾市,山本町北３丁目,25,91,25,91,13,29,12,62,11,53,1,9,-,-,-,-
27212054600054900_大阪府八尾市山本町北４丁目,27212,大阪府,八尾市,山本町北４丁目,16,56,16,56,9,20,7,36,6,27,1,9,-,-,-,-
27212054600055000_大阪府八尾市山本町北５丁目,27212,大阪府,八尾市,山本町北５丁目,8,79,8,79,3,14,5,65,3,19,2,46,-,-,-,-
27212054600055100_大阪府八尾市山本町北６丁目,27212,大阪府,八尾市,山本町北６丁目,9,36,9,36,3,4,6,32,6,32,-,-,-,-,-,-
27212054600055200_大阪府八尾市山本町北７丁目,27212,大阪府,八尾市,山本町北７丁目,22,105,22,105,9,14,13,91,8,50,5,41,-,-,-,-
27212054600055300_大阪府八尾市山本町北８丁目,27212,大阪府,八尾市,山本町北８丁目,18,84,18,84,14,27,4,57,2,50,2,7,-,-,-,-
27212022500022500_大阪府八尾市志紀町１丁目,27212,大阪府,八尾市,志紀町１丁目,62,"1,199",62,"1,199",20,66,42,"1,133",39,"1,087",3,46,-,-,-,-
27212022500022600_大阪府八尾市志紀町２丁目,27212,大阪府,八尾市,志紀町２丁目,79,491,79,491,49,141,30,350,22,229,8,121,-,-,-,-
27212022500022700_大阪府八尾市志紀町３丁目,27212,大阪府,八尾市,志紀町３丁目,25,220,25,220,13,47,12,173,10,110,2,63,-,-,-,-
27212022800022800_大阪府八尾市志紀町西１丁目,27212,大阪府,八尾市,志紀町西１丁目,6,48,3,6,1,2,2,4,1,2,1,2,-,-,3,42
27212022800022900_大阪府八尾市志紀町西２丁目,27212,大阪府,八尾市,志紀町西２丁目,3,124,-,-,-,-,-,-,-,-,-,-,-,-,3,124
27212022800023000_大阪府八尾市志紀町西３丁目,27212,大阪府,八尾市,志紀町西３丁目,2,144,1,143,-,-,1,143,1,143,-,-,-,-,1,1
27212022800023100_大阪府八尾市志紀町西４丁目,27212,大阪府,八尾市,志紀町西４丁目,11,47,11,47,7,12,4,35,4,35,-,-,-,-,-,-
27212023200023200_大阪府八尾市志紀町南１丁目,27212,大阪府,八尾市,志紀町南１丁目,14,183,14,183,4,15,10,168,9,97,1,71,-,-,-,-
27212023200023300_大阪府八尾市志紀町南２丁目,27212,大阪府,八尾市,志紀町南２丁目,36,285,36,285,11,30,25,255,24,222,1,33,-,-,-,-
27212023200023400_大阪府八尾市志紀町南３丁目,27212,大阪府,八尾市,志紀町南３丁目,25,484,25,484,8,20,17,464,17,464,-,-,-,-,-,-
27212023200023500_大阪府八尾市志紀町南４丁目,27212,大阪府,八尾市,志紀町南４丁目,14,254,14,254,3,7,11,247,10,245,1,2,-,-,-,-
27212057000057000_大阪府八尾市若草町,27212,大阪府,八尾市,若草町,9,"1,015",9,"1,015",4,13,5,"1,002",4,56,1,946,-,-,-,-
27212057100057100_大阪府八尾市若林町１丁目,27212,大阪府,八尾市,若林町１丁目,52,832,52,832,8,57,44,775,38,697,6,78,-,-,-,-
27212057100057200_大阪府八尾市若林町２丁目,27212,大阪府,八尾市,若林町２丁目,62,"1,374",62,"1,374",3,9,59,"1,365",58,"1,364",1,1,-,-,-,-
27212057100057300_大阪府八尾市若林町３丁目,27212,大阪府,八尾市,若林町３丁目,42,275,41,270,14,66,27,204,26,203,1,1,-,-,1,5
27212023600023600_大阪府八尾市渋川町１丁目,27212,大阪府,八尾市,渋川町１丁目,10,253,10,253,1,1,9,252,9,252,-,-,-,-,-,-
27212023600023700_大阪府八尾市渋川町２丁目,27212,大阪府,八尾市,渋川町２丁目,3,377,3,377,-,-,3,377,3,377,-,-,-,-,-,-
27212023600023800_大阪府八尾市渋川町３丁目,27212,大阪府,八尾市,渋川町３丁目,10,29,10,29,5,13,4,12,4,12,-,-,1,4,-,-
27212023600023900_大阪府八尾市渋川町４丁目,27212,大阪府,八尾市,渋川町４丁目,17,95,17,95,11,22,6,73,3,31,3,42,-,-,-,-
27212023600024000_大阪府八尾市渋川町５丁目,27212,大阪府,八尾市,渋川町５丁目,15,70,15,70,8,18,7,52,7,52,-,-,-,-,-,-
27212023600024100_大阪府八尾市渋川町６丁目,27212,大阪府,八尾市,渋川町６丁目,12,148,12,148,6,21,6,127,6,127,-,-,-,-,-,-
27212023600024200_大阪府八尾市渋川町７丁目,27212,大阪府,八尾市,渋川町７丁目,2,6,2,6,1,5,1,1,1,1,-,-,-,-,-,-
27212008700008700_大阪府八尾市春日町１丁目,27212,大阪府,八尾市,春日町１丁目,25,331,25,331,8,36,17,295,13,265,4,30,-,-,-,-
27212008700008800_大阪府八尾市春日町２丁目,27212,大阪府,八尾市,春日町２丁目,6,49,6,49,2,16,4,33,2,15,2,18,-,-,-,-
27212008700008900_大阪府八尾市春日町３丁目,27212,大阪府,八尾市,春日町３丁目,12,46,12,46,9,27,3,19,2,16,1,3,-,-,-,-
27212008700009000_大阪府八尾市春日町４丁目,27212,大阪府,八尾市,春日町４丁目,14,78,14,78,8,16,6,62,2,17,4,45,-,-,-,-
27212062200062200_大阪府八尾市曙川東１丁目,27212,大阪府,八尾市,曙川東１丁目,9,56,9,56,5,11,4,45,4,45,-,-,-,-,-,-
27212062200062300_大阪府八尾市曙川東２丁目,27212,大阪府,八尾市,曙川東２丁目,1,2,1,2,-,-,1,2,1,2,-,-,-,-,-,-
27212062200062400_大阪府八尾市曙川東３丁目,27212,大阪府,八尾市,曙川東３丁目,1,1,1,1,1,1,-,-,-,-,-,-,-,-,-,-
27212062200062500_大阪府八尾市曙川東４丁目,27212,大阪府,八尾市,曙川東４丁目,5,11,5,11,3,4,2,7,1,6,1,1,-,-,-,-
27212062200062600_大阪府八尾市曙川東５丁目,27212,大阪府,八尾市,曙川東５丁目,1,2,1,2,1,2,-,-,-,-,-,-,-,-,-,-
27212062200062700_大阪府八尾市曙川東６丁目,27212,大阪府,八尾市,曙川東６丁目,1,5,1,5,-,-,1,5,1,5,-,-,-,-,-,-
27212062200062800_大阪府八尾市曙川東７丁目,27212,大阪府,八尾市,曙川東７丁目,2,4,2,4,1,2,1,2,1,2,-,-,-,-,-,-
27212062200062900_大阪府八尾市曙川東８丁目,27212,大阪府,八尾市,曙川東８丁目,3,63,1,27,-,-,1,27,1,27,-,-,-,-,2,36
27212001000001000_大阪府八尾市曙町１丁目,27212,大阪府,八尾市,曙町１丁目,34,309,34,309,8,18,26,291,26,291,-,-,-,-,-,-
27212001000001100_大阪府八尾市曙町２丁目,27212,大阪府,八尾市,曙町２丁目,7,79,5,37,-,-,5,37,3,28,2,9,-,-,2,42
27212001000001200_大阪府八尾市曙町３丁目,27212,大阪府,八尾市,曙町３丁目,5,7,5,7,4,5,1,2,1,2,-,-,-,-,-,-
27212001000001300_大阪府八尾市曙町４丁目,27212,大阪府,八尾市,曙町４丁目,2,9,2,9,-,-,2,9,2,9,-,-,-,-,-,-
27212020200020200_大阪府八尾市小阪合町１丁目,27212,大阪府,八尾市,小阪合町１丁目,9,32,9,32,1,1,8,31,7,30,1,1,-,-,-,-
27212020200020300_大阪府八尾市小阪合町２丁目,27212,大阪府,八尾市,小阪合町２丁目,10,39,10,39,5,10,5,29,5,29,-,-,-,-,-,-
27212020200020400_大阪府八尾市小阪合町３丁目,27212,大阪府,八尾市,小阪合町３丁目,11,93,11,93,2,5,9,88,8,86,1,2,-,-,-,-
27212020200020500_大阪府八尾市小阪合町４丁目,27212,大阪府,八尾市,小阪合町４丁目,8,98,8,98,3,7,5,91,5,91,-,-,-,-,-,-
27212020600020600_大阪府八尾市小畑町１丁目,27212,大阪府,八尾市,小畑町１丁目,3,9,3,9,1,1,2,8,2,8,-,-,-,-,-,-
27212020600020700_大阪府八尾市小畑町２丁目,27212,大阪府,八尾市,小畑町２丁目,13,132,13,132,2,8,11,124,11,124,-,-,-,-,-,-
27212020600020800_大阪府八尾市小畑町３丁目,27212,大阪府,八尾市,小畑町３丁目,13,117,13,117,2,4,11,113,11,113,-,-,-,-,-,-
27212020600020900_大阪府八尾市小畑町４丁目,27212,大阪府,八尾市,小畑町４丁目,4,20,4,20,3,17,1,3,1,3,-,-,-,-,-,-
27212044300044300_大阪府八尾市松山町１丁目,27212,大阪府,八尾市,松山町１丁目,10,197,10,197,1,1,9,196,8,62,1,134,-,-,-,-
27212044300044400_大阪府八尾市松山町２丁目,27212,大阪府,八尾市,松山町２丁目,9,102,9,102,2,8,7,94,7,94,-,-,-,-,-,-
27212035200035200_大阪府八尾市沼１丁目,27212,大阪府,八尾市,沼１丁目,68,"1,665",68,"1,665",12,48,56,"1,617",48,851,8,766,-,-,-,-
27212035200035300_大阪府八尾市沼２丁目,27212,大阪府,八尾市,沼２丁目,27,181,27,181,7,16,20,165,18,161,2,4,-,-,-,-
27212035200035400_大阪府八尾市沼３丁目,27212,大阪府,八尾市,沼３丁目,12,39,12,39,5,8,7,31,7,31,-,-,-,-,-,-
27212035200035500_大阪府八尾市沼４丁目,27212,大阪府,八尾市,沼４丁目,38,502,38,502,12,39,26,463,26,463,-,-,-,-,-,-
27212011200011200_大阪府八尾市上之島町南１丁目,27212,大阪府,八尾市,上之島町南１丁目,12,45,12,45,5,8,7,37,4,10,3,27,-,-,-,-
27212011200011300_大阪府八尾市上之島町南２丁目,27212,大阪府,八尾市,上之島町南２丁目,6,23,6,23,-,-,6,23,6,23,-,-,-,-,-,-
27212011200011400_大阪府八尾市上之島町南３丁目,27212,大阪府,八尾市,上之島町南３丁目,14,39,14,39,8,10,6,29,5,19,1,10,-,-,-,-
27212011200011500_大阪府八尾市上之島町南４丁目,27212,大阪府,八尾市,上之島町南４丁目,3,50,3,50,1,21,2,29,2,29,-,-,-,-,-,-
27212011200011600_大阪府八尾市上之島町南５丁目,27212,大阪府,八尾市,上之島町南５丁目,4,10,4,10,2,6,2,4,2,4,-,-,-,-,-,-
27212011200011700_大阪府八尾市上之島町南６丁目,27212,大阪府,八尾市,上之島町南６丁目,5,41,4,9,2,7,2,2,2,2,-,-,-,-,1,32
27212011200011800_大阪府八尾市上之島町南７丁目,27212,大阪府,八尾市,上之島町南７丁目,6,232,5,31,2,12,3,19,3,19,-,-,-,-,1,201
27212010600010600_大阪府八尾市上之島町北１丁目,27212,大阪府,八尾市,上之島町北１丁目,23,144,23,144,13,32,10,112,9,104,1,8,-,-,-,-
27212010600010700_大阪府八尾市上之島町北２丁目,27212,大阪府,八尾市,上之島町北２丁目,4,18,4,18,-,-,4,18,2,6,2,12,-,-,-,-
27212010600010800_大阪府八尾市上之島町北３丁目,27212,大阪府,八尾市,上之島町北３丁目,2,39,-,-,-,-,-,-,-,-,-,-,-,-,2,39
27212010600010900_大阪府八尾市上之島町北４丁目,27212,大阪府,八尾市,上之島町北４丁目,7,24,7,24,5,19,2,5,2,5,-,-,-,-,-,-
27212010600011000_大阪府八尾市上之島町北５丁目,27212,大阪府,八尾市,上之島町北５丁目,3,52,3,52,1,1,2,51,2,51,-,-,-,-,-,-
27212010600011100_大阪府八尾市上之島町北６丁目,27212,大阪府,八尾市,上之島町北６丁目,23,275,23,275,4,14,19,261,18,259,1,2,-,-,-,-
27212009700009700_大阪府八尾市上尾町１丁目,27212,大阪府,八尾市,上尾町１丁目,12,62,12,62,5,9,7,53,6,52,1,1,-,-,-,-
27212009700009800_大阪府八尾市上尾町２丁目,27212,大阪府,八尾市,上尾町２丁目,18,54,18,54,13,32,5,22,5,22,-,-,-,-,-,-
27212009700009900_大阪府八尾市上尾町３丁目,27212,大阪府,八尾市,上尾町３丁目,2,13,2,13,1,3,1,10,1,10,-,-,-,-,-,-
27212009700010000_大阪府八尾市上尾町４丁目,27212,大阪府,八尾市,上尾町４丁目,18,469,18,469,-,-,18,469,18,469,-,-,-,-,-,-
27212009700010100_大阪府八尾市上尾町５丁目,27212,大阪府,八尾市,上尾町５丁目,21,307,21,307,5,10,16,297,16,297,-,-,-,-,-,-
27212009700010200_大阪府八尾市上尾町６丁目,27212,大阪府,八尾市,上尾町６丁目,13,73,13,73,5,12,8,61,7,59,1,2,-,-,-,-
27212009700010300_大阪府八尾市上尾町７丁目,27212,大阪府,八尾市,上尾町７丁目,1,52,1,52,-,-,1,52,1,52,-,-,-,-,-,-
27212009700010400_大阪府八尾市上尾町８丁目,27212,大阪府,八尾市,上尾町８丁目,1,5,1,5,-,-,1,5,1,5,-,-,-,-,-,-
27212009700010500_大阪府八尾市上尾町９丁目,27212,大阪府,八尾市,上尾町９丁目,6,25,5,20,1,4,4,16,4,16,-,-,-,-,1,5
27212003300003300_大阪府八尾市植松町１丁目,27212,大阪府,八尾市,植松町１丁目,2,6,2,6,1,1,1,5,-,-,1,5,-,-,-,-
27212003300003400_大阪府八尾市植松町２丁目,27212,大阪府,八尾市,植松町２丁目,14,85,14,85,7,18,7,67,6,66,1,1,-,-,-,-
27212003300003500_大阪府八尾市植松町３丁目,27212,大阪府,八尾市,植松町３丁目,16,33,16,33,14,32,2,1,1,-,1,1,-,-,-,-
27212003300003600_大阪府八尾市植松町４丁目,27212,大阪府,八尾市,植松町４丁目,20,75,20,75,11,29,9,46,8,30,1,16,-,-,-,-
27212003300003700_大阪府八尾市植松町５丁目,27212,大阪府,八尾市,植松町５丁目,42,221,42,221,29,88,13,133,12,83,1,50,-,-,-,-
27212003300003800_大阪府八尾市植松町６丁目,27212,大阪府,八尾市,植松町６丁目,11,22,11,22,7,12,4,10,3,8,1,2,-,-,-,-
27212003300003900_大阪府八尾市植松町７丁目,27212,大阪府,八尾市,植松町７丁目,16,45,16,45,4,10,12,35,9,29,3,6,-,-,-,-
27212003300004000_大阪府八尾市植松町８丁目,27212,大阪府,八尾市,植松町８丁目,13,108,13,108,8,26,5,82,4,66,1,16,-,-,-,-
27212024500024500_大阪府八尾市新家町１丁目,27212,大阪府,八尾市,新家町１丁目,14,41,14,41,5,19,9,22,9,22,-,-,-,-,-,-
27212024500024600_大阪府八尾市新家町２丁目,27212,大阪府,八尾市,新家町２丁目,34,147,34,147,7,18,27,129,26,127,1,2,-,-,-,-
27212024500024700_大阪府八尾市新家町３丁目,27212,大阪府,八尾市,新家町３丁目,18,195,18,195,1,1,17,194,17,194,-,-,-,-,-,-
27212024500024800_大阪府八尾市新家町４丁目,27212,大阪府,八尾市,新家町４丁目,9,70,9,70,1,9,8,61,5,35,3,26,-,-,-,-
27212024500024900_大阪府八尾市新家町５丁目,27212,大阪府,八尾市,新家町５丁目,25,201,25,201,7,33,18,168,18,168,-,-,-,-,-,-
27212024500025000_大阪府八尾市新家町６丁目,27212,大阪府,八尾市,新家町６丁目,8,89,8,89,1,3,7,86,7,86,-,-,-,-,-,-
27212024500025100_大阪府八尾市新家町７丁目,27212,大阪府,八尾市,新家町７丁目,6,74,6,74,-,-,6,74,6,74,-,-,-,-,-,-
27212024500025200_大阪府八尾市新家町８丁目,27212,大阪府,八尾市,新家町８丁目,14,142,14,142,5,11,9,131,9,131,-,-,-,-,-,-
27212025300025400_大阪府八尾市神宮寺１丁目,27212,大阪府,八尾市,神宮寺１丁目,7,61,7,61,2,3,5,58,1,4,4,54,-,-,-,-
27212025300025500_大阪府八尾市神宮寺２丁目,27212,大阪府,八尾市,神宮寺２丁目,4,30,4,30,-,-,4,30,4,30,-,-,-,-,-,-
27212025300025600_大阪府八尾市神宮寺３丁目,27212,大阪府,八尾市,神宮寺３丁目,4,79,3,7,1,1,2,6,2,6,-,-,-,-,1,72
27212025300025700_大阪府八尾市神宮寺４丁目,27212,大阪府,八尾市,神宮寺４丁目,6,95,6,95,3,10,3,85,3,85,-,-,-,-,-,-
27212025300025800_大阪府八尾市神宮寺５丁目,27212,大阪府,八尾市,神宮寺５丁目,5,27,5,27,-,-,5,27,4,25,1,2,-,-,-,-
27212025900025900_大阪府八尾市神武町,27212,大阪府,八尾市,神武町,48,"1,797",48,"1,797",-,-,48,"1,797",47,"1,792",1,5,-,-,-,-
27212018600018700_大阪府八尾市神立１丁目,27212,大阪府,八尾市,神立１丁目,-,-,-,-,-,-,-,-,-,-,-,-,-,-,-,-
27212018600018800_大阪府八尾市神立２丁目,27212,大阪府,八尾市,神立２丁目,-,-,-,-,-,-,-,-,-,-,-,-,-,-,-,-
27212018600018900_大阪府八尾市神立３丁目,27212,大阪府,八尾市,神立３丁目,1,2,1,2,-,-,1,2,-,-,1,2,-,-,-,-
27212018600019000_大阪府八尾市神立４丁目,27212,大阪府,八尾市,神立４丁目,2,8,2,8,-,-,2,8,1,3,1,5,-,-,-,-
27212018600019100_大阪府八尾市神立５丁目,27212,大阪府,八尾市,神立５丁目,2,4,2,4,-,-,2,4,-,-,2,4,-,-,-,-
27212018600019200_大阪府八尾市神立６丁目,27212,大阪府,八尾市,神立６丁目,1,5,1,5,-,-,1,5,1,5,-,-,-,-,-,-
27212061400061400_大阪府八尾市水越１丁目,27212,大阪府,八尾市,水越１丁目,26,409,26,409,6,12,20,397,20,397,-,-,-,-,-,-
27212061400061500_大阪府八尾市水越２丁目,27212,大阪府,八尾市,水越２丁目,5,100,4,66,-,-,4,66,3,6,1,60,-,-,1,34
27212061400061600_大阪府八尾市水越３丁目,27212,大阪府,八尾市,水越３丁目,13,68,13,68,4,16,9,52,9,52,-,-,-,-,-,-
27212061400061700_大阪府八尾市水越４丁目,27212,大阪府,八尾市,水越４丁目,12,71,12,71,3,7,9,64,9,64,-,-,-,-,-,-
27212061400061800_大阪府八尾市水越５丁目,27212,大阪府,八尾市,水越５丁目,6,28,6,28,2,3,4,25,4,25,-,-,-,-,-,-
27212061400061900_大阪府八尾市水越６丁目,27212,大阪府,八尾市,水越６丁目,6,22,6,22,2,3,4,19,4,19,-,-,-,-,-,-
27212061400062000_大阪府八尾市水越７丁目,27212,大阪府,八尾市,水越７丁目,2,4,2,4,1,1,1,3,1,3,-,-,-,-,-,-
27212061400062100_大阪府八尾市水越８丁目,27212,大阪府,八尾市,水越８丁目,4,8,4,8,2,4,2,4,1,2,1,2,-,-,-,-
27212024300024300_大阪府八尾市清水町１丁目,27212,大阪府,八尾市,清水町１丁目,22,210,21,123,7,21,9,73,8,68,1,5,5,29,1,87
27212024300024400_大阪府八尾市清水町２丁目,27212,大阪府,八尾市,清水町２丁目,15,137,14,93,8,28,6,65,6,65,-,-,-,-,1,44
27212033900033900_大阪府八尾市西久宝寺,27212,大阪府,八尾市,西久宝寺,11,177,11,177,3,6,8,171,8,171,-,-,-,-,-,-
27212059400059400_大阪府八尾市西弓削１丁目,27212,大阪府,八尾市,西弓削１丁目,52,619,52,619,21,66,31,553,31,553,-,-,-,-,-,-
27212059400059500_大阪府八尾市西弓削２丁目,27212,大阪府,八尾市,西弓削２丁目,61,499,61,499,20,53,41,446,40,445,1,1,-,-,-,-
27212059400059600_大阪府八尾市西弓削３丁目,27212,大阪府,八尾市,西弓削３丁目,39,"1,111",39,"1,111",6,12,33,"1,099",33,"1,099",-,-,-,-,-,-
27212034000034000_大阪府八尾市西高安町１丁目,27212,大阪府,八尾市,西高安町１丁目,30,353,30,353,4,11,26,342,26,342,-,-,-,-,-,-
27212034000034100_大阪府八尾市西高安町２丁目,27212,大阪府,八尾市,西高安町２丁目,12,96,12,96,1,17,11,79,11,79,-,-,-,-,-,-
27212034000034200_大阪府八尾市西高安町３丁目,27212,大阪府,八尾市,西高安町３丁目,6,201,6,201,-,-,6,201,3,112,3,89,-,-,-,-
27212034000034300_大阪府八尾市西高安町４丁目,27212,大阪府,八尾市,西高安町４丁目,11,203,11,203,1,1,10,202,10,202,-,-,-,-,-,-
27212034000034400_大阪府八尾市西高安町５丁目,27212,大阪府,八尾市,西高安町５丁目,5,68,5,68,-,-,5,68,5,68,-,-,-,-,-,-
27212034500034500_大阪府八尾市西山本町１丁目,27212,大阪府,八尾市,西山本町１丁目,19,156,19,156,7,26,11,128,8,86,3,42,1,2,-,-
27212034500034600_大阪府八尾市西山本町２丁目,27212,大阪府,八尾市,西山本町２丁目,16,48,16,48,9,16,7,32,5,29,2,3,-,-,-,-
27212034500034700_大阪府八尾市西山本町３丁目,27212,大阪府,八尾市,西山本町３丁目,15,104,12,51,5,9,7,42,7,42,-,-,-,-,3,53
27212034500034800_大阪府八尾市西山本町４丁目,27212,大阪府,八尾市,西山本町４丁目,8,38,8,38,4,15,4,23,2,4,2,19,-,-,-,-
27212034500034900_大阪府八尾市西山本町５丁目,27212,大阪府,八尾市,西山本町５丁目,6,14,6,14,5,10,1,4,1,4,-,-,-,-,-,-
27212034500035000_大阪府八尾市西山本町６丁目,27212,大阪府,八尾市,西山本町６丁目,17,52,17,52,12,33,5,19,5,19,-,-,-,-,-,-
27212034500035100_大阪府八尾市西山本町７丁目,27212,大阪府,八尾市,西山本町７丁目,15,54,15,54,4,7,11,47,10,40,1,7,-,-,-,-
27212033500033500_大阪府八尾市西木の本１丁目,27212,大阪府,八尾市,西木の本１丁目,11,217,11,217,4,5,7,212,5,34,2,178,-,-,-,-
27212033500033600_大阪府八尾市西木の本２丁目,27212,大阪府,八尾市,西木の本２丁目,18,118,17,79,9,18,8,61,8,61,-,-,-,-,1,39
27212033500033700_大阪府八尾市西木の本３丁目,27212,大阪府,八尾市,西木の本３丁目,10,77,9,25,4,10,5,15,5,15,-,-,-,-,1,52
27212033500033800_大阪府八尾市西木の本４丁目,27212,大阪府,八尾市,西木の本４丁目,4,13,2,4,-,-,2,4,2,4,-,-,-,-,2,9
27212000500000500_大阪府八尾市青山町１丁目,27212,大阪府,八尾市,青山町１丁目,11,142,11,142,3,7,8,135,7,129,1,6,-,-,-,-
27212000500000600_大阪府八尾市青山町２丁目,27212,大阪府,八尾市,青山町２丁目,10,74,10,74,1,1,9,73,7,14,2,59,-,-,-,-
27212000500000700_大阪府八尾市青山町３丁目,27212,大阪府,八尾市,青山町３丁目,10,86,10,86,1,1,9,85,8,72,1,13,-,-,-,-
27212000500000800_大阪府八尾市青山町４丁目,27212,大阪府,八尾市,青山町４丁目,36,439,36,439,1,9,35,430,32,396,3,34,-,-,-,-
27212000500000900_大阪府八尾市青山町５丁目,27212,大阪府,八尾市,青山町５丁目,10,44,10,44,5,13,5,31,5,31,-,-,-,-,-,-
27212002800002800_大阪府八尾市跡部南の町１丁目,27212,大阪府,八尾市,跡部南の町１丁目,25,169,25,169,10,22,15,147,15,147,-,-,-,-,-,-
27212002800002900_大阪府八尾市跡部南の町２丁目,27212,大阪府,八尾市,跡部南の町２丁目,4,108,4,108,1,2,3,106,3,106,-,-,-,-,-,-
27212002100002100_大阪府八尾市跡部北の町１丁目,27212,大阪府,八尾市,跡部北の町１丁目,23,527,23,527,7,16,16,511,15,506,1,5,-,-,-,-
27212002100002200_大阪府八尾市跡部北の町２丁目,27212,大阪府,八尾市,跡部北の町２丁目,38,196,38,196,18,46,20,150,17,128,3,22,-,-,-,-
27212002100002300_大阪府八尾市跡部北の町３丁目,27212,大阪府,八尾市,跡部北の町３丁目,22,276,22,276,6,33,16,243,13,187,3,56,-,-,-,-
27212002400002400_大阪府八尾市跡部本町１丁目,27212,大阪府,八尾市,跡部本町１丁目,35,431,35,431,17,77,18,354,18,354,-,-,-,-,-,-
27212002400002500_大阪府八尾市跡部本町２丁目,27212,大阪府,八尾市,跡部本町２丁目,5,15,5,15,2,6,3,9,3,9,-,-,-,-,-,-
27212002400002600_大阪府八尾市跡部本町３丁目,27212,大阪府,八尾市,跡部本町３丁目,22,197,22,197,2,3,20,194,20,194,-,-,-,-,-,-
27212002400002700_大阪府八尾市跡部本町４丁目,27212,大阪府,八尾市,跡部本町４丁目,10,206,10,206,4,16,6,190,6,190,-,-,-,-,-,-
27212030800030900_大阪府八尾市千塚１丁目,27212,大阪府,八尾市,千塚１丁目,17,176,17,176,4,11,13,165,13,165,-,-,-,-,-,-
27212030800031000_大阪府八尾市千塚２丁目,27212,大阪府,八尾市,千塚２丁目,14,259,11,185,2,8,9,177,9,177,-,-,-,-,3,74
27212030800031100_大阪府八尾市千塚３丁目,27212,大阪府,八尾市,千塚３丁目,8,26,7,21,3,3,4,18,3,11,1,7,-,-,1,5
27212003000003000_大阪府八尾市泉町１丁目,27212,大阪府,八尾市,泉町１丁目,72,584,72,584,30,65,42,519,41,516,1,3,-,-,-,-
27212003000003100_大阪府八尾市泉町２丁目,27212,大阪府,八尾市,泉町２丁目,43,522,43,522,9,42,34,480,33,480,1,-,-,-,-,-
27212003000003200_大阪府八尾市泉町３丁目,27212,大阪府,八尾市,泉町３丁目,17,190,17,190,6,14,11,176,11,176,-,-,-,-,-,-
27212000100000100_大阪府八尾市相生町１丁目,27212,大阪府,八尾市,相生町１丁目,7,66,7,66,3,11,4,55,3,54,1,1,-,-,-,-
27212000100000200_大阪府八尾市相生町２丁目,27212,大阪府,八尾市,相生町２丁目,10,44,10,44,3,3,7,41,7,41,-,-,-,-,-,-
27212000100000300_大阪府八尾市相生町３丁目,27212,大阪府,八尾市,相生町３丁目,11,50,11,50,4,13,7,37,6,25,1,12,-,-,-,-
27212000100000400_大阪府八尾市相生町４丁目,27212,大阪府,八尾市,相生町４丁目,11,417,11,417,3,10,8,407,6,401,2,6,-,-,-,-
27212026500026500_大阪府八尾市荘内町１丁目,27212,大阪府,八尾市,荘内町１丁目,11,142,11,142,4,21,7,121,4,86,3,35,-,-,-,-
27212026500026600_大阪府八尾市荘内町２丁目,27212,大阪府,八尾市,荘内町２丁目,8,189,4,21,2,3,2,18,1,11,1,7,-,-,4,168
27212026700026700_大阪府八尾市太子堂１丁目,27212,大阪府,八尾市,太子堂１丁目,12,108,12,108,4,4,8,104,8,104,-,-,-,-,-,-
27212026700026800_大阪府八尾市太子堂２丁目,27212,大阪府,八尾市,太子堂２丁目,28,310,28,310,11,19,17,291,15,222,2,69,-,-,-,-
27212026700026900_大阪府八尾市太子堂３丁目,27212,大阪府,八尾市,太子堂３丁目,8,25,8,25,4,6,4,19,3,14,1,5,-,-,-,-
27212026700027000_大阪府八尾市太子堂４丁目,27212,大阪府,八尾市,太子堂４丁目,22,276,22,276,6,13,16,263,8,66,8,197,-,-,-,-
27212026700027100_大阪府八尾市太子堂５丁目,27212,大阪府,八尾市,太子堂５丁目,7,63,7,63,1,5,6,58,5,47,1,11,-,-,-,-
27212005100005100_大阪府八尾市太田１丁目,27212,大阪府,八尾市,太田１丁目,33,186,33,186,3,7,30,179,27,174,3,5,-,-,-,-
27212005100005200_大阪府八尾市太田２丁目,27212,大阪府,八尾市,太田２丁目,21,142,21,142,8,42,13,100,11,85,2,15,-,-,-,-
27212005100005300_大阪府八尾市太田３丁目,27212,大阪府,八尾市,太田３丁目,47,376,45,325,17,41,28,284,23,204,5,80,-,-,2,51
27212005100005400_大阪府八尾市太田４丁目,27212,大阪府,八尾市,太田４丁目,33,386,33,386,10,25,23,361,23,361,-,-,-,-,-,-
27212005100005500_大阪府八尾市太田５丁目,27212,大阪府,八尾市,太田５丁目,12,65,12,65,5,12,7,53,6,42,1,11,-,-,-,-
27212005100005600_大阪府八尾市太田６丁目,27212,大阪府,八尾市,太田６丁目,13,57,13,57,6,28,7,29,7,29,-,-,-,-,-,-
27212005100005700_大阪府八尾市太田７丁目,27212,大阪府,八尾市,太田７丁目,38,404,38,404,12,39,26,365,25,350,1,15,-,-,-,-
27212005100005800_大阪府八尾市太田８丁目,27212,大阪府,八尾市,太田８丁目,12,62,12,62,4,7,8,55,7,54,1,1,-,-,-,-
27212005100005900_大阪府八尾市太田９丁目,27212,大阪府,八尾市,太田９丁目,2,152,2,152,-,-,2,152,2,152,-,-,-,-,-,-
27212058300058300_大阪府八尾市太田新町１丁目,27212,大阪府,八尾市,太田新町１丁目,67,531,67,531,19,68,48,463,48,463,-,-,-,-,-,-
27212058300058400_大阪府八尾市太田新町２丁目,27212,大阪府,八尾市,太田新町２丁目,38,305,38,305,13,33,25,272,25,272,-,-,-,-,-,-
27212058300058500_大阪府八尾市太田新町３丁目,27212,大阪府,八尾市,太田新町３丁目,54,567,54,567,15,40,39,527,34,502,5,25,-,-,-,-
27212058300058600_大阪府八尾市太田新町４丁目,27212,大阪府,八尾市,太田新町４丁目,50,445,50,445,13,44,37,401,37,401,-,-,-,-,-,-
27212058300058700_大阪府八尾市太田新町５丁目,27212,大阪府,八尾市,太田新町５丁目,46,364,46,364,13,32,33,332,33,332,-,-,-,-,-,-
27212058300058800_大阪府八尾市太田新町６丁目,27212,大阪府,八尾市,太田新町６丁目,89,700,89,700,19,58,70,642,69,641,1,1,-,-,-,-
27212058300058900_大阪府八尾市太田新町７丁目,27212,大阪府,八尾市,太田新町７丁目,101,760,101,760,35,85,66,675,66,675,-,-,-,-,-,-
27212058300059000_大阪府八尾市太田新町８丁目,27212,大阪府,八尾市,太田新町８丁目,114,876,114,876,26,75,88,801,88,801,-,-,-,-,-,-
27212058300059100_大阪府八尾市太田新町９丁目,27212,大阪府,八尾市,太田新町９丁目,77,641,77,641,19,63,58,578,57,537,1,41,-,-,-,-
27212050200050200_大阪府八尾市大字八尾木,27212,大阪府,八尾市,大字八尾木,3,64,2,6,1,1,1,5,1,5,-,-,-,-,1,58
27212006500006500_大阪府八尾市大字恩智,27212,大阪府,八尾市,大字恩智,5,84,5,84,-,-,5,84,3,23,2,61,-,-,-,-
27212008000008000_大阪府八尾市大字垣内,27212,大阪府,八尾市,大字垣内,2,8,2,8,-,-,2,8,-,-,2,8,-,-,-,-
27212013000013000_大阪府八尾市大字楽音寺,27212,大阪府,八尾市,大字楽音寺,4,65,4,65,-,-,4,65,2,18,2,47,-,-,-,-
27212016600016600_大阪府八尾市大字教興寺,27212,大阪府,八尾市,大字教興寺,3,15,3,15,-,-,3,15,1,10,2,5,-,-,-,-
27212019500019500_大阪府八尾市大字郡川,27212,大阪府,八尾市,大字郡川,-,-,-,-,-,-,-,-,-,-,-,-,-,-,-,-
27212006000006000_大阪府八尾市大字刑部,27212,大阪府,八尾市,大字刑部,1,6,1,6,-,-,1,6,1,6,-,-,-,-,-,-
27212017900017900_大阪府八尾市大字黒谷,27212,大阪府,八尾市,大字黒谷,-,-,-,-,-,-,-,-,-,-,-,-,-,-,-,-
27212053800053800_大阪府八尾市大字山畑,27212,大阪府,八尾市,大字山畑,36,317,36,317,7,24,29,293,19,143,10,150,-,-,-,-
27212025300025300_大阪府八尾市大字神宮寺,27212,大阪府,八尾市,大字神宮寺,-,-,-,-,-,-,-,-,-,-,-,-,-,-,-,-
27212018600018600_大阪府八尾市大字神立,27212,大阪府,八尾市,大字神立,-,-,-,-,-,-,-,-,-,-,-,-,-,-,-,-
27212030800030800_大阪府八尾市大字千塚,27212,大阪府,八尾市,大字千塚,2,38,2,38,-,-,2,38,-,-,2,38,-,-,-,-
27212005000005000_大阪府八尾市大字大窪,27212,大阪府,八尾市,大字大窪,35,143,35,143,14,26,20,116,15,106,5,10,1,1,-,-
27212057800057800_大阪府八尾市大字都塚,27212,大阪府,八尾市,大字都塚,7,97,7,97,-,-,7,97,4,40,3,57,-,-,-,-
27212040400040400_大阪府八尾市大字東弓削,27212,大阪府,八尾市,大字東弓削,-,-,-,-,-,-,-,-,-,-,-,-,-,-,-,-
27212035600035600_大阪府八尾市大字服部川,27212,大阪府,八尾市,大字服部川,7,20,7,20,1,2,6,18,3,12,3,6,-,-,-,-
27212015600015600_大阪府八尾市大字木本,27212,大阪府,八尾市,大字木本,-,-,-,-,-,-,-,-,-,-,-,-,-,-,-,-
27212059700059700_大阪府八尾市大竹１丁目,27212,大阪府,八尾市,大竹１丁目,19,122,19,122,5,17,14,105,14,105,-,-,-,-,-,-
27212059700059800_大阪府八尾市大竹２丁目,27212,大阪府,八尾市,大竹２丁目,15,50,15,50,10,26,5,24,5,24,-,-,-,-,-,-
27212059700059900_大阪府八尾市大竹３丁目,27212,大阪府,八尾市,大竹３丁目,24,202,24,202,13,44,11,158,10,149,1,9,-,-,-,-
27212059700060000_大阪府八尾市大竹４丁目,27212,大阪府,八尾市,大竹４丁目,2,14,2,14,1,1,1,13,1,13,-,-,-,-,-,-
27212059700060100_大阪府八尾市大竹５丁目,27212,大阪府,八尾市,大竹５丁目,8,53,8,53,-,-,8,53,7,52,1,1,-,-,-,-
27212059700060200_大阪府八尾市大竹６丁目,27212,大阪府,八尾市,大竹６丁目,7,23,7,23,3,5,4,18,3,15,1,3,-,-,-,-
27212059700060300_大阪府八尾市大竹７丁目,27212,大阪府,八尾市,大竹７丁目,11,33,11,33,5,11,6,22,4,18,2,4,-,-,-,-
27212059700060400_大阪府八尾市大竹８丁目,27212,大阪府,八尾市,大竹８丁目,-,-,-,-,-,-,-,-,-,-,-,-,-,-,-,-
27212030300030300_大阪府八尾市竹渕１丁目,27212,大阪府,八尾市,竹渕１丁目,19,207,19,207,10,21,9,186,9,186,-,-,-,-,-,-
27212030300030400_大阪府八尾市竹渕２丁目,27212,大阪府,八尾市,竹渕２丁目,37,377,37,377,14,34,23,343,23,343,-,-,-,-,-,-
27212030300030500_大阪府八尾市竹渕３丁目,27212,大阪府,八尾市,竹渕３丁目,50,327,50,327,21,58,29,269,29,269,-,-,-,-,-,-
27212030300030600_大阪府八尾市竹渕４丁目,27212,大阪府,八尾市,竹渕４丁目,15,171,15,171,5,13,10,158,9,155,1,3,-,-,-,-
27212030300030700_大阪府八尾市竹渕５丁目,27212,大阪府,八尾市,竹渕５丁目,10,99,10,99,3,6,6,92,3,33,3,59,1,1,-,-
27212060500060500_大阪府八尾市竹渕西１丁目,27212,大阪府,八尾市,竹渕西１丁目,15,144,15,144,6,13,9,131,8,130,1,1,-,-,-,-
27212060500060600_大阪府八尾市竹渕西２丁目,27212,大阪府,八尾市,竹渕西２丁目,13,62,13,62,8,18,5,44,5,44,-,-,-,-,-,-
27212060500060700_大阪府八尾市竹渕西３丁目,27212,大阪府,八尾市,竹渕西３丁目,24,286,24,286,10,31,14,255,11,232,3,23,-,-,-,-
27212060500060800_大阪府八尾市竹渕西４丁目,27212,大阪府,八尾市,竹渕西４丁目,38,460,38,460,8,15,30,445,30,445,-,-,-,-,-,-
27212060500060900_大阪府八尾市竹渕西５丁目,27212,大阪府,八尾市,竹渕西５丁目,8,85,8,85,2,4,6,81,5,80,1,1,-,-,-,-
27212061000061000_大阪府八尾市竹渕東１丁目,27212,大阪府,八尾市,竹渕東１丁目,26,140,26,140,12,31,14,109,13,108,1,1,-,-,-,-
27212061000061100_大阪府八尾市竹渕東２丁目,27212,大阪府,八尾市,竹渕東２丁目,22,221,22,221,5,10,17,211,16,208,1,3,-,-,-,-
27212061000061200_大阪府八尾市竹渕東３丁目,27212,大阪府,八尾市,竹渕東３丁目,31,440,31,440,15,28,16,412,15,402,1,10,-,-,-,-
27212061000061300_大阪府八尾市竹渕東４丁目,27212,大阪府,八尾市,竹渕東４丁目,23,343,20,313,9,27,11,286,11,286,-,-,-,-,3,30
27212032200032200_大阪府八尾市中田１丁目,27212,大阪府,八尾市,中田１丁目,14,169,14,169,2,9,12,160,10,119,2,41,-,-,-,-
27212032200032300_大阪府八尾市中田２丁目,27212,大阪府,八尾市,中田２丁目,29,259,29,259,14,39,15,220,13,212,2,8,-,-,-,-
27212032200032400_大阪府八尾市中田３丁目,27212,大阪府,八尾市,中田３丁目,40,354,40,354,12,29,28,325,23,243,5,82,-,-,-,-
27212032200032500_大阪府八尾市中田４丁目,27212,大阪府,八尾市,中田４丁目,12,57,12,57,7,22,5,35,4,30,1,5,-,-,-,-
27212032200032600_大阪府八尾市中田５丁目,27212,大阪府,八尾市,中田５丁目,15,50,15,50,7,19,8,31,8,31,-,-,-,-,-,-
27212032700032700_大阪府八尾市長池町１丁目,27212,大阪府,八尾市,長池町１丁目,3,5,3,5,3,5,-,-,-,-,-,-,-,-,-,-
27212032700032800_大阪府八尾市長池町２丁目,27212,大阪府,八尾市,長池町２丁目,10,90,8,36,5,13,3,23,3,23,-,-,-,-,2,54
27212032700032900_大阪府八尾市長池町３丁目,27212,大阪府,八尾市,長池町３丁目,3,37,3,37,1,2,2,35,1,5,1,30,-,-,-,-
27212032700033000_大阪府八尾市長池町４丁目,27212,大阪府,八尾市,長池町４丁目,3,13,3,13,1,4,2,9,2,9,-,-,-,-,-,-
27212032700033100_大阪府八尾市長池町５丁目,27212,大阪府,八尾市,長池町５丁目,2,4,2,4,-,-,2,4,2,4,-,-,-,-,-,-
27212031200031200_大阪府八尾市堤町１丁目,27212,大阪府,八尾市,堤町１丁目,16,109,16,109,7,37,9,72,8,70,1,2,-,-,-,-
27212031200031300_大阪府八尾市堤町２丁目,27212,大阪府,八尾市,堤町２丁目,14,32,14,32,9,20,5,12,5,12,-,-,-,-,-,-
27212031200031400_大阪府八尾市堤町３丁目,27212,大阪府,八尾市,堤町３丁目,6,65,6,65,2,5,4,60,4,60,-,-,-,-,-,-
27212031500031500_大阪府八尾市天王寺屋１丁目,27212,大阪府,八尾市,天王寺屋１丁目,11,144,11,144,4,9,7,135,7,135,-,-,-,-,-,-
27212031500031600_大阪府八尾市天王寺屋２丁目,27212,大阪府,八尾市,天王寺屋２丁目,17,187,16,162,5,25,11,137,11,137,-,-,-,-,1,25
27212031500031700_大阪府八尾市天王寺屋３丁目,27212,大阪府,八尾市,天王寺屋３丁目,5,15,5,15,3,6,2,9,2,9,-,-,-,-,-,-
27212031500031800_大阪府八尾市天王寺屋４丁目,27212,大阪府,八尾市,天王寺屋４丁目,10,35,10,35,6,16,4,19,3,10,1,9,-,-,-,-
27212031500031900_大阪府八尾市天王寺屋５丁目,27212,大阪府,八尾市,天王寺屋５丁目,6,31,6,31,4,8,2,23,2,23,-,-,-,-,-,-
27212031500032000_大阪府八尾市天王寺屋６丁目,27212,大阪府,八尾市,天王寺屋６丁目,6,431,6,431,3,10,3,421,1,10,2,411,-,-,-,-
27212031500032100_大阪府八尾市天王寺屋７丁目,27212,大阪府,八尾市,天王寺屋７丁目,22,202,22,202,11,40,11,162,11,162,-,-,-,-,-,-
27212027200027200_大阪府八尾市田井中１丁目,27212,大阪府,八尾市,田井中１丁目,6,38,6,38,3,6,3,32,3,32,-,-,-,-,-,-
27212027200027300_大阪府八尾市田井中２丁目,27212,大阪府,八尾市,田井中２丁目,20,87,20,87,8,12,12,75,8,38,4,37,-,-,-,-
27212027200027400_大阪府八尾市田井中３丁目,27212,大阪府,八尾市,田井中３丁目,21,167,20,108,12,26,8,82,8,82,-,-,-,-,1,59
27212027200027500_大阪府八尾市田井中４丁目,27212,大阪府,八尾市,田井中４丁目,19,108,19,108,9,28,10,80,9,73,1,7,-,-,-,-
27212057800057900_大阪府八尾市都塚１丁目,27212,大阪府,八尾市,都塚１丁目,7,73,7,73,1,3,6,70,6,70,-,-,-,-,-,-
27212057800058000_大阪府八尾市都塚２丁目,27212,大阪府,八尾市,都塚２丁目,3,3,3,3,2,2,1,1,-,-,1,1,-,-,-,-
27212057800058100_大阪府八尾市都塚３丁目,27212,大阪府,八尾市,都塚３丁目,9,268,9,268,-,-,9,268,5,31,4,237,-,-,-,-
27212057800058200_大阪府八尾市都塚４丁目,27212,大阪府,八尾市,都塚４丁目,16,559,16,559,-,-,16,559,16,559,-,-,-,-,-,-
27212037000037000_大阪府八尾市東久宝寺１丁目,27212,大阪府,八尾市,東久宝寺１丁目,18,90,18,90,11,38,7,52,5,40,2,12,-,-,-,-
27212037000037100_大阪府八尾市東久宝寺２丁目,27212,大阪府,八尾市,東久宝寺２丁目,19,154,19,154,5,11,13,141,13,141,-,-,1,2,-,-
27212037000037200_大阪府八尾市東久宝寺３丁目,27212,大阪府,八尾市,東久宝寺３丁目,8,68,8,68,1,1,7,67,5,43,2,24,-,-,-,-
27212040400040500_大阪府八尾市東弓削１丁目,27212,大阪府,八尾市,東弓削１丁目,10,43,10,43,4,5,6,38,5,36,1,2,-,-,-,-
27212040400040600_大阪府八尾市東弓削２丁目,27212,大阪府,八尾市,東弓削２丁目,1,2,1,2,1,2,-,-,-,-,-,-,-,-,-,-
27212040400040700_大阪府八尾市東弓削３丁目,27212,大阪府,八尾市,東弓削３丁目,6,38,6,38,1,1,5,37,5,37,-,-,-,-,-,-
27212038600038600_大阪府八尾市東山本新町１丁目,27212,大阪府,八尾市,東山本新町１丁目,21,96,21,96,10,36,11,60,7,38,4,22,-,-,-,-
27212038600038700_大阪府八尾市東山本新町２丁目,27212,大阪府,八尾市,東山本新町２丁目,10,46,10,46,3,11,7,35,7,35,-,-,-,-,-,-
27212038600038800_大阪府八尾市東山本新町３丁目,27212,大阪府,八尾市,東山本新町３丁目,16,282,16,282,4,22,12,260,12,260,-,-,-,-,-,-
27212038600038900_大阪府八尾市東山本新町４丁目,27212,大阪府,八尾市,東山本新町４丁目,7,20,7,20,3,4,4,16,4,16,-,-,-,-,-,-
27212038600039000_大阪府八尾市東山本新町５丁目,27212,大阪府,八尾市,東山本新町５丁目,5,23,5,23,3,10,2,13,2,13,-,-,-,-,-,-
27212038600039100_大阪府八尾市東山本新町６丁目,27212,大阪府,八尾市,東山本新町６丁目,6,14,6,14,4,10,2,4,2,4,-,-,-,-,-,-
27212038600039200_大阪府八尾市東山本新町７丁目,27212,大阪府,八尾市,東山本新町７丁目,3,27,3,27,1,8,2,19,2,19,-,-,-,-,-,-
27212038600039300_大阪府八尾市東山本新町８丁目,27212,大阪府,八尾市,東山本新町８丁目,20,201,20,201,7,15,13,186,12,184,1,2,-,-,-,-
27212038600039400_大阪府八尾市東山本新町９丁目,27212,大阪府,八尾市,東山本新町９丁目,10,68,10,68,1,1,9,67,8,63,1,4,-,-,-,-
27212039500039500_大阪府八尾市東山本町１丁目,27212,大阪府,八尾市,東山本町１丁目,24,56,24,56,18,38,6,18,6,18,-,-,-,-,-,-
27212039500039600_大阪府八尾市東山本町２丁目,27212,大阪府,八尾市,東山本町２丁目,6,13,6,13,5,7,1,6,1,6,-,-,-,-,-,-
27212039500039700_大阪府八尾市東山本町３丁目,27212,大阪府,八尾市,東山本町３丁目,10,49,10,49,5,17,5,32,3,6,2,26,-,-,-,-
27212039500039800_大阪府八尾市東山本町４丁目,27212,大阪府,八尾市,東山本町４丁目,2,7,2,7,-,-,2,7,2,7,-,-,-,-,-,-
27212039500039900_大阪府八尾市東山本町５丁目,27212,大阪府,八尾市,東山本町５丁目,14,40,14,40,4,8,10,32,9,30,1,2,-,-,-,-
27212039500040000_大阪府八尾市東山本町６丁目,27212,大阪府,八尾市,東山本町６丁目,9,64,9,64,4,14,5,50,4,46,1,4,-,-,-,-
27212039500040100_大阪府八尾市東山本町７丁目,27212,大阪府,八尾市,東山本町７丁目,-,-,-,-,-,-,-,-,-,-,-,-,-,-,-,-
27212039500040200_大阪府八尾市東山本町８丁目,27212,大阪府,八尾市,東山本町８丁目,20,55,20,55,14,26,6,29,6,29,-,-,-,-,-,-
27212039500040300_大阪府八尾市東山本町９丁目,27212,大阪府,八尾市,東山本町９丁目,4,56,2,14,-,-,2,14,2,14,-,-,-,-,2,42
27212037300037300_大阪府八尾市東太子１丁目,27212,大阪府,八尾市,東太子１丁目,12,151,10,92,7,53,3,39,2,14,1,25,-,-,2,59
27212037300037400_大阪府八尾市東太子２丁目,27212,大阪府,八尾市,東太子２丁目,29,134,29,134,13,30,16,104,12,78,4,26,-,-,-,-
27212038000038000_大阪府八尾市東町１丁目,27212,大阪府,八尾市,東町１丁目,5,46,5,46,2,4,3,42,3,42,-,-,-,-,-,-
27212038000038100_大阪府八尾市東町２丁目,27212,大阪府,八尾市,東町２丁目,1,2,1,2,-,-,1,2,1,2,-,-,-,-,-,-
27212038000038200_大阪府八尾市東町３丁目,27212,大阪府,八尾市,東町３丁目,3,108,1,19,-,-,1,19,1,19,-,-,-,-,2,89
27212038000038300_大阪府八尾市東町４丁目,27212,大阪府,八尾市,東町４丁目,7,100,7,100,-,-,7,100,7,100,-,-,-,-,-,-
27212038000038400_大阪府八尾市東町５丁目,27212,大阪府,八尾市,東町５丁目,6,43,6,43,-,-,6,43,6,43,-,-,-,-,-,-
27212038000038500_大阪府八尾市東町６丁目,27212,大阪府,八尾市,東町６丁目,18,68,18,68,6,13,12,55,12,55,-,-,-,-,-,-
27212037500037500_大阪府八尾市東本町１丁目,27212,大阪府,八尾市,東本町１丁目,23,62,23,62,6,12,17,50,15,48,2,2,-,-,-,-
27212037500037600_大阪府八尾市東本町２丁目,27212,大阪府,八尾市,東本町２丁目,24,92,24,92,7,18,16,63,10,29,6,34,1,11,-,-
27212037500037700_大阪府八尾市東本町３丁目,27212,大阪府,八尾市,東本町３丁目,113,950,113,950,59,281,52,656,43,448,9,208,2,13,-,-
27212037500037800_大阪府八尾市東本町４丁目,27212,大阪府,八尾市,東本町４丁目,16,166,16,166,7,18,9,148,9,148,-,-,-,-,-,-
27212037500037900_大阪府八尾市東本町５丁目,27212,大阪府,八尾市,東本町５丁目,19,66,19,66,15,40,4,26,4,26,-,-,-,-,-,-
27212036800036800_大阪府八尾市東老原１丁目,27212,大阪府,八尾市,東老原１丁目,9,55,9,55,2,5,7,50,7,50,-,-,-,-,-,-
27212036800036900_大阪府八尾市東老原２丁目,27212,大阪府,八尾市,東老原２丁目,6,53,6,53,3,5,3,48,3,48,-,-,-,-,-,-
27212045900045900_大阪府八尾市南亀井町１丁目,27212,大阪府,八尾市,南亀井町１丁目,22,226,22,226,7,17,15,209,15,209,-,-,-,-,-,-
27212045900046000_大阪府八尾市南亀井町２丁目,27212,大阪府,八尾市,南亀井町２丁目,31,207,31,207,12,22,19,185,19,185,-,-,-,-,-,-
27212045900046100_大阪府八尾市南亀井町３丁目,27212,大阪府,八尾市,南亀井町３丁目,4,22,4,22,-,-,4,22,4,22,-,-,-,-,-,-
27212045900046200_大阪府八尾市南亀井町４丁目,27212,大阪府,八尾市,南亀井町４丁目,31,410,30,378,9,22,21,356,20,322,1,34,-,-,1,32
27212045900046300_大阪府八尾市南亀井町５丁目,27212,大阪府,八尾市,南亀井町５丁目,9,299,9,299,-,-,9,299,9,299,-,-,-,-,-,-
27212047300047300_大阪府八尾市南久宝寺１丁目,27212,大阪府,八尾市,南久宝寺１丁目,17,230,17,230,5,12,12,218,12,218,-,-,-,-,-,-
27212047300047400_大阪府八尾市南久宝寺２丁目,27212,大阪府,八尾市,南久宝寺２丁目,12,85,12,85,3,19,9,66,9,66,-,-,-,-,-,-
27212047300047500_大阪府八尾市南久宝寺３丁目,27212,大阪府,八尾市,南久宝寺３丁目,12,120,12,120,4,8,8,112,5,28,3,84,-,-,-,-
27212047600047600_大阪府八尾市南小阪合町１丁目,27212,大阪府,八尾市,南小阪合町１丁目,9,67,9,67,1,2,8,65,8,65,-,-,-,-,-,-
27212047600047700_大阪府八尾市南小阪合町２丁目,27212,大阪府,八尾市,南小阪合町２丁目,2,116,2,116,1,1,1,115,-,-,1,115,-,-,-,-
27212047600047800_大阪府八尾市南小阪合町３丁目,27212,大阪府,八尾市,南小阪合町３丁目,9,78,9,78,3,12,6,66,5,65,1,1,-,-,-,-
27212047600047900_大阪府八尾市南小阪合町４丁目,27212,大阪府,八尾市,南小阪合町４丁目,2,37,2,37,-,-,2,37,2,37,-,-,-,-,-,-
27212047600048000_大阪府八尾市南小阪合町５丁目,27212,大阪府,八尾市,南小阪合町５丁目,7,41,7,41,3,5,4,36,4,36,-,-,-,-,-,-
27212045400045400_大阪府八尾市南植松町１丁目,27212,大阪府,八尾市,南植松町１丁目,17,126,17,126,7,28,10,98,8,72,2,26,-,-,-,-
27212045400045500_大阪府八尾市南植松町２丁目,27212,大阪府,八尾市,南植松町２丁目,11,706,11,706,2,2,9,704,9,704,-,-,-,-,-,-
27212045400045600_大阪府八尾市南植松町３丁目,27212,大阪府,八尾市,南植松町３丁目,11,86,10,80,6,11,4,69,4,69,-,-,-,-,1,6
27212045400045700_大阪府八尾市南植松町４丁目,27212,大阪府,八尾市,南植松町４丁目,13,141,13,141,1,2,12,139,12,139,-,-,-,-,-,-
27212045400045800_大阪府八尾市南植松町５丁目,27212,大阪府,八尾市,南植松町５丁目,17,63,17,63,7,20,10,43,10,43,-,-,-,-,-,-
27212048100048100_大阪府八尾市南太子堂１丁目,27212,大阪府,八尾市,南太子堂１丁目,16,132,16,132,10,15,6,117,6,117,-,-,-,-,-,-
27212048100048200_大阪府八尾市南太子堂２丁目,27212,大阪府,八尾市,南太子堂２丁目,23,247,22,240,7,63,15,177,13,121,2,56,-,-,1,7
27212048100048300_大阪府八尾市南太子堂３丁目,27212,大阪府,八尾市,南太子堂３丁目,29,220,28,177,11,19,17,158,17,158,-,-,-,-,1,43
27212048100048400_大阪府八尾市南太子堂４丁目,27212,大阪府,八尾市,南太子堂４丁目,30,168,30,168,7,17,23,151,19,117,4,34,-,-,-,-
27212048100048500_大阪府八尾市南太子堂５丁目,27212,大阪府,八尾市,南太子堂５丁目,12,91,12,91,2,3,10,88,10,88,-,-,-,-,-,-
27212048100048600_大阪府八尾市南太子堂６丁目,27212,大阪府,八尾市,南太子堂６丁目,21,199,21,199,5,23,16,176,14,172,2,4,-,-,-,-
27212048700048700_大阪府八尾市南本町１丁目,27212,大阪府,八尾市,南本町１丁目,23,620,23,620,6,17,17,603,17,603,-,-,-,-,-,-
27212048700048800_大阪府八尾市南本町２丁目,27212,大阪府,八尾市,南本町２丁目,19,76,19,76,9,30,10,46,8,38,2,8,-,-,-,-
27212048700048900_大阪府八尾市南本町３丁目,27212,大阪府,八尾市,南本町３丁目,16,207,16,207,4,6,12,201,5,25,7,176,-,-,-,-
27212048700049000_大阪府八尾市南本町４丁目,27212,大阪府,八尾市,南本町４丁目,22,179,22,179,5,17,16,161,14,145,2,16,1,1,-,-
27212048700049100_大阪府八尾市南本町５丁目,27212,大阪府,八尾市,南本町５丁目,9,20,9,20,3,5,6,15,5,12,1,3,-,-,-,-
27212048700049200_大阪府八尾市南本町６丁目,27212,大阪府,八尾市,南本町６丁目,24,87,24,87,9,18,15,69,11,49,4,20,-,-,-,-
27212048700049300_大阪府八尾市南本町７丁目,27212,大阪府,八尾市,南本町７丁目,19,85,19,85,11,27,8,58,6,47,2,11,-,-,-,-
27212048700049400_大阪府八尾市南本町８丁目,27212,大阪府,八尾市,南本町８丁目,18,307,17,290,6,14,11,276,8,128,3,148,-,-,1,17
27212048700049500_大阪府八尾市南本町９丁目,27212,大阪府,八尾市,南本町９丁目,12,154,12,154,1,1,11,153,10,143,1,10,-,-,-,-
27212046400046400_大阪府八尾市南木の本１丁目,27212,大阪府,八尾市,南木の本１丁目,24,214,24,214,5,18,19,196,19,196,-,-,-,-,-,-
27212046400046500_大阪府八尾市南木の本２丁目,27212,大阪府,八尾市,南木の本２丁目,56,412,56,412,27,112,29,300,27,283,2,17,-,-,-,-
27212046400046600_大阪府八尾市南木の本３丁目,27212,大阪府,八尾市,南木の本３丁目,5,22,5,22,2,3,3,19,2,14,1,5,-,-,-,-
27212046400046700_大阪府八尾市南木の本４丁目,27212,大阪府,八尾市,南木の本４丁目,32,367,32,367,11,36,20,327,19,282,1,45,1,4,-,-
27212046400046800_大阪府八尾市南木の本５丁目,27212,大阪府,八尾市,南木の本５丁目,23,364,23,364,1,3,22,361,20,288,2,73,-,-,-,-
27212046400046900_大阪府八尾市南木の本６丁目,27212,大阪府,八尾市,南木の本６丁目,8,20,8,20,5,9,3,11,3,11,-,-,-,-,-,-
27212046400047000_大阪府八尾市南木の本７丁目,27212,大阪府,八尾市,南木の本７丁目,27,77,27,77,12,23,15,54,13,50,2,4,-,-,-,-
27212046400047100_大阪府八尾市南木の本８丁目,27212,大阪府,八尾市,南木の本８丁目,18,159,18,159,5,22,13,137,13,137,-,-,-,-,-,-
27212046400047200_大阪府八尾市南木の本９丁目,27212,大阪府,八尾市,南木の本９丁目,32,191,32,191,11,30,21,161,21,161,-,-,-,-,-,-
27212017400017400_大阪府八尾市楠根町１丁目,27212,大阪府,八尾市,楠根町１丁目,3,12,3,12,-,-,3,12,3,12,-,-,-,-,-,-
27212017400017500_大阪府八尾市楠根町２丁目,27212,大阪府,八尾市,楠根町２丁目,33,493,33,493,15,57,18,436,18,436,-,-,-,-,-,-
27212017400017600_大阪府八尾市楠根町３丁目,27212,大阪府,八尾市,楠根町３丁目,24,217,24,217,11,46,13,171,13,171,-,-,-,-,-,-
27212017400017700_大阪府八尾市楠根町４丁目,27212,大阪府,八尾市,楠根町４丁目,11,129,11,129,-,-,11,129,11,129,-,-,-,-,-,-
27212017400017800_大阪府八尾市楠根町５丁目,27212,大阪府,八尾市,楠根町５丁目,26,497,26,497,6,21,20,476,20,476,-,-,-,-,-,-
27212057400057400_大阪府八尾市柏村町１丁目,27212,大阪府,八尾市,柏村町１丁目,7,123,7,123,2,2,5,121,2,8,3,113,-,-,-,-
27212057400057500_大阪府八尾市柏村町２丁目,27212,大阪府,八尾市,柏村町２丁目,5,51,5,51,-,-,5,51,5,51,-,-,-,-,-,-
27212057400057600_大阪府八尾市柏村町３丁目,27212,大阪府,八尾市,柏村町３丁目,7,193,7,193,2,3,5,190,5,190,-,-,-,-,-,-
27212057400057700_大阪府八尾市柏村町４丁目,27212,大阪府,八尾市,柏村町４丁目,11,79,11,79,2,3,9,76,7,57,2,19,-,-,-,-
27212044500044500_大阪府八尾市美園町１丁目,27212,大阪府,八尾市,美園町１丁目,11,70,11,70,2,3,9,67,9,67,-,-,-,-,-,-
27212044500044600_大阪府八尾市美園町２丁目,27212,大阪府,八尾市,美園町２丁目,19,356,17,314,7,17,10,297,8,73,2,224,-,-,2,42
27212044500044700_大阪府八尾市美園町３丁目,27212,大阪府,八尾市,美園町３丁目,10,135,10,135,1,3,9,132,9,132,-,-,-,-,-,-
27212044500044800_大阪府八尾市美園町４丁目,27212,大阪府,八尾市,美園町４丁目,42,583,42,583,14,56,28,527,23,387,5,140,-,-,-,-
27212035600035700_大阪府八尾市服部川１丁目,27212,大阪府,八尾市,服部川１丁目,10,101,10,101,1,4,9,97,8,61,1,36,-,-,-,-
27212035600035800_大阪府八尾市服部川２丁目,27212,大阪府,八尾市,服部川２丁目,5,42,5,42,1,5,4,37,4,37,-,-,-,-,-,-
27212035600035900_大阪府八尾市服部川３丁目,27212,大阪府,八尾市,服部川３丁目,17,192,17,192,5,13,12,179,10,56,2,123,-,-,-,-
27212035600036000_大阪府八尾市服部川４丁目,27212,大阪府,八尾市,服部川４丁目,7,71,7,71,3,9,4,62,3,13,1,49,-,-,-,-
27212035600036100_大阪府八尾市服部川５丁目,27212,大阪府,八尾市,服部川５丁目,8,160,8,160,1,3,7,157,6,42,1,115,-,-,-,-
27212035600036200_大阪府八尾市服部川６丁目,27212,大阪府,八尾市,服部川６丁目,15,50,15,50,5,13,10,37,7,25,3,12,-,-,-,-
27212035600036300_大阪府八尾市服部川７丁目,27212,大阪府,八尾市,服部川７丁目,14,39,14,39,12,34,2,5,2,5,-,-,-,-,-,-
27212035600036400_大阪府八尾市服部川８丁目,27212,大阪府,八尾市,服部川８丁目,4,14,4,14,1,3,3,11,2,9,1,2,-,-,-,-
27212035600036500_大阪府八尾市服部川９丁目,27212,大阪府,八尾市,服部川９丁目,2,4,2,4,-,-,2,4,1,2,1,2,-,-,-,-
27212040800040800_大阪府八尾市福栄町１丁目,27212,大阪府,八尾市,福栄町１丁目,21,223,21,223,6,29,15,194,14,106,1,88,-,-,-,-
27212040800040900_大阪府八尾市福栄町２丁目,27212,大阪府,八尾市,福栄町２丁目,21,242,21,242,9,23,12,219,12,219,-,-,-,-,-,-
27212040800041000_大阪府八尾市福栄町３丁目,27212,大阪府,八尾市,福栄町３丁目,7,147,7,147,-,-,7,147,7,147,-,-,-,-,-,-
27212040800041100_大阪府八尾市福栄町４丁目,27212,大阪府,八尾市,福栄町４丁目,7,24,7,24,3,9,4,15,4,15,-,-,-,-,-,-
27212041200041200_大阪府八尾市福万寺町１丁目,27212,大阪府,八尾市,福万寺町１丁目,8,61,8,61,1,2,7,59,5,56,2,3,-,-,-,-
27212041200041300_大阪府八尾市福万寺町２丁目,27212,大阪府,八尾市,福万寺町２丁目,14,159,12,126,2,45,10,81,10,81,-,-,-,-,2,33
27212041200041400_大阪府八尾市福万寺町３丁目,27212,大阪府,八尾市,福万寺町３丁目,8,51,8,51,2,4,6,47,5,15,1,32,-,-,-,-
27212041200041500_大阪府八尾市福万寺町４丁目,27212,大阪府,八尾市,福万寺町４丁目,7,68,7,68,-,-,7,68,4,47,3,21,-,-,-,-
27212041200041600_大阪府八尾市福万寺町５丁目,27212,大阪府,八尾市,福万寺町５丁目,2,9,2,9,-,-,2,9,2,9,-,-,-,-,-,-
27212041200041700_大阪府八尾市福万寺町６丁目,27212,大阪府,八尾市,福万寺町６丁目,4,54,4,54,1,1,3,53,3,53,-,-,-,-,-,-
27212041200041800_大阪府八尾市福万寺町７丁目,27212,大阪府,八尾市,福万寺町７丁目,2,8,2,8,-,-,2,8,2,8,-,-,-,-,-,-
27212041200041900_大阪府八尾市福万寺町８丁目,27212,大阪府,八尾市,福万寺町８丁目,2,21,2,21,-,-,2,21,2,21,-,-,-,-,-,-
27212042600042600_大阪府八尾市福万寺町南１丁目,27212,大阪府,八尾市,福万寺町南１丁目,12,69,12,69,5,12,7,57,7,57,-,-,-,-,-,-
27212042600042700_大阪府八尾市福万寺町南２丁目,27212,大阪府,八尾市,福万寺町南２丁目,14,38,14,38,8,14,6,24,6,24,-,-,-,-,-,-
27212042600042800_大阪府八尾市福万寺町南３丁目,27212,大阪府,八尾市,福万寺町南３丁目,6,89,6,89,3,3,3,86,3,86,-,-,-,-,-,-
27212042600042900_大阪府八尾市福万寺町南４丁目,27212,大阪府,八尾市,福万寺町南４丁目,9,83,9,83,2,8,7,75,7,75,-,-,-,-,-,-
27212042600043000_大阪府八尾市福万寺町南５丁目,27212,大阪府,八尾市,福万寺町南５丁目,4,98,4,98,2,18,2,80,1,50,1,30,-,-,-,-
27212042600043100_大阪府八尾市福万寺町南６丁目,27212,大阪府,八尾市,福万寺町南６丁目,7,251,7,251,-,-,7,251,7,251,-,-,-,-,-,-
27212042000042000_大阪府八尾市福万寺町北１丁目,27212,大阪府,八尾市,福万寺町北１丁目,-,-,-,-,-,-,-,-,-,-,-,-,-,-,-,-
27212042000042100_大阪府八尾市福万寺町北２丁目,27212,大阪府,八尾市,福万寺町北２丁目,1,9,1,9,-,-,1,9,1,9,-,-,-,-,-,-
27212042000042200_大阪府八尾市福万寺町北３丁目,27212,大阪府,八尾市,福万寺町北３丁目,3,6,3,6,1,1,2,5,2,5,-,-,-,-,-,-
27212042000042300_大阪府八尾市福万寺町北４丁目,27212,大阪府,八尾市,福万寺町北４丁目,-,-,-,-,-,-,-,-,-,-,-,-,-,-,-,-
27212042000042400_大阪府八尾市福万寺町北５丁目,27212,大阪府,八尾市,福万寺町北５丁目,-,-,-,-,-,-,-,-,-,-,-,-,-,-,-,-
27212042000042500_大阪府八尾市福万寺町北６丁目,27212,大阪府,八尾市,福万寺町北６丁目,-,-,-,-,-,-,-,-,-,-,-,-,-,-,-,-
27212013800013800_大阪府八尾市北亀井町１丁目,27212,大阪府,八尾市,北亀井町１丁目,31,531,31,531,10,30,21,501,21,501,-,-,-,-,-,-
27212013800013900_大阪府八尾市北亀井町２丁目,27212,大阪府,八尾市,北亀井町２丁目,37,576,37,576,10,38,27,538,26,534,1,4,-,-,-,-
27212013800014000_大阪府八尾市北亀井町３丁目,27212,大阪府,八尾市,北亀井町３丁目,26,"2,870",26,"2,870",2,4,23,"2,864",23,"2,864",-,-,1,2,-,-
27212014600014600_大阪府八尾市北久宝寺１丁目,27212,大阪府,八尾市,北久宝寺１丁目,27,714,27,714,10,23,17,691,15,677,2,14,-,-,-,-
27212014600014700_大阪府八尾市北久宝寺２丁目,27212,大阪府,八尾市,北久宝寺２丁目,10,545,9,540,-,-,8,539,8,539,-,-,1,1,1,5
27212014600014800_大阪府八尾市北久宝寺３丁目,27212,大阪府,八尾市,北久宝寺３丁目,7,79,7,79,-,-,7,79,7,79,-,-,-,-,-,-
27212014900014900_大阪府八尾市北本町１丁目,27212,大阪府,八尾市,北本町１丁目,67,338,67,338,37,101,30,237,24,177,6,60,-,-,-,-
27212014900015000_大阪府八尾市北本町２丁目,27212,大阪府,八尾市,北本町２丁目,154,"1,582",154,"1,582",70,249,83,"1,330",78,988,5,342,1,3,-,-
27212014900015100_大阪府八尾市北本町３丁目,27212,大阪府,八尾市,北本町３丁目,40,456,40,456,19,57,21,399,19,376,2,23,-,-,-,-
27212014900015200_大阪府八尾市北本町４丁目,27212,大阪府,八尾市,北本町４丁目,11,54,11,54,4,20,7,34,7,34,-,-,-,-,-,-
27212014100014100_大阪府八尾市北木の本１丁目,27212,大阪府,八尾市,北木の本１丁目,32,206,32,206,14,45,18,161,18,161,-,-,-,-,-,-
27212014100014200_大阪府八尾市北木の本２丁目,27212,大阪府,八尾市,北木の本２丁目,21,138,21,138,9,22,12,116,12,116,-,-,-,-,-,-
27212014100014300_大阪府八尾市北木の本３丁目,27212,大阪府,八尾市,北木の本３丁目,38,234,38,234,6,18,32,216,32,216,-,-,-,-,-,-
27212014100014400_大阪府八尾市北木の本４丁目,27212,大阪府,八尾市,北木の本４丁目,37,308,37,308,16,53,21,255,21,255,-,-,-,-,-,-
27212014100014500_大阪府八尾市北木の本５丁目,27212,大阪府,八尾市,北木の本５丁目,31,149,31,149,5,13,26,136,20,82,6,54,-,-,-,-
27212043600043600_大阪府八尾市本町１丁目,27212,大阪府,八尾市,本町１丁目,53,"2,444",45,331,11,30,30,294,25,272,5,22,4,7,8,"2,113"
27212043600043700_大阪府八尾市本町２丁目,27212,大阪府,八尾市,本町２丁目,68,525,65,471,23,71,41,398,30,280,11,118,1,2,3,54
27212043600043800_大阪府八尾市本町３丁目,27212,大阪府,八尾市,本町３丁目,46,237,46,237,24,58,22,179,19,170,3,9,-,-,-,-
27212043600043900_大阪府八尾市本町４丁目,27212,大阪府,八尾市,本町４丁目,29,276,29,276,13,34,16,242,14,232,2,10,-,-,-,-
27212043600044000_大阪府八尾市本町５丁目,27212,大阪府,八尾市,本町５丁目,85,305,85,305,47,109,38,196,29,134,9,62,-,-,-,-
27212043600044100_大阪府八尾市本町６丁目,27212,大阪府,八尾市,本町６丁目,22,69,22,69,10,19,12,50,9,43,3,7,-,-,-,-
27212043600044200_大阪府八尾市本町７丁目,27212,大阪府,八尾市,本町７丁目,100,439,100,439,64,225,36,214,28,164,8,50,-,-,-,-
27212026000026000_大阪府八尾市末広町１丁目,27212,大阪府,八尾市,末広町１丁目,15,50,15,50,8,12,7,38,6,35,1,3,-,-,-,-
27212026000026100_大阪府八尾市末広町２丁目,27212,大阪府,八尾市,末広町２丁目,14,132,14,132,6,12,8,120,6,78,2,42,-,-,-,-
27212026000026200_大阪府八尾市末広町３丁目,27212,大阪府,八尾市,末広町３丁目,10,25,10,25,5,10,5,15,4,14,1,1,-,-,-,-
27212026000026300_大阪府八尾市末広町４丁目,27212,大阪府,八尾市,末広町４丁目,21,74,21,74,17,45,4,29,4,29,-,-,-,-,-,-
27212026000026400_大阪府八尾市末広町５丁目,27212,大阪府,八尾市,末広町５丁目,6,19,6,19,3,12,3,7,3,7,-,-,-,-,-,-
27212001400001400_大阪府八尾市明美町１丁目,27212,大阪府,八尾市,明美町１丁目,34,128,34,128,20,63,14,65,12,57,2,8,-,-,-,-
27212001400001500_大阪府八尾市明美町２丁目,27212,大阪府,八尾市,明美町２丁目,28,110,28,110,19,42,8,66,6,57,2,9,1,2,-,-
27212015300015300_大阪府八尾市木の本１丁目,27212,大阪府,八尾市,木の本１丁目,20,205,20,205,3,29,17,176,14,165,3,11,-,-,-,-
27212015300015400_大阪府八尾市木の本２丁目,27212,大阪府,八尾市,木の本２丁目,28,220,28,220,8,17,20,203,20,203,-,-,-,-,-,-
27212015300015500_大阪府八尾市木の本３丁目,27212,大阪府,八尾市,木の本３丁目,10,57,10,57,3,6,7,51,7,51,-,-,-,-,-,-
27212056800056800_大阪府八尾市陽光園１丁目,27212,大阪府,八尾市,陽光園１丁目,32,634,32,634,16,75,16,559,15,544,1,15,-,-,-,-
27212056800056900_大阪府八尾市陽光園２丁目,27212,大阪府,八尾市,陽光園２丁目,66,503,64,456,35,120,29,336,24,244,5,92,-,-,2,47
27212063000063000_大阪府八尾市龍華町１丁目,27212,大阪府,八尾市,龍華町１丁目,28,"1,317",27,485,3,10,24,475,19,400,5,75,-,-,1,832
27212063000063100_大阪府八尾市龍華町２丁目,27212,大阪府,八尾市,龍華町２丁目,21,433,21,433,1,13,20,420,15,345,5,75,-,-,-,-
27212044900044900_大阪府八尾市緑ケ丘１丁目,27212,大阪府,八尾市,緑ケ丘１丁目,9,107,6,43,3,4,3,39,2,5,1,34,-,-,3,64
27212044900045000_大阪府八尾市緑ケ丘２丁目,27212,大阪府,八尾市,緑ケ丘２丁目,-,-,-,-,-,-,-,-,-,-,-,-,-,-,-,-
27212044900045100_大阪府八尾市緑ケ丘３丁目,27212,大阪府,八尾市,緑ケ丘３丁目,7,24,7,24,2,6,5,18,5,18,-,-,-,-,-,-
27212044900045200_大阪府八尾市緑ケ丘４丁目,27212,大阪府,八尾市,緑ケ丘４丁目,11,36,11,36,5,7,6,29,5,27,1,2,-,-,-,-
27212044900045300_大阪府八尾市緑ケ丘５丁目,27212,大阪府,八尾市,緑ケ丘５丁目,25,163,25,163,11,40,14,123,13,117,1,6,-,-,-,-
27212004100004100_大阪府八尾市老原１丁目,27212,大阪府,八尾市,老原１丁目,28,240,28,240,11,49,17,191,17,191,-,-,-,-,-,-
27212004100004200_大阪府八尾市老原２丁目,27212,大阪府,八尾市,老原２丁目,17,33,17,33,6,7,11,26,9,21,2,5,-,-,-,-
27212004100004300_大阪府八尾市老原３丁目,27212,大阪府,八尾市,老原３丁目,14,65,14,65,5,6,9,59,9,59,-,-,-,-,-,-
27212004100004400_大阪府八尾市老原４丁目,27212,大阪府,八尾市,老原４丁目,28,457,28,457,4,11,24,446,23,443,1,3,-,-,-,-
27212004100004500_大阪府八尾市老原５丁目,27212,大阪府,八尾市,老原５丁目,12,39,12,39,4,9,8,30,6,26,2,4,-,-,-,-
27212004100004600_大阪府八尾市老原６丁目,27212,大阪府,八尾市,老原６丁目,7,272,7,272,-,-,7,272,7,272,-,-,-,-,-,-
27212004100004700_大阪府八尾市老原７丁目,27212,大阪府,八尾市,老原７丁目,23,385,23,385,3,8,20,377,19,375,1,2,-,-,-,-
27212004100004800_大阪府八尾市老原８丁目,27212,大阪府,八尾市,老原８丁目,19,682,19,682,2,6,17,676,15,615,2,61,-,-,-,-
27212004100004900_大阪府八尾市老原９丁目,27212,大阪府,八尾市,老原９丁目,35,"1,378",35,"1,378",6,12,28,"1,335",28,"1,335",-,-,1,31,-,-
27212500100062000_大阪府八尾市都塚南１丁目,27212,大阪府,八尾市,都塚南１丁目,-,-,-,-,-,-,-,-,-,-,-,-,-,-,-,-
27212500100062100_大阪府八尾市都塚南２丁目,27212,大阪府,八尾市,都塚南２丁目,-,-,-,-,-,-,-,-,-,-,-,-,-,-,-,-
27212500100062200_大阪府八尾市都塚北１丁目,27212,大阪府,八尾市,都塚北１丁目,-,-,-,-,-,-,-,-,-,-,-,-,-,-,-,-
27212500100062300_大阪府八尾市都塚北２丁目,27212,大阪府,八尾市,都塚北２丁目,3,37,3,37,2,31,1,6,1,6,-,-,-,-,-,-
27212999999999999_大阪府八尾市その他,27212,大阪府,八尾市,その他,-,-,-,-,-,-,-,-,-,-,-,-,-,-,-,-
27213_大阪府泉佐野市,27213,大阪府,泉佐野市,,"4,711","55,899","4,636","52,394","1,577","5,073","3,040","47,275","2,706","40,342",334,"6,933",19,46,75,"3,505"
27213010100010100_大阪府泉佐野市りんくう往来南,27213,大阪府,泉佐野市,りんくう往来南,312,"4,874",311,"4,658",6,37,304,"4,619",295,"4,337",9,282,1,2,1,216
27213010000010000_大阪府泉佐野市りんくう往来北,27213,大阪府,泉佐野市,りんくう往来北,193,"6,354",186,"5,699",11,68,175,"5,631",163,"4,146",12,"1,485",-,-,7,655
27213007800007800_大阪府泉佐野市葵町１丁目,27213,大阪府,泉佐野市,葵町１丁目,10,80,10,80,2,8,8,72,8,72,-,-,-,-,-,-
27213007800007900_大阪府泉佐野市葵町２丁目,27213,大阪府,泉佐野市,葵町２丁目,18,80,18,80,8,28,10,52,10,52,-,-,-,-,-,-
27213007800008000_大阪府泉佐野市葵町３丁目,27213,大阪府,泉佐野市,葵町３丁目,18,102,18,102,6,24,12,78,12,78,-,-,-,-,-,-
27213007800008100_大阪府泉佐野市葵町４丁目,27213,大阪府,泉佐野市,葵町４丁目,13,81,13,81,3,6,10,75,10,75,-,-,-,-,-,-
27213000100000100_大阪府泉佐野市旭町,27213,大阪府,泉佐野市,旭町,28,137,26,70,18,36,8,34,8,34,-,-,-,-,2,67
27213005000005000_大阪府泉佐野市羽倉崎１丁目,27213,大阪府,泉佐野市,羽倉崎１丁目,89,910,89,910,44,154,45,756,43,616,2,140,-,-,-,-
27213005000005100_大阪府泉佐野市羽倉崎２丁目,27213,大阪府,泉佐野市,羽倉崎２丁目,45,218,45,218,26,92,19,126,16,110,3,16,-,-,-,-
27213005000005200_大阪府泉佐野市羽倉崎３丁目,27213,大阪府,泉佐野市,羽倉崎３丁目,17,94,17,94,6,10,11,84,8,68,3,16,-,-,-,-
27213005000005300_大阪府泉佐野市羽倉崎４丁目,27213,大阪府,泉佐野市,羽倉崎４丁目,10,107,8,50,5,10,3,40,2,11,1,29,-,-,2,57
27213007200007200_大阪府泉佐野市羽倉崎上町１丁目,27213,大阪府,泉佐野市,羽倉崎上町１丁目,27,99,27,99,22,60,5,39,3,23,2,16,-,-,-,-
27213007200007300_大阪府泉佐野市羽倉崎上町２丁目,27213,大阪府,泉佐野市,羽倉崎上町２丁目,16,66,16,66,9,28,7,38,6,35,1,3,-,-,-,-
27213007200007400_大阪府泉佐野市羽倉崎上町３丁目,27213,大阪府,泉佐野市,羽倉崎上町３丁目,13,149,13,149,3,4,10,145,9,144,1,1,-,-,-,-
27213001100001100_大阪府泉佐野市栄町,27213,大阪府,泉佐野市,栄町,43,219,43,219,27,83,15,134,13,124,2,10,1,2,-,-
27213001300001300_大阪府泉佐野市下瓦屋,27213,大阪府,泉佐野市,下瓦屋,56,420,54,366,15,29,39,337,27,188,12,149,-,-,2,54
27213001300001400_大阪府泉佐野市下瓦屋１丁目,27213,大阪府,泉佐野市,下瓦屋１丁目,10,15,10,15,9,11,1,4,1,4,-,-,-,-,-,-
27213001300001500_大阪府泉佐野市下瓦屋２丁目,27213,大阪府,泉佐野市,下瓦屋２丁目,99,909,99,909,21,72,78,837,76,831,2,6,-,-,-,-
27213001300001600_大阪府泉佐野市下瓦屋３丁目,27213,大阪府,泉佐野市,下瓦屋３丁目,36,348,36,348,16,37,20,311,16,268,4,43,-,-,-,-
27213001300001700_大阪府泉佐野市下瓦屋４丁目,27213,大阪府,泉佐野市,下瓦屋４丁目,19,96,19,96,8,22,11,74,9,61,2,13,-,-,-,-
27213001300001800_大阪府泉佐野市下瓦屋５丁目,27213,大阪府,泉佐野市,下瓦屋５丁目,26,157,26,157,10,19,16,138,14,121,2,17,-,-,-,-
27213001300001900_大阪府泉佐野市下瓦屋６丁目,27213,大阪府,泉佐野市,下瓦屋６丁目,6,48,6,48,2,3,4,45,4,45,-,-,-,-,-,-
27213000600000600_大阪府泉佐野市笠松１丁目,27213,大阪府,泉佐野市,笠松１丁目,33,198,33,198,15,51,18,147,17,125,1,22,-,-,-,-
27213000600000700_大阪府泉佐野市笠松２丁目,27213,大阪府,泉佐野市,笠松２丁目,16,70,16,70,9,30,7,40,7,40,-,-,-,-,-,-
27213006600006600_大阪府泉佐野市元町,27213,大阪府,泉佐野市,元町,13,51,13,51,7,19,6,32,3,11,3,21,-,-,-,-
27213002600002600_大阪府泉佐野市高松西１丁目,27213,大阪府,泉佐野市,高松西１丁目,12,49,12,49,8,21,4,28,4,28,-,-,-,-,-,-
27213002600002700_大阪府泉佐野市高松西２丁目,27213,大阪府,泉佐野市,高松西２丁目,14,106,14,106,2,10,12,96,12,96,-,-,-,-,-,-
27213002800002800_大阪府泉佐野市高松東１丁目,27213,大阪府,泉佐野市,高松東１丁目,79,968,77,822,24,74,53,748,49,696,4,52,-,-,2,146
27213002800002900_大阪府泉佐野市高松東２丁目,27213,大阪府,泉佐野市,高松東２丁目,15,87,15,87,7,12,8,75,8,75,-,-,-,-,-,-
27213003000003000_大阪府泉佐野市高松南１丁目,27213,大阪府,泉佐野市,高松南１丁目,28,263,28,263,8,24,20,239,18,215,2,24,-,-,-,-
27213003000003100_大阪府泉佐野市高松南２丁目,27213,大阪府,泉佐野市,高松南２丁目,13,173,13,173,7,17,6,156,6,156,-,-,-,-,-,-
27213003000003200_大阪府泉佐野市高松南３丁目,27213,大阪府,泉佐野市,高松南３丁目,26,197,26,197,15,35,11,162,11,162,-,-,-,-,-,-
27213002400002400_大阪府泉佐野市高松北１丁目,27213,大阪府,泉佐野市,高松北１丁目,64,332,64,332,32,98,32,234,26,176,6,58,-,-,-,-
27213002400002500_大阪府泉佐野市高松北２丁目,27213,大阪府,泉佐野市,高松北２丁目,14,122,13,75,4,13,9,62,8,61,1,1,-,-,1,47
27213001200001200_大阪府泉佐野市佐野台,27213,大阪府,泉佐野市,佐野台,16,36,16,36,12,29,4,7,4,7,-,-,-,-,-,-
27213008200008200_大阪府泉佐野市市場西１丁目,27213,大阪府,泉佐野市,市場西１丁目,35,270,35,270,12,54,23,216,21,210,2,6,-,-,-,-
27213008200008300_大阪府泉佐野市市場西２丁目,27213,大阪府,泉佐野市,市場西２丁目,23,154,23,154,8,15,15,139,14,137,1,2,-,-,-,-
27213008200008400_大阪府泉佐野市市場西３丁目,27213,大阪府,泉佐野市,市場西３丁目,41,563,41,563,12,31,27,529,21,322,6,207,2,3,-,-
27213008500008500_大阪府泉佐野市市場東１丁目,27213,大阪府,泉佐野市,市場東１丁目,24,733,15,149,1,3,12,143,7,100,5,43,2,3,9,584
27213008500008600_大阪府泉佐野市市場東２丁目,27213,大阪府,泉佐野市,市場東２丁目,28,256,27,176,8,22,19,154,18,153,1,1,-,-,1,80
27213008500008700_大阪府泉佐野市市場東３丁目,27213,大阪府,泉佐野市,市場東３丁目,10,87,10,87,3,13,7,74,5,59,2,15,-,-,-,-
27213008800008800_大阪府泉佐野市市場南１丁目,27213,大阪府,泉佐野市,市場南１丁目,22,161,21,121,8,28,13,93,13,93,-,-,-,-,1,40
27213008800008900_大阪府泉佐野市市場南２丁目,27213,大阪府,泉佐野市,市場南２丁目,10,80,10,80,3,14,7,66,3,27,4,39,-,-,-,-
27213008800009000_大阪府泉佐野市市場南３丁目,27213,大阪府,泉佐野市,市場南３丁目,1,7,1,7,-,-,1,7,1,7,-,-,-,-,-,-
27213006700006700_大阪府泉佐野市若宮町,27213,大阪府,泉佐野市,若宮町,59,247,59,247,35,108,22,134,20,114,2,20,2,5,-,-
27213002300002300_大阪府泉佐野市住吉町,27213,大阪府,泉佐野市,住吉町,98,"4,717",95,"4,686",1,6,94,"4,680",89,"4,583",5,97,-,-,3,31
27213000800000800_大阪府泉佐野市春日町,27213,大阪府,泉佐野市,春日町,14,64,14,64,5,11,9,53,2,5,7,48,-,-,-,-
27213005600005600_大阪府泉佐野市松原１丁目,27213,大阪府,泉佐野市,松原１丁目,22,185,22,185,7,16,15,169,15,169,-,-,-,-,-,-
27213005600005700_大阪府泉佐野市松原２丁目,27213,大阪府,泉佐野市,松原２丁目,25,268,25,268,11,44,14,224,14,224,-,-,-,-,-,-
27213005600005800_大阪府泉佐野市松原３丁目,27213,大阪府,泉佐野市,松原３丁目,1,70,1,70,-,-,1,70,1,70,-,-,-,-,-,-
27213010300010300_大阪府泉佐野市松風台１丁目,27213,大阪府,泉佐野市,松風台１丁目,5,218,4,177,-,-,4,177,4,177,-,-,-,-,1,41
27213010300010400_大阪府泉佐野市松風台２丁目,27213,大阪府,泉佐野市,松風台２丁目,6,13,6,13,1,1,5,12,5,12,-,-,-,-,-,-
27213010300010500_大阪府泉佐野市松風台３丁目,27213,大阪府,泉佐野市,松風台３丁目,3,83,3,83,-,-,3,83,-,-,3,83,-,-,-,-
27213000900000900_大阪府泉佐野市上瓦屋,27213,大阪府,泉佐野市,上瓦屋,195,"1,533",190,"1,385",73,326,117,"1,059",109,889,8,170,-,-,5,148
27213007500007500_大阪府泉佐野市上町１丁目,27213,大阪府,泉佐野市,上町１丁目,73,936,72,930,35,140,37,790,33,750,4,40,-,-,1,6
27213007500007600_大阪府泉佐野市上町２丁目,27213,大阪府,泉佐野市,上町２丁目,41,826,39,523,18,45,21,478,18,454,3,24,-,-,2,303
27213007500007700_大阪府泉佐野市上町３丁目,27213,大阪府,泉佐野市,上町３丁目,196,"1,458",194,"1,437",83,291,107,"1,139",100,"1,041",7,98,4,7,2,21
27213001000001000_大阪府泉佐野市上之郷,27213,大阪府,泉佐野市,上之郷,104,758,100,715,36,79,64,636,58,561,6,75,-,-,4,43
27213006800006800_大阪府泉佐野市新安松１丁目,27213,大阪府,泉佐野市,新安松１丁目,15,140,14,134,8,12,6,122,4,89,2,33,-,-,1,6
27213006800006900_大阪府泉佐野市新安松２丁目,27213,大阪府,泉佐野市,新安松２丁目,16,135,16,135,6,16,10,119,9,113,1,6,-,-,-,-
27213006800007000_大阪府泉佐野市新安松３丁目,27213,大阪府,泉佐野市,新安松３丁目,24,80,24,80,19,54,5,26,5,26,-,-,-,-,-,-
27213002000002000_大阪府泉佐野市新町１丁目,27213,大阪府,泉佐野市,新町１丁目,11,86,11,86,5,25,6,61,3,41,3,20,-,-,-,-
27213002000002100_大阪府泉佐野市新町２丁目,27213,大阪府,泉佐野市,新町２丁目,35,200,35,200,22,100,13,100,10,88,3,12,-,-,-,-
27213002000002200_大阪府泉佐野市新町３丁目,27213,大阪府,泉佐野市,新町３丁目,8,101,8,101,3,5,5,96,4,94,1,2,-,-,-,-
27213004700004700_大阪府泉佐野市新浜町,27213,大阪府,泉佐野市,新浜町,9,83,9,83,3,15,6,68,4,62,2,6,-,-,-,-
27213004800004800_大阪府泉佐野市西本町,27213,大阪府,泉佐野市,西本町,24,110,24,110,10,83,14,27,14,27,-,-,-,-,-,-
27213009100009100_大阪府泉佐野市泉ケ丘１丁目,27213,大阪府,泉佐野市,泉ケ丘１丁目,7,41,7,41,3,12,4,29,4,29,-,-,-,-,-,-
27213009100009200_大阪府泉佐野市泉ケ丘２丁目,27213,大阪府,泉佐野市,泉ケ丘２丁目,6,45,6,45,-,-,6,45,6,45,-,-,-,-,-,-
27213009100009300_大阪府泉佐野市泉ケ丘３丁目,27213,大阪府,泉佐野市,泉ケ丘３丁目,6,15,6,15,2,5,4,10,4,10,-,-,-,-,-,-
27213009100009400_大阪府泉佐野市泉ケ丘４丁目,27213,大阪府,泉佐野市,泉ケ丘４丁目,6,13,6,13,1,2,5,11,4,7,1,4,-,-,-,-
27213009100009500_大阪府泉佐野市泉ケ丘５丁目,27213,大阪府,泉佐野市,泉ケ丘５丁目,3,7,3,7,1,1,2,6,2,6,-,-,-,-,-,-
27213010200010200_大阪府泉佐野市泉州空港北,27213,大阪府,泉佐野市,泉州空港北,114,"5,274",111,"5,151",-,-,111,"5,151",107,"5,138",4,13,-,-,3,123
27213000500000500_大阪府泉佐野市大宮町,27213,大阪府,泉佐野市,大宮町,41,203,41,203,21,42,20,161,14,69,6,92,-,-,-,-
27213010600010600_大阪府泉佐野市大口新田,27213,大阪府,泉佐野市,大口新田,-,-,-,-,-,-,-,-,-,-,-,-,-,-,-,-
27213000300000300_大阪府泉佐野市大西１丁目,27213,大阪府,泉佐野市,大西１丁目,50,388,50,388,24,58,26,330,18,175,8,155,-,-,-,-
27213000300000400_大阪府泉佐野市大西２丁目,27213,大阪府,泉佐野市,大西２丁目,24,175,24,175,5,30,19,145,18,133,1,12,-,-,-,-
27213000200000200_大阪府泉佐野市大木,27213,大阪府,泉佐野市,大木,32,321,31,308,10,39,20,268,8,61,12,207,1,1,1,13
27213004100004100_大阪府泉佐野市中庄,27213,大阪府,泉佐野市,中庄,128,"1,165",127,"1,130",39,171,88,959,74,654,14,305,-,-,1,35
27213004200004200_大阪府泉佐野市中町１丁目,27213,大阪府,泉佐野市,中町１丁目,26,211,26,211,9,28,16,181,15,179,1,2,1,2,-,-
27213004200004300_大阪府泉佐野市中町２丁目,27213,大阪府,泉佐野市,中町２丁目,31,671,31,671,9,23,21,647,19,133,2,514,1,1,-,-
27213004200004400_大阪府泉佐野市中町３丁目,27213,大阪府,泉佐野市,中町３丁目,21,127,21,127,2,7,19,120,19,120,-,-,-,-,-,-
27213004200004500_大阪府泉佐野市中町４丁目,27213,大阪府,泉佐野市,中町４丁目,12,184,12,184,2,2,10,182,10,182,-,-,-,-,-,-
27213004600004600_大阪府泉佐野市長滝,27213,大阪府,泉佐野市,長滝,272,"2,033",270,"1,953",108,322,162,"1,631",140,"1,372",22,259,-,-,2,80
27213003500003500_大阪府泉佐野市鶴原,27213,大阪府,泉佐野市,鶴原,245,"2,415",242,"2,375",107,323,135,"2,052",114,"1,618",21,434,-,-,3,40
27213003500003600_大阪府泉佐野市鶴原１丁目,27213,大阪府,泉佐野市,鶴原１丁目,17,111,17,111,6,20,11,91,10,79,1,12,-,-,-,-
27213003500003700_大阪府泉佐野市鶴原２丁目,27213,大阪府,泉佐野市,鶴原２丁目,15,115,14,84,3,9,11,75,9,56,2,19,-,-,1,31
27213003500003800_大阪府泉佐野市鶴原３丁目,27213,大阪府,泉佐野市,鶴原３丁目,27,374,27,374,6,12,21,362,21,362,-,-,-,-,-,-
27213003500003900_大阪府泉佐野市鶴原４丁目,27213,大阪府,泉佐野市,鶴原４丁目,27,271,27,271,13,33,14,238,12,185,2,53,-,-,-,-
27213003500004000_大阪府泉佐野市鶴原５丁目,27213,大阪府,泉佐野市,鶴原５丁目,22,97,22,97,10,30,12,67,12,67,-,-,-,-,-,-
27213003400003400_大阪府泉佐野市土丸,27213,大阪府,泉佐野市,土丸,25,235,24,234,8,34,16,200,5,18,11,182,-,-,1,1
27213007100007100_大阪府泉佐野市東羽倉崎町,27213,大阪府,泉佐野市,東羽倉崎町,17,100,17,100,11,18,6,82,3,26,3,56,-,-,-,-
27213009900009900_大阪府泉佐野市東佐野台,27213,大阪府,泉佐野市,東佐野台,9,50,8,32,5,13,3,19,3,19,-,-,-,-,1,18
27213009600009600_大阪府泉佐野市南泉ケ丘１丁目,27213,大阪府,泉佐野市,南泉ケ丘１丁目,4,40,4,40,2,5,2,35,1,4,1,31,-,-,-,-
27213009600009700_大阪府泉佐野市南泉ケ丘２丁目,27213,大阪府,泉佐野市,南泉ケ丘２丁目,2,5,2,5,1,1,1,4,1,4,-,-,-,-,-,-
27213009600009800_大阪府泉佐野市南泉ケ丘３丁目,27213,大阪府,泉佐野市,南泉ケ丘３丁目,-,-,-,-,-,-,-,-,-,-,-,-,-,-,-,-
27213006500006500_大阪府泉佐野市南中安松,27213,大阪府,泉佐野市,南中安松,103,887,100,784,33,110,67,674,61,641,6,33,-,-,3,103
27213006300006300_大阪府泉佐野市南中岡本,27213,大阪府,泉佐野市,南中岡本,36,220,36,220,15,56,21,164,14,125,7,39,-,-,-,-
27213006400006400_大阪府泉佐野市南中樫井,27213,大阪府,泉佐野市,南中樫井,85,862,84,858,31,70,52,781,38,556,14,225,1,7,1,4
27213005400005400_大阪府泉佐野市日根野,27213,大阪府,泉佐野市,日根野,511,"4,900",502,"4,426",164,587,336,"3,834",310,"3,452",26,382,2,5,9,474
27213003300003300_大阪府泉佐野市俵屋,27213,大阪府,泉佐野市,俵屋,19,171,19,171,5,17,14,154,12,139,2,15,-,-,-,-
27213005500005500_大阪府泉佐野市本町,27213,大阪府,泉佐野市,本町,14,49,14,49,9,22,5,27,3,20,2,7,-,-,-,-
27213005900005900_大阪府泉佐野市湊１丁目,27213,大阪府,泉佐野市,湊１丁目,15,199,15,199,4,24,10,167,8,146,2,21,1,8,-,-
27213005900006000_大阪府泉佐野市湊２丁目,27213,大阪府,泉佐野市,湊２丁目,33,363,33,363,7,27,26,336,23,324,3,12,-,-,-,-
27213005900006100_大阪府泉佐野市湊３丁目,27213,大阪府,泉佐野市,湊３丁目,37,154,37,154,20,39,17,115,13,85,4,30,-,-,-,-
27213005900006200_大阪府泉佐野市湊４丁目,27213,大阪府,泉佐野市,湊４丁目,23,451,23,451,9,29,14,422,12,58,2,364,-,-,-,-
27213004900004900_大阪府泉佐野市野出町,27213,大阪府,泉佐野市,野出町,18,98,17,70,9,21,8,49,7,45,1,4,-,-,1,28
27213999999999999_大阪府泉佐野市その他,27213,大阪府,泉佐野市,その他,3,22,2,12,-,-,2,12,2,12,-,-,-,-,1,10
27214_大阪府富田林市,27214,大阪府,富田林市,,"3,486","37,721","3,388","33,751","1,282","3,871","2,085","29,806","1,759","21,892",326,"7,914",21,74,98,"3,970"
27214003100003100_大阪府富田林市五軒家１丁目,27214,大阪府,富田林市,五軒家１丁目,15,129,15,129,6,8,9,121,6,15,3,106,-,-,-,-
27214003100003200_大阪府富田林市五軒家２丁目,27214,大阪府,富田林市,五軒家２丁目,10,43,10,43,2,3,8,40,8,40,-,-,-,-,-,-
27214017400017400_大阪府富田林市かがり台,27214,大阪府,富田林市,かがり台,-,-,-,-,-,-,-,-,-,-,-,-,-,-,-,-
27214000100000100_大阪府富田林市旭ケ丘町,27214,大阪府,富田林市,旭ケ丘町,33,269,33,269,17,134,15,133,13,121,2,12,1,2,-,-
27214000200000200_大阪府富田林市粟ケ池町,27214,大阪府,富田林市,粟ケ池町,2,18,2,18,1,8,1,10,-,-,1,10,-,-,-,-
27214017100017100_大阪府富田林市加太１丁目,27214,大阪府,富田林市,加太１丁目,21,93,21,93,12,32,9,61,7,30,2,31,-,-,-,-
27214017100017200_大阪府富田林市加太２丁目,27214,大阪府,富田林市,加太２丁目,6,24,5,16,2,5,3,11,2,7,1,4,-,-,1,8
27214017100017300_大阪府富田林市加太３丁目,27214,大阪府,富田林市,加太３丁目,4,5,4,5,4,5,-,-,-,-,-,-,-,-,-,-
27214001000001000_大阪府富田林市喜志新家町１丁目,27214,大阪府,富田林市,喜志新家町１丁目,12,100,12,100,5,36,7,64,7,64,-,-,-,-,-,-
27214001000001100_大阪府富田林市喜志新家町２丁目,27214,大阪府,富田林市,喜志新家町２丁目,9,34,9,34,2,2,7,32,6,28,1,4,-,-,-,-
27214001200001200_大阪府富田林市喜志町１丁目,27214,大阪府,富田林市,喜志町１丁目,9,38,9,38,4,10,5,28,5,28,-,-,-,-,-,-
27214001200001300_大阪府富田林市喜志町２丁目,27214,大阪府,富田林市,喜志町２丁目,35,164,35,164,22,59,13,105,11,92,2,13,-,-,-,-
27214001200001400_大阪府富田林市喜志町３丁目,27214,大阪府,富田林市,喜志町３丁目,77,562,77,562,34,100,43,462,32,230,11,232,-,-,-,-
27214001200001500_大阪府富田林市喜志町４丁目,27214,大阪府,富田林市,喜志町４丁目,14,108,14,108,5,33,9,75,8,66,1,9,-,-,-,-
27214001200001600_大阪府富田林市喜志町５丁目,27214,大阪府,富田林市,喜志町５丁目,51,479,51,479,16,43,35,436,34,435,1,1,-,-,-,-
27214002000002000_大阪府富田林市久野喜台１丁目,27214,大阪府,富田林市,久野喜台１丁目,27,264,25,222,14,44,11,178,8,103,3,75,-,-,2,42
27214002000002100_大阪府富田林市久野喜台２丁目,27214,大阪府,富田林市,久野喜台２丁目,31,213,31,213,11,37,20,176,14,89,6,87,-,-,-,-
27214015700015700_大阪府富田林市宮甲田町,27214,大阪府,富田林市,宮甲田町,26,116,26,116,14,28,12,88,10,51,2,37,-,-,-,-
27214008700008700_大阪府富田林市宮町１丁目,27214,大阪府,富田林市,宮町１丁目,15,90,15,90,3,8,12,82,9,65,3,17,-,-,-,-
27214008700008800_大阪府富田林市宮町２丁目,27214,大阪府,富田林市,宮町２丁目,14,145,14,145,5,13,9,132,9,132,-,-,-,-,-,-
27214008700008900_大阪府富田林市宮町３丁目,27214,大阪府,富田林市,宮町３丁目,3,11,3,11,1,2,2,9,1,2,1,7,-,-,-,-
27214007000007000_大阪府富田林市錦ケ丘町,27214,大阪府,富田林市,錦ケ丘町,4,87,3,4,1,2,2,2,-,-,2,2,-,-,1,83
27214016200016200_大阪府富田林市錦織中１丁目,27214,大阪府,富田林市,錦織中１丁目,17,52,17,52,11,13,6,39,4,29,2,10,-,-,-,-
27214016200016300_大阪府富田林市錦織中２丁目,27214,大阪府,富田林市,錦織中２丁目,15,56,15,56,8,19,7,37,7,37,-,-,-,-,-,-
27214016400016400_大阪府富田林市錦織東１丁目,27214,大阪府,富田林市,錦織東１丁目,16,148,16,148,6,12,10,136,7,129,3,7,-,-,-,-
27214016400016500_大阪府富田林市錦織東２丁目,27214,大阪府,富田林市,錦織東２丁目,31,186,31,186,14,60,17,126,15,109,2,17,-,-,-,-
27214016400016600_大阪府富田林市錦織東３丁目,27214,大阪府,富田林市,錦織東３丁目,27,429,27,429,4,12,23,417,20,312,3,105,-,-,-,-
27214016700016700_大阪府富田林市錦織南１丁目,27214,大阪府,富田林市,錦織南１丁目,29,149,26,107,14,34,12,73,10,70,2,3,-,-,3,42
27214016700016800_大阪府富田林市錦織南２丁目,27214,大阪府,富田林市,錦織南２丁目,12,155,12,155,3,13,9,142,8,107,1,35,-,-,-,-
27214015900015900_大阪府富田林市錦織北１丁目,27214,大阪府,富田林市,錦織北１丁目,12,371,12,371,1,3,11,368,10,359,1,9,-,-,-,-
27214015900016000_大阪府富田林市錦織北２丁目,27214,大阪府,富田林市,錦織北２丁目,6,113,6,113,3,15,3,98,2,88,1,10,-,-,-,-
27214015900016100_大阪府富田林市錦織北３丁目,27214,大阪府,富田林市,錦織北３丁目,7,472,7,472,2,7,5,465,4,36,1,429,-,-,-,-
27214400100400100_大阪府富田林市金剛錦織台,27214,大阪府,富田林市,金剛錦織台,1,1,1,1,-,-,1,1,1,1,-,-,-,-,-,-
27214015800015800_大阪府富田林市金剛伏山台,27214,大阪府,富田林市,金剛伏山台,5,14,5,14,2,8,3,6,3,6,-,-,-,-,-,-
27214002200002200_大阪府富田林市向陽台１丁目,27214,大阪府,富田林市,向陽台１丁目,35,"1,638",34,"1,562",2,3,32,"1,559",15,168,17,"1,391",-,-,1,76
27214002200002300_大阪府富田林市向陽台２丁目,27214,大阪府,富田林市,向陽台２丁目,68,525,68,525,28,107,40,418,32,324,8,94,-,-,-,-
27214002200002400_大阪府富田林市向陽台３丁目,27214,大阪府,富田林市,向陽台３丁目,54,714,53,684,9,54,44,630,44,630,-,-,-,-,1,30
27214002200002500_大阪府富田林市向陽台４丁目,27214,大阪府,富田林市,向陽台４丁目,5,15,5,15,1,2,4,13,3,7,1,6,-,-,-,-
27214002200002600_大阪府富田林市向陽台５丁目,27214,大阪府,富田林市,向陽台５丁目,11,169,9,122,3,9,6,113,4,48,2,65,-,-,2,47
27214014700014700_大阪府富田林市甲田,27214,大阪府,富田林市,甲田,1,1,1,1,-,-,1,1,1,1,-,-,-,-,-,-
27214014700014800_大阪府富田林市甲田１丁目,27214,大阪府,富田林市,甲田１丁目,38,660,35,537,12,64,23,473,20,448,3,25,-,-,3,123
27214014700014900_大阪府富田林市甲田２丁目,27214,大阪府,富田林市,甲田２丁目,36,175,36,175,21,52,15,123,13,109,2,14,-,-,-,-
27214014700015000_大阪府富田林市甲田３丁目,27214,大阪府,富田林市,甲田３丁目,45,678,45,678,14,67,31,611,27,402,4,209,-,-,-,-
27214014700015100_大阪府富田林市甲田４丁目,27214,大阪府,富田林市,甲田４丁目,11,45,11,45,9,29,2,16,2,16,-,-,-,-,-,-
27214014700015200_大阪府富田林市甲田５丁目,27214,大阪府,富田林市,甲田５丁目,4,20,4,20,3,16,1,4,1,4,-,-,-,-,-,-
27214014700015300_大阪府富田林市甲田６丁目,27214,大阪府,富田林市,甲田６丁目,10,49,10,49,2,3,7,44,5,31,2,13,1,2,-,-
27214004600004600_大阪府富田林市高辺台１丁目,27214,大阪府,富田林市,高辺台１丁目,24,135,24,135,14,49,10,86,10,86,-,-,-,-,-,-
27214004600004700_大阪府富田林市高辺台２丁目,27214,大阪府,富田林市,高辺台２丁目,36,234,33,196,12,50,21,146,16,65,5,81,-,-,3,38
27214004600004800_大阪府富田林市高辺台３丁目,27214,大阪府,富田林市,高辺台３丁目,5,53,3,21,2,4,1,17,1,17,-,-,-,-,2,32
27214015400015400_大阪府富田林市桜ケ丘町,27214,大阪府,富田林市,桜ケ丘町,13,99,13,99,3,4,10,95,9,84,1,11,-,-,-,-
27214003500003500_大阪府富田林市桜井町１丁目,27214,大阪府,富田林市,桜井町１丁目,36,207,36,207,15,37,21,170,18,131,3,39,-,-,-,-
27214003500003600_大阪府富田林市桜井町２丁目,27214,大阪府,富田林市,桜井町２丁目,10,102,10,102,4,9,6,93,4,33,2,60,-,-,-,-
27214009000009000_大阪府富田林市山手町,27214,大阪府,富田林市,山手町,5,23,5,23,-,-,5,23,5,23,-,-,-,-,-,-
27214013200013200_大阪府富田林市山中田町１丁目,27214,大阪府,富田林市,山中田町１丁目,29,270,28,269,17,43,11,226,10,198,1,28,-,-,1,1
27214013200013300_大阪府富田林市山中田町２丁目,27214,大阪府,富田林市,山中田町２丁目,15,99,15,99,10,18,5,81,2,15,3,66,-,-,-,-
27214013200013400_大阪府富田林市山中田町３丁目,27214,大阪府,富田林市,山中田町３丁目,-,-,-,-,-,-,-,-,-,-,-,-,-,-,-,-
27214005400005400_大阪府富田林市寺池台１丁目,27214,大阪府,富田林市,寺池台１丁目,74,561,71,436,31,124,39,309,30,227,9,82,1,3,3,125
27214005400005500_大阪府富田林市寺池台２丁目,27214,大阪府,富田林市,寺池台２丁目,22,97,22,97,12,23,10,74,7,31,3,43,-,-,-,-
27214005400005600_大阪府富田林市寺池台３丁目,27214,大阪府,富田林市,寺池台３丁目,13,75,13,75,4,11,9,64,9,64,-,-,-,-,-,-
27214005400005700_大阪府富田林市寺池台４丁目,27214,大阪府,富田林市,寺池台４丁目,3,63,1,2,-,-,1,2,1,2,-,-,-,-,2,61
27214005400005800_大阪府富田林市寺池台５丁目,27214,大阪府,富田林市,寺池台５丁目,26,129,26,129,9,30,17,99,13,79,4,20,-,-,-,-
27214009300009300_大阪府富田林市若松町１丁目,27214,大阪府,富田林市,若松町１丁目,47,436,45,411,22,51,21,346,16,250,5,96,2,14,2,25
27214009300009400_大阪府富田林市若松町２丁目,27214,大阪府,富田林市,若松町２丁目,49,295,49,295,22,53,26,240,21,202,5,38,1,2,-,-
27214009300009500_大阪府富田林市若松町３丁目,27214,大阪府,富田林市,若松町３丁目,25,120,24,84,8,18,16,66,14,61,2,5,-,-,1,36
27214009300009600_大阪府富田林市若松町４丁目,27214,大阪府,富田林市,若松町４丁目,22,146,19,91,5,10,14,81,13,79,1,2,-,-,3,55
27214009300009700_大阪府富田林市若松町５丁目,27214,大阪府,富田林市,若松町５丁目,44,230,44,230,16,50,28,180,24,131,4,49,-,-,-,-
27214009800009800_大阪府富田林市若松町西１丁目,27214,大阪府,富田林市,若松町西１丁目,84,687,84,687,30,105,51,571,45,498,6,73,3,11,-,-
27214009800009900_大阪府富田林市若松町西２丁目,27214,大阪府,富田林市,若松町西２丁目,28,421,27,304,7,38,20,266,15,234,5,32,-,-,1,117
27214009800010000_大阪府富田林市若松町西３丁目,27214,大阪府,富田林市,若松町西３丁目,14,244,14,244,-,-,14,244,12,236,2,8,-,-,-,-
27214010100010100_大阪府富田林市若松町東１丁目,27214,大阪府,富田林市,若松町東１丁目,46,520,46,520,6,12,40,508,40,508,-,-,-,-,-,-
27214010100010200_大阪府富田林市若松町東２丁目,27214,大阪府,富田林市,若松町東２丁目,51,599,51,599,7,22,44,577,43,571,1,6,-,-,-,-
27214010100010300_大阪府富田林市若松町東３丁目,27214,大阪府,富田林市,若松町東３丁目,77,"1,741",77,"1,741",2,17,75,"1,724",73,"1,721",2,3,-,-,-,-
27214002700002700_大阪府富田林市寿町１丁目,27214,大阪府,富田林市,寿町１丁目,5,162,4,121,2,3,2,118,1,6,1,112,-,-,1,41
27214002700002800_大阪府富田林市寿町２丁目,27214,大阪府,富田林市,寿町２丁目,34,461,29,149,16,61,13,88,11,70,2,18,-,-,5,312
27214002700002900_大阪府富田林市寿町３丁目,27214,大阪府,富田林市,寿町３丁目,24,237,23,176,12,29,11,147,11,147,-,-,-,-,1,61
27214002700003000_大阪府富田林市寿町４丁目,27214,大阪府,富田林市,寿町４丁目,20,107,20,107,8,15,12,92,9,68,3,24,-,-,-,-
27214011400011400_大阪府富田林市小金台１丁目,27214,大阪府,富田林市,小金台１丁目,14,230,14,230,-,-,14,230,10,103,4,127,-,-,-,-
27214011400011500_大阪府富田林市小金台２丁目,27214,大阪府,富田林市,小金台２丁目,26,192,25,162,9,21,16,141,13,113,3,28,-,-,1,30
27214011400011600_大阪府富田林市小金台３丁目,27214,大阪府,富田林市,小金台３丁目,8,145,6,86,2,8,4,78,4,78,-,-,-,-,2,59
27214011400011700_大阪府富田林市小金台４丁目,27214,大阪府,富田林市,小金台４丁目,7,19,7,19,1,1,6,18,6,18,-,-,-,-,-,-
27214003900003900_大阪府富田林市昭和町１丁目,27214,大阪府,富田林市,昭和町１丁目,44,536,44,536,9,26,35,510,34,499,1,11,-,-,-,-
27214003900004000_大阪府富田林市昭和町２丁目,27214,大阪府,富田林市,昭和町２丁目,27,186,27,186,5,36,22,150,20,138,2,12,-,-,-,-
27214005900005900_大阪府富田林市常盤町,27214,大阪府,富田林市,常盤町,128,"2,083",115,659,55,162,56,490,48,423,8,67,4,7,13,"1,424"
27214015500015500_大阪府富田林市新家１丁目,27214,大阪府,富田林市,新家１丁目,11,143,7,57,2,9,5,48,5,48,-,-,-,-,4,86
27214015500015600_大阪府富田林市新家２丁目,27214,大阪府,富田林市,新家２丁目,8,96,8,96,4,5,4,91,3,27,1,64,-,-,-,-
27214010500010500_大阪府富田林市新青葉丘町,27214,大阪府,富田林市,新青葉丘町,5,9,5,9,1,1,4,8,4,8,-,-,-,-,-,-
27214004200004300_大阪府富田林市須賀１丁目,27214,大阪府,富田林市,須賀１丁目,16,54,16,54,4,4,12,50,12,50,-,-,-,-,-,-
27214004200004400_大阪府富田林市須賀２丁目,27214,大阪府,富田林市,須賀２丁目,39,315,39,315,22,47,17,268,14,244,3,24,-,-,-,-
27214004200004500_大阪府富田林市須賀３丁目,27214,大阪府,富田林市,須賀３丁目,7,16,7,16,3,9,4,7,4,7,-,-,-,-,-,-
27214003800003800_大阪府富田林市清水町,27214,大阪府,富田林市,清水町,4,7,4,7,3,6,1,1,1,1,-,-,-,-,-,-
27214003300003300_大阪府富田林市西条町１丁目,27214,大阪府,富田林市,西条町１丁目,1,10,1,10,-,-,1,10,1,10,-,-,-,-,-,-
27214003300003400_大阪府富田林市西条町２丁目,27214,大阪府,富田林市,西条町２丁目,1,151,1,151,-,-,1,151,1,151,-,-,-,-,-,-
27214013800013800_大阪府富田林市西板持町１丁目,27214,大阪府,富田林市,西板持町１丁目,5,185,5,185,-,-,5,185,5,185,-,-,-,-,-,-
27214013800013900_大阪府富田林市西板持町２丁目,27214,大阪府,富田林市,西板持町２丁目,13,75,13,75,5,10,8,65,6,40,2,25,-,-,-,-
27214013800014000_大阪府富田林市西板持町３丁目,27214,大阪府,富田林市,西板持町３丁目,2,6,2,6,2,6,-,-,-,-,-,-,-,-,-,-
27214013800014100_大阪府富田林市西板持町４丁目,27214,大阪府,富田林市,西板持町４丁目,12,220,12,220,3,35,9,185,8,179,1,6,-,-,-,-
27214013800014200_大阪府富田林市西板持町５丁目,27214,大阪府,富田林市,西板持町５丁目,4,89,4,89,1,9,3,80,3,80,-,-,-,-,-,-
27214013800014300_大阪府富田林市西板持町６丁目,27214,大阪府,富田林市,西板持町６丁目,17,65,17,65,13,50,4,15,2,6,2,9,-,-,-,-
27214013800014400_大阪府富田林市西板持町７丁目,27214,大阪府,富田林市,西板持町７丁目,30,142,30,142,25,49,5,93,4,91,1,2,-,-,-,-
27214013800014500_大阪府富田林市西板持町８丁目,27214,大阪府,富田林市,西板持町８丁目,19,217,19,217,5,8,12,190,9,170,3,20,2,19,-,-
27214013800014600_大阪府富田林市西板持町９丁目,27214,大阪府,富田林市,西板持町９丁目,11,105,11,105,2,6,9,99,9,99,-,-,-,-,-,-
27214017000017000_大阪府富田林市青葉丘,27214,大阪府,富田林市,青葉丘,10,75,10,75,3,12,7,63,5,11,2,52,-,-,-,-
27214013100013100_大阪府富田林市川向町,27214,大阪府,富田林市,川向町,28,198,28,198,14,61,14,137,11,118,3,19,-,-,-,-
27214000600000600_大阪府富田林市川面町１丁目,27214,大阪府,富田林市,川面町１丁目,22,111,22,111,12,27,10,84,9,83,1,1,-,-,-,-
27214000600000700_大阪府富田林市川面町２丁目,27214,大阪府,富田林市,川面町２丁目,32,311,32,311,8,25,24,286,21,239,3,47,-,-,-,-
27214009100009100_大阪府富田林市大字横山,27214,大阪府,富田林市,大字横山,9,17,9,17,5,8,4,9,2,5,2,4,-,-,-,-
27214000800000800_大阪府富田林市大字甘南備,27214,大阪府,富田林市,大字甘南備,38,"1,080",36,848,6,14,30,834,19,250,11,584,-,-,2,232
27214000900000900_大阪府富田林市大字喜志,27214,大阪府,富田林市,大字喜志,20,464,20,464,-,-,20,464,9,144,11,320,-,-,-,-
27214000300000300_大阪府富田林市大字嬉,27214,大阪府,富田林市,大字嬉,17,37,17,37,9,13,8,24,5,16,3,8,-,-,-,-
27214006900006900_大阪府富田林市大字錦織,27214,大阪府,富田林市,大字錦織,5,138,5,138,-,-,5,138,4,131,1,7,-,-,-,-
27214003700003700_大阪府富田林市大字佐備,27214,大阪府,富田林市,大字佐備,56,650,52,609,19,74,33,535,25,457,8,78,-,-,4,41
27214004100004100_大阪府富田林市大字新堂,27214,大阪府,富田林市,大字新堂,21,"1,608",21,"1,608",2,6,19,"1,602",16,503,3,"1,099",-,-,-,-
27214004200004200_大阪府富田林市大字須賀,27214,大阪府,富田林市,大字須賀,6,14,6,14,5,13,1,1,-,-,1,1,-,-,-,-
27214006800006800_大阪府富田林市大字西板持,27214,大阪府,富田林市,大字西板持,1,4,1,4,-,-,1,4,1,4,-,-,-,-,-,-
27214011300011300_大阪府富田林市大字中野,27214,大阪府,富田林市,大字中野,-,-,-,-,-,-,-,-,-,-,-,-,-,-,-,-
27214007100007100_大阪府富田林市大字東板持,27214,大阪府,富田林市,大字東板持,5,31,5,31,1,5,4,26,4,26,-,-,-,-,-,-
27214005100005100_大阪府富田林市大字廿山,27214,大阪府,富田林市,大字廿山,12,278,12,278,2,3,10,275,5,93,5,182,-,-,-,-
27214000500000500_大阪府富田林市大字彼方,27214,大阪府,富田林市,大字彼方,50,533,46,462,28,106,18,356,14,214,4,142,-,-,4,71
27214007400007400_大阪府富田林市大字伏見堂,27214,大阪府,富田林市,大字伏見堂,17,422,17,422,4,4,12,416,3,7,9,409,1,2,-,-
27214007500007500_大阪府富田林市大字伏山,27214,大阪府,富田林市,大字伏山,1,1,1,1,1,1,-,-,-,-,-,-,-,-,-,-
27214001700001700_大阪府富田林市大字北大伴,27214,大阪府,富田林市,大字北大伴,-,-,-,-,-,-,-,-,-,-,-,-,-,-,-,-
27214000400000400_大阪府富田林市大字毛人谷,27214,大阪府,富田林市,大字毛人谷,-,-,-,-,-,-,-,-,-,-,-,-,-,-,-,-
27214009200009200_大阪府富田林市大字龍泉,27214,大阪府,富田林市,大字龍泉,13,790,11,770,1,2,10,768,8,688,2,80,-,-,2,20
27214004900004900_大阪府富田林市谷川町,27214,大阪府,富田林市,谷川町,17,140,14,26,12,16,2,10,2,10,-,-,-,-,3,114
27214006100006100_大阪府富田林市中野町１丁目,27214,大阪府,富田林市,中野町１丁目,21,144,21,144,5,31,16,113,15,112,1,1,-,-,-,-
27214006100006200_大阪府富田林市中野町２丁目,27214,大阪府,富田林市,中野町２丁目,28,179,28,179,6,16,22,163,20,158,2,5,-,-,-,-
27214006100006300_大阪府富田林市中野町３丁目,27214,大阪府,富田林市,中野町３丁目,35,221,35,221,11,22,24,199,24,199,-,-,-,-,-,-
27214006400006400_大阪府富田林市中野町西１丁目,27214,大阪府,富田林市,中野町西１丁目,2,14,2,14,-,-,2,14,2,14,-,-,-,-,-,-
27214006400006500_大阪府富田林市中野町西２丁目,27214,大阪府,富田林市,中野町西２丁目,16,278,16,278,3,5,13,273,13,273,-,-,-,-,-,-
27214006600006600_大阪府富田林市中野町東１丁目,27214,大阪府,富田林市,中野町東１丁目,45,494,45,494,8,18,37,476,36,474,1,2,-,-,-,-
27214006600006700_大阪府富田林市中野町東２丁目,27214,大阪府,富田林市,中野町東２丁目,56,"1,823",56,"1,823",-,-,56,"1,823",54,"1,811",2,12,-,-,-,-
27214011800011800_大阪府富田林市津々山台１丁目,27214,大阪府,富田林市,津々山台１丁目,14,50,13,39,6,19,7,20,7,20,-,-,-,-,1,11
27214011800011900_大阪府富田林市津々山台２丁目,27214,大阪府,富田林市,津々山台２丁目,12,75,12,75,4,17,8,58,6,30,2,28,-,-,-,-
27214011800012000_大阪府富田林市津々山台３丁目,27214,大阪府,富田林市,津々山台３丁目,18,61,18,61,8,9,9,51,8,18,1,33,1,1,-,-
27214011800012100_大阪府富田林市津々山台４丁目,27214,大阪府,富田林市,津々山台４丁目,3,18,3,18,-,-,3,18,3,18,-,-,-,-,-,-
27214011800012200_大阪府富田林市津々山台５丁目,27214,大阪府,富田林市,津々山台５丁目,8,72,8,72,4,25,4,47,4,47,-,-,-,-,-,-
27214005000005000_大阪府富田林市通法寺町,27214,大阪府,富田林市,通法寺町,8,48,8,48,1,3,7,45,7,45,-,-,-,-,-,-
27214013500013500_大阪府富田林市東板持町１丁目,27214,大阪府,富田林市,東板持町１丁目,6,60,6,60,3,12,3,48,1,3,2,45,-,-,-,-
27214013500013600_大阪府富田林市東板持町２丁目,27214,大阪府,富田林市,東板持町２丁目,5,8,5,8,4,7,1,1,1,1,-,-,-,-,-,-
27214013500013700_大阪府富田林市東板持町３丁目,27214,大阪府,富田林市,東板持町３丁目,5,17,5,17,3,4,2,13,2,13,-,-,-,-,-,-
27214007600007600_大阪府富田林市藤沢台１丁目,27214,大阪府,富田林市,藤沢台１丁目,23,168,22,148,6,30,16,118,12,78,4,40,-,-,1,20
27214007600007700_大阪府富田林市藤沢台２丁目,27214,大阪府,富田林市,藤沢台２丁目,12,249,8,72,1,10,7,62,6,61,1,1,-,-,4,177
27214007600007800_大阪府富田林市藤沢台３丁目,27214,大阪府,富田林市,藤沢台３丁目,12,92,11,63,5,16,6,47,5,42,1,5,-,-,1,29
27214007600007900_大阪府富田林市藤沢台４丁目,27214,大阪府,富田林市,藤沢台４丁目,3,8,3,8,1,1,2,7,2,7,-,-,-,-,-,-
27214007600008000_大阪府富田林市藤沢台５丁目,27214,大阪府,富田林市,藤沢台５丁目,15,90,15,90,9,40,6,50,5,44,1,6,-,-,-,-
27214007600008100_大阪府富田林市藤沢台６丁目,27214,大阪府,富田林市,藤沢台６丁目,30,156,30,156,15,57,15,99,14,96,1,3,-,-,-,-
27214007600008200_大阪府富田林市藤沢台７丁目,27214,大阪府,富田林市,藤沢台７丁目,4,40,4,40,1,23,3,17,3,17,-,-,-,-,-,-
27214008600008600_大阪府富田林市南旭ケ丘町,27214,大阪府,富田林市,南旭ケ丘町,6,16,6,16,-,-,6,16,6,16,-,-,-,-,-,-
27214012700012700_大阪府富田林市南大伴町１丁目,27214,大阪府,富田林市,南大伴町１丁目,19,111,16,59,9,13,7,46,5,35,2,11,-,-,3,52
27214012700012800_大阪府富田林市南大伴町２丁目,27214,大阪府,富田林市,南大伴町２丁目,7,21,7,21,4,4,3,17,2,7,1,10,-,-,-,-
27214012700012900_大阪府富田林市南大伴町３丁目,27214,大阪府,富田林市,南大伴町３丁目,9,86,9,86,2,6,7,80,7,80,-,-,-,-,-,-
27214012700013000_大阪府富田林市南大伴町４丁目,27214,大阪府,富田林市,南大伴町４丁目,3,28,3,28,-,-,3,28,2,6,1,22,-,-,-,-
27214001900001900_大阪府富田林市楠町,27214,大阪府,富田林市,楠町,-,-,-,-,-,-,-,-,-,-,-,-,-,-,-,-
27214010600010600_大阪府富田林市楠風台１丁目,27214,大阪府,富田林市,楠風台１丁目,4,8,4,8,3,5,1,3,1,3,-,-,-,-,-,-
27214010600010700_大阪府富田林市楠風台２丁目,27214,大阪府,富田林市,楠風台２丁目,7,14,7,14,5,12,2,2,2,2,-,-,-,-,-,-
27214010600010800_大阪府富田林市楠風台３丁目,27214,大阪府,富田林市,楠風台３丁目,9,90,9,90,3,8,6,82,5,76,1,6,-,-,-,-
27214005100005200_大阪府富田林市廿山１丁目,27214,大阪府,富田林市,廿山１丁目,24,163,24,163,8,13,16,150,11,82,5,68,-,-,-,-
27214005100005300_大阪府富田林市廿山２丁目,27214,大阪府,富田林市,廿山２丁目,14,67,14,67,5,13,9,54,8,53,1,1,-,-,-,-
27214010900010900_大阪府富田林市梅の里１丁目,27214,大阪府,富田林市,梅の里１丁目,19,187,18,151,7,27,11,124,8,85,3,39,-,-,1,36
27214010900011000_大阪府富田林市梅の里２丁目,27214,大阪府,富田林市,梅の里２丁目,17,74,17,74,5,15,12,59,12,59,-,-,-,-,-,-
27214010900011100_大阪府富田林市梅の里３丁目,27214,大阪府,富田林市,梅の里３丁目,16,158,16,158,5,17,11,141,10,138,1,3,-,-,-,-
27214010900011200_大阪府富田林市梅の里４丁目,27214,大阪府,富田林市,梅の里４丁目,6,42,4,9,2,3,2,6,2,6,-,-,-,-,2,33
27214016900016900_大阪府富田林市美山台,27214,大阪府,富田林市,美山台,7,78,7,78,2,4,5,74,5,74,-,-,-,-,-,-
27214010400010400_大阪府富田林市不動ケ丘町,27214,大阪府,富田林市,不動ケ丘町,3,6,3,6,2,4,1,2,1,2,-,-,-,-,-,-
27214006000006000_大阪府富田林市富田林町,27214,大阪府,富田林市,富田林町,84,364,83,338,52,121,31,217,24,189,7,28,-,-,1,26
27214008300008300_大阪府富田林市富美ケ丘町,27214,大阪府,富田林市,富美ケ丘町,2,2,2,2,1,1,1,1,1,1,-,-,-,-,-,-
27214400200400200_大阪府富田林市伏山１丁目,27214,大阪府,富田林市,伏山１丁目,9,40,9,40,5,11,4,29,4,29,-,-,-,-,-,-
27214400200400300_大阪府富田林市伏山２丁目,27214,大阪府,富田林市,伏山２丁目,6,65,3,23,1,4,2,19,1,5,1,14,-,-,3,42
27214400200400400_大阪府富田林市伏山３丁目,27214,大阪府,富田林市,伏山３丁目,2,2,2,2,1,1,1,1,-,-,1,1,-,-,-,-
27214007200007200_大阪府富田林市平町１丁目,27214,大阪府,富田林市,平町１丁目,11,39,11,39,3,5,8,34,6,25,2,9,-,-,-,-
27214007200007300_大阪府富田林市平町２丁目,27214,大阪府,富田林市,平町２丁目,2,16,2,16,1,5,1,11,1,11,-,-,-,-,-,-
27214012300012300_大阪府富田林市北大伴町１丁目,27214,大阪府,富田林市,北大伴町１丁目,15,110,15,110,8,17,7,93,5,69,2,24,-,-,-,-
27214012300012400_大阪府富田林市北大伴町２丁目,27214,大阪府,富田林市,北大伴町２丁目,13,87,12,57,5,12,7,45,6,42,1,3,-,-,1,30
27214012300012500_大阪府富田林市北大伴町３丁目,27214,大阪府,富田林市,北大伴町３丁目,7,63,7,63,5,12,2,51,-,-,2,51,-,-,-,-
27214012300012600_大阪府富田林市北大伴町４丁目,27214,大阪府,富田林市,北大伴町４丁目,1,2,1,2,1,2,-,-,-,-,-,-,-,-,-,-
27214008400008400_大阪府富田林市本町,27214,大阪府,富田林市,本町,108,648,105,618,60,128,41,479,36,455,5,24,4,11,3,30
27214001800001800_大阪府富田林市木戸山町,27214,大阪府,富田林市,木戸山町,24,117,21,65,10,23,11,42,10,41,1,1,-,-,3,52
27214008500008500_大阪府富田林市緑ケ丘町,27214,大阪府,富田林市,緑ケ丘町,1,4,1,4,1,4,-,-,-,-,-,-,-,-,-,-
27214500100062400_大阪府富田林市別井１丁目,27214,大阪府,富田林市,別井１丁目,4,29,4,29,1,1,3,28,1,24,2,4,-,-,-,-
27214500100062500_大阪府富田林市別井２丁目,27214,大阪府,富田林市,別井２丁目,1,9,1,9,1,9,-,-,-,-,-,-,-,-,-,-
27214500100062600_大阪府富田林市別井３丁目,27214,大阪府,富田林市,別井３丁目,4,16,4,16,1,1,3,15,3,15,-,-,-,-,-,-
27214500100062700_大阪府富田林市別井４丁目,27214,大阪府,富田林市,別井４丁目,-,-,-,-,-,-,-,-,-,-,-,-,-,-,-,-
27214500100062800_大阪府富田林市別井５丁目,27214,大阪府,富田林市,別井５丁目,6,15,6,15,1,6,5,9,4,8,1,1,-,-,-,-
27214999999999999_大阪府富田林市その他,27214,大阪府,富田林市,その他,1,1,1,1,1,1,-,-,-,-,-,-,-,-,-,-
27215_大阪府寝屋川市,27215,大阪府,寝屋川市,,"6,861","69,879","6,742","66,380","2,544","7,178","4,175","59,138","3,622","46,397",553,"12,741",23,64,119,"3,499"
27215012900012900_大阪府寝屋川市三井が丘１丁目,27215,大阪府,寝屋川市,三井が丘１丁目,6,70,6,70,2,5,4,65,4,65,-,-,-,-,-,-
27215012900013000_大阪府寝屋川市三井が丘２丁目,27215,大阪府,寝屋川市,三井が丘２丁目,1,35,1,35,-,-,1,35,-,-,1,35,-,-,-,-
27215012900013100_大阪府寝屋川市三井が丘３丁目,27215,大阪府,寝屋川市,三井が丘３丁目,11,86,9,79,1,21,8,58,6,39,2,19,-,-,2,7
27215012900013200_大阪府寝屋川市三井が丘４丁目,27215,大阪府,寝屋川市,三井が丘４丁目,21,132,20,95,8,20,12,75,9,34,3,41,-,-,1,37
27215012900013300_大阪府寝屋川市三井が丘５丁目,27215,大阪府,寝屋川市,三井が丘５丁目,-,-,-,-,-,-,-,-,-,-,-,-,-,-,-,-
27215013500013500_大阪府寝屋川市三井南町,27215,大阪府,寝屋川市,三井南町,60,528,59,502,19,56,40,446,27,230,13,216,-,-,1,26
27215014200014200_大阪府寝屋川市八坂町,27215,大阪府,寝屋川市,八坂町,174,"2,125",171,"1,902",79,288,92,"1,614",83,"1,111",9,503,-,-,3,223
27215011500011500_大阪府寝屋川市八幡台,27215,大阪府,寝屋川市,八幡台,5,14,5,14,2,4,3,10,2,6,1,4,-,-,-,-
27215015400015400_大阪府寝屋川市宇谷町,27215,大阪府,寝屋川市,宇谷町,33,822,31,813,2,14,29,799,26,582,3,217,-,-,2,9
27215002000002000_大阪府寝屋川市音羽町,27215,大阪府,寝屋川市,音羽町,27,127,27,127,17,57,10,70,10,70,-,-,-,-,-,-
27215007100007100_大阪府寝屋川市下神田町,27215,大阪府,寝屋川市,下神田町,76,415,76,415,37,81,39,334,35,299,4,35,-,-,-,-
27215007200007200_大阪府寝屋川市下木田町,27215,大阪府,寝屋川市,下木田町,40,902,35,827,5,9,30,818,28,803,2,15,-,-,5,75
27215003300003300_大阪府寝屋川市河北西町,27215,大阪府,寝屋川市,河北西町,20,138,20,138,9,12,11,126,10,103,1,23,-,-,-,-
27215003200003200_大阪府寝屋川市河北中町,27215,大阪府,寝屋川市,河北中町,21,166,21,166,13,25,8,141,8,141,-,-,-,-,-,-
27215003400003400_大阪府寝屋川市河北東町,27215,大阪府,寝屋川市,河北東町,20,603,20,603,2,4,18,599,15,356,3,243,-,-,-,-
27215004200004200_大阪府寝屋川市葛原１丁目,27215,大阪府,寝屋川市,葛原１丁目,56,921,56,921,11,21,45,900,41,806,4,94,-,-,-,-
27215004200004300_大阪府寝屋川市葛原２丁目,27215,大阪府,寝屋川市,葛原２丁目,32,482,31,416,9,28,21,382,19,280,2,102,1,6,1,66
27215004400004400_大阪府寝屋川市葛原新町,27215,大阪府,寝屋川市,葛原新町,33,361,33,361,11,58,22,303,19,296,3,7,-,-,-,-
27215002400002400_大阪府寝屋川市萱島桜園町,27215,大阪府,寝屋川市,萱島桜園町,33,84,33,84,18,35,15,49,14,47,1,2,-,-,-,-
27215002500002500_大阪府寝屋川市萱島信和町,27215,大阪府,寝屋川市,萱島信和町,38,232,38,232,19,65,19,167,16,138,3,29,-,-,-,-
27215002600002600_大阪府寝屋川市萱島東１丁目,27215,大阪府,寝屋川市,萱島東１丁目,14,40,14,40,10,17,4,23,4,23,-,-,-,-,-,-
27215002600002700_大阪府寝屋川市萱島東２丁目,27215,大阪府,寝屋川市,萱島東２丁目,44,225,44,225,33,74,11,151,11,151,-,-,-,-,-,-
27215002600002800_大阪府寝屋川市萱島東３丁目,27215,大阪府,寝屋川市,萱島東３丁目,37,342,37,342,15,43,22,299,22,299,-,-,-,-,-,-
27215003000003000_大阪府寝屋川市萱島南町,27215,大阪府,寝屋川市,萱島南町,14,149,14,149,8,38,6,111,5,105,1,6,-,-,-,-
27215002900002900_大阪府寝屋川市萱島本町,27215,大阪府,寝屋川市,萱島本町,119,701,118,691,56,144,62,547,50,422,12,125,-,-,1,10
27215006000006000_大阪府寝屋川市境橋町,27215,大阪府,寝屋川市,境橋町,35,207,35,207,14,30,20,176,17,150,3,26,1,1,-,-
27215010600010600_大阪府寝屋川市錦町,27215,大阪府,寝屋川市,錦町,28,176,25,146,11,15,14,131,8,41,6,90,-,-,3,30
27215005500005500_大阪府寝屋川市郡元町,27215,大阪府,寝屋川市,郡元町,31,104,31,104,11,23,20,81,16,68,4,13,-,-,-,-
27215013800013800_大阪府寝屋川市御幸西町,27215,大阪府,寝屋川市,御幸西町,3,37,3,37,-,-,3,37,3,37,-,-,-,-,-,-
27215013900013900_大阪府寝屋川市御幸東町,27215,大阪府,寝屋川市,御幸東町,29,164,29,164,13,23,16,141,14,63,2,78,-,-,-,-
27215005900005900_大阪府寝屋川市幸町,27215,大阪府,寝屋川市,幸町,6,176,5,175,1,2,4,173,3,14,1,159,-,-,1,1
27215005100005100_大阪府寝屋川市香里新町,27215,大阪府,寝屋川市,香里新町,252,"1,943",252,"1,943",138,464,113,"1,478",104,"1,336",9,142,1,1,-,-
27215005200005200_大阪府寝屋川市香里西之町,27215,大阪府,寝屋川市,香里西之町,50,577,50,577,17,46,33,531,27,441,6,90,-,-,-,-
27215005400005400_大阪府寝屋川市香里南之町,27215,大阪府,寝屋川市,香里南之町,247,"2,033",246,"2,025",110,412,136,"1,613",123,"1,441",13,172,-,-,1,8
27215005000005000_大阪府寝屋川市香里北之町,27215,大阪府,寝屋川市,香里北之町,41,194,41,194,29,63,12,131,12,131,-,-,-,-,-,-
27215005300005300_大阪府寝屋川市香里本通町,27215,大阪府,寝屋川市,香里本通町,96,"1,129",96,"1,129",33,107,63,"1,022",51,485,12,537,-,-,-,-
27215017300017300_大阪府寝屋川市高宮１丁目,27215,大阪府,寝屋川市,高宮１丁目,51,468,51,468,9,35,41,432,40,429,1,3,1,1,-,-
27215017300017400_大阪府寝屋川市高宮２丁目,27215,大阪府,寝屋川市,高宮２丁目,11,32,11,32,3,6,8,26,5,23,3,3,-,-,-,-
27215017500017500_大阪府寝屋川市高宮あさひ丘,27215,大阪府,寝屋川市,高宮あさひ丘,12,59,12,59,2,3,10,56,8,15,2,41,-,-,-,-
27215008300008300_大阪府寝屋川市高宮栄町,27215,大阪府,寝屋川市,高宮栄町,95,"1,055",93,972,22,100,70,868,59,725,11,143,1,4,2,83
27215015000015000_大阪府寝屋川市高宮新町,27215,大阪府,寝屋川市,高宮新町,32,169,31,166,14,40,15,118,14,106,1,12,2,8,1,3
27215017100017100_大阪府寝屋川市高倉１丁目,27215,大阪府,寝屋川市,高倉１丁目,15,77,15,77,6,14,9,63,8,61,1,2,-,-,-,-
27215017100017200_大阪府寝屋川市高倉２丁目,27215,大阪府,寝屋川市,高倉２丁目,3,12,3,12,1,2,2,10,2,10,-,-,-,-,-,-
27215008400008400_大阪府寝屋川市高柳１丁目,27215,大阪府,寝屋川市,高柳１丁目,19,268,19,268,8,20,11,248,8,61,3,187,-,-,-,-
27215008400008500_大阪府寝屋川市高柳２丁目,27215,大阪府,寝屋川市,高柳２丁目,49,458,49,458,22,50,27,408,24,388,3,20,-,-,-,-
27215008400008600_大阪府寝屋川市高柳３丁目,27215,大阪府,寝屋川市,高柳３丁目,27,144,25,137,11,23,14,114,13,113,1,1,-,-,2,7
27215008400008700_大阪府寝屋川市高柳４丁目,27215,大阪府,寝屋川市,高柳４丁目,16,85,15,83,5,7,10,76,9,47,1,29,-,-,1,2
27215008400008800_大阪府寝屋川市高柳５丁目,27215,大阪府,寝屋川市,高柳５丁目,45,263,45,263,23,49,22,214,21,180,1,34,-,-,-,-
27215008400008900_大阪府寝屋川市高柳６丁目,27215,大阪府,寝屋川市,高柳６丁目,31,145,28,131,16,33,12,98,10,83,2,15,-,-,3,14
27215008400009000_大阪府寝屋川市高柳７丁目,27215,大阪府,寝屋川市,高柳７丁目,37,182,37,182,27,68,10,114,10,114,-,-,-,-,-,-
27215009100009100_大阪府寝屋川市高柳栄町,27215,大阪府,寝屋川市,高柳栄町,37,369,37,369,21,43,16,326,13,301,3,25,-,-,-,-
27215004500004500_大阪府寝屋川市国松町,27215,大阪府,寝屋川市,国松町,29,100,27,91,13,26,14,65,11,33,3,32,-,-,2,9
27215004600004600_大阪府寝屋川市黒原旭町,27215,大阪府,寝屋川市,黒原旭町,46,251,46,251,30,60,16,191,14,136,2,55,-,-,-,-
27215004900004900_大阪府寝屋川市黒原橘町,27215,大阪府,寝屋川市,黒原橘町,42,181,40,164,16,48,24,116,20,78,4,38,-,-,2,17
27215004800004800_大阪府寝屋川市黒原城内町,27215,大阪府,寝屋川市,黒原城内町,44,227,44,227,25,43,19,184,13,142,6,42,-,-,-,-
27215004700004700_大阪府寝屋川市黒原新町,27215,大阪府,寝屋川市,黒原新町,46,414,46,414,21,58,25,356,23,298,2,58,-,-,-,-
27215006100006100_大阪府寝屋川市桜木町,27215,大阪府,寝屋川市,桜木町,37,275,36,268,14,52,20,211,19,187,1,24,2,5,1,7
27215006200006200_大阪府寝屋川市讃良西町,27215,大阪府,寝屋川市,讃良西町,23,350,23,350,2,5,21,345,15,188,6,157,-,-,-,-
27215006300006300_大阪府寝屋川市讃良東町,27215,大阪府,寝屋川市,讃良東町,9,292,7,286,1,2,6,284,4,269,2,15,-,-,2,6
27215014300014300_大阪府寝屋川市若葉町,27215,大阪府,寝屋川市,若葉町,7,18,7,18,5,10,2,8,2,8,-,-,-,-,-,-
27215005600005600_大阪府寝屋川市寿町,27215,大阪府,寝屋川市,寿町,112,753,108,689,48,112,60,577,54,427,6,150,-,-,4,64
27215001700001700_大阪府寝屋川市出雲町,27215,大阪府,寝屋川市,出雲町,29,470,29,470,12,63,17,407,17,407,-,-,-,-,-,-
27215002100002100_大阪府寝屋川市春日町,27215,大阪府,寝屋川市,春日町,44,177,43,153,24,51,19,102,17,88,2,14,-,-,1,24
27215011600011600_大阪府寝屋川市初町,27215,大阪府,寝屋川市,初町,48,918,45,897,20,65,25,832,19,471,6,361,-,-,3,21
27215017000017000_大阪府寝屋川市小路南町,27215,大阪府,寝屋川市,小路南町,11,377,11,377,4,18,7,359,5,310,2,49,-,-,-,-
27215016900016900_大阪府寝屋川市小路北町,27215,大阪府,寝屋川市,小路北町,12,219,12,219,3,18,9,201,7,198,2,3,-,-,-,-
27215007300007300_大阪府寝屋川市昭栄町,27215,大阪府,寝屋川市,昭栄町,52,798,52,798,19,44,33,754,31,750,2,4,-,-,-,-
27215012800012800_大阪府寝屋川市松屋町,27215,大阪府,寝屋川市,松屋町,70,426,70,426,27,96,41,330,37,278,4,52,2,-,-,-
27215002200002200_大阪府寝屋川市上神田１丁目,27215,大阪府,寝屋川市,上神田１丁目,50,338,50,338,20,49,29,284,24,171,5,113,1,5,-,-
27215002200002300_大阪府寝屋川市上神田２丁目,27215,大阪府,寝屋川市,上神田２丁目,45,276,44,273,24,63,20,210,19,209,1,1,-,-,1,3
27215015600015600_大阪府寝屋川市寝屋１丁目,27215,大阪府,寝屋川市,寝屋１丁目,28,257,28,257,4,46,24,211,21,183,3,28,-,-,-,-
27215015600015700_大阪府寝屋川市寝屋２丁目,27215,大阪府,寝屋川市,寝屋２丁目,7,120,7,120,1,3,6,117,5,35,1,82,-,-,-,-
27215016000016000_大阪府寝屋川市寝屋新町,27215,大阪府,寝屋川市,寝屋新町,4,45,4,45,1,1,3,44,3,44,-,-,-,-,-,-
27215015800015800_大阪府寝屋川市寝屋川公園,27215,大阪府,寝屋川市,寝屋川公園,11,741,10,540,-,-,10,540,5,20,5,520,-,-,1,201
27215016100016100_大阪府寝屋川市寝屋南１丁目,27215,大阪府,寝屋川市,寝屋南１丁目,8,577,6,462,-,-,6,462,6,462,-,-,-,-,2,115
27215016100016200_大阪府寝屋川市寝屋南２丁目,27215,大阪府,寝屋川市,寝屋南２丁目,77,"1,210",77,"1,210",2,12,75,"1,198",67,"1,051",8,147,-,-,-,-
27215015900015900_大阪府寝屋川市寝屋北町,27215,大阪府,寝屋川市,寝屋北町,5,84,4,21,2,14,2,7,2,7,-,-,-,-,1,63
27215007400007400_大阪府寝屋川市新家１丁目,27215,大阪府,寝屋川市,新家１丁目,24,320,24,320,6,13,18,307,18,307,-,-,-,-,-,-
27215007400007500_大阪府寝屋川市新家２丁目,27215,大阪府,寝屋川市,新家２丁目,13,110,13,110,5,7,8,103,8,103,-,-,-,-,-,-
27215015100015100_大阪府寝屋川市秦町,27215,大阪府,寝屋川市,秦町,94,"1,118",93,"1,109",22,44,70,"1,063",51,491,19,572,1,2,1,9
27215010800010800_大阪府寝屋川市仁和寺町,27215,大阪府,寝屋川市,仁和寺町,44,633,44,633,14,47,30,586,28,574,2,12,-,-,-,-
27215010900010900_大阪府寝屋川市仁和寺本町１丁目,27215,大阪府,寝屋川市,仁和寺本町１丁目,6,134,6,134,1,1,5,133,4,132,1,1,-,-,-,-
27215010900011000_大阪府寝屋川市仁和寺本町２丁目,27215,大阪府,寝屋川市,仁和寺本町２丁目,44,684,44,684,3,4,41,680,33,622,8,58,-,-,-,-
27215010900011100_大阪府寝屋川市仁和寺本町３丁目,27215,大阪府,寝屋川市,仁和寺本町３丁目,65,902,65,902,13,30,52,872,47,644,5,228,-,-,-,-
27215010900011200_大阪府寝屋川市仁和寺本町４丁目,27215,大阪府,寝屋川市,仁和寺本町４丁目,48,518,48,518,9,22,39,496,37,463,2,33,-,-,-,-
27215010900011300_大阪府寝屋川市仁和寺本町５丁目,27215,大阪府,寝屋川市,仁和寺本町５丁目,26,111,26,111,11,37,15,74,14,69,1,5,-,-,-,-
27215010900011400_大阪府寝屋川市仁和寺本町６丁目,27215,大阪府,寝屋川市,仁和寺本町６丁目,11,67,11,67,4,5,7,62,6,43,1,19,-,-,-,-
27215003500003500_大阪府寝屋川市菅相塚町,27215,大阪府,寝屋川市,菅相塚町,18,74,18,74,3,9,15,65,14,54,1,11,-,-,-,-
27215010000010000_大阪府寝屋川市成田西町,27215,大阪府,寝屋川市,成田西町,12,153,10,127,3,5,7,122,5,59,2,63,-,-,2,26
27215010400010400_大阪府寝屋川市成田町,27215,大阪府,寝屋川市,成田町,41,295,40,293,16,79,23,210,19,164,4,46,1,4,1,2
27215010100010100_大阪府寝屋川市成田東が丘,27215,大阪府,寝屋川市,成田東が丘,28,144,28,144,6,11,22,133,15,40,7,93,-,-,-,-
27215010200010200_大阪府寝屋川市成田東町,27215,大阪府,寝屋川市,成田東町,19,50,19,50,4,16,15,34,14,32,1,2,-,-,-,-
27215010300010300_大阪府寝屋川市成田南町,27215,大阪府,寝屋川市,成田南町,27,106,26,103,15,32,11,71,10,66,1,5,-,-,1,3
27215007700007700_大阪府寝屋川市成美町,27215,大阪府,寝屋川市,成美町,19,171,19,171,10,15,9,156,6,134,3,22,-,-,-,-
27215006400006400_大阪府寝屋川市清水町,27215,大阪府,寝屋川市,清水町,48,237,48,237,25,67,23,170,22,158,1,12,-,-,-,-
27215001600001600_大阪府寝屋川市石津元町,27215,大阪府,寝屋川市,石津元町,43,768,41,761,10,15,31,746,28,545,3,201,-,-,2,7
27215001300001300_大阪府寝屋川市石津中町,27215,大阪府,寝屋川市,石津中町,21,326,21,326,4,7,17,319,12,148,5,171,-,-,-,-
27215001400001400_大阪府寝屋川市石津東町,27215,大阪府,寝屋川市,石津東町,28,361,28,361,10,34,18,327,15,273,3,54,-,-,-,-
27215001500001500_大阪府寝屋川市石津南町,27215,大阪府,寝屋川市,石津南町,40,285,40,285,14,54,26,231,24,199,2,32,-,-,-,-
27215003100003100_大阪府寝屋川市川勝町,27215,大阪府,寝屋川市,川勝町,34,867,34,867,5,11,29,856,18,171,11,685,-,-,-,-
27215011700011700_大阪府寝屋川市早子町,27215,大阪府,寝屋川市,早子町,195,"1,968",194,"1,956",66,221,128,"1,735",117,"1,656",11,79,-,-,1,12
27215008100008100_大阪府寝屋川市太間町,27215,大阪府,寝屋川市,太間町,29,125,28,117,9,24,19,93,18,89,1,4,-,-,1,8
27215008200008200_大阪府寝屋川市太間東町,27215,大阪府,寝屋川市,太間東町,26,346,26,346,2,3,24,343,24,343,-,-,-,-,-,-
27215014900014900_大阪府寝屋川市太秦元町,27215,大阪府,寝屋川市,太秦元町,16,56,13,27,7,12,6,15,5,14,1,1,-,-,3,29
27215014500014500_大阪府寝屋川市太秦高塚町,27215,大阪府,寝屋川市,太秦高塚町,10,131,8,76,1,2,7,74,2,31,5,43,-,-,2,55
27215014400014400_大阪府寝屋川市太秦桜が丘,27215,大阪府,寝屋川市,太秦桜が丘,29,338,29,338,10,13,19,325,16,300,3,25,-,-,-,-
27215014600014600_大阪府寝屋川市太秦中町,27215,大阪府,寝屋川市,太秦中町,14,44,14,44,5,13,9,31,8,21,1,10,-,-,-,-
27215014700014700_大阪府寝屋川市太秦東が丘,27215,大阪府,寝屋川市,太秦東が丘,8,50,8,50,1,5,7,45,7,45,-,-,-,-,-,-
27215014800014800_大阪府寝屋川市太秦緑が丘,27215,大阪府,寝屋川市,太秦緑が丘,12,54,12,54,4,7,8,47,8,47,-,-,-,-,-,-
27215016700016700_大阪府寝屋川市打上宮前町,27215,大阪府,寝屋川市,打上宮前町,35,162,32,128,17,53,15,75,14,54,1,21,-,-,3,34
27215016800016800_大阪府寝屋川市打上元町,27215,大阪府,寝屋川市,打上元町,59,443,59,443,20,94,39,349,31,275,8,74,-,-,-,-
27215016400016400_大阪府寝屋川市打上高塚町,27215,大阪府,寝屋川市,打上高塚町,10,117,8,102,-,-,8,102,8,102,-,-,-,-,2,15
27215016300016300_大阪府寝屋川市打上新町,27215,大阪府,寝屋川市,打上新町,15,95,14,94,2,4,12,90,11,86,1,4,-,-,1,1
27215016500016500_大阪府寝屋川市打上中町,27215,大阪府,寝屋川市,打上中町,30,554,30,554,8,44,22,510,21,477,1,33,-,-,-,-
27215016600016600_大阪府寝屋川市打上南町,27215,大阪府,寝屋川市,打上南町,18,376,17,340,2,4,15,336,2,74,13,262,-,-,1,36
27215009400009400_大阪府寝屋川市対馬江西町,27215,大阪府,寝屋川市,対馬江西町,33,149,32,117,16,28,16,89,15,76,1,13,-,-,1,32
27215009500009500_大阪府寝屋川市対馬江東町,27215,大阪府,寝屋川市,対馬江東町,31,342,31,342,14,55,17,287,15,269,2,18,-,-,-,-
27215007800007800_大阪府寝屋川市大成町,27215,大阪府,寝屋川市,大成町,48,926,48,926,11,17,37,909,37,909,-,-,-,-,-,-
27215015500015500_大阪府寝屋川市大谷町,27215,大阪府,寝屋川市,大谷町,16,274,16,274,2,4,14,270,7,65,7,205,-,-,-,-
27215001900001900_大阪府寝屋川市大利元町,27215,大阪府,寝屋川市,大利元町,42,210,42,210,21,64,21,146,11,54,10,92,-,-,-,-
27215001800001800_大阪府寝屋川市大利町,27215,大阪府,寝屋川市,大利町,120,689,120,689,75,241,45,448,37,385,8,63,-,-,-,-
27215001200001200_大阪府寝屋川市池の瀬町,27215,大阪府,寝屋川市,池の瀬町,4,28,4,28,-,-,4,28,3,26,1,2,-,-,-,-
27215000100000100_大阪府寝屋川市池田１丁目,27215,大阪府,寝屋川市,池田１丁目,29,189,29,189,13,19,16,170,15,123,1,47,-,-,-,-
27215000100000200_大阪府寝屋川市池田２丁目,27215,大阪府,寝屋川市,池田２丁目,36,423,33,340,9,13,23,327,20,291,3,36,1,-,3,83
27215000100000300_大阪府寝屋川市池田３丁目,27215,大阪府,寝屋川市,池田３丁目,54,676,54,676,9,28,45,648,40,468,5,180,-,-,-,-
27215000400000400_大阪府寝屋川市池田旭町,27215,大阪府,寝屋川市,池田旭町,53,195,53,195,37,74,16,121,16,121,-,-,-,-,-,-
27215000600000600_大阪府寝屋川市池田新町,27215,大阪府,寝屋川市,池田新町,51,670,48,626,8,15,40,611,39,608,1,3,-,-,3,44
27215000800000800_大阪府寝屋川市池田西町,27215,大阪府,寝屋川市,池田西町,23,694,20,318,6,11,13,303,6,210,7,93,1,4,3,376
27215000700000700_大阪府寝屋川市池田中町,27215,大阪府,寝屋川市,池田中町,68,"1,553",68,"1,553",11,45,57,"1,508",54,628,3,880,-,-,-,-
27215000900000900_大阪府寝屋川市池田東町,27215,大阪府,寝屋川市,池田東町,22,98,22,98,14,37,8,61,6,41,2,20,-,-,-,-
27215001100001100_大阪府寝屋川市池田南町,27215,大阪府,寝屋川市,池田南町,40,148,40,148,24,70,16,78,16,78,-,-,-,-,-,-
27215000500000500_大阪府寝屋川市池田北町,27215,大阪府,寝屋川市,池田北町,52,405,52,405,7,12,44,383,43,366,1,17,1,10,-,-
27215001000001000_大阪府寝屋川市池田本町,27215,大阪府,寝屋川市,池田本町,75,517,75,517,32,78,43,439,36,236,7,203,-,-,-,-
27215009800009800_大阪府寝屋川市中神田町,27215,大阪府,寝屋川市,中神田町,33,157,33,157,18,36,15,121,12,82,3,39,-,-,-,-
27215009900009900_大阪府寝屋川市中木田町,27215,大阪府,寝屋川市,中木田町,29,371,28,368,5,16,23,352,20,310,3,42,-,-,1,3
27215009300009300_大阪府寝屋川市長栄寺町,27215,大阪府,寝屋川市,長栄寺町,43,280,42,250,20,52,22,198,12,64,10,134,-,-,1,30
27215006500006500_大阪府寝屋川市点野１丁目,27215,大阪府,寝屋川市,点野１丁目,20,204,20,204,1,10,19,194,18,118,1,76,-,-,-,-
27215006500006600_大阪府寝屋川市点野２丁目,27215,大阪府,寝屋川市,点野２丁目,37,"1,045",37,"1,045",5,18,32,"1,027",32,"1,027",-,-,-,-,-,-
27215006500006700_大阪府寝屋川市点野３丁目,27215,大阪府,寝屋川市,点野３丁目,93,"1,107",93,"1,107",28,94,65,"1,013",64,"1,010",1,3,-,-,-,-
27215006500006800_大阪府寝屋川市点野４丁目,27215,大阪府,寝屋川市,点野４丁目,34,312,34,312,11,24,23,288,20,215,3,73,-,-,-,-
27215006500006900_大阪府寝屋川市点野５丁目,27215,大阪府,寝屋川市,点野５丁目,93,672,90,658,24,100,66,558,64,552,2,6,-,-,3,14
27215006500007000_大阪府寝屋川市点野６丁目,27215,大阪府,寝屋川市,点野６丁目,3,34,3,34,-,-,3,34,2,17,1,17,-,-,-,-
27215008000008000_大阪府寝屋川市田井西町,27215,大阪府,寝屋川市,田井西町,32,158,30,148,15,42,15,106,13,103,2,3,-,-,2,10
27215007900007900_大阪府寝屋川市田井町,27215,大阪府,寝屋川市,田井町,46,151,45,147,23,43,22,104,20,77,2,27,-,-,1,4
27215012000012000_大阪府寝屋川市東香里園町,27215,大阪府,寝屋川市,東香里園町,39,229,39,229,13,34,26,195,22,107,4,88,-,-,-,-
27215011900011900_大阪府寝屋川市東神田町,27215,大阪府,寝屋川市,東神田町,32,421,28,371,1,1,27,370,22,254,5,116,-,-,4,50
27215011800011800_大阪府寝屋川市東大利町,27215,大阪府,寝屋川市,東大利町,151,922,150,917,77,275,72,640,56,484,16,156,1,2,1,5
27215010500010500_大阪府寝屋川市南水苑町,27215,大阪府,寝屋川市,南水苑町,14,52,14,52,5,6,9,46,5,25,4,21,-,-,-,-
27215004100004100_大阪府寝屋川市楠根南町,27215,大阪府,寝屋川市,楠根南町,48,298,46,292,12,31,34,261,32,226,2,35,-,-,2,6
27215004000004000_大阪府寝屋川市楠根北町,27215,大阪府,寝屋川市,楠根北町,17,215,17,215,3,5,14,210,14,210,-,-,-,-,-,-
27215010700010700_大阪府寝屋川市日新町,27215,大阪府,寝屋川市,日新町,91,"1,678",90,"1,676",9,31,81,"1,645",77,"1,213",4,432,-,-,1,2
27215012100012100_大阪府寝屋川市日之出町,27215,大阪府,寝屋川市,日之出町,61,166,61,166,39,78,22,88,21,86,1,2,-,-,-,-
27215015200015200_大阪府寝屋川市梅が丘１丁目,27215,大阪府,寝屋川市,梅が丘１丁目,12,91,12,91,3,5,9,86,6,23,3,63,-,-,-,-
27215015200015300_大阪府寝屋川市梅が丘２丁目,27215,大阪府,寝屋川市,梅が丘２丁目,4,43,2,36,-,-,2,36,1,8,1,28,-,-,2,7
27215013600013600_大阪府寝屋川市美井元町,27215,大阪府,寝屋川市,美井元町,35,220,35,220,17,55,18,165,14,104,4,61,-,-,-,-
27215013400013400_大阪府寝屋川市美井町,27215,大阪府,寝屋川市,美井町,9,168,9,168,4,10,5,158,2,11,3,147,-,-,-,-
27215012200012200_大阪府寝屋川市平池町,27215,大阪府,寝屋川市,平池町,40,138,40,138,13,19,27,119,20,101,7,18,-,-,-,-
27215009200009200_大阪府寝屋川市宝町,27215,大阪府,寝屋川市,宝町,45,352,45,352,17,52,28,300,28,300,-,-,-,-,-,-
27215009700009700_大阪府寝屋川市豊野町,27215,大阪府,寝屋川市,豊野町,48,729,47,406,17,38,30,368,23,173,7,195,-,-,1,323
27215009600009600_大阪府寝屋川市豊里町,27215,大阪府,寝屋川市,豊里町,63,888,61,867,16,27,45,840,44,839,1,1,-,-,2,21
27215003600003600_大阪府寝屋川市北大利町,27215,大阪府,寝屋川市,北大利町,32,182,32,182,20,55,12,127,11,115,1,12,-,-,-,-
27215012300012300_大阪府寝屋川市堀溝１丁目,27215,大阪府,寝屋川市,堀溝１丁目,32,400,31,388,5,6,26,382,26,382,-,-,-,-,1,12
27215012300012400_大阪府寝屋川市堀溝２丁目,27215,大阪府,寝屋川市,堀溝２丁目,29,221,29,221,14,27,15,194,11,184,4,10,-,-,-,-
27215012300012500_大阪府寝屋川市堀溝３丁目,27215,大阪府,寝屋川市,堀溝３丁目,18,63,16,55,7,10,8,43,8,43,-,-,1,2,2,8
27215012600012600_大阪府寝屋川市堀溝北町,27215,大阪府,寝屋川市,堀溝北町,11,78,11,78,3,7,8,71,8,71,-,-,-,-,-,-
27215012700012700_大阪府寝屋川市本町,27215,大阪府,寝屋川市,本町,82,"1,621",73,555,27,69,43,481,36,367,7,114,3,5,9,"1,066"
27215007600007600_大阪府寝屋川市末広町,27215,大阪府,寝屋川市,末広町,18,52,18,52,6,19,12,33,11,19,1,14,-,-,-,-
27215014000014000_大阪府寝屋川市明徳１丁目,27215,大阪府,寝屋川市,明徳１丁目,10,58,9,43,6,12,3,31,2,15,1,16,-,-,1,15
27215014000014100_大阪府寝屋川市明徳２丁目,27215,大阪府,寝屋川市,明徳２丁目,15,129,15,129,7,20,8,109,5,43,3,66,-,-,-,-
27215017600017600_大阪府寝屋川市明和１丁目,27215,大阪府,寝屋川市,明和１丁目,17,115,15,103,4,6,10,93,5,35,5,58,1,4,2,12
27215017600017700_大阪府寝屋川市明和２丁目,27215,大阪府,寝屋川市,明和２丁目,5,41,5,41,2,6,3,35,3,35,-,-,-,-,-,-
27215005800005800_大阪府寝屋川市木屋元町,27215,大阪府,寝屋川市,木屋元町,19,235,19,235,3,22,16,213,14,185,2,28,-,-,-,-
27215005700005700_大阪府寝屋川市木屋町,27215,大阪府,寝屋川市,木屋町,39,404,39,404,16,28,23,376,21,326,2,50,-,-,-,-
27215003800003800_大阪府寝屋川市木田元宮１丁目,27215,大阪府,寝屋川市,木田元宮１丁目,35,"2,122",33,"2,114",5,16,28,"2,098",26,"2,065",2,33,-,-,2,8
27215003800003900_大阪府寝屋川市木田元宮２丁目,27215,大阪府,寝屋川市,木田元宮２丁目,11,590,11,590,-,-,11,590,11,590,-,-,-,-,-,-
27215003700003700_大阪府寝屋川市木田町,27215,大阪府,寝屋川市,木田町,50,339,50,339,17,58,33,281,25,178,8,103,-,-,-,-
27215013700013700_大阪府寝屋川市緑町,27215,大阪府,寝屋川市,緑町,81,529,81,529,39,84,42,445,33,227,9,218,-,-,-,-
27215999999999999_大阪府寝屋川市その他,27215,大阪府,寝屋川市,その他,-,-,-,-,-,-,-,-,-,-,-,-,-,-,-,-
27216_大阪府河内長野市,27216,大阪府,河内長野市,,"2,767","28,007","2,688","25,984","1,094","3,472","1,576","22,453","1,327","15,661",249,"6,792",18,59,79,"2,023"
27216000100000100_大阪府河内長野市天野町,27216,大阪府,河内長野市,天野町,49,779,47,774,13,59,34,715,26,508,8,207,-,-,2,5
27216000200000200_大阪府河内長野市天見,27216,大阪府,河内長野市,天見,9,58,7,48,4,6,2,41,2,41,-,-,1,1,2,10
27216000300000300_大阪府河内長野市石仏,27216,大阪府,河内長野市,石仏,19,129,16,80,8,30,8,50,7,49,1,1,-,-,3,49
27216000400000400_大阪府河内長野市石見川,27216,大阪府,河内長野市,石見川,3,47,3,47,-,-,3,47,1,32,2,15,-,-,-,-
27216000500000500_大阪府河内長野市市町,27216,大阪府,河内長野市,市町,55,459,54,419,16,30,38,389,36,365,2,24,-,-,1,40
27216000600000600_大阪府河内長野市岩瀬,27216,大阪府,河内長野市,岩瀬,11,51,10,47,8,36,2,11,1,9,1,2,-,-,1,4
27216000700000700_大阪府河内長野市上田町,27216,大阪府,河内長野市,上田町,33,250,31,182,18,38,13,144,11,92,2,52,-,-,2,68
27216000800000800_大阪府河内長野市上原町,27216,大阪府,河内長野市,上原町,50,"1,007",50,"1,007",14,34,36,973,34,887,2,86,-,-,-,-
27216000900000900_大阪府河内長野市太井,27216,大阪府,河内長野市,太井,1,6,1,6,-,-,1,6,1,6,-,-,-,-,-,-
27216001000001000_大阪府河内長野市小塩町,27216,大阪府,河内長野市,小塩町,23,248,23,248,7,35,16,213,13,123,3,90,-,-,-,-
27216001100001100_大阪府河内長野市小山田町,27216,大阪府,河内長野市,小山田町,88,"1,429",83,"1,289",24,59,59,"1,230",39,528,20,702,-,-,5,140
27216001200001200_大阪府河内長野市加賀田,27216,大阪府,河内長野市,加賀田,64,580,61,545,20,87,41,458,37,279,4,179,-,-,3,35
27216001300001300_大阪府河内長野市神ガ丘,27216,大阪府,河内長野市,神ガ丘,5,11,5,11,3,4,2,7,1,1,1,6,-,-,-,-
27216001400001400_大阪府河内長野市唐久谷,27216,大阪府,河内長野市,唐久谷,-,-,-,-,-,-,-,-,-,-,-,-,-,-,-,-
27216001500001500_大阪府河内長野市河合寺,27216,大阪府,河内長野市,河合寺,6,122,6,122,-,-,6,122,1,3,5,119,-,-,-,-
27216001600001600_大阪府河内長野市菊水町,27216,大阪府,河内長野市,菊水町,36,408,36,408,21,76,15,332,11,261,4,71,-,-,-,-
27216001700001700_大阪府河内長野市北青葉台,27216,大阪府,河内長野市,北青葉台,39,255,39,255,22,82,17,173,15,144,2,29,-,-,-,-
27216001800001800_大阪府河内長野市北貴望ケ丘,27216,大阪府,河内長野市,北貴望ケ丘,14,76,14,76,10,41,4,35,3,28,1,7,-,-,-,-
27216001900001900_大阪府河内長野市喜多町,27216,大阪府,河内長野市,喜多町,62,"1,157",62,"1,157",18,48,43,"1,108",29,565,14,543,1,1,-,-
27216002000002000_大阪府河内長野市木戸町,27216,大阪府,河内長野市,木戸町,21,154,19,87,12,25,7,62,6,56,1,6,-,-,2,67
27216002100002100_大阪府河内長野市楠町西,27216,大阪府,河内長野市,楠町西,19,613,19,613,8,23,11,590,7,226,4,364,-,-,-,-
27216002200002200_大阪府河内長野市楠町東,27216,大阪府,河内長野市,楠町東,53,936,51,901,17,42,34,859,31,812,3,47,-,-,2,35
27216002300002300_大阪府河内長野市小深,27216,大阪府,河内長野市,小深,-,-,-,-,-,-,-,-,-,-,-,-,-,-,-,-
27216002400002400_大阪府河内長野市栄町,27216,大阪府,河内長野市,栄町,52,264,52,264,27,88,25,176,22,152,3,24,-,-,-,-
27216002500002500_大阪府河内長野市汐の宮町,27216,大阪府,河内長野市,汐の宮町,44,312,44,312,17,44,27,268,23,183,4,85,-,-,-,-
27216002600002600_大阪府河内長野市清水,27216,大阪府,河内長野市,清水,5,23,5,23,3,9,2,14,1,11,1,3,-,-,-,-
27216002700002700_大阪府河内長野市下里町,27216,大阪府,河内長野市,下里町,18,115,15,66,8,12,7,54,6,53,1,1,-,-,3,49
27216002800002800_大阪府河内長野市末広町,27216,大阪府,河内長野市,末広町,11,336,11,336,2,10,9,326,4,66,5,260,-,-,-,-
27216002900002900_大阪府河内長野市滝畑,27216,大阪府,河内長野市,滝畑,6,48,3,36,2,5,1,31,-,-,1,31,-,-,3,12
27216003000003000_大阪府河内長野市高向,27216,大阪府,河内長野市,高向,55,527,50,491,21,86,29,405,24,282,5,123,-,-,5,36
27216003100003100_大阪府河内長野市大師町,27216,大阪府,河内長野市,大師町,14,61,14,61,4,10,9,33,7,14,2,19,1,18,-,-
27216003200003200_大阪府河内長野市千代田台町,27216,大阪府,河内長野市,千代田台町,29,162,28,105,16,34,12,71,12,71,-,-,-,-,1,57
27216003300003300_大阪府河内長野市千代田南町,27216,大阪府,河内長野市,千代田南町,59,322,59,322,31,131,27,190,24,171,3,19,1,1,-,-
27216003400003400_大阪府河内長野市寺元,27216,大阪府,河内長野市,寺元,16,123,14,118,6,12,8,106,3,19,5,87,-,-,2,5
27216003500003500_大阪府河内長野市長野町,27216,大阪府,河内長野市,長野町,75,565,74,559,26,79,46,477,38,296,8,181,2,3,1,6
27216003600003600_大阪府河内長野市流谷,27216,大阪府,河内長野市,流谷,-,-,-,-,-,-,-,-,-,-,-,-,-,-,-,-
27216003700003700_大阪府河内長野市南花台１丁目,27216,大阪府,河内長野市,南花台１丁目,40,285,40,285,22,81,18,204,14,102,4,102,-,-,-,-
27216003700003800_大阪府河内長野市南花台２丁目,27216,大阪府,河内長野市,南花台２丁目,12,82,10,48,6,23,4,25,3,23,1,2,-,-,2,34
27216003700003900_大阪府河内長野市南花台３丁目,27216,大阪府,河内長野市,南花台３丁目,23,247,23,247,8,28,15,219,13,202,2,17,-,-,-,-
27216003700004000_大阪府河内長野市南花台４丁目,27216,大阪府,河内長野市,南花台４丁目,21,157,21,157,13,47,8,110,6,31,2,79,-,-,-,-
27216003700004100_大阪府河内長野市南花台５丁目,27216,大阪府,河内長野市,南花台５丁目,12,18,12,18,8,11,4,7,4,7,-,-,-,-,-,-
27216003700004200_大阪府河内長野市南花台６丁目,27216,大阪府,河内長野市,南花台６丁目,10,68,9,51,7,12,2,39,1,2,1,37,-,-,1,17
27216003700004300_大阪府河内長野市南花台７丁目,27216,大阪府,河内長野市,南花台７丁目,1,1,1,1,-,-,1,1,1,1,-,-,-,-,-,-
27216003700004400_大阪府河内長野市南花台８丁目,27216,大阪府,河内長野市,南花台８丁目,6,46,4,21,1,1,3,20,2,5,1,15,-,-,2,25
27216004500004500_大阪府河内長野市錦町,27216,大阪府,河内長野市,錦町,50,251,50,251,29,80,21,171,20,169,1,2,-,-,-,-
27216004600004600_大阪府河内長野市西代町,27216,大阪府,河内長野市,西代町,55,496,53,421,18,71,34,346,22,172,12,174,1,4,2,75
27216004700004700_大阪府河内長野市日東町,27216,大阪府,河内長野市,日東町,14,68,13,33,4,10,9,23,7,20,2,3,-,-,1,35
27216004800004800_大阪府河内長野市野作町,27216,大阪府,河内長野市,野作町,47,394,47,394,16,52,31,342,30,317,1,25,-,-,-,-
27216004900004900_大阪府河内長野市鳩原,27216,大阪府,河内長野市,鳩原,3,11,3,11,1,2,2,9,1,4,1,5,-,-,-,-
27216005000005000_大阪府河内長野市原町,27216,大阪府,河内長野市,原町,5,15,5,15,1,2,4,13,4,13,-,-,-,-,-,-
27216005000005100_大阪府河内長野市原町１丁目,27216,大阪府,河内長野市,原町１丁目,31,845,20,272,3,15,15,252,15,252,-,-,2,5,11,573
27216005000005200_大阪府河内長野市原町２丁目,27216,大阪府,河内長野市,原町２丁目,4,105,3,33,-,-,3,33,2,30,1,3,-,-,1,72
27216005000005300_大阪府河内長野市原町３丁目,27216,大阪府,河内長野市,原町３丁目,13,105,13,105,3,9,10,96,9,88,1,8,-,-,-,-
27216005000005400_大阪府河内長野市原町４丁目,27216,大阪府,河内長野市,原町４丁目,24,360,24,360,2,2,22,358,22,358,-,-,-,-,-,-
27216005000005500_大阪府河内長野市原町５丁目,27216,大阪府,河内長野市,原町５丁目,8,93,8,93,1,3,7,90,6,70,1,20,-,-,-,-
27216005000005600_大阪府河内長野市原町６丁目,27216,大阪府,河内長野市,原町６丁目,20,202,20,202,8,35,12,167,12,167,-,-,-,-,-,-
27216005700005700_大阪府河内長野市日野,27216,大阪府,河内長野市,日野,18,118,16,98,5,10,10,85,8,74,2,11,1,3,2,20
27216005800005800_大阪府河内長野市古野町,27216,大阪府,河内長野市,古野町,39,553,39,553,23,40,16,513,10,80,6,433,-,-,-,-
27216005900005900_大阪府河内長野市本多町,27216,大阪府,河内長野市,本多町,25,278,24,237,7,24,16,207,13,151,3,56,1,6,1,41
27216006000006000_大阪府河内長野市本町,27216,大阪府,河内長野市,本町,142,939,141,908,67,206,72,700,68,679,4,21,2,2,1,31
27216006100006100_大阪府河内長野市松ケ丘中町,27216,大阪府,河内長野市,松ケ丘中町,26,409,26,409,10,30,16,379,12,225,4,154,-,-,-,-
27216006200006200_大阪府河内長野市松ケ丘西町,27216,大阪府,河内長野市,松ケ丘西町,13,39,13,39,5,14,8,25,8,25,-,-,-,-,-,-
27216006300006300_大阪府河内長野市松ケ丘東町,27216,大阪府,河内長野市,松ケ丘東町,27,228,27,228,13,64,14,164,14,164,-,-,-,-,-,-
27216006400006400_大阪府河内長野市三日市町,27216,大阪府,河内長野市,三日市町,102,807,101,803,42,154,59,649,48,503,11,146,-,-,1,4
27216006500006500_大阪府河内長野市緑ケ丘北町,27216,大阪府,河内長野市,緑ケ丘北町,9,42,9,42,1,2,8,40,8,40,-,-,-,-,-,-
27216006600006600_大阪府河内長野市緑ケ丘中町,27216,大阪府,河内長野市,緑ケ丘中町,8,52,8,52,3,15,5,37,4,21,1,16,-,-,-,-
27216006700006700_大阪府河内長野市緑ケ丘南町,27216,大阪府,河内長野市,緑ケ丘南町,4,10,4,10,-,-,4,10,4,10,-,-,-,-,-,-
27216006800006800_大阪府河内長野市南青葉台,27216,大阪府,河内長野市,南青葉台,20,106,20,106,6,8,14,98,11,27,3,71,-,-,-,-
27216006900006900_大阪府河内長野市南貴望ケ丘,27216,大阪府,河内長野市,南貴望ケ丘,20,98,20,98,9,68,11,30,11,30,-,-,-,-,-,-
27216007000007000_大阪府河内長野市向野町,27216,大阪府,河内長野市,向野町,34,201,34,201,16,57,18,144,17,142,1,2,-,-,-,-
27216007100007100_大阪府河内長野市寿町,27216,大阪府,河内長野市,寿町,50,721,50,721,9,25,41,696,40,642,1,54,-,-,-,-
27216007200007200_大阪府河内長野市昭栄町,27216,大阪府,河内長野市,昭栄町,58,614,55,520,25,74,29,438,23,376,6,62,1,8,3,94
27216007300007300_大阪府河内長野市西之山町,27216,大阪府,河内長野市,西之山町,122,"1,195",121,"1,039",50,182,69,851,62,618,7,233,2,6,1,156
27216007400007400_大阪府河内長野市清見台１丁目,27216,大阪府,河内長野市,清見台１丁目,16,82,16,82,9,25,7,57,5,41,2,16,-,-,-,-
27216007400007500_大阪府河内長野市清見台２丁目,27216,大阪府,河内長野市,清見台２丁目,6,9,6,9,1,1,5,8,4,7,1,1,-,-,-,-
27216007400007600_大阪府河内長野市清見台３丁目,27216,大阪府,河内長野市,清見台３丁目,3,3,3,3,1,1,2,2,2,2,-,-,-,-,-,-
27216007400007700_大阪府河内長野市清見台４丁目,27216,大阪府,河内長野市,清見台４丁目,7,48,4,10,1,1,3,9,3,9,-,-,-,-,3,38
27216007400007800_大阪府河内長野市清見台５丁目,27216,大阪府,河内長野市,清見台５丁目,6,25,6,25,2,2,4,23,3,6,1,17,-,-,-,-
27216007900007900_大阪府河内長野市旭ケ丘,27216,大阪府,河内長野市,旭ケ丘,12,92,12,92,4,8,8,84,7,27,1,57,-,-,-,-
27216008000008000_大阪府河内長野市大矢船北町,27216,大阪府,河内長野市,大矢船北町,9,46,9,46,5,15,4,31,3,10,1,21,-,-,-,-
27216008100008100_大阪府河内長野市大矢船中町,27216,大阪府,河内長野市,大矢船中町,26,92,26,92,14,45,12,47,10,33,2,14,-,-,-,-
27216008200008200_大阪府河内長野市大矢船西町,27216,大阪府,河内長野市,大矢船西町,4,5,4,5,-,-,4,5,4,5,-,-,-,-,-,-
27216008300008300_大阪府河内長野市大矢船南町,27216,大阪府,河内長野市,大矢船南町,14,71,14,71,5,9,9,62,8,60,1,2,-,-,-,-
27216008400008400_大阪府河内長野市荘園町,27216,大阪府,河内長野市,荘園町,17,78,17,78,9,23,8,55,8,55,-,-,-,-,-,-
27216008500008500_大阪府河内長野市南ケ丘,27216,大阪府,河内長野市,南ケ丘,10,60,10,60,3,4,7,56,7,56,-,-,-,-,-,-
27216008600008600_大阪府河内長野市あかしあ台１丁目,27216,大阪府,河内長野市,あかしあ台１丁目,11,60,11,60,9,27,2,33,1,4,1,29,-,-,-,-
27216008600008700_大阪府河内長野市あかしあ台２丁目,27216,大阪府,河内長野市,あかしあ台２丁目,4,138,4,138,-,-,4,138,-,-,4,138,-,-,-,-
27216008800008800_大阪府河内長野市桐ケ丘,27216,大阪府,河内長野市,桐ケ丘,7,16,7,16,6,7,1,9,1,9,-,-,-,-,-,-
27216008900008900_大阪府河内長野市自由ケ丘,27216,大阪府,河内長野市,自由ケ丘,3,5,3,5,1,2,2,3,2,3,-,-,-,-,-,-
27216009000009000_大阪府河内長野市美加の台１丁目,27216,大阪府,河内長野市,美加の台１丁目,22,163,22,163,7,37,14,126,10,95,4,31,1,-,-,-
27216009000009100_大阪府河内長野市美加の台２丁目,27216,大阪府,河内長野市,美加の台２丁目,11,44,11,44,4,6,7,38,4,12,3,26,-,-,-,-
27216009000009200_大阪府河内長野市美加の台３丁目,27216,大阪府,河内長野市,美加の台３丁目,8,44,5,7,2,3,3,4,3,4,-,-,-,-,3,37
27216009000009300_大阪府河内長野市美加の台４丁目,27216,大阪府,河内長野市,美加の台４丁目,-,-,-,-,-,-,-,-,-,-,-,-,-,-,-,-
27216009000009400_大阪府河内長野市美加の台５丁目,27216,大阪府,河内長野市,美加の台５丁目,5,6,5,6,2,2,3,4,3,4,-,-,-,-,-,-
27216009000009500_大阪府河内長野市美加の台６丁目,27216,大阪府,河内長野市,美加の台６丁目,6,11,6,11,3,5,3,6,3,6,-,-,-,-,-,-
27216009000009600_大阪府河内長野市美加の台７丁目,27216,大阪府,河内長野市,美加の台７丁目,10,48,9,29,2,7,7,22,7,22,-,-,-,-,1,19
27216009700009700_大阪府河内長野市中片添町,27216,大阪府,河内長野市,中片添町,24,135,24,135,8,28,16,107,13,94,3,13,-,-,-,-
27216009800009800_大阪府河内長野市西片添町,27216,大阪府,河内長野市,西片添町,13,313,13,313,4,9,9,304,8,285,1,19,-,-,-,-
27216009900009900_大阪府河内長野市東片添町,27216,大阪府,河内長野市,東片添町,5,84,5,84,2,8,3,76,3,76,-,-,-,-,-,-
27216010000010000_大阪府河内長野市木戸東町,27216,大阪府,河内長野市,木戸東町,10,"1,069",9,961,-,-,9,961,3,14,6,947,-,-,1,108
27216010100010100_大阪府河内長野市上原西町,27216,大阪府,河内長野市,上原西町,57,"1,007",56,"1,006",11,34,44,971,43,970,1,1,1,1,1,1
27216010200010200_大阪府河内長野市木戸１丁目,27216,大阪府,河内長野市,木戸１丁目,73,549,72,531,31,107,41,424,35,325,6,99,-,-,1,18
27216010200010300_大阪府河内長野市木戸２丁目,27216,大阪府,河内長野市,木戸２丁目,27,233,27,233,10,25,17,208,14,149,3,59,-,-,-,-
27216010200010400_大阪府河内長野市木戸３丁目,27216,大阪府,河内長野市,木戸３丁目,33,159,33,159,15,35,18,124,16,78,2,46,-,-,-,-
27216010500010500_大阪府河内長野市楠ケ丘,27216,大阪府,河内長野市,楠ケ丘,20,82,20,82,13,23,7,59,6,40,1,19,-,-,-,-
27216010600010600_大阪府河内長野市木戸西町１丁目,27216,大阪府,河内長野市,木戸西町１丁目,31,562,29,555,13,49,16,506,16,506,-,-,-,-,2,7
27216010600010700_大阪府河内長野市木戸西町２丁目,27216,大阪府,河内長野市,木戸西町２丁目,60,586,60,586,26,113,34,473,29,404,5,69,-,-,-,-
27216010600010800_大阪府河内長野市木戸西町３丁目,27216,大阪府,河内長野市,木戸西町３丁目,37,190,37,190,23,79,14,111,12,77,2,34,-,-,-,-
27216999999999999_大阪府河内長野市その他,27216,大阪府,河内長野市,その他,-,-,-,-,-,-,-,-,-,-,-,-,-,-,-,-
27217_大阪府松原市,27217,大阪府,松原市,,"4,438","40,756","4,362","38,481","1,694","5,013","2,655","33,423","2,337","27,395",318,"6,028",13,45,76,"2,275"
27217015500015500_大阪府松原市一津屋１丁目,27217,大阪府,松原市,一津屋１丁目,29,138,26,101,15,24,11,77,8,62,3,15,-,-,3,37
27217015500015600_大阪府松原市一津屋２丁目,27217,大阪府,松原市,一津屋２丁目,8,77,7,50,-,-,7,50,7,50,-,-,-,-,1,27
27217015500015700_大阪府松原市一津屋３丁目,27217,大阪府,松原市,一津屋３丁目,24,416,22,386,6,18,16,368,16,368,-,-,-,-,2,30
27217015500015800_大阪府松原市一津屋４丁目,27217,大阪府,松原市,一津屋４丁目,32,181,32,181,18,43,14,138,12,93,2,45,-,-,-,-
27217015500015900_大阪府松原市一津屋５丁目,27217,大阪府,松原市,一津屋５丁目,25,73,25,73,18,43,7,30,6,29,1,1,-,-,-,-
27217015500016000_大阪府松原市一津屋６丁目,27217,大阪府,松原市,一津屋６丁目,15,146,15,146,3,8,12,138,11,84,1,54,-,-,-,-
27217012800012800_大阪府松原市三宅西１丁目,27217,大阪府,松原市,三宅西１丁目,19,804,19,804,1,2,18,802,14,391,4,411,-,-,-,-
27217012800012900_大阪府松原市三宅西２丁目,27217,大阪府,松原市,三宅西２丁目,17,233,16,200,7,12,9,188,8,141,1,47,-,-,1,33
27217012800013000_大阪府松原市三宅西３丁目,27217,大阪府,松原市,三宅西３丁目,9,165,9,165,3,18,6,147,6,147,-,-,-,-,-,-
27217012800013100_大阪府松原市三宅西４丁目,27217,大阪府,松原市,三宅西４丁目,28,526,28,526,2,7,26,519,25,516,1,3,-,-,-,-
27217012800013200_大阪府松原市三宅西５丁目,27217,大阪府,松原市,三宅西５丁目,17,403,17,403,3,4,14,399,13,392,1,7,-,-,-,-
27217012800013300_大阪府松原市三宅西６丁目,27217,大阪府,松原市,三宅西６丁目,1,46,1,46,-,-,1,46,1,46,-,-,-,-,-,-
27217012800013400_大阪府松原市三宅西７丁目,27217,大阪府,松原市,三宅西７丁目,1,10,1,10,-,-,1,10,1,10,-,-,-,-,-,-
27217012000012000_大阪府松原市三宅中１丁目,27217,大阪府,松原市,三宅中１丁目,22,251,22,251,4,30,18,221,18,221,-,-,-,-,-,-
27217012000012100_大阪府松原市三宅中２丁目,27217,大阪府,松原市,三宅中２丁目,30,171,28,136,10,22,18,114,18,114,-,-,-,-,2,35
27217012000012200_大阪府松原市三宅中３丁目,27217,大阪府,松原市,三宅中３丁目,26,132,24,121,13,35,11,86,9,61,2,25,-,-,2,11
27217012000012300_大阪府松原市三宅中４丁目,27217,大阪府,松原市,三宅中４丁目,38,154,38,154,16,23,22,131,20,127,2,4,-,-,-,-
27217012000012400_大阪府松原市三宅中５丁目,27217,大阪府,松原市,三宅中５丁目,25,88,25,88,7,24,18,64,14,56,4,8,-,-,-,-
27217012000012500_大阪府松原市三宅中６丁目,27217,大阪府,松原市,三宅中６丁目,51,582,51,582,9,14,42,568,41,559,1,9,-,-,-,-
27217012000012600_大阪府松原市三宅中７丁目,27217,大阪府,松原市,三宅中７丁目,51,492,51,492,10,39,41,453,41,453,-,-,-,-,-,-
27217012000012700_大阪府松原市三宅中８丁目,27217,大阪府,松原市,三宅中８丁目,27,408,27,408,4,17,23,391,23,391,-,-,-,-,-,-
27217013500013500_大阪府松原市三宅東１丁目,27217,大阪府,松原市,三宅東１丁目,15,129,15,129,4,7,11,122,10,92,1,30,-,-,-,-
27217013500013600_大阪府松原市三宅東２丁目,27217,大阪府,松原市,三宅東２丁目,2,"1,610",2,"1,610",-,-,2,"1,610",2,"1,610",-,-,-,-,-,-
27217013500013700_大阪府松原市三宅東３丁目,27217,大阪府,松原市,三宅東３丁目,7,206,6,109,1,2,5,107,5,107,-,-,-,-,1,97
27217013500013800_大阪府松原市三宅東４丁目,27217,大阪府,松原市,三宅東４丁目,11,150,11,150,1,3,10,147,9,136,1,11,-,-,-,-
27217013500013900_大阪府松原市三宅東５丁目,27217,大阪府,松原市,三宅東５丁目,10,72,10,72,2,15,8,57,8,57,-,-,-,-,-,-
27217013500014000_大阪府松原市三宅東６丁目,27217,大阪府,松原市,三宅東６丁目,7,55,7,55,1,6,6,49,6,49,-,-,-,-,-,-
27217013500014100_大阪府松原市三宅東７丁目,27217,大阪府,松原市,三宅東７丁目,4,31,4,31,-,-,4,31,3,28,1,3,-,-,-,-
27217000100000100_大阪府松原市阿保１丁目,27217,大阪府,松原市,阿保１丁目,65,"1,357",50,420,14,37,29,374,19,254,10,120,7,9,15,937
27217000100000200_大阪府松原市阿保２丁目,27217,大阪府,松原市,阿保２丁目,44,430,44,430,16,70,28,360,24,318,4,42,-,-,-,-
27217000100000300_大阪府松原市阿保３丁目,27217,大阪府,松原市,阿保３丁目,73,737,73,737,26,90,47,647,25,274,22,373,-,-,-,-
27217000100000400_大阪府松原市阿保４丁目,27217,大阪府,松原市,阿保４丁目,44,281,44,281,23,65,21,216,20,216,1,-,-,-,-,-
27217000100000500_大阪府松原市阿保５丁目,27217,大阪府,松原市,阿保５丁目,52,262,52,262,25,43,27,219,22,207,5,12,-,-,-,-
27217000100000600_大阪府松原市阿保６丁目,27217,大阪府,松原市,阿保６丁目,31,184,31,184,12,58,19,126,16,121,3,5,-,-,-,-
27217000100000700_大阪府松原市阿保７丁目,27217,大阪府,松原市,阿保７丁目,6,25,6,25,1,1,5,24,5,24,-,-,-,-,-,-
27217005400005400_大阪府松原市岡１丁目,27217,大阪府,松原市,岡１丁目,10,185,9,143,-,-,9,143,7,76,2,67,-,-,1,42
27217005400005500_大阪府松原市岡２丁目,27217,大阪府,松原市,岡２丁目,40,209,39,174,18,65,21,109,12,46,9,63,-,-,1,35
27217005400005600_大阪府松原市岡３丁目,27217,大阪府,松原市,岡３丁目,35,295,35,295,15,44,20,251,19,250,1,1,-,-,-,-
27217005400005700_大阪府松原市岡４丁目,27217,大阪府,松原市,岡４丁目,28,236,26,198,13,31,13,167,12,164,1,3,-,-,2,38
27217005400005800_大阪府松原市岡５丁目,27217,大阪府,松原市,岡５丁目,14,68,14,68,6,41,7,24,5,22,2,2,1,3,-,-
27217005400005900_大阪府松原市岡６丁目,27217,大阪府,松原市,岡６丁目,29,356,29,356,5,20,24,336,23,326,1,10,-,-,-,-
27217005400006000_大阪府松原市岡７丁目,27217,大阪府,松原市,岡７丁目,29,459,29,459,8,22,21,437,15,275,6,162,-,-,-,-
27217006100006100_大阪府松原市河合１丁目,27217,大阪府,松原市,河合１丁目,38,97,38,97,24,47,14,50,14,50,-,-,-,-,-,-
27217006100006200_大阪府松原市河合２丁目,27217,大阪府,松原市,河合２丁目,21,250,19,223,8,18,11,205,10,57,1,148,-,-,2,27
27217006100006300_大阪府松原市河合３丁目,27217,大阪府,松原市,河合３丁目,13,30,13,30,7,13,6,17,5,16,1,1,-,-,-,-
27217006100006400_大阪府松原市河合４丁目,27217,大阪府,松原市,河合４丁目,5,59,5,59,-,-,5,59,5,59,-,-,-,-,-,-
27217006100006500_大阪府松原市河合５丁目,27217,大阪府,松原市,河合５丁目,12,165,12,165,1,3,11,162,10,152,1,10,-,-,-,-
27217006100006600_大阪府松原市河合６丁目,27217,大阪府,松原市,河合６丁目,8,99,8,99,2,6,6,93,6,93,-,-,-,-,-,-
27217008600008600_大阪府松原市高見の里１丁目,27217,大阪府,松原市,高見の里１丁目,19,95,19,95,6,25,12,62,9,34,3,28,1,8,-,-
27217008600008700_大阪府松原市高見の里２丁目,27217,大阪府,松原市,高見の里２丁目,17,85,17,85,13,48,4,37,4,37,-,-,-,-,-,-
27217008600008800_大阪府松原市高見の里３丁目,27217,大阪府,松原市,高見の里３丁目,70,268,70,268,42,99,28,169,27,167,1,2,-,-,-,-
27217008600008900_大阪府松原市高見の里４丁目,27217,大阪府,松原市,高見の里４丁目,69,511,69,511,46,161,23,350,21,308,2,42,-,-,-,-
27217008600009000_大阪府松原市高見の里５丁目,27217,大阪府,松原市,高見の里５丁目,20,121,20,121,10,22,10,99,9,95,1,4,-,-,-,-
27217008600009100_大阪府松原市高見の里６丁目,27217,大阪府,松原市,高見の里６丁目,22,106,22,106,10,16,12,90,12,90,-,-,-,-,-,-
27217007300007300_大阪府松原市柴垣１丁目,27217,大阪府,松原市,柴垣１丁目,20,71,20,71,8,24,12,47,10,37,2,10,-,-,-,-
27217007300007400_大阪府松原市柴垣２丁目,27217,大阪府,松原市,柴垣２丁目,28,210,26,173,12,33,14,140,13,126,1,14,-,-,2,37
27217017000017000_大阪府松原市若林１丁目,27217,大阪府,松原市,若林１丁目,15,61,15,61,2,2,13,59,10,55,3,4,-,-,-,-
27217017000017100_大阪府松原市若林２丁目,27217,大阪府,松原市,若林２丁目,-,-,-,-,-,-,-,-,-,-,-,-,-,-,-,-
27217014700014700_大阪府松原市小川１丁目,27217,大阪府,松原市,小川１丁目,9,38,9,38,3,4,6,34,6,34,-,-,-,-,-,-
27217014700014800_大阪府松原市小川２丁目,27217,大阪府,松原市,小川２丁目,-,-,-,-,-,-,-,-,-,-,-,-,-,-,-,-
27217014700014900_大阪府松原市小川３丁目,27217,大阪府,松原市,小川３丁目,1,8,1,8,-,-,1,8,1,8,-,-,-,-,-,-
27217014700015000_大阪府松原市小川４丁目,27217,大阪府,松原市,小川４丁目,57,208,57,208,28,68,29,140,27,138,2,2,-,-,-,-
27217014700015100_大阪府松原市小川５丁目,27217,大阪府,松原市,小川５丁目,36,227,36,227,9,29,27,198,27,198,-,-,-,-,-,-
27217014700015200_大阪府松原市小川６丁目,27217,大阪府,松原市,小川６丁目,30,159,30,159,10,26,20,133,20,133,-,-,-,-,-,-
27217011000011000_大阪府松原市松ケ丘１丁目,27217,大阪府,松原市,松ケ丘１丁目,25,315,25,315,13,48,12,267,8,83,4,184,-,-,-,-
27217011000011100_大阪府松原市松ケ丘２丁目,27217,大阪府,松原市,松ケ丘２丁目,15,39,15,39,5,7,10,32,9,31,1,1,-,-,-,-
27217011000011200_大阪府松原市松ケ丘３丁目,27217,大阪府,松原市,松ケ丘３丁目,24,290,24,290,7,47,17,243,15,198,2,45,-,-,-,-
27217011000011300_大阪府松原市松ケ丘４丁目,27217,大阪府,松原市,松ケ丘４丁目,21,107,21,107,8,16,13,91,13,91,-,-,-,-,-,-
27217004600004600_大阪府松原市上田１丁目,27217,大阪府,松原市,上田１丁目,53,527,53,527,21,118,32,409,27,374,5,35,-,-,-,-
27217004600004700_大阪府松原市上田２丁目,27217,大阪府,松原市,上田２丁目,76,674,76,674,36,111,40,563,39,548,1,15,-,-,-,-
27217004600004800_大阪府松原市上田３丁目,27217,大阪府,松原市,上田３丁目,104,"1,386",103,"1,368",36,152,66,"1,198",54,"1,041",12,157,1,18,1,18
27217004600004900_大阪府松原市上田４丁目,27217,大阪府,松原市,上田４丁目,32,322,32,322,5,15,27,307,23,215,4,92,-,-,-,-
27217004600005000_大阪府松原市上田５丁目,27217,大阪府,松原市,上田５丁目,48,164,48,164,25,61,23,103,19,61,4,42,-,-,-,-
27217004600005100_大阪府松原市上田６丁目,27217,大阪府,松原市,上田６丁目,44,830,44,830,14,53,30,777,26,675,4,102,-,-,-,-
27217004600005200_大阪府松原市上田７丁目,27217,大阪府,松原市,上田７丁目,42,162,39,135,22,47,17,88,13,74,4,14,-,-,3,27
27217004600005300_大阪府松原市上田８丁目,27217,大阪府,松原市,上田８丁目,19,382,19,382,5,20,14,362,9,134,5,228,-,-,-,-
27217007500007500_大阪府松原市新堂１丁目,27217,大阪府,松原市,新堂１丁目,34,338,32,204,8,22,24,182,20,132,4,50,-,-,2,134
27217007500007600_大阪府松原市新堂２丁目,27217,大阪府,松原市,新堂２丁目,14,97,12,63,4,7,8,56,8,56,-,-,-,-,2,34
27217007500007700_大阪府松原市新堂３丁目,27217,大阪府,松原市,新堂３丁目,33,128,33,128,12,15,21,113,18,89,3,24,-,-,-,-
27217007500007800_大阪府松原市新堂４丁目,27217,大阪府,松原市,新堂４丁目,8,150,8,150,-,-,8,150,7,136,1,14,-,-,-,-
27217007500007900_大阪府松原市新堂５丁目,27217,大阪府,松原市,新堂５丁目,16,140,13,114,6,13,7,101,5,74,2,27,-,-,3,26
27217010300010300_大阪府松原市西大塚１丁目,27217,大阪府,松原市,西大塚１丁目,49,540,49,540,13,42,36,498,34,492,2,6,-,-,-,-
27217010300010400_大阪府松原市西大塚２丁目,27217,大阪府,松原市,西大塚２丁目,17,136,16,72,6,19,10,53,9,51,1,2,-,-,1,64
27217015300015300_大阪府松原市西野々１丁目,27217,大阪府,松原市,西野々１丁目,44,241,44,241,16,35,28,206,24,139,4,67,-,-,-,-
27217015300015400_大阪府松原市西野々２丁目,27217,大阪府,松原市,西野々２丁目,28,185,28,185,14,25,14,160,12,91,2,69,-,-,-,-
27217014200014200_大阪府松原市大堀１丁目,27217,大阪府,松原市,大堀１丁目,50,906,50,906,4,15,46,891,45,889,1,2,-,-,-,-
27217014200014300_大阪府松原市大堀２丁目,27217,大阪府,松原市,大堀２丁目,29,280,29,280,6,17,23,263,22,250,1,13,-,-,-,-
27217014200014400_大阪府松原市大堀３丁目,27217,大阪府,松原市,大堀３丁目,62,373,60,337,14,29,46,308,41,272,5,36,-,-,2,36
27217014200014500_大阪府松原市大堀４丁目,27217,大阪府,松原市,大堀４丁目,3,16,3,16,-,-,3,16,3,16,-,-,-,-,-,-
27217014200014600_大阪府松原市大堀５丁目,27217,大阪府,松原市,大堀５丁目,32,210,32,210,10,40,22,170,22,170,-,-,-,-,-,-
27217009700009700_大阪府松原市丹南１丁目,27217,大阪府,松原市,丹南１丁目,21,367,21,367,4,28,17,339,17,339,-,-,-,-,-,-
27217009700009800_大阪府松原市丹南２丁目,27217,大阪府,松原市,丹南２丁目,9,71,9,71,1,12,8,59,8,59,-,-,-,-,-,-
27217009700009900_大阪府松原市丹南３丁目,27217,大阪府,松原市,丹南３丁目,27,357,27,357,2,9,25,348,24,344,1,4,-,-,-,-
27217009700010000_大阪府松原市丹南４丁目,27217,大阪府,松原市,丹南４丁目,28,277,28,277,9,25,19,252,16,131,3,121,-,-,-,-
27217009700010100_大阪府松原市丹南５丁目,27217,大阪府,松原市,丹南５丁目,22,118,22,118,8,46,14,72,14,72,-,-,-,-,-,-
27217009700010200_大阪府松原市丹南６丁目,27217,大阪府,松原市,丹南６丁目,17,229,17,229,2,5,15,224,15,224,-,-,-,-,-,-
27217003900003900_大阪府松原市天美我堂１丁目,27217,大阪府,松原市,天美我堂１丁目,30,255,30,255,8,58,22,197,22,197,-,-,-,-,-,-
27217003900004000_大阪府松原市天美我堂２丁目,27217,大阪府,松原市,天美我堂２丁目,44,404,44,404,10,47,34,357,32,346,2,11,-,-,-,-
27217003900004100_大阪府松原市天美我堂３丁目,27217,大阪府,松原市,天美我堂３丁目,28,394,26,325,5,21,21,304,21,304,-,-,-,-,2,69
27217003900004200_大阪府松原市天美我堂４丁目,27217,大阪府,松原市,天美我堂４丁目,32,224,32,224,18,54,14,170,11,144,3,26,-,-,-,-
27217003900004300_大阪府松原市天美我堂５丁目,27217,大阪府,松原市,天美我堂５丁目,24,179,24,179,13,55,11,124,11,124,-,-,-,-,-,-
27217003900004400_大阪府松原市天美我堂６丁目,27217,大阪府,松原市,天美我堂６丁目,24,142,24,142,7,15,17,127,16,114,1,13,-,-,-,-
27217003900004500_大阪府松原市天美我堂７丁目,27217,大阪府,松原市,天美我堂７丁目,38,242,38,242,8,15,30,227,28,224,2,3,-,-,-,-
27217001600001600_大阪府松原市天美西１丁目,27217,大阪府,松原市,天美西１丁目,40,150,39,147,23,79,16,68,13,62,3,6,-,-,1,3
27217001600001700_大阪府松原市天美西２丁目,27217,大阪府,松原市,天美西２丁目,15,157,15,157,7,9,8,148,7,147,1,1,-,-,-,-
27217001600001800_大阪府松原市天美西３丁目,27217,大阪府,松原市,天美西３丁目,32,142,32,142,16,25,16,117,15,115,1,2,-,-,-,-
27217001600001900_大阪府松原市天美西４丁目,27217,大阪府,松原市,天美西４丁目,17,88,17,88,10,31,7,57,7,57,-,-,-,-,-,-
27217001600002000_大阪府松原市天美西５丁目,27217,大阪府,松原市,天美西５丁目,20,177,20,177,4,11,16,166,16,166,-,-,-,-,-,-
27217001600002100_大阪府松原市天美西６丁目,27217,大阪府,松原市,天美西６丁目,4,56,2,21,1,4,1,17,1,17,-,-,-,-,2,35
27217001600002200_大阪府松原市天美西７丁目,27217,大阪府,松原市,天美西７丁目,4,105,2,87,-,-,2,87,2,87,-,-,-,-,2,18
27217001600002300_大阪府松原市天美西８丁目,27217,大阪府,松原市,天美西８丁目,-,-,-,-,-,-,-,-,-,-,-,-,-,-,-,-
27217002400002400_大阪府松原市天美東１丁目,27217,大阪府,松原市,天美東１丁目,47,229,47,229,24,47,23,182,21,163,2,19,-,-,-,-
27217002400002500_大阪府松原市天美東２丁目,27217,大阪府,松原市,天美東２丁目,24,190,24,190,10,63,14,127,13,126,1,1,-,-,-,-
27217002400002600_大阪府松原市天美東３丁目,27217,大阪府,松原市,天美東３丁目,2,54,2,54,-,-,2,54,2,54,-,-,-,-,-,-
27217002400002700_大阪府松原市天美東４丁目,27217,大阪府,松原市,天美東４丁目,8,124,6,92,-,-,6,92,6,92,-,-,-,-,2,32
27217002400002800_大阪府松原市天美東５丁目,27217,大阪府,松原市,天美東５丁目,9,477,9,477,2,4,7,473,4,27,3,446,-,-,-,-
27217002400002900_大阪府松原市天美東６丁目,27217,大阪府,松原市,天美東６丁目,23,89,23,89,14,36,9,53,8,52,1,1,-,-,-,-
27217002400003000_大阪府松原市天美東７丁目,27217,大阪府,松原市,天美東７丁目,109,"1,311",108,"1,307",50,164,58,"1,143",45,441,13,702,-,-,1,4
27217002400003100_大阪府松原市天美東８丁目,27217,大阪府,松原市,天美東８丁目,62,348,60,313,33,74,27,239,18,126,9,113,-,-,2,35
27217002400003200_大阪府松原市天美東９丁目,27217,大阪府,松原市,天美東９丁目,14,39,14,39,7,10,7,29,7,29,-,-,-,-,-,-
27217003300003300_大阪府松原市天美南１丁目,27217,大阪府,松原市,天美南１丁目,35,155,33,120,14,44,19,76,15,44,4,32,-,-,2,35
27217003300003400_大阪府松原市天美南２丁目,27217,大阪府,松原市,天美南２丁目,41,140,41,140,29,70,12,70,8,45,4,25,-,-,-,-
27217003300003500_大阪府松原市天美南３丁目,27217,大阪府,松原市,天美南３丁目,40,317,40,317,23,72,17,245,16,240,1,5,-,-,-,-
27217003300003600_大阪府松原市天美南４丁目,27217,大阪府,松原市,天美南４丁目,20,137,18,86,6,14,12,72,11,71,1,1,-,-,2,51
27217003300003700_大阪府松原市天美南５丁目,27217,大阪府,松原市,天美南５丁目,68,414,68,414,42,165,26,249,23,197,3,52,-,-,-,-
27217003300003800_大阪府松原市天美南６丁目,27217,大阪府,松原市,天美南６丁目,25,66,25,66,13,24,12,42,10,35,2,7,-,-,-,-
27217000800000800_大阪府松原市天美北１丁目,27217,大阪府,松原市,天美北１丁目,4,86,4,86,2,31,2,55,1,1,1,54,-,-,-,-
27217000800000900_大阪府松原市天美北２丁目,27217,大阪府,松原市,天美北２丁目,20,136,20,136,5,10,15,126,14,107,1,19,-,-,-,-
27217000800001000_大阪府松原市天美北３丁目,27217,大阪府,松原市,天美北３丁目,22,185,22,185,8,16,14,169,12,89,2,80,-,-,-,-
27217000800001100_大阪府松原市天美北４丁目,27217,大阪府,松原市,天美北４丁目,21,278,21,278,5,15,16,263,13,252,3,11,-,-,-,-
27217000800001200_大阪府松原市天美北５丁目,27217,大阪府,松原市,天美北５丁目,24,162,24,162,7,20,17,142,15,104,2,38,-,-,-,-
27217000800001300_大阪府松原市天美北６丁目,27217,大阪府,松原市,天美北６丁目,12,98,12,98,3,8,8,89,7,68,1,21,1,1,-,-
27217000800001400_大阪府松原市天美北７丁目,27217,大阪府,松原市,天美北７丁目,17,79,17,79,6,13,11,66,10,65,1,1,-,-,-,-
27217000800001500_大阪府松原市天美北８丁目,27217,大阪府,松原市,天美北８丁目,7,30,7,30,2,4,5,26,5,26,-,-,-,-,-,-
27217008000008000_大阪府松原市田井城１丁目,27217,大阪府,松原市,田井城１丁目,52,526,52,526,18,65,34,461,28,413,6,48,-,-,-,-
27217008000008100_大阪府松原市田井城２丁目,27217,大阪府,松原市,田井城２丁目,13,138,13,138,3,9,10,129,10,129,-,-,-,-,-,-
27217008000008200_大阪府松原市田井城３丁目,27217,大阪府,松原市,田井城３丁目,14,147,11,103,6,7,5,96,5,96,-,-,-,-,3,44
27217008000008300_大阪府松原市田井城４丁目,27217,大阪府,松原市,田井城４丁目,11,75,11,75,6,11,5,64,5,64,-,-,-,-,-,-
27217008000008400_大阪府松原市田井城５丁目,27217,大阪府,松原市,田井城５丁目,14,28,14,28,8,13,6,15,3,9,3,6,-,-,-,-
27217008000008500_大阪府松原市田井城６丁目,27217,大阪府,松原市,田井城６丁目,20,150,20,150,5,39,15,111,12,54,3,57,-,-,-,-
27217010500010500_大阪府松原市東新町１丁目,27217,大阪府,松原市,東新町１丁目,19,164,19,164,9,21,10,143,7,41,3,102,-,-,-,-
27217010500010600_大阪府松原市東新町２丁目,27217,大阪府,松原市,東新町２丁目,21,83,21,83,14,28,7,55,6,17,1,38,-,-,-,-
27217010500010700_大阪府松原市東新町３丁目,27217,大阪府,松原市,東新町３丁目,34,192,33,153,18,48,14,100,10,63,4,37,1,5,1,39
27217010500010800_大阪府松原市東新町４丁目,27217,大阪府,松原市,東新町４丁目,86,427,86,427,57,177,29,250,28,237,1,13,-,-,-,-
27217010500010900_大阪府松原市東新町５丁目,27217,大阪府,松原市,東新町５丁目,33,118,33,118,21,39,12,79,9,62,3,17,-,-,-,-
27217011400011400_大阪府松原市南新町１丁目,27217,大阪府,松原市,南新町１丁目,41,337,39,294,18,58,21,236,15,156,6,80,-,-,2,43
27217011400011500_大阪府松原市南新町２丁目,27217,大阪府,松原市,南新町２丁目,13,108,12,98,3,5,9,93,7,68,2,25,-,-,1,10
27217011400011600_大阪府松原市南新町３丁目,27217,大阪府,松原市,南新町３丁目,22,686,20,649,3,7,17,642,8,156,9,486,-,-,2,37
27217011400011700_大阪府松原市南新町４丁目,27217,大阪府,松原市,南新町４丁目,17,224,17,224,3,9,14,215,14,215,-,-,-,-,-,-
27217011400011800_大阪府松原市南新町５丁目,27217,大阪府,松原市,南新町５丁目,27,153,27,153,10,21,17,132,13,89,4,43,-,-,-,-
27217011400011900_大阪府松原市南新町６丁目,27217,大阪府,松原市,南新町６丁目,15,45,15,45,12,26,3,19,3,19,-,-,-,-,-,-
27217016100016100_大阪府松原市別所１丁目,27217,大阪府,松原市,別所１丁目,5,94,5,94,1,2,4,92,4,92,-,-,-,-,-,-
27217016100016200_大阪府松原市別所２丁目,27217,大阪府,松原市,別所２丁目,21,423,21,423,7,24,14,399,14,399,-,-,-,-,-,-
27217016100016300_大阪府松原市別所３丁目,27217,大阪府,松原市,別所３丁目,23,285,22,242,8,25,14,217,13,191,1,26,-,-,1,43
27217016100016400_大阪府松原市別所４丁目,27217,大阪府,松原市,別所４丁目,29,298,29,298,10,20,19,278,19,278,-,-,-,-,-,-
27217016100016500_大阪府松原市別所５丁目,27217,大阪府,松原市,別所５丁目,33,180,33,180,8,20,25,160,25,160,-,-,-,-,-,-
27217016100016600_大阪府松原市別所６丁目,27217,大阪府,松原市,別所６丁目,20,83,20,83,3,4,17,79,16,76,1,3,-,-,-,-
27217016100016700_大阪府松原市別所７丁目,27217,大阪府,松原市,別所７丁目,22,310,22,310,3,4,19,306,15,121,4,185,-,-,-,-
27217016100016800_大阪府松原市別所８丁目,27217,大阪府,松原市,別所８丁目,32,232,32,232,9,28,23,204,23,204,-,-,-,-,-,-
27217016100016900_大阪府松原市別所９丁目,27217,大阪府,松原市,別所９丁目,5,153,4,101,1,3,3,98,3,98,-,-,-,-,1,52
27217006700006700_大阪府松原市北新町１丁目,27217,大阪府,松原市,北新町１丁目,22,91,22,91,16,44,6,47,4,43,2,4,-,-,-,-
27217006700006800_大阪府松原市北新町２丁目,27217,大阪府,松原市,北新町２丁目,6,26,6,26,2,3,4,23,3,20,1,3,-,-,-,-
27217006700006900_大阪府松原市北新町３丁目,27217,大阪府,松原市,北新町３丁目,19,125,19,125,6,13,13,112,12,110,1,2,-,-,-,-
27217006700007000_大阪府松原市北新町４丁目,27217,大阪府,松原市,北新町４丁目,13,74,13,74,5,11,8,63,8,63,-,-,-,-,-,-
27217006700007100_大阪府松原市北新町５丁目,27217,大阪府,松原市,北新町５丁目,28,328,28,328,14,30,14,298,12,296,2,2,-,-,-,-
27217006700007200_大阪府松原市北新町６丁目,27217,大阪府,松原市,北新町６丁目,14,83,14,83,5,16,9,67,9,67,-,-,-,-,-,-
27217009200009200_大阪府松原市立部１丁目,27217,大阪府,松原市,立部１丁目,29,112,29,112,14,24,15,88,10,78,5,10,-,-,-,-
27217009200009300_大阪府松原市立部２丁目,27217,大阪府,松原市,立部２丁目,28,141,28,141,7,11,20,129,20,129,-,-,1,1,-,-
27217009200009400_大阪府松原市立部３丁目,27217,大阪府,松原市,立部３丁目,3,5,3,5,1,1,2,4,2,4,-,-,-,-,-,-
27217009200009500_大阪府松原市立部４丁目,27217,大阪府,松原市,立部４丁目,3,25,3,25,1,2,2,23,2,23,-,-,-,-,-,-
27217009200009600_大阪府松原市立部５丁目,27217,大阪府,松原市,立部５丁目,18,170,18,170,7,71,11,99,10,96,1,3,-,-,-,-
27217999999999999_大阪府松原市その他,27217,大阪府,松原市,その他,-,-,-,-,-,-,-,-,-,-,-,-,-,-,-,-
27218_大阪府大東市,27218,大阪府,大東市,,"4,264","50,407","4,208","48,082","1,357","3,838","2,838","44,223","2,533","35,888",305,"8,335",13,21,56,"2,325"
27218002600002600_大阪府大東市三箇１丁目,27218,大阪府,大東市,三箇１丁目,47,282,46,243,16,24,30,219,24,180,6,39,-,-,1,39
27218002600002700_大阪府大東市三箇２丁目,27218,大阪府,大東市,三箇２丁目,16,202,16,202,4,9,12,193,12,193,-,-,-,-,-,-
27218002600002800_大阪府大東市三箇３丁目,27218,大阪府,大東市,三箇３丁目,37,190,37,190,11,27,26,163,23,155,3,8,-,-,-,-
27218002600002900_大阪府大東市三箇４丁目,27218,大阪府,大東市,三箇４丁目,51,626,51,626,14,51,37,575,35,535,2,40,-,-,-,-
27218002600003000_大阪府大東市三箇５丁目,27218,大阪府,大東市,三箇５丁目,31,137,31,137,7,11,24,126,21,109,3,17,-,-,-,-
27218002600003100_大阪府大東市三箇６丁目,27218,大阪府,大東市,三箇６丁目,47,491,47,491,9,13,38,478,35,447,3,31,-,-,-,-
27218011000011000_大阪府大東市三住町,27218,大阪府,大東市,三住町,62,511,62,511,22,81,39,428,30,263,9,165,1,2,-,-
27218003200003200_大阪府大東市三洋町,27218,大阪府,大東市,三洋町,4,206,4,206,-,-,4,206,4,206,-,-,-,-,-,-
27218000800000800_大阪府大東市栄和町,27218,大阪府,大東市,栄和町,53,366,53,366,10,29,43,337,40,284,3,53,-,-,-,-
27218007500007500_大阪府大東市灰塚１丁目,27218,大阪府,大東市,灰塚１丁目,12,91,11,54,7,16,4,38,4,38,-,-,-,-,1,37
27218007500007600_大阪府大東市灰塚２丁目,27218,大阪府,大東市,灰塚２丁目,16,115,16,115,8,20,8,95,7,86,1,9,-,-,-,-
27218007500007700_大阪府大東市灰塚３丁目,27218,大阪府,大東市,灰塚３丁目,37,81,37,81,25,36,12,45,11,42,1,3,-,-,-,-
27218007500007800_大阪府大東市灰塚４丁目,27218,大阪府,大東市,灰塚４丁目,12,97,11,45,5,28,6,17,6,17,-,-,-,-,1,52
27218007500007900_大阪府大東市灰塚５丁目,27218,大阪府,大東市,灰塚５丁目,47,349,47,349,14,29,33,320,29,269,4,51,-,-,-,-
27218007500008000_大阪府大東市灰塚６丁目,27218,大阪府,大東市,灰塚６丁目,14,50,14,50,3,4,11,46,10,45,1,1,-,-,-,-
27218001300001300_大阪府大東市学園町,27218,大阪府,大東市,学園町,42,906,42,906,12,39,30,867,21,332,9,535,-,-,-,-
27218006800006800_大阪府大東市錦町,27218,大阪府,大東市,錦町,27,111,27,111,17,29,10,82,7,67,3,15,-,-,-,-
27218001600001600_大阪府大東市御供田１丁目,27218,大阪府,大東市,御供田１丁目,16,30,16,30,12,22,4,8,4,8,-,-,-,-,-,-
27218001600001700_大阪府大東市御供田２丁目,27218,大阪府,大東市,御供田２丁目,23,73,23,73,14,18,9,55,7,52,2,3,-,-,-,-
27218001600001800_大阪府大東市御供田３丁目,27218,大阪府,大東市,御供田３丁目,21,159,21,159,5,10,16,149,16,149,-,-,-,-,-,-
27218001600001900_大阪府大東市御供田４丁目,27218,大阪府,大東市,御供田４丁目,24,254,24,254,16,53,8,201,8,201,-,-,-,-,-,-
27218001600002000_大阪府大東市御供田５丁目,27218,大阪府,大東市,御供田５丁目,15,84,15,84,8,35,7,49,7,49,-,-,-,-,-,-
27218002100002100_大阪府大東市御領１丁目,27218,大阪府,大東市,御領１丁目,83,"1,171",83,"1,171",21,76,62,"1,095",61,"1,093",1,2,-,-,-,-
27218002100002200_大阪府大東市御領２丁目,27218,大阪府,大東市,御領２丁目,40,586,40,586,8,18,32,568,32,568,-,-,-,-,-,-
27218002100002300_大阪府大東市御領３丁目,27218,大阪府,大東市,御領３丁目,116,"1,553",116,"1,553",26,90,90,"1,463",87,"1,411",3,52,-,-,-,-
27218002100002400_大阪府大東市御領４丁目,27218,大阪府,大東市,御領４丁目,30,347,30,347,7,15,23,332,23,332,-,-,-,-,-,-
27218002500002500_大阪府大東市幸町,27218,大阪府,大東市,幸町,28,189,27,142,6,13,21,129,17,118,4,11,-,-,1,47
27218005200005300_大阪府大東市寺川１丁目,27218,大阪府,大東市,寺川１丁目,19,532,17,443,1,2,16,441,8,91,8,350,-,-,2,89
27218005200005400_大阪府大東市寺川２丁目,27218,大阪府,大東市,寺川２丁目,11,96,10,60,5,12,5,48,5,48,-,-,-,-,1,36
27218005200005500_大阪府大東市寺川３丁目,27218,大阪府,大東市,寺川３丁目,39,437,39,437,14,59,25,378,23,368,2,10,-,-,-,-
27218005200005600_大阪府大東市寺川４丁目,27218,大阪府,大東市,寺川４丁目,12,143,12,143,2,3,10,140,7,92,3,48,-,-,-,-
27218005200005700_大阪府大東市寺川５丁目,27218,大阪府,大東市,寺川５丁目,19,109,19,109,4,5,15,104,12,64,3,40,-,-,-,-
27218004200004200_大阪府大東市住道１丁目,27218,大阪府,大東市,住道１丁目,42,149,42,149,24,50,18,99,15,77,3,22,-,-,-,-
27218004200004300_大阪府大東市住道２丁目,27218,大阪府,大東市,住道２丁目,66,740,66,740,8,41,58,699,51,605,7,94,-,-,-,-
27218000400000400_大阪府大東市曙町,27218,大阪府,大東市,曙町,38,681,36,611,11,56,25,555,23,534,2,21,-,-,2,70
27218011700011700_大阪府大東市諸福１丁目,27218,大阪府,大東市,諸福１丁目,34,217,31,155,13,33,18,122,13,74,5,48,-,-,3,62
27218011700011800_大阪府大東市諸福２丁目,27218,大阪府,大東市,諸福２丁目,8,16,8,16,5,8,3,8,2,6,1,2,-,-,-,-
27218011700011900_大阪府大東市諸福３丁目,27218,大阪府,大東市,諸福３丁目,46,439,46,439,16,63,30,376,30,376,-,-,-,-,-,-
27218011700012000_大阪府大東市諸福４丁目,27218,大阪府,大東市,諸福４丁目,32,532,32,532,9,26,23,506,23,506,-,-,-,-,-,-
27218011700012100_大阪府大東市諸福５丁目,27218,大阪府,大東市,諸福５丁目,57,560,56,522,19,33,37,489,33,459,4,30,-,-,1,38
27218011700012200_大阪府大東市諸福６丁目,27218,大阪府,大東市,諸福６丁目,28,168,28,168,16,39,12,129,9,84,3,45,-,-,-,-
27218011700012300_大阪府大東市諸福７丁目,27218,大阪府,大東市,諸福７丁目,21,787,21,787,6,16,15,771,11,608,4,163,-,-,-,-
27218011700012400_大阪府大東市諸福８丁目,27218,大阪府,大東市,諸福８丁目,15,538,15,538,4,7,11,531,10,307,1,224,-,-,-,-
27218004000004000_大阪府大東市新町,27218,大阪府,大東市,新町,51,458,50,368,29,90,21,278,18,117,3,161,-,-,1,90
27218003300003300_大阪府大東市新田旭町,27218,大阪府,大東市,新田旭町,42,926,42,926,3,8,39,918,39,918,-,-,-,-,-,-
27218003500003500_大阪府大東市新田境町,27218,大阪府,大東市,新田境町,61,"1,324",61,"1,324",7,13,54,"1,311",54,"1,311",-,-,-,-,-,-
27218003700003700_大阪府大東市新田西町,27218,大阪府,大東市,新田西町,95,"1,123",95,"1,123",20,86,75,"1,037",74,"1,036",1,1,-,-,-,-
27218003600003600_大阪府大東市新田中町,27218,大阪府,大東市,新田中町,119,"1,553",119,"1,553",18,42,101,"1,511",100,"1,479",1,32,-,-,-,-
27218003800003800_大阪府大東市新田東本町,27218,大阪府,大東市,新田東本町,26,129,26,129,12,61,14,68,14,68,-,-,-,-,-,-
27218003400003400_大阪府大東市新田北町,27218,大阪府,大東市,新田北町,139,"1,995",139,"1,995",20,50,119,"1,945",119,"1,945",-,-,-,-,-,-
27218003900003900_大阪府大東市新田本町,27218,大阪府,大東市,新田本町,85,670,84,639,16,68,67,571,63,535,4,36,1,-,1,31
27218008900008900_大阪府大東市深野１丁目,27218,大阪府,大東市,深野１丁目,4,5,4,5,3,3,1,2,1,2,-,-,-,-,-,-
27218008900009000_大阪府大東市深野２丁目,27218,大阪府,大東市,深野２丁目,7,193,7,193,2,22,5,171,4,124,1,47,-,-,-,-
27218008900009100_大阪府大東市深野３丁目,27218,大阪府,大東市,深野３丁目,25,556,24,300,8,21,15,274,9,182,6,92,1,5,1,256
27218008900009200_大阪府大東市深野４丁目,27218,大阪府,大東市,深野４丁目,38,320,36,222,15,36,21,186,18,153,3,33,-,-,2,98
27218008900009300_大阪府大東市深野５丁目,27218,大阪府,大東市,深野５丁目,35,247,35,247,15,31,20,216,17,184,3,32,-,-,-,-
27218009900009900_大阪府大東市深野南町,27218,大阪府,大東市,深野南町,10,539,10,539,-,-,10,539,9,538,1,1,-,-,-,-
27218009400009400_大阪府大東市深野北１丁目,27218,大阪府,大東市,深野北１丁目,29,198,28,149,9,20,18,125,18,125,-,-,1,4,1,49
27218009400009500_大阪府大東市深野北２丁目,27218,大阪府,大東市,深野北２丁目,1,9,1,9,-,-,1,9,1,9,-,-,-,-,-,-
27218009400009600_大阪府大東市深野北３丁目,27218,大阪府,大東市,深野北３丁目,1,2,1,2,1,2,-,-,-,-,-,-,-,-,-,-
27218009400009700_大阪府大東市深野北４丁目,27218,大阪府,大東市,深野北４丁目,2,22,2,22,-,-,2,22,2,22,-,-,-,-,-,-
27218009400009800_大阪府大東市深野北５丁目,27218,大阪府,大東市,深野北５丁目,-,-,-,-,-,-,-,-,-,-,-,-,-,-,-,-
27218006900006900_大阪府大東市西楠の里町,27218,大阪府,大東市,西楠の里町,8,107,7,75,1,1,6,74,5,42,1,32,-,-,1,32
27218000100000100_大阪府大東市赤井１丁目,27218,大阪府,大東市,赤井１丁目,232,"2,209",232,"2,209",60,218,169,"1,989",158,"1,737",11,252,3,2,-,-
27218000100000200_大阪府大東市赤井２丁目,27218,大阪府,大東市,赤井２丁目,69,458,69,458,38,102,31,356,28,313,3,43,-,-,-,-
27218000100000300_大阪府大東市赤井３丁目,27218,大阪府,大東市,赤井３丁目,19,152,18,97,9,17,9,80,8,69,1,11,-,-,1,55
27218001200001200_大阪府大東市川中新町,27218,大阪府,大東市,川中新町,9,65,9,65,1,1,8,64,7,12,1,52,-,-,-,-
27218000900000900_大阪府大東市扇町,27218,大阪府,大東市,扇町,61,"1,308",61,"1,308",15,61,46,"1,247",39,"1,042",7,205,-,-,-,-
27218000600000600_大阪府大東市泉町１丁目,27218,大阪府,大東市,泉町１丁目,18,120,17,84,7,17,10,67,8,32,2,35,-,-,1,36
27218000600000700_大阪府大東市泉町２丁目,27218,大阪府,大東市,泉町２丁目,21,95,21,95,11,25,10,70,10,70,-,-,-,-,-,-
27218004400004400_大阪府大東市太子田１丁目,27218,大阪府,大東市,太子田１丁目,23,168,22,123,3,13,19,110,15,74,4,36,-,-,1,45
27218004400004500_大阪府大東市太子田２丁目,27218,大阪府,大東市,太子田２丁目,30,148,30,148,12,19,18,129,16,81,2,48,-,-,-,-
27218004400004600_大阪府大東市太子田３丁目,27218,大阪府,大東市,太子田３丁目,35,636,34,569,7,15,27,554,26,537,1,17,-,-,1,67
27218005200005200_大阪府大東市大字寺川,27218,大阪府,大東市,大字寺川,-,-,-,-,-,-,-,-,-,-,-,-,-,-,-,-
27218005800005800_大阪府大東市大字中垣内,27218,大阪府,大東市,大字中垣内,6,38,6,38,1,5,5,33,3,29,2,4,-,-,-,-
27218010000010000_大阪府大東市大字北条,27218,大阪府,大東市,大字北条,1,3,1,3,-,-,1,3,-,-,1,3,-,-,-,-
27218007000007000_大阪府大東市大字野崎,27218,大阪府,大東市,大字野崎,-,-,-,-,-,-,-,-,-,-,-,-,-,-,-,-
27218004700004700_大阪府大東市大字龍間,27218,大阪府,大東市,大字龍間,63,"1,215",62,"1,206",10,47,52,"1,159",37,409,15,750,-,-,1,9
27218005000005000_大阪府大東市大東町,27218,大阪府,大東市,大東町,37,258,36,222,18,53,17,167,16,142,1,25,1,2,1,36
27218001000001000_大阪府大東市大野１丁目,27218,大阪府,大東市,大野１丁目,64,451,64,451,27,61,37,390,35,384,2,6,-,-,-,-
27218001000001100_大阪府大東市大野２丁目,27218,大阪府,大東市,大野２丁目,17,886,17,886,6,14,11,872,8,84,3,788,-,-,-,-
27218004800004800_大阪府大東市谷川１丁目,27218,大阪府,大東市,谷川１丁目,23,543,14,28,4,7,8,19,7,17,1,2,2,2,9,515
27218004800004900_大阪府大東市谷川２丁目,27218,大阪府,大東市,谷川２丁目,23,792,22,754,5,15,17,739,8,64,9,675,-,-,1,38
27218005800005900_大阪府大東市中垣内１丁目,27218,大阪府,大東市,中垣内１丁目,33,755,33,755,9,18,24,737,22,729,2,8,-,-,-,-
27218005800006000_大阪府大東市中垣内２丁目,27218,大阪府,大東市,中垣内２丁目,25,92,25,92,12,40,12,52,8,37,4,15,1,-,-,-
27218005800006100_大阪府大東市中垣内３丁目,27218,大阪府,大東市,中垣内３丁目,22,"1,368",22,"1,368",5,16,16,"1,349",9,113,7,"1,236",1,3,-,-
27218005800006200_大阪府大東市中垣内４丁目,27218,大阪府,大東市,中垣内４丁目,7,83,7,83,3,6,4,77,4,77,-,-,-,-,-,-
27218005800006300_大阪府大東市中垣内５丁目,27218,大阪府,大東市,中垣内５丁目,11,140,11,140,3,35,8,105,8,105,-,-,-,-,-,-
27218005800006400_大阪府大東市中垣内６丁目,27218,大阪府,大東市,中垣内６丁目,18,213,18,213,6,33,12,180,12,180,-,-,-,-,-,-
27218005800006500_大阪府大東市中垣内７丁目,27218,大阪府,大東市,中垣内７丁目,21,815,21,815,6,17,15,798,14,798,1,-,-,-,-,-
27218006600006600_大阪府大東市中楠の里町,27218,大阪府,大東市,中楠の里町,21,86,21,86,10,27,11,59,9,26,2,33,-,-,-,-
27218005100005100_大阪府大東市津の辺町,27218,大阪府,大東市,津の辺町,29,79,29,79,10,15,19,64,16,46,3,18,-,-,-,-
27218006700006700_大阪府大東市南郷町,27218,大阪府,大東市,南郷町,24,310,23,287,7,22,16,265,15,256,1,9,-,-,1,23
27218011400011400_大阪府大東市南新田１丁目,27218,大阪府,大東市,南新田１丁目,23,"1,025",23,"1,025",1,3,22,"1,022",22,"1,022",-,-,-,-,-,-
27218011400011500_大阪府大東市南新田２丁目,27218,大阪府,大東市,南新田２丁目,11,242,11,242,-,-,11,242,11,242,-,-,-,-,-,-
27218011600011600_大阪府大東市南津の辺町,27218,大阪府,大東市,南津の辺町,76,689,76,689,31,90,45,599,42,523,3,76,-,-,-,-
27218011300011300_大阪府大東市南楠の里町,27218,大阪府,大東市,南楠の里町,12,104,12,104,6,14,6,90,5,80,1,10,-,-,-,-
27218008200008200_大阪府大東市氷野１丁目,27218,大阪府,大東市,氷野１丁目,85,359,85,359,43,108,42,251,38,187,4,64,-,-,-,-
27218008200008300_大阪府大東市氷野２丁目,27218,大阪府,大東市,氷野２丁目,45,"1,226",45,"1,226",11,28,34,"1,198",29,"1,070",5,128,-,-,-,-
27218008200008400_大阪府大東市氷野３丁目,27218,大阪府,大東市,氷野３丁目,71,780,71,780,16,56,55,724,55,724,-,-,-,-,-,-
27218008200008500_大阪府大東市氷野４丁目,27218,大阪府,大東市,氷野４丁目,31,313,31,313,7,16,24,297,24,297,-,-,-,-,-,-
27218008100008100_大阪府大東市浜町,27218,大阪府,大東市,浜町,85,682,84,651,36,115,48,536,46,511,2,25,-,-,1,31
27218008600008600_大阪府大東市平野屋１丁目,27218,大阪府,大東市,平野屋１丁目,29,133,28,127,16,42,12,85,12,85,-,-,-,-,1,6
27218008600008700_大阪府大東市平野屋２丁目,27218,大阪府,大東市,平野屋２丁目,27,345,27,345,6,44,21,301,21,301,-,-,-,-,-,-
27218008800008800_大阪府大東市平野屋新町,27218,大阪府,大東市,平野屋新町,15,275,15,275,6,10,9,265,9,265,-,-,-,-,-,-
27218010800010800_大阪府大東市朋来１丁目,27218,大阪府,大東市,朋来１丁目,7,80,6,49,-,-,6,49,5,32,1,17,-,-,1,31
27218010800010900_大阪府大東市朋来２丁目,27218,大阪府,大東市,朋来２丁目,15,101,15,101,4,11,11,90,9,34,2,56,-,-,-,-
27218010000010100_大阪府大東市北条１丁目,27218,大阪府,大東市,北条１丁目,81,447,79,409,41,106,38,303,28,171,10,132,-,-,2,38
27218010000010200_大阪府大東市北条２丁目,27218,大阪府,大東市,北条２丁目,28,145,27,110,16,25,11,85,6,32,5,53,-,-,1,35
27218010000010300_大阪府大東市北条３丁目,27218,大阪府,大東市,北条３丁目,28,280,25,222,8,13,16,208,13,168,3,40,1,1,3,58
27218010000010400_大阪府大東市北条４丁目,27218,大阪府,大東市,北条４丁目,18,121,18,121,8,17,10,104,8,38,2,66,-,-,-,-
27218010000010500_大阪府大東市北条５丁目,27218,大阪府,大東市,北条５丁目,13,106,12,98,3,3,9,95,5,18,4,77,-,-,1,8
27218010000010600_大阪府大東市北条６丁目,27218,大阪府,大東市,北条６丁目,24,187,23,150,8,11,15,139,7,39,8,100,-,-,1,37
27218010000010700_大阪府大東市北条７丁目,27218,大阪府,大東市,北条７丁目,24,141,24,141,12,22,12,119,8,77,4,42,-,-,-,-
27218001500001500_大阪府大東市北新町,27218,大阪府,大東市,北新町,9,85,9,85,4,23,5,62,4,60,1,2,-,-,-,-
27218001400001400_大阪府大東市北楠の里町,27218,大阪府,大東市,北楠の里町,47,489,47,489,25,67,22,422,21,413,1,9,-,-,-,-
27218004100004100_大阪府大東市末広町,27218,大阪府,大東市,末広町,26,416,24,328,6,35,18,293,10,81,8,212,-,-,2,88
27218000500000500_大阪府大東市明美の里町,27218,大阪府,大東市,明美の里町,51,262,51,262,33,70,18,192,16,166,2,26,-,-,-,-
27218007000007100_大阪府大東市野崎１丁目,27218,大阪府,大東市,野崎１丁目,88,599,84,530,37,120,47,410,36,268,11,142,-,-,4,69
27218007000007200_大阪府大東市野崎２丁目,27218,大阪府,大東市,野崎２丁目,18,78,18,78,3,8,15,70,10,54,5,16,-,-,-,-
27218007000007300_大阪府大東市野崎３丁目,27218,大阪府,大東市,野崎３丁目,24,261,23,231,4,21,19,210,14,119,5,91,-,-,1,30
27218007000007400_大阪府大東市野崎４丁目,27218,大阪府,大東市,野崎４丁目,49,791,48,747,10,20,38,727,34,646,4,81,-,-,1,44
27218011100011100_大阪府大東市緑が丘１丁目,27218,大阪府,大東市,緑が丘１丁目,5,14,5,14,4,7,1,7,1,7,-,-,-,-,-,-
27218011100011200_大阪府大東市緑が丘２丁目,27218,大阪府,大東市,緑が丘２丁目,21,368,21,368,4,11,17,357,17,357,-,-,-,-,-,-
27218999999999999_大阪府大東市その他,27218,大阪府,大東市,その他,-,-,-,-,-,-,-,-,-,-,-,-,-,-,-,-
27219_大阪府和泉市,27219,大阪府,和泉市,,"5,835","62,877","5,742","58,022","2,270","6,785","3,450","51,182","3,007","38,933",443,"12,249",22,55,93,"4,855"
27219001100001100_大阪府和泉市一条院町,27219,大阪府,和泉市,一条院町,18,381,17,290,6,25,11,265,9,236,2,29,-,-,1,91
27219012700012700_大阪府和泉市三林町,27219,大阪府,和泉市,三林町,48,289,48,289,19,86,29,203,24,153,5,50,-,-,-,-
27219004600004600_大阪府和泉市九鬼町,27219,大阪府,和泉市,九鬼町,7,54,7,54,1,1,6,53,4,49,2,4,-,-,-,-
27219014900014900_大阪府和泉市あゆみ野１丁目,27219,大阪府,和泉市,あゆみ野１丁目,12,742,12,742,1,32,11,710,8,183,3,527,-,-,-,-
27219014900015000_大阪府和泉市あゆみ野２丁目,27219,大阪府,和泉市,あゆみ野２丁目,26,"1,795",26,"1,795",-,-,25,"1,794",21,"1,639",4,155,1,1,-,-
27219014900015100_大阪府和泉市あゆみ野３丁目,27219,大阪府,和泉市,あゆみ野３丁目,10,329,10,329,-,-,10,329,10,329,-,-,-,-,-,-
27219014900015200_大阪府和泉市あゆみ野４丁目,27219,大阪府,和泉市,あゆみ野４丁目,189,"2,402",189,"2,402",2,15,187,"2,387",187,"2,387",-,-,-,-,-,-
27219014000014000_大阪府和泉市いぶき野１丁目,27219,大阪府,和泉市,いぶき野１丁目,8,27,8,27,3,9,5,18,5,18,-,-,-,-,-,-
27219014000014100_大阪府和泉市いぶき野２丁目,27219,大阪府,和泉市,いぶき野２丁目,18,143,16,100,5,12,11,88,9,61,2,27,-,-,2,43
27219014000014200_大阪府和泉市いぶき野３丁目,27219,大阪府,和泉市,いぶき野３丁目,22,596,20,482,4,13,16,469,16,469,-,-,-,-,2,114
27219014000014300_大阪府和泉市いぶき野４丁目,27219,大阪府,和泉市,いぶき野４丁目,36,320,36,320,8,51,28,269,24,188,4,81,-,-,-,-
27219014000014400_大阪府和泉市いぶき野５丁目,27219,大阪府,和泉市,いぶき野５丁目,138,"2,615",134,"2,515",14,137,120,"2,378",102,"2,108",18,270,-,-,4,100
27219016100016100_大阪府和泉市テクノステージ１丁目,27219,大阪府,和泉市,テクノステージ１丁目,40,"1,215",40,"1,215",-,-,40,"1,215",39,"1,214",1,1,-,-,-,-
27219016100016200_大阪府和泉市テクノステージ２丁目,27219,大阪府,和泉市,テクノステージ２丁目,23,"1,581",22,"1,532",-,-,22,"1,532",19,"1,387",3,145,-,-,1,49
27219016100016300_大阪府和泉市テクノステージ３丁目,27219,大阪府,和泉市,テクノステージ３丁目,86,"2,305",86,"2,305",1,7,85,"2,298",81,"2,266",4,32,-,-,-,-
27219015300015300_大阪府和泉市のぞみ野１丁目,27219,大阪府,和泉市,のぞみ野１丁目,34,541,34,541,16,48,18,493,11,84,7,409,-,-,-,-
27219015300015400_大阪府和泉市のぞみ野２丁目,27219,大阪府,和泉市,のぞみ野２丁目,19,203,19,203,2,40,17,163,17,163,-,-,-,-,-,-
27219015300015500_大阪府和泉市のぞみ野３丁目,27219,大阪府,和泉市,のぞみ野３丁目,79,455,79,455,43,154,36,301,34,277,2,24,-,-,-,-
27219015600015600_大阪府和泉市はつが野１丁目,27219,大阪府,和泉市,はつが野１丁目,17,235,15,130,5,33,10,97,8,48,2,49,-,-,2,105
27219015600015700_大阪府和泉市はつが野２丁目,27219,大阪府,和泉市,はつが野２丁目,27,269,27,269,11,47,16,222,13,188,3,34,-,-,-,-
27219015600015800_大阪府和泉市はつが野３丁目,27219,大阪府,和泉市,はつが野３丁目,15,121,15,121,7,24,8,97,7,95,1,2,-,-,-,-
27219015600015840_大阪府和泉市はつが野４丁目,27219,大阪府,和泉市,はつが野４丁目,-,-,-,-,-,-,-,-,-,-,-,-,-,-,-,-
27219015600015850_大阪府和泉市はつが野５丁目,27219,大阪府,和泉市,はつが野５丁目,2,47,2,47,-,-,2,47,-,-,2,47,-,-,-,-
27219015600015860_大阪府和泉市はつが野６丁目,27219,大阪府,和泉市,はつが野６丁目,2,57,1,8,-,-,1,8,1,8,-,-,-,-,1,49
27219014500014500_大阪府和泉市まなび野,27219,大阪府,和泉市,まなび野,9,688,8,684,-,-,8,684,5,76,3,608,-,-,1,4
27219015900015900_大阪府和泉市みずき台１丁目,27219,大阪府,和泉市,みずき台１丁目,6,17,6,17,3,3,3,14,3,14,-,-,-,-,-,-
27219015900016000_大阪府和泉市みずき台２丁目,27219,大阪府,和泉市,みずき台２丁目,7,26,7,26,2,9,5,17,5,17,-,-,-,-,-,-
27219000500000500_大阪府和泉市芦部町,27219,大阪府,和泉市,芦部町,36,385,33,299,15,39,18,260,17,258,1,2,-,-,3,86
27219001200001200_大阪府和泉市井ノ口町,27219,大阪府,和泉市,井ノ口町,19,188,18,153,8,16,10,137,10,137,-,-,-,-,1,35
27219002100002100_大阪府和泉市浦田町,27219,大阪府,和泉市,浦田町,42,335,42,335,19,50,23,285,20,265,3,20,-,-,-,-
27219002200002200_大阪府和泉市王子町,27219,大阪府,和泉市,王子町,27,195,26,193,7,12,19,181,13,132,6,49,-,-,1,2
27219002200002300_大阪府和泉市王子町１丁目,27219,大阪府,和泉市,王子町１丁目,8,118,8,118,3,18,5,100,4,86,1,14,-,-,-,-
27219002200002400_大阪府和泉市王子町２丁目,27219,大阪府,和泉市,王子町２丁目,28,207,26,177,12,22,14,155,13,98,1,57,-,-,2,30
27219002200002500_大阪府和泉市王子町３丁目,27219,大阪府,和泉市,王子町３丁目,35,189,35,189,17,39,17,149,13,62,4,87,1,1,-,-
27219002700002700_大阪府和泉市岡町,27219,大阪府,和泉市,岡町,4,22,4,22,3,12,1,10,1,10,-,-,-,-,-,-
27219006100006100_大阪府和泉市下宮町,27219,大阪府,和泉市,下宮町,29,438,29,438,14,39,15,399,11,231,4,168,-,-,-,-
27219004700004700_大阪府和泉市葛の葉町,27219,大阪府,和泉市,葛の葉町,1,13,1,13,-,-,1,13,-,-,1,13,-,-,-,-
27219004700016500_大阪府和泉市葛の葉町１丁目,27219,大阪府,和泉市,葛の葉町１丁目,37,147,37,147,14,29,23,118,21,113,2,5,-,-,-,-
27219004700016600_大阪府和泉市葛の葉町２丁目,27219,大阪府,和泉市,葛の葉町２丁目,19,127,19,127,9,15,10,112,9,111,1,1,-,-,-,-
27219004700016700_大阪府和泉市葛の葉町３丁目,27219,大阪府,和泉市,葛の葉町３丁目,34,539,33,476,8,16,25,460,24,262,1,198,-,-,1,63
27219004400004400_大阪府和泉市観音寺町,27219,大阪府,和泉市,観音寺町,117,783,117,783,48,132,67,648,63,635,4,13,2,3,-,-
27219009400009400_大阪府和泉市久井町,27219,大阪府,和泉市,久井町,49,418,48,417,27,75,21,342,18,142,3,200,-,-,1,1
27219005400005400_大阪府和泉市桑原町,27219,大阪府,和泉市,桑原町,43,254,43,254,19,54,24,200,22,192,2,8,-,-,-,-
27219005500005500_大阪府和泉市光明台１丁目,27219,大阪府,和泉市,光明台１丁目,24,298,22,197,6,8,16,189,16,189,-,-,-,-,2,101
27219005500005600_大阪府和泉市光明台２丁目,27219,大阪府,和泉市,光明台２丁目,11,37,11,37,3,5,8,32,8,32,-,-,-,-,-,-
27219005500005700_大阪府和泉市光明台３丁目,27219,大阪府,和泉市,光明台３丁目,25,285,23,248,8,46,15,202,11,81,4,121,-,-,2,37
27219014600014600_大阪府和泉市幸１丁目,27219,大阪府,和泉市,幸１丁目,46,105,45,85,43,78,2,7,2,7,-,-,-,-,1,20
27219014600014700_大阪府和泉市幸２丁目,27219,大阪府,和泉市,幸２丁目,80,505,79,477,57,120,22,357,14,206,8,151,-,-,1,28
27219014600014800_大阪府和泉市幸３丁目,27219,大阪府,和泉市,幸３丁目,23,131,21,120,11,35,8,78,6,76,2,2,2,7,2,11
27219005800005800_大阪府和泉市国分町,27219,大阪府,和泉市,国分町,45,424,45,424,13,38,32,386,26,368,6,18,-,-,-,-
27219004800004800_大阪府和泉市黒石町,27219,大阪府,和泉市,黒石町,22,269,22,269,8,34,14,235,13,149,1,86,-,-,-,-
27219004900004900_大阪府和泉市黒鳥町,27219,大阪府,和泉市,黒鳥町,4,13,4,13,2,4,2,9,2,9,-,-,-,-,-,-
27219004900005000_大阪府和泉市黒鳥町１丁目,27219,大阪府,和泉市,黒鳥町１丁目,28,384,27,346,8,12,19,334,16,282,3,52,-,-,1,38
27219004900005100_大阪府和泉市黒鳥町２丁目,27219,大阪府,和泉市,黒鳥町２丁目,15,51,15,51,8,24,7,27,7,27,-,-,-,-,-,-
27219004900005200_大阪府和泉市黒鳥町３丁目,27219,大阪府,和泉市,黒鳥町３丁目,48,351,47,350,11,27,34,321,34,321,-,-,2,2,1,1
27219004900005300_大阪府和泉市黒鳥町４丁目,27219,大阪府,和泉市,黒鳥町４丁目,5,8,5,8,4,6,1,2,1,2,-,-,-,-,-,-
27219001300001300_大阪府和泉市今福町,27219,大阪府,和泉市,今福町,-,-,-,-,-,-,-,-,-,-,-,-,-,-,-,-
27219001300001400_大阪府和泉市今福町１丁目,27219,大阪府,和泉市,今福町１丁目,14,257,14,257,8,15,6,242,5,39,1,203,-,-,-,-
27219001300001500_大阪府和泉市今福町２丁目,27219,大阪府,和泉市,今福町２丁目,1,30,1,30,-,-,1,30,-,-,1,30,-,-,-,-
27219005900005900_大阪府和泉市阪本町,27219,大阪府,和泉市,阪本町,83,515,83,515,29,68,54,447,51,440,3,7,-,-,-,-
27219007300007400_大阪府和泉市寺田町１丁目,27219,大阪府,和泉市,寺田町１丁目,26,547,26,547,11,30,15,517,12,500,3,17,-,-,-,-
27219007300007500_大阪府和泉市寺田町２丁目,27219,大阪府,和泉市,寺田町２丁目,22,265,22,265,11,54,11,211,9,148,2,63,-,-,-,-
27219007300007600_大阪府和泉市寺田町３丁目,27219,大阪府,和泉市,寺田町３丁目,26,97,26,97,16,36,10,61,10,61,-,-,-,-,-,-
27219007000007000_大阪府和泉市寺門町,27219,大阪府,和泉市,寺門町,3,27,3,27,1,4,2,23,2,23,-,-,-,-,-,-
27219007000007100_大阪府和泉市寺門町１丁目,27219,大阪府,和泉市,寺門町１丁目,35,248,34,196,16,58,18,138,17,117,1,21,-,-,1,52
27219007000007200_大阪府和泉市寺門町２丁目,27219,大阪府,和泉市,寺門町２丁目,4,41,4,41,1,1,3,40,1,4,2,36,-,-,-,-
27219012800012800_大阪府和泉市室堂町,27219,大阪府,和泉市,室堂町,198,"3,216",198,"3,216",63,211,135,"3,005",128,"1,611",7,"1,394",-,-,-,-
27219013400013400_大阪府和泉市若樫町,27219,大阪府,和泉市,若樫町,27,256,27,256,9,22,18,234,15,160,3,74,-,-,-,-
27219008800008800_大阪府和泉市春木川町,27219,大阪府,和泉市,春木川町,16,87,16,87,5,29,11,58,9,55,2,3,-,-,-,-
27219008900008900_大阪府和泉市春木町,27219,大阪府,和泉市,春木町,52,364,52,364,22,61,30,303,27,293,3,10,-,-,-,-
27219002800002800_大阪府和泉市小田町,27219,大阪府,和泉市,小田町,8,91,8,91,2,21,6,70,6,70,-,-,-,-,-,-
27219002800002900_大阪府和泉市小田町１丁目,27219,大阪府,和泉市,小田町１丁目,22,300,22,300,6,19,16,281,16,281,-,-,-,-,-,-
27219002800003000_大阪府和泉市小田町２丁目,27219,大阪府,和泉市,小田町２丁目,43,320,43,320,20,53,23,267,19,203,4,64,-,-,-,-
27219002800003100_大阪府和泉市小田町３丁目,27219,大阪府,和泉市,小田町３丁目,16,342,16,342,5,30,11,312,9,289,2,23,-,-,-,-
27219003600003600_大阪府和泉市小野町,27219,大阪府,和泉市,小野町,3,104,2,98,1,2,1,96,1,96,-,-,-,-,1,6
27219003500003500_大阪府和泉市小野田町,27219,大阪府,和泉市,小野田町,27,149,27,149,11,50,16,99,14,97,2,2,-,-,-,-
27219011500011500_大阪府和泉市松尾寺町,27219,大阪府,和泉市,松尾寺町,37,483,36,482,8,34,28,448,19,164,9,284,-,-,1,1
27219001600001600_大阪府和泉市上代町,27219,大阪府,和泉市,上代町,59,481,57,442,20,42,35,390,27,303,8,87,2,10,2,39
27219003800003800_大阪府和泉市上町,27219,大阪府,和泉市,上町,80,740,80,740,36,100,43,640,30,346,13,294,1,-,-,-
27219000100000100_大阪府和泉市青葉台,27219,大阪府,和泉市,青葉台,-,-,-,-,-,-,-,-,-,-,-,-,-,-,-,-
27219000100000200_大阪府和泉市青葉台１丁目,27219,大阪府,和泉市,青葉台１丁目,9,20,9,20,4,5,5,15,5,15,-,-,-,-,-,-
27219000100000300_大阪府和泉市青葉台２丁目,27219,大阪府,和泉市,青葉台２丁目,33,120,33,120,20,70,13,50,12,44,1,6,-,-,-,-
27219000100000400_大阪府和泉市青葉台３丁目,27219,大阪府,和泉市,青葉台３丁目,12,53,12,53,7,18,5,35,5,35,-,-,-,-,-,-
27219006200006200_大阪府和泉市善正町,27219,大阪府,和泉市,善正町,14,181,14,181,4,13,10,168,9,167,1,1,-,-,-,-
27219006300006300_大阪府和泉市太町,27219,大阪府,和泉市,太町,148,816,148,816,99,255,49,561,42,480,7,81,-,-,-,-
27219002600002600_大阪府和泉市大野町,27219,大阪府,和泉市,大野町,25,314,25,314,5,14,20,300,17,286,3,14,-,-,-,-
27219003700003700_大阪府和泉市鍛治屋町,27219,大阪府,和泉市,鍛治屋町,25,314,24,254,8,18,16,236,15,234,1,2,-,-,1,60
27219000600000600_大阪府和泉市池上町,27219,大阪府,和泉市,池上町,20,119,20,119,12,34,8,85,8,85,-,-,-,-,-,-
27219000600000700_大阪府和泉市池上町１丁目,27219,大阪府,和泉市,池上町１丁目,36,202,36,202,22,87,14,115,12,90,2,25,-,-,-,-
27219000600000800_大阪府和泉市池上町２丁目,27219,大阪府,和泉市,池上町２丁目,18,339,17,170,7,11,10,159,7,151,3,8,-,-,1,169
27219000600000850_大阪府和泉市池上町３丁目,27219,大阪府,和泉市,池上町３丁目,46,310,45,284,20,33,25,251,18,94,7,157,-,-,1,26
27219000600000900_大阪府和泉市池上町４丁目,27219,大阪府,和泉市,池上町４丁目,29,274,28,272,9,25,19,247,18,227,1,20,-,-,1,2
27219001000001000_大阪府和泉市池田下町,27219,大阪府,和泉市,池田下町,228,"1,966",226,"1,889",90,270,136,"1,619",119,"1,455",17,164,-,-,2,77
27219006500006500_大阪府和泉市坪井町,27219,大阪府,和泉市,坪井町,28,192,28,192,12,32,16,160,14,155,2,5,-,-,-,-
27219006600006600_大阪府和泉市鶴山台１丁目,27219,大阪府,和泉市,鶴山台１丁目,32,270,30,179,9,25,21,154,15,66,6,88,-,-,2,91
27219006600006700_大阪府和泉市鶴山台２丁目,27219,大阪府,和泉市,鶴山台２丁目,35,326,34,304,21,54,13,250,8,124,5,126,-,-,1,22
27219006600006800_大阪府和泉市鶴山台３丁目,27219,大阪府,和泉市,鶴山台３丁目,11,82,11,82,3,4,8,78,5,27,3,51,-,-,-,-
27219006600006900_大阪府和泉市鶴山台４丁目,27219,大阪府,和泉市,鶴山台４丁目,7,38,6,13,2,2,4,11,4,11,-,-,-,-,1,25
27219003900003900_大阪府和泉市唐国町,27219,大阪府,和泉市,唐国町,1,7,1,7,-,-,1,7,1,7,-,-,-,-,-,-
27219003900004000_大阪府和泉市唐国町１丁目,27219,大阪府,和泉市,唐国町１丁目,87,515,87,515,49,138,38,377,37,366,1,11,-,-,-,-
27219003900004100_大阪府和泉市唐国町２丁目,27219,大阪府,和泉市,唐国町２丁目,40,345,40,345,15,74,25,271,23,262,2,9,-,-,-,-
27219003900004200_大阪府和泉市唐国町３丁目,27219,大阪府,和泉市,唐国町３丁目,37,373,36,315,8,36,28,279,27,277,1,2,-,-,1,58
27219003900004300_大阪府和泉市唐国町４丁目,27219,大阪府,和泉市,唐国町４丁目,10,115,10,115,1,2,9,113,5,29,4,84,-,-,-,-
27219009100009100_大阪府和泉市東阪本町,27219,大阪府,和泉市,東阪本町,18,57,18,57,9,26,9,31,9,31,-,-,-,-,-,-
27219001700016400_大阪府和泉市内田町,27219,大阪府,和泉市,内田町,1,13,1,13,-,-,1,13,1,13,-,-,-,-,-,-
27219001700001700_大阪府和泉市内田町１丁目,27219,大阪府,和泉市,内田町１丁目,26,197,26,197,17,31,9,166,9,166,-,-,-,-,-,-
27219001700001800_大阪府和泉市内田町２丁目,27219,大阪府,和泉市,内田町２丁目,34,136,34,136,19,58,15,78,15,78,-,-,-,-,-,-
27219001700001900_大阪府和泉市内田町３丁目,27219,大阪府,和泉市,内田町３丁目,36,231,35,220,14,24,21,196,14,125,7,71,-,-,1,11
27219001700002000_大阪府和泉市内田町４丁目,27219,大阪府,和泉市,内田町４丁目,15,80,15,80,9,26,6,54,6,54,-,-,-,-,-,-
27219007900007900_大阪府和泉市南面利町,27219,大阪府,和泉市,南面利町,9,75,9,75,3,7,6,68,4,54,2,14,-,-,-,-
27219008000008000_大阪府和泉市納花町,27219,大阪府,和泉市,納花町,42,443,41,409,15,55,26,354,26,354,-,-,-,-,1,34
27219008100008100_大阪府和泉市伯太町,27219,大阪府,和泉市,伯太町,9,"1,093",8,31,4,10,4,21,1,3,3,18,-,-,1,"1,062"
27219008100008200_大阪府和泉市伯太町１丁目,27219,大阪府,和泉市,伯太町１丁目,39,359,38,299,16,39,21,257,19,255,2,2,1,3,1,60
27219008100008300_大阪府和泉市伯太町２丁目,27219,大阪府,和泉市,伯太町２丁目,60,734,56,316,27,87,28,228,27,227,1,1,1,1,4,418
27219008100008400_大阪府和泉市伯太町３丁目,27219,大阪府,和泉市,伯太町３丁目,15,166,15,166,7,14,8,152,4,32,4,120,-,-,-,-
27219008100008500_大阪府和泉市伯太町４丁目,27219,大阪府,和泉市,伯太町４丁目,30,188,30,188,11,25,19,163,18,162,1,1,-,-,-,-
27219008100008600_大阪府和泉市伯太町５丁目,27219,大阪府,和泉市,伯太町５丁目,36,126,36,126,22,60,14,66,11,56,3,10,-,-,-,-
27219008100008700_大阪府和泉市伯太町６丁目,27219,大阪府,和泉市,伯太町６丁目,56,185,55,175,37,87,18,88,14,50,4,38,-,-,1,10
27219009000009000_大阪府和泉市繁和町,27219,大阪府,和泉市,繁和町,9,25,9,25,5,13,4,12,3,10,1,2,-,-,-,-
27219009200009200_大阪府和泉市肥子町１丁目,27219,大阪府,和泉市,肥子町１丁目,22,"1,166",22,"1,166",8,28,14,"1,138",11,101,3,"1,037",-,-,-,-
27219009200009300_大阪府和泉市肥子町２丁目,27219,大阪府,和泉市,肥子町２丁目,97,"1,120",97,"1,120",24,88,73,"1,032",69,929,4,103,-,-,-,-
27219003200003200_大阪府和泉市尾井町,27219,大阪府,和泉市,尾井町,11,73,11,73,3,7,8,66,7,63,1,3,-,-,-,-
27219003200003300_大阪府和泉市尾井町１丁目,27219,大阪府,和泉市,尾井町１丁目,34,148,34,148,21,70,13,78,11,48,2,30,-,-,-,-
27219003200003400_大阪府和泉市尾井町２丁目,27219,大阪府,和泉市,尾井町２丁目,17,148,16,110,9,42,7,68,4,28,3,40,-,-,1,38
27219007700007810_大阪府和泉市富秋町１丁目,27219,大阪府,和泉市,富秋町１丁目,32,280,31,159,17,50,14,109,13,107,1,2,-,-,1,121
27219007700007800_大阪府和泉市富秋町２丁目,27219,大阪府,和泉市,富秋町２丁目,36,340,35,309,13,20,22,289,22,289,-,-,-,-,1,31
27219007700007830_大阪府和泉市富秋町３丁目,27219,大阪府,和泉市,富秋町３丁目,10,62,10,62,4,16,6,46,6,46,-,-,-,-,-,-
27219010300010300_大阪府和泉市府中町,27219,大阪府,和泉市,府中町,16,146,16,146,7,29,9,117,9,117,-,-,-,-,-,-
27219010300010400_大阪府和泉市府中町１丁目,27219,大阪府,和泉市,府中町１丁目,159,"1,418",159,"1,418",83,267,73,"1,132",63,"1,035",10,97,3,19,-,-
27219010300010500_大阪府和泉市府中町２丁目,27219,大阪府,和泉市,府中町２丁目,59,"1,132",51,328,23,97,27,229,23,192,4,37,1,2,8,804
27219010300010600_大阪府和泉市府中町３丁目,27219,大阪府,和泉市,府中町３丁目,49,165,49,165,31,77,18,88,14,56,4,32,-,-,-,-
27219010300010700_大阪府和泉市府中町４丁目,27219,大阪府,和泉市,府中町４丁目,62,553,56,481,17,75,38,405,26,297,12,108,1,1,6,72
27219010300010800_大阪府和泉市府中町５丁目,27219,大阪府,和泉市,府中町５丁目,35,248,34,221,16,32,18,189,13,50,5,139,-,-,1,27
27219010300010900_大阪府和泉市府中町６丁目,27219,大阪府,和泉市,府中町６丁目,42,411,41,349,13,42,27,305,20,249,7,56,1,2,1,62
27219010300011000_大阪府和泉市府中町７丁目,27219,大阪府,和泉市,府中町７丁目,79,411,79,411,49,171,30,240,25,177,5,63,-,-,-,-
27219010300011100_大阪府和泉市府中町８丁目,27219,大阪府,和泉市,府中町８丁目,19,180,19,180,5,10,14,170,12,154,2,16,-,-,-,-
27219006400006400_大阪府和泉市父鬼町,27219,大阪府,和泉市,父鬼町,24,109,22,89,11,22,11,67,9,65,2,2,-,-,2,20
27219011300011300_大阪府和泉市舞町,27219,大阪府,和泉市,舞町,7,84,6,56,2,2,4,54,4,54,-,-,-,-,1,28
27219009700009700_大阪府和泉市伏屋町,27219,大阪府,和泉市,伏屋町,3,17,3,17,3,17,-,-,-,-,-,-,-,-,-,-
27219009700009800_大阪府和泉市伏屋町１丁目,27219,大阪府,和泉市,伏屋町１丁目,62,410,62,410,20,50,42,360,38,313,4,47,-,-,-,-
27219009700009900_大阪府和泉市伏屋町２丁目,27219,大阪府,和泉市,伏屋町２丁目,36,176,36,176,16,43,20,133,14,86,6,47,-,-,-,-
27219009700010000_大阪府和泉市伏屋町３丁目,27219,大阪府,和泉市,伏屋町３丁目,114,"1,429",114,"1,429",51,178,62,"1,250",51,536,11,714,1,1,-,-
27219009700010100_大阪府和泉市伏屋町４丁目,27219,大阪府,和泉市,伏屋町４丁目,26,177,26,177,7,13,19,164,18,158,1,6,-,-,-,-
27219009700010200_大阪府和泉市伏屋町５丁目,27219,大阪府,和泉市,伏屋町５丁目,52,761,50,607,12,31,38,576,28,428,10,148,-,-,2,154
27219009600009600_大阪府和泉市福瀬町,27219,大阪府,和泉市,福瀬町,64,350,64,350,28,78,36,272,33,229,3,43,-,-,-,-
27219011200011200_大阪府和泉市仏並町,27219,大阪府,和泉市,仏並町,60,582,56,532,21,64,34,467,29,314,5,153,1,1,4,50
27219009500009500_大阪府和泉市平井町,27219,大阪府,和泉市,平井町,44,436,43,435,18,71,25,364,20,344,5,20,-,-,1,1
27219004500004500_大阪府和泉市北田中町,27219,大阪府,和泉市,北田中町,39,316,37,294,12,28,25,266,20,227,5,39,-,-,2,22
27219011600011600_大阪府和泉市万町,27219,大阪府,和泉市,万町,78,673,77,620,32,125,45,495,39,470,6,25,-,-,1,53
27219011700011700_大阪府和泉市箕形町１丁目,27219,大阪府,和泉市,箕形町１丁目,24,100,24,100,10,32,14,68,12,55,2,13,-,-,-,-
27219011700011800_大阪府和泉市箕形町２丁目,27219,大阪府,和泉市,箕形町２丁目,16,74,16,74,4,7,12,67,11,47,1,20,-,-,-,-
27219011700011900_大阪府和泉市箕形町３丁目,27219,大阪府,和泉市,箕形町３丁目,29,134,29,134,18,47,11,87,11,87,-,-,-,-,-,-
27219011700012000_大阪府和泉市箕形町４丁目,27219,大阪府,和泉市,箕形町４丁目,31,244,31,244,16,40,15,204,14,160,1,44,-,-,-,-
27219011700012100_大阪府和泉市箕形町５丁目,27219,大阪府,和泉市,箕形町５丁目,23,183,23,183,9,27,14,156,12,106,2,50,-,-,-,-
27219011700012200_大阪府和泉市箕形町６丁目,27219,大阪府,和泉市,箕形町６丁目,20,285,20,285,11,16,9,269,7,50,2,219,-,-,-,-
27219013000013000_大阪府和泉市弥生町１丁目,27219,大阪府,和泉市,弥生町１丁目,7,28,7,28,1,1,6,27,6,27,-,-,-,-,-,-
27219013000013100_大阪府和泉市弥生町２丁目,27219,大阪府,和泉市,弥生町２丁目,30,158,30,158,11,25,19,133,17,65,2,68,-,-,-,-
27219013000013200_大阪府和泉市弥生町３丁目,27219,大阪府,和泉市,弥生町３丁目,3,13,3,13,2,10,1,3,1,3,-,-,-,-,-,-
27219013000013300_大阪府和泉市弥生町４丁目,27219,大阪府,和泉市,弥生町４丁目,4,8,4,8,1,1,3,7,3,7,-,-,-,-,-,-
27219012300012400_大阪府和泉市緑ケ丘１丁目,27219,大阪府,和泉市,緑ケ丘１丁目,14,46,14,46,6,12,8,34,6,11,2,23,-,-,-,-
27219012300012500_大阪府和泉市緑ケ丘２丁目,27219,大阪府,和泉市,緑ケ丘２丁目,11,39,11,39,3,8,8,31,6,17,2,14,-,-,-,-
27219012300012600_大阪府和泉市緑ケ丘３丁目,27219,大阪府,和泉市,緑ケ丘３丁目,6,141,4,57,2,4,2,53,1,8,1,45,-,-,2,84
27219013500013500_大阪府和泉市和気町１丁目,27219,大阪府,和泉市,和気町１丁目,66,350,66,350,34,75,32,275,29,263,3,12,-,-,-,-
27219013500013600_大阪府和泉市和気町２丁目,27219,大阪府,和泉市,和気町２丁目,42,308,42,308,21,51,21,257,18,215,3,42,-,-,-,-
27219013500013700_大阪府和泉市和気町３丁目,27219,大阪府,和泉市,和気町３丁目,23,328,23,328,9,17,14,311,12,135,2,176,-,-,-,-
27219013500013800_大阪府和泉市和気町４丁目,27219,大阪府,和泉市,和気町４丁目,28,"1,065",27,"1,008",6,30,21,978,18,209,3,769,-,-,1,57
27219013900013900_大阪府和泉市和田町,27219,大阪府,和泉市,和田町,70,483,70,483,23,45,47,438,44,428,3,10,-,-,-,-
27219011400011400_大阪府和泉市槇尾山町,27219,大阪府,和泉市,槇尾山町,8,31,8,31,4,17,3,13,-,-,3,13,1,1,-,-
27219500100062900_大阪府和泉市山荘町一丁目,27219,大阪府,和泉市,山荘町一丁目,7,50,7,50,-,-,7,50,6,36,1,14,-,-,-,-
27219500100063000_大阪府和泉市山荘町二丁目,27219,大阪府,和泉市,山荘町二丁目,7,228,7,228,-,-,7,228,5,20,2,208,-,-,-,-
27219500100063100_大阪府和泉市山荘町三丁目,27219,大阪府,和泉市,山荘町三丁目,8,29,8,29,2,4,6,25,6,25,-,-,-,-,-,-
27219999999999999_大阪府和泉市その他,27219,大阪府,和泉市,その他,-,-,-,-,-,-,-,-,-,-,-,-,-,-,-,-
27220_大阪府箕面市,27220,大阪府,箕面市,,"4,224","45,497","4,159","41,403","1,122","3,793","3,016","37,451","2,678","29,975",338,"7,476",21,159,65,"4,094"
27220012000012000_大阪府箕面市粟生外院,27220,大阪府,箕面市,粟生外院,-,-,-,-,-,-,-,-,-,-,-,-,-,-,-,-
27220012000012100_大阪府箕面市粟生外院１丁目,27220,大阪府,箕面市,粟生外院１丁目,48,352,48,352,16,66,32,286,29,247,3,39,-,-,-,-
27220012000012200_大阪府箕面市粟生外院２丁目,27220,大阪府,箕面市,粟生外院２丁目,21,117,20,109,4,30,16,79,15,74,1,5,-,-,1,8
27220012000012300_大阪府箕面市粟生外院３丁目,27220,大阪府,箕面市,粟生外院３丁目,16,65,16,65,5,12,11,53,11,53,-,-,-,-,-,-
27220012000012400_大阪府箕面市粟生外院４丁目,27220,大阪府,箕面市,粟生外院４丁目,11,35,11,35,2,2,9,33,8,13,1,20,-,-,-,-
27220012000012500_大阪府箕面市粟生外院５丁目,27220,大阪府,箕面市,粟生外院５丁目,9,191,7,45,2,3,5,42,5,42,-,-,-,-,2,146
27220012000012600_大阪府箕面市粟生外院６丁目,27220,大阪府,箕面市,粟生外院６丁目,14,89,14,89,5,13,9,76,8,26,1,50,-,-,-,-
27220010600010600_大阪府箕面市粟生間谷西１丁目,27220,大阪府,箕面市,粟生間谷西１丁目,16,151,13,82,2,8,11,74,8,40,3,34,-,-,3,69
27220010600010700_大阪府箕面市粟生間谷西２丁目,27220,大阪府,箕面市,粟生間谷西２丁目,23,217,23,217,7,36,16,181,13,157,3,24,-,-,-,-
27220010600010800_大阪府箕面市粟生間谷西３丁目,27220,大阪府,箕面市,粟生間谷西３丁目,47,380,46,371,20,81,26,290,23,209,3,81,-,-,1,9
27220010600010900_大阪府箕面市粟生間谷西４丁目,27220,大阪府,箕面市,粟生間谷西４丁目,12,86,11,30,3,4,7,26,7,26,-,-,1,-,1,56
27220010600011000_大阪府箕面市粟生間谷西５丁目,27220,大阪府,箕面市,粟生間谷西５丁目,9,339,9,339,1,1,8,338,7,337,1,1,-,-,-,-
27220010600011100_大阪府箕面市粟生間谷西６丁目,27220,大阪府,箕面市,粟生間谷西６丁目,14,306,14,306,4,11,10,295,7,44,3,251,-,-,-,-
27220010600011200_大阪府箕面市粟生間谷西７丁目,27220,大阪府,箕面市,粟生間谷西７丁目,18,88,18,88,4,10,13,77,13,77,-,-,1,1,-,-
27220011300011300_大阪府箕面市粟生間谷東１丁目,27220,大阪府,箕面市,粟生間谷東１丁目,24,345,24,345,6,21,18,324,17,233,1,91,-,-,-,-
27220011300011400_大阪府箕面市粟生間谷東２丁目,27220,大阪府,箕面市,粟生間谷東２丁目,8,24,8,24,3,9,5,15,5,15,-,-,-,-,-,-
27220011300011500_大阪府箕面市粟生間谷東３丁目,27220,大阪府,箕面市,粟生間谷東３丁目,7,18,7,18,2,2,5,16,5,16,-,-,-,-,-,-
27220011300011600_大阪府箕面市粟生間谷東５丁目,27220,大阪府,箕面市,粟生間谷東５丁目,39,136,39,136,21,48,18,88,11,24,7,64,-,-,-,-
27220011300011700_大阪府箕面市粟生間谷東６丁目,27220,大阪府,箕面市,粟生間谷東６丁目,7,24,7,24,-,-,7,24,7,24,-,-,-,-,-,-
27220011300011800_大阪府箕面市粟生間谷東７丁目,27220,大阪府,箕面市,粟生間谷東７丁目,8,27,8,27,2,5,6,22,6,22,-,-,-,-,-,-
27220011300011900_大阪府箕面市粟生間谷東８丁目,27220,大阪府,箕面市,粟生間谷東８丁目,-,-,-,-,-,-,-,-,-,-,-,-,-,-,-,-
27220012700012700_大阪府箕面市粟生新家１丁目,27220,大阪府,箕面市,粟生新家１丁目,37,215,37,215,6,18,31,197,28,176,3,21,-,-,-,-
27220012700012800_大阪府箕面市粟生新家２丁目,27220,大阪府,箕面市,粟生新家２丁目,27,188,27,188,1,2,26,186,25,176,1,10,-,-,-,-
27220012700012900_大阪府箕面市粟生新家３丁目,27220,大阪府,箕面市,粟生新家３丁目,30,282,30,282,8,14,22,268,20,239,2,29,-,-,-,-
27220012700013000_大阪府箕面市粟生新家４丁目,27220,大阪府,箕面市,粟生新家４丁目,16,202,16,202,4,17,12,185,12,185,-,-,-,-,-,-
27220012700013100_大阪府箕面市粟生新家５丁目,27220,大阪府,箕面市,粟生新家５丁目,10,75,9,28,2,4,7,24,4,8,3,16,-,-,1,47
27220000500000500_大阪府箕面市稲１丁目,27220,大阪府,箕面市,稲１丁目,38,659,37,592,9,22,28,570,25,496,3,74,-,-,1,67
27220000500000600_大阪府箕面市稲２丁目,27220,大阪府,箕面市,稲２丁目,21,149,21,149,3,9,18,140,17,138,1,2,-,-,-,-
27220000500000700_大阪府箕面市稲３丁目,27220,大阪府,箕面市,稲３丁目,10,103,10,103,1,1,9,102,8,100,1,2,-,-,-,-
27220000500000800_大阪府箕面市稲４丁目,27220,大阪府,箕面市,稲４丁目,5,66,4,16,-,-,4,16,2,11,2,5,-,-,1,50
27220000500000900_大阪府箕面市稲５丁目,27220,大阪府,箕面市,稲５丁目,33,266,33,266,8,16,25,250,21,204,4,46,-,-,-,-
27220000500001000_大阪府箕面市稲６丁目,27220,大阪府,箕面市,稲６丁目,39,757,38,683,11,22,26,653,17,205,9,448,1,8,1,74
27220009400009400_大阪府箕面市温泉町,27220,大阪府,箕面市,温泉町,5,20,5,20,1,5,4,15,3,14,1,1,-,-,-,-
27220003400003400_大阪府箕面市下止々呂美,27220,大阪府,箕面市,下止々呂美,30,493,29,490,7,37,22,453,15,182,7,271,-,-,1,3
27220001600001600_大阪府箕面市外院,27220,大阪府,箕面市,外院,-,-,-,-,-,-,-,-,-,-,-,-,-,-,-,-
27220001600001700_大阪府箕面市外院１丁目,27220,大阪府,箕面市,外院１丁目,7,41,7,41,2,4,5,37,5,37,-,-,-,-,-,-
27220001600001800_大阪府箕面市外院２丁目,27220,大阪府,箕面市,外院２丁目,31,142,31,142,7,12,24,130,22,121,2,9,-,-,-,-
27220001600001900_大阪府箕面市外院３丁目,27220,大阪府,箕面市,外院３丁目,51,222,51,222,16,40,35,182,34,174,1,8,-,-,-,-
27220010100010100_大阪府箕面市萱野１丁目,27220,大阪府,箕面市,萱野１丁目,22,272,20,171,4,17,15,151,14,132,1,19,1,3,2,101
27220010100010200_大阪府箕面市萱野２丁目,27220,大阪府,箕面市,萱野２丁目,33,313,31,236,7,11,24,225,18,183,6,42,-,-,2,77
27220010100010300_大阪府箕面市萱野３丁目,27220,大阪府,箕面市,萱野３丁目,14,80,14,80,4,21,10,59,8,53,2,6,-,-,-,-
27220010100010400_大阪府箕面市萱野４丁目,27220,大阪府,箕面市,萱野４丁目,34,511,34,511,3,6,31,505,29,498,2,7,-,-,-,-
27220010100010500_大阪府箕面市萱野５丁目,27220,大阪府,箕面市,萱野５丁目,26,"1,408",20,431,-,-,19,426,9,210,10,216,1,5,6,977
27220001100001100_大阪府箕面市今宮１丁目,27220,大阪府,箕面市,今宮１丁目,7,78,7,78,-,-,7,78,7,78,-,-,-,-,-,-
27220001100001200_大阪府箕面市今宮２丁目,27220,大阪府,箕面市,今宮２丁目,18,196,18,196,3,8,15,188,14,171,1,17,-,-,-,-
27220001100001300_大阪府箕面市今宮３丁目,27220,大阪府,箕面市,今宮３丁目,56,732,56,732,7,19,49,713,41,497,8,216,-,-,-,-
27220001100001400_大阪府箕面市今宮４丁目,27220,大阪府,箕面市,今宮４丁目,31,405,31,405,8,47,23,358,21,131,2,227,-,-,-,-
27220014400014400_大阪府箕面市彩都粟生南１丁目,27220,大阪府,箕面市,彩都粟生南１丁目,14,435,14,435,2,17,12,418,10,179,2,239,-,-,-,-
27220014400014500_大阪府箕面市彩都粟生南２丁目,27220,大阪府,箕面市,彩都粟生南２丁目,17,227,17,227,2,4,15,223,14,205,1,18,-,-,-,-
27220400100400100_大阪府箕面市彩都粟生南３丁目,27220,大阪府,箕面市,彩都粟生南３丁目,2,4,2,4,-,-,2,4,2,4,-,-,-,-,-,-
27220014400014550_大阪府箕面市彩都粟生南４丁目,27220,大阪府,箕面市,彩都粟生南４丁目,-,-,-,-,-,-,-,-,-,-,-,-,-,-,-,-
27220400200400200_大阪府箕面市彩都粟生南５丁目,27220,大阪府,箕面市,彩都粟生南５丁目,1,2,1,2,1,2,-,-,-,-,-,-,-,-,-,-
27220014400014570_大阪府箕面市彩都粟生南６丁目,27220,大阪府,箕面市,彩都粟生南６丁目,3,23,3,23,-,-,3,23,2,3,1,20,-,-,-,-
27220400300400300_大阪府箕面市彩都粟生南７丁目,27220,大阪府,箕面市,彩都粟生南７丁目,-,-,-,-,-,-,-,-,-,-,-,-,-,-,-,-
27220400400400400_大阪府箕面市彩都粟生北１丁目,27220,大阪府,箕面市,彩都粟生北１丁目,-,-,-,-,-,-,-,-,-,-,-,-,-,-,-,-
27220400400400500_大阪府箕面市彩都粟生北２丁目,27220,大阪府,箕面市,彩都粟生北２丁目,4,137,2,13,1,7,1,6,1,6,-,-,-,-,2,124
27220400400400600_大阪府箕面市彩都粟生北３丁目,27220,大阪府,箕面市,彩都粟生北３丁目,-,-,-,-,-,-,-,-,-,-,-,-,-,-,-,-
27220400400400700_大阪府箕面市彩都粟生北４丁目,27220,大阪府,箕面市,彩都粟生北４丁目,-,-,-,-,-,-,-,-,-,-,-,-,-,-,-,-
27220400400400800_大阪府箕面市彩都粟生北５丁目,27220,大阪府,箕面市,彩都粟生北５丁目,-,-,-,-,-,-,-,-,-,-,-,-,-,-,-,-
27220400400400900_大阪府箕面市彩都粟生北６丁目,27220,大阪府,箕面市,彩都粟生北６丁目,1,8,1,8,-,-,1,8,1,8,-,-,-,-,-,-
27220400400401000_大阪府箕面市彩都粟生北７丁目,27220,大阪府,箕面市,彩都粟生北７丁目,-,-,-,-,-,-,-,-,-,-,-,-,-,-,-,-
27220002000002000_大阪府箕面市桜１丁目,27220,大阪府,箕面市,桜１丁目,28,192,28,192,14,44,14,148,14,148,-,-,-,-,-,-
27220002000002100_大阪府箕面市桜２丁目,27220,大阪府,箕面市,桜２丁目,7,103,7,103,1,5,6,98,3,6,3,92,-,-,-,-
27220002000002200_大阪府箕面市桜３丁目,27220,大阪府,箕面市,桜３丁目,9,72,9,72,2,13,7,59,7,59,-,-,-,-,-,-
27220002000002300_大阪府箕面市桜４丁目,27220,大阪府,箕面市,桜４丁目,41,254,41,254,13,40,28,214,26,188,2,26,-,-,-,-
27220002000002400_大阪府箕面市桜５丁目,27220,大阪府,箕面市,桜５丁目,28,130,28,130,11,34,17,96,15,76,2,20,-,-,-,-
27220002000002500_大阪府箕面市桜６丁目,27220,大阪府,箕面市,桜６丁目,12,119,11,61,3,14,8,47,8,47,-,-,-,-,1,58
27220002900002900_大阪府箕面市桜ケ丘１丁目,27220,大阪府,箕面市,桜ケ丘１丁目,33,365,33,365,15,62,18,303,15,270,3,33,-,-,-,-
27220002900003000_大阪府箕面市桜ケ丘２丁目,27220,大阪府,箕面市,桜ケ丘２丁目,23,95,23,95,9,42,14,53,14,53,-,-,-,-,-,-
27220002900003100_大阪府箕面市桜ケ丘３丁目,27220,大阪府,箕面市,桜ケ丘３丁目,13,141,12,96,5,23,7,73,5,52,2,21,-,-,1,45
27220002900003200_大阪府箕面市桜ケ丘４丁目,27220,大阪府,箕面市,桜ケ丘４丁目,25,174,24,170,8,18,16,152,13,138,3,14,-,-,1,4
27220002900003300_大阪府箕面市桜ケ丘５丁目,27220,大阪府,箕面市,桜ケ丘５丁目,7,22,7,22,-,-,7,22,7,22,-,-,-,-,-,-
27220002600002600_大阪府箕面市桜井１丁目,27220,大阪府,箕面市,桜井１丁目,70,410,70,410,28,87,42,323,32,268,10,55,-,-,-,-
27220002600002700_大阪府箕面市桜井２丁目,27220,大阪府,箕面市,桜井２丁目,102,597,102,597,54,151,47,442,42,332,5,110,1,4,-,-
27220002600002800_大阪府箕面市桜井３丁目,27220,大阪府,箕面市,桜井３丁目,31,215,31,215,11,22,20,193,18,166,2,27,-,-,-,-
27220013200013200_大阪府箕面市小野原西１丁目,27220,大阪府,箕面市,小野原西１丁目,33,268,33,268,5,9,28,259,26,223,2,36,-,-,-,-
27220013200013300_大阪府箕面市小野原西２丁目,27220,大阪府,箕面市,小野原西２丁目,17,64,17,64,1,7,16,57,14,48,2,9,-,-,-,-
27220013200013400_大阪府箕面市小野原西３丁目,27220,大阪府,箕面市,小野原西３丁目,24,125,24,125,2,5,22,120,22,120,-,-,-,-,-,-
27220013200013500_大阪府箕面市小野原西４丁目,27220,大阪府,箕面市,小野原西４丁目,18,573,18,573,4,18,14,555,8,85,6,470,-,-,-,-
27220013200013600_大阪府箕面市小野原西５丁目,27220,大阪府,箕面市,小野原西５丁目,35,469,34,463,4,6,30,457,25,399,5,58,-,-,1,6
27220013200013700_大阪府箕面市小野原西６丁目,27220,大阪府,箕面市,小野原西６丁目,32,720,32,720,7,95,25,625,23,594,2,31,-,-,-,-
27220013800013800_大阪府箕面市小野原東１丁目,27220,大阪府,箕面市,小野原東１丁目,51,521,51,521,1,2,50,519,50,519,-,-,-,-,-,-
27220013800013900_大阪府箕面市小野原東２丁目,27220,大阪府,箕面市,小野原東２丁目,20,72,20,72,6,15,14,57,14,57,-,-,-,-,-,-
27220013800014000_大阪府箕面市小野原東３丁目,27220,大阪府,箕面市,小野原東３丁目,46,362,45,286,17,66,28,220,27,209,1,11,-,-,1,76
27220013800014100_大阪府箕面市小野原東４丁目,27220,大阪府,箕面市,小野原東４丁目,20,175,19,162,3,18,16,144,16,144,-,-,-,-,1,13
27220013800014200_大阪府箕面市小野原東５丁目,27220,大阪府,箕面市,小野原東５丁目,49,398,49,398,19,105,30,293,28,275,2,18,-,-,-,-
27220013800014300_大阪府箕面市小野原東６丁目,27220,大阪府,箕面市,小野原東６丁目,31,357,31,357,-,-,31,357,29,296,2,61,-,-,-,-
27220001500001500_大阪府箕面市上止々呂美,27220,大阪府,箕面市,上止々呂美,5,44,4,43,-,-,4,43,2,10,2,33,-,-,1,1
27220004600004600_大阪府箕面市新稲,27220,大阪府,箕面市,新稲,-,-,-,-,-,-,-,-,-,-,-,-,-,-,-,-
27220004600004700_大阪府箕面市新稲１丁目,27220,大阪府,箕面市,新稲１丁目,12,37,12,37,6,8,6,29,6,29,-,-,-,-,-,-
27220004600004800_大阪府箕面市新稲２丁目,27220,大阪府,箕面市,新稲２丁目,8,293,8,293,-,-,8,293,5,80,3,213,-,-,-,-
27220004600004900_大阪府箕面市新稲３丁目,27220,大阪府,箕面市,新稲３丁目,16,200,14,66,3,6,11,60,9,56,2,4,-,-,2,134
27220004600005000_大阪府箕面市新稲４丁目,27220,大阪府,箕面市,新稲４丁目,3,5,3,5,-,-,3,5,3,5,-,-,-,-,-,-
27220004600005100_大阪府箕面市新稲５丁目,27220,大阪府,箕面市,新稲５丁目,18,119,18,119,5,12,13,107,12,106,1,1,-,-,-,-
27220004600005200_大阪府箕面市新稲６丁目,27220,大阪府,箕面市,新稲６丁目,5,14,5,14,1,6,4,8,3,7,1,1,-,-,-,-
27220004600005300_大阪府箕面市新稲７丁目,27220,大阪府,箕面市,新稲７丁目,22,124,22,124,8,27,14,97,13,87,1,10,-,-,-,-
27220401100401200_大阪府箕面市森町西１丁目,27220,大阪府,箕面市,森町西１丁目,-,-,-,-,-,-,-,-,-,-,-,-,-,-,-,-
27220401100401300_大阪府箕面市森町西２丁目,27220,大阪府,箕面市,森町西２丁目,1,58,1,58,-,-,1,58,1,58,-,-,-,-,-,-
27220401100401400_大阪府箕面市森町西３丁目,27220,大阪府,箕面市,森町西３丁目,4,29,4,29,-,-,4,29,4,29,-,-,-,-,-,-
27220401100401500_大阪府箕面市森町西４丁目,27220,大阪府,箕面市,森町西４丁目,-,-,-,-,-,-,-,-,-,-,-,-,-,-,-,-
27220401100401600_大阪府箕面市森町西５丁目,27220,大阪府,箕面市,森町西５丁目,-,-,-,-,-,-,-,-,-,-,-,-,-,-,-,-
27220014800014800_大阪府箕面市森町中１丁目,27220,大阪府,箕面市,森町中１丁目,11,186,9,94,5,18,4,76,2,15,2,61,-,-,2,92
27220014800014900_大阪府箕面市森町中２丁目,27220,大阪府,箕面市,森町中２丁目,2,3,2,3,-,-,2,3,2,3,-,-,-,-,-,-
27220014800015000_大阪府箕面市森町中３丁目,27220,大阪府,箕面市,森町中３丁目,2,11,2,11,-,-,2,11,1,4,1,7,-,-,-,-
27220401300401300_大阪府箕面市森町南１丁目,27220,大阪府,箕面市,森町南１丁目,1,6,1,6,-,-,1,6,-,-,1,6,-,-,-,-
27220401300401400_大阪府箕面市森町南２丁目,27220,大阪府,箕面市,森町南２丁目,3,14,3,14,2,13,1,1,1,1,-,-,-,-,-,-
27220401300401500_大阪府箕面市森町南３丁目,27220,大阪府,箕面市,森町南３丁目,-,-,-,-,-,-,-,-,-,-,-,-,-,-,-,-
27220014600014600_大阪府箕面市森町北１丁目,27220,大阪府,箕面市,森町北１丁目,7,143,7,143,3,7,4,136,4,136,-,-,-,-,-,-
27220014600014700_大阪府箕面市森町北２丁目,27220,大阪府,箕面市,森町北２丁目,1,3,1,3,1,3,-,-,-,-,-,-,-,-,-,-
27220003500003500_大阪府箕面市瀬川１丁目,27220,大阪府,箕面市,瀬川１丁目,13,22,13,22,4,4,9,18,8,17,1,1,-,-,-,-
27220003500003600_大阪府箕面市瀬川２丁目,27220,大阪府,箕面市,瀬川２丁目,48,285,48,285,19,55,29,230,24,136,5,94,-,-,-,-
27220003500003700_大阪府箕面市瀬川３丁目,27220,大阪府,箕面市,瀬川３丁目,20,318,16,185,2,3,14,182,10,55,4,127,-,-,4,133
27220003500003800_大阪府箕面市瀬川４丁目,27220,大阪府,箕面市,瀬川４丁目,22,341,22,341,4,7,18,334,16,306,2,28,-,-,-,-
27220003500003900_大阪府箕面市瀬川５丁目,27220,大阪府,箕面市,瀬川５丁目,38,339,38,339,7,22,31,317,28,314,3,3,-,-,-,-
27220005900005900_大阪府箕面市西宿１丁目,27220,大阪府,箕面市,西宿１丁目,98,"1,313",98,"1,313",11,49,87,"1,264",86,"1,240",1,24,-,-,-,-
27220005900006000_大阪府箕面市西宿２丁目,27220,大阪府,箕面市,西宿２丁目,45,361,45,361,4,11,41,350,41,350,-,-,-,-,-,-
27220005900006100_大阪府箕面市西宿３丁目,27220,大阪府,箕面市,西宿３丁目,24,201,24,201,-,-,24,201,22,194,2,7,-,-,-,-
27220005400005400_大阪府箕面市西小路１丁目,27220,大阪府,箕面市,西小路１丁目,8,36,8,36,4,11,4,25,4,25,-,-,-,-,-,-
27220005400005500_大阪府箕面市西小路２丁目,27220,大阪府,箕面市,西小路２丁目,36,190,36,190,12,43,23,139,21,130,2,9,1,8,-,-
27220005400005600_大阪府箕面市西小路３丁目,27220,大阪府,箕面市,西小路３丁目,70,615,68,560,17,59,51,501,45,421,6,80,-,-,2,55
27220005400005700_大阪府箕面市西小路４丁目,27220,大阪府,箕面市,西小路４丁目,35,854,32,186,17,66,13,114,10,83,3,31,2,6,3,668
27220005400005800_大阪府箕面市西小路５丁目,27220,大阪府,箕面市,西小路５丁目,40,229,40,229,24,99,14,119,14,119,-,-,2,11,-,-
27220000200000200_大阪府箕面市石丸１丁目,27220,大阪府,箕面市,石丸１丁目,29,756,27,626,5,14,22,612,19,474,3,138,-,-,2,130
27220000200000300_大阪府箕面市石丸２丁目,27220,大阪府,箕面市,石丸２丁目,27,234,27,234,8,17,19,217,17,203,2,14,-,-,-,-
27220000200000400_大阪府箕面市石丸３丁目,27220,大阪府,箕面市,石丸３丁目,16,100,16,100,2,2,13,96,13,96,-,-,1,2,-,-
27220004000004000_大阪府箕面市船場西１丁目,27220,大阪府,箕面市,船場西１丁目,67,"1,135",65,"1,085",15,55,49,"1,029",42,769,7,260,1,1,2,50
27220004000004100_大阪府箕面市船場西２丁目,27220,大阪府,箕面市,船場西２丁目,87,"1,161",87,"1,161",21,82,66,"1,079",64,"1,018",2,61,-,-,-,-
27220004000004200_大阪府箕面市船場西３丁目,27220,大阪府,箕面市,船場西３丁目,41,350,41,350,10,47,31,303,30,294,1,9,-,-,-,-
27220004300004300_大阪府箕面市船場東１丁目,27220,大阪府,箕面市,船場東１丁目,118,"2,221",118,"2,221",5,15,113,"2,206",110,"2,188",3,18,-,-,-,-
27220004300004400_大阪府箕面市船場東２丁目,27220,大阪府,箕面市,船場東２丁目,106,"2,309",106,"2,309",9,48,97,"2,261",91,"2,202",6,59,-,-,-,-
27220004300004500_大阪府箕面市船場東３丁目,27220,大阪府,箕面市,船場東３丁目,86,"1,509",85,"1,329",10,47,75,"1,282",68,"1,066",7,216,-,-,1,180
27220000100000100_大阪府箕面市大字粟生間谷,27220,大阪府,箕面市,大字粟生間谷,4,89,3,30,-,-,3,30,1,28,2,2,-,-,1,59
27220006200006200_大阪府箕面市如意谷,27220,大阪府,箕面市,如意谷,-,-,-,-,-,-,-,-,-,-,-,-,-,-,-,-
27220006200006300_大阪府箕面市如意谷１丁目,27220,大阪府,箕面市,如意谷１丁目,21,297,21,297,3,19,18,278,13,95,5,183,-,-,-,-
27220006200006400_大阪府箕面市如意谷２丁目,27220,大阪府,箕面市,如意谷２丁目,24,113,24,113,9,27,14,80,14,80,-,-,1,6,-,-
27220006200006500_大阪府箕面市如意谷３丁目,27220,大阪府,箕面市,如意谷３丁目,5,23,5,23,-,-,5,23,4,22,1,1,-,-,-,-
27220006200006600_大阪府箕面市如意谷４丁目,27220,大阪府,箕面市,如意谷４丁目,13,125,12,87,1,1,11,86,7,36,4,50,-,-,1,38
27220006200006700_大阪府箕面市如意谷５丁目,27220,大阪府,箕面市,如意谷５丁目,-,-,-,-,-,-,-,-,-,-,-,-,-,-,-,-
27220006800006800_大阪府箕面市白島,27220,大阪府,箕面市,白島,1,4,1,4,-,-,1,4,1,4,-,-,-,-,-,-
27220006800006900_大阪府箕面市白島１丁目,27220,大阪府,箕面市,白島１丁目,43,588,43,588,8,33,35,555,30,344,5,211,-,-,-,-
27220006800007000_大阪府箕面市白島２丁目,27220,大阪府,箕面市,白島２丁目,38,383,38,383,11,52,27,331,23,293,4,38,-,-,-,-
27220006800007100_大阪府箕面市白島３丁目,27220,大阪府,箕面市,白島３丁目,21,309,21,309,6,16,15,293,11,35,4,258,-,-,-,-
27220007200007200_大阪府箕面市半町１丁目,27220,大阪府,箕面市,半町１丁目,6,30,6,30,1,5,5,25,3,6,2,19,-,-,-,-
27220007200007300_大阪府箕面市半町２丁目,27220,大阪府,箕面市,半町２丁目,37,209,37,209,12,19,25,190,23,171,2,19,-,-,-,-
27220007200007400_大阪府箕面市半町３丁目,27220,大阪府,箕面市,半町３丁目,64,497,64,497,23,58,41,439,38,403,3,36,-,-,-,-
27220007200007500_大阪府箕面市半町４丁目,27220,大阪府,箕面市,半町４丁目,31,272,30,258,8,35,22,223,21,212,1,11,-,-,1,14
27220007600007600_大阪府箕面市百楽荘１丁目,27220,大阪府,箕面市,百楽荘１丁目,20,149,19,90,10,22,9,68,7,30,2,38,-,-,1,59
27220007600007700_大阪府箕面市百楽荘２丁目,27220,大阪府,箕面市,百楽荘２丁目,7,42,7,42,2,5,5,37,4,21,1,16,-,-,-,-
27220007600007800_大阪府箕面市百楽荘３丁目,27220,大阪府,箕面市,百楽荘３丁目,5,37,5,37,2,22,3,15,3,15,-,-,-,-,-,-
27220007600007900_大阪府箕面市百楽荘４丁目,27220,大阪府,箕面市,百楽荘４丁目,17,155,17,155,1,6,16,149,16,149,-,-,-,-,-,-
27220009500009500_大阪府箕面市坊島１丁目,27220,大阪府,箕面市,坊島１丁目,53,495,53,495,17,69,34,361,32,316,2,45,2,65,-,-
27220009500009600_大阪府箕面市坊島２丁目,27220,大阪府,箕面市,坊島２丁目,4,8,4,8,-,-,4,8,4,8,-,-,-,-,-,-
27220009500009700_大阪府箕面市坊島３丁目,27220,大阪府,箕面市,坊島３丁目,20,56,20,56,12,29,8,27,7,21,1,6,-,-,-,-
27220009500009800_大阪府箕面市坊島４丁目,27220,大阪府,箕面市,坊島４丁目,33,345,33,345,5,15,28,330,22,282,6,48,-,-,-,-
27220009500009900_大阪府箕面市坊島５丁目,27220,大阪府,箕面市,坊島５丁目,19,137,19,137,1,29,18,108,17,91,1,17,-,-,-,-
27220008000008000_大阪府箕面市牧落１丁目,27220,大阪府,箕面市,牧落１丁目,27,268,27,268,8,34,19,234,16,190,3,44,-,-,-,-
27220008000008100_大阪府箕面市牧落２丁目,27220,大阪府,箕面市,牧落２丁目,36,235,36,235,15,40,21,195,18,156,3,39,-,-,-,-
27220008000008200_大阪府箕面市牧落３丁目,27220,大阪府,箕面市,牧落３丁目,112,"1,105",112,"1,105",38,131,74,974,65,710,9,264,-,-,-,-
27220008000008300_大阪府箕面市牧落４丁目,27220,大阪府,箕面市,牧落４丁目,13,318,12,236,4,20,8,216,7,207,1,9,-,-,1,82
27220008000008400_大阪府箕面市牧落５丁目,27220,大阪府,箕面市,牧落５丁目,29,552,29,552,5,10,24,542,21,310,3,232,-,-,-,-
27220008500008500_大阪府箕面市箕面,27220,大阪府,箕面市,箕面,-,-,-,-,-,-,-,-,-,-,-,-,-,-,-,-
27220008500008600_大阪府箕面市箕面１丁目,27220,大阪府,箕面市,箕面１丁目,56,252,56,252,33,81,22,154,18,70,4,84,1,17,-,-
27220008500008700_大阪府箕面市箕面２丁目,27220,大阪府,箕面市,箕面２丁目,33,250,30,228,7,14,23,214,20,198,3,16,-,-,3,22
27220008500008800_大阪府箕面市箕面３丁目,27220,大阪府,箕面市,箕面３丁目,28,121,27,82,7,18,20,64,16,37,4,27,-,-,1,39
27220008500008900_大阪府箕面市箕面４丁目,27220,大阪府,箕面市,箕面４丁目,49,438,49,438,16,40,32,385,27,280,5,105,1,13,-,-
27220008500009000_大阪府箕面市箕面５丁目,27220,大阪府,箕面市,箕面５丁目,100,936,96,615,39,153,56,458,52,436,4,22,1,4,4,321
27220008500009100_大阪府箕面市箕面６丁目,27220,大阪府,箕面市,箕面６丁目,182,"1,376",180,"1,369",84,265,94,"1,099",79,952,15,147,2,5,2,7
27220008500009200_大阪府箕面市箕面７丁目,27220,大阪府,箕面市,箕面７丁目,16,267,16,267,4,8,12,259,7,12,5,247,-,-,-,-
27220008500009300_大阪府箕面市箕面８丁目,27220,大阪府,箕面市,箕面８丁目,21,70,21,70,1,1,20,69,19,65,1,4,-,-,-,-
27220010000010000_大阪府箕面市箕面公園,27220,大阪府,箕面市,箕面公園,12,84,12,84,5,15,7,69,6,67,1,2,-,-,-,-
27220999999999999_大阪府箕面市その他,27220,大阪府,箕面市,その他,-,-,-,-,-,-,-,-,-,-,-,-,-,-,-,-
27221_大阪府柏原市,27221,大阪府,柏原市,,"2,258","24,448","2,200","22,586",824,"2,407","1,366","20,157","1,133","16,108",233,"4,049",10,22,58,"1,862"
27221000200000200_大阪府柏原市旭ケ丘１丁目,27221,大阪府,柏原市,旭ケ丘１丁目,19,100,19,100,5,13,14,87,8,57,6,30,-,-,-,-
27221000200000300_大阪府柏原市旭ケ丘２丁目,27221,大阪府,柏原市,旭ケ丘２丁目,15,42,15,42,2,9,13,33,12,32,1,1,-,-,-,-
27221000200000400_大阪府柏原市旭ケ丘３丁目,27221,大阪府,柏原市,旭ケ丘３丁目,68,"1,001",67,974,27,104,39,866,22,140,17,726,1,4,1,27
27221000200000500_大阪府柏原市旭ケ丘４丁目,27221,大阪府,柏原市,旭ケ丘４丁目,24,"1,129",24,"1,129",1,2,22,"1,126",8,78,14,"1,048",1,1,-,-
27221000700000700_大阪府柏原市安堂町,27221,大阪府,柏原市,安堂町,43,684,34,187,9,33,23,150,19,133,4,17,2,4,9,497
27221001100001100_大阪府柏原市円明町,27221,大阪府,柏原市,円明町,167,"3,928",163,"3,794",12,42,151,"3,752",145,"3,696",6,56,-,-,4,134
27221002300002300_大阪府柏原市河原町,27221,大阪府,柏原市,河原町,15,670,14,636,4,24,10,612,9,610,1,2,-,-,1,34
27221004700004700_大阪府柏原市玉手町,27221,大阪府,柏原市,玉手町,75,719,70,655,39,85,30,566,25,543,5,23,1,4,5,64
27221005300005300_大阪府柏原市古町１丁目,27221,大阪府,柏原市,古町１丁目,17,44,17,44,11,30,6,14,6,14,-,-,-,-,-,-
27221005300005400_大阪府柏原市古町２丁目,27221,大阪府,柏原市,古町２丁目,23,312,22,159,12,31,10,128,6,95,4,33,-,-,1,153
27221005300005500_大阪府柏原市古町３丁目,27221,大阪府,柏原市,古町３丁目,14,161,14,161,6,15,8,146,6,61,2,85,-,-,-,-
27221002600002600_大阪府柏原市国分市場１丁目,27221,大阪府,柏原市,国分市場１丁目,33,267,32,256,7,27,25,229,22,175,3,54,-,-,1,11
27221002600002700_大阪府柏原市国分市場２丁目,27221,大阪府,柏原市,国分市場２丁目,45,222,45,222,25,82,20,140,20,140,-,-,-,-,-,-
27221002800002800_大阪府柏原市国分西１丁目,27221,大阪府,柏原市,国分西１丁目,65,423,65,423,37,180,28,243,22,195,6,48,-,-,-,-
27221002800002900_大阪府柏原市国分西２丁目,27221,大阪府,柏原市,国分西２丁目,74,434,74,434,42,135,32,299,26,196,6,103,-,-,-,-
27221003000003000_大阪府柏原市国分東条町,27221,大阪府,柏原市,国分東条町,69,"2,326",69,"2,326",13,32,55,"2,293",52,"2,283",3,10,1,1,-,-
27221003100003100_大阪府柏原市国分本町１丁目,27221,大阪府,柏原市,国分本町１丁目,52,506,52,506,26,98,26,408,19,346,7,62,-,-,-,-
27221003100003200_大阪府柏原市国分本町２丁目,27221,大阪府,柏原市,国分本町２丁目,52,466,50,440,19,85,31,355,26,201,5,154,-,-,2,26
27221003100003300_大阪府柏原市国分本町３丁目,27221,大阪府,柏原市,国分本町３丁目,19,109,19,109,5,11,14,98,10,53,4,45,-,-,-,-
27221003100003400_大阪府柏原市国分本町４丁目,27221,大阪府,柏原市,国分本町４丁目,19,98,19,98,6,6,13,92,11,82,2,10,-,-,-,-
27221003100003500_大阪府柏原市国分本町５丁目,27221,大阪府,柏原市,国分本町５丁目,6,13,6,13,3,3,3,10,2,4,1,6,-,-,-,-
27221003100003600_大阪府柏原市国分本町６丁目,27221,大阪府,柏原市,国分本町６丁目,16,109,14,45,4,8,10,37,9,34,1,3,-,-,2,64
27221003100003700_大阪府柏原市国分本町７丁目,27221,大阪府,柏原市,国分本町７丁目,26,194,25,164,10,36,15,128,10,57,5,71,-,-,1,30
27221000900000900_大阪府柏原市今町１丁目,27221,大阪府,柏原市,今町１丁目,34,164,34,164,21,47,13,117,8,88,5,29,-,-,-,-
27221000900001000_大阪府柏原市今町２丁目,27221,大阪府,柏原市,今町２丁目,24,107,24,107,13,22,11,85,10,84,1,1,-,-,-,-
27221006600006600_大阪府柏原市山ノ井町,27221,大阪府,柏原市,山ノ井町,13,34,13,34,7,13,6,21,5,18,1,3,-,-,-,-
27221001800001800_大阪府柏原市上市１丁目,27221,大阪府,柏原市,上市１丁目,44,314,43,311,19,49,24,262,16,186,8,76,-,-,1,3
27221001800001900_大阪府柏原市上市２丁目,27221,大阪府,柏原市,上市２丁目,15,106,15,106,9,25,6,81,4,57,2,24,-,-,-,-
27221001800002000_大阪府柏原市上市３丁目,27221,大阪府,柏原市,上市３丁目,28,277,28,277,10,22,17,254,14,208,3,46,1,1,-,-
27221001800002100_大阪府柏原市上市４丁目,27221,大阪府,柏原市,上市４丁目,19,165,17,142,6,17,11,125,8,107,3,18,-,-,2,23
27221002400002400_大阪府柏原市清州１丁目,27221,大阪府,柏原市,清州１丁目,83,473,83,473,38,94,45,379,44,374,1,5,-,-,-,-
27221002400002500_大阪府柏原市清州２丁目,27221,大阪府,柏原市,清州２丁目,53,199,53,199,35,97,18,102,15,80,3,22,-,-,-,-
27221000800000800_大阪府柏原市石川町,27221,大阪府,柏原市,石川町,43,618,43,618,5,6,38,612,38,612,-,-,-,-,-,-
27221004100004200_大阪府柏原市太平寺１丁目,27221,大阪府,柏原市,太平寺１丁目,42,320,42,320,17,57,24,261,19,189,5,72,1,2,-,-
27221004100004300_大阪府柏原市太平寺２丁目,27221,大阪府,柏原市,太平寺２丁目,32,187,32,187,8,24,24,163,20,153,4,10,-,-,-,-
27221001200001300_大阪府柏原市大県１丁目,27221,大阪府,柏原市,大県１丁目,40,300,39,269,19,68,20,201,15,114,5,87,-,-,1,31
27221001200001400_大阪府柏原市大県２丁目,27221,大阪府,柏原市,大県２丁目,29,122,29,122,14,30,15,92,12,73,3,19,-,-,-,-
27221001200001500_大阪府柏原市大県３丁目,27221,大阪府,柏原市,大県３丁目,31,246,30,243,10,25,20,218,17,191,3,27,-,-,1,3
27221001200001600_大阪府柏原市大県４丁目,27221,大阪府,柏原市,大県４丁目,32,589,30,511,-,-,30,511,24,312,6,199,-,-,2,78
27221000600000600_大阪府柏原市大字安堂,27221,大阪府,柏原市,大字安堂,1,11,1,11,-,-,1,11,-,-,1,11,-,-,-,-
27221002200002200_大阪府柏原市大字雁多尾畑,27221,大阪府,柏原市,大字雁多尾畑,20,131,14,90,3,5,11,85,7,65,4,20,-,-,6,41
27221004400004400_大阪府柏原市大字高井田,27221,大阪府,柏原市,大字高井田,80,699,78,618,26,84,52,534,32,314,20,220,-,-,2,81
27221000100000100_大阪府柏原市大字青谷,27221,大阪府,柏原市,大字青谷,23,143,22,142,5,8,17,134,7,57,10,77,-,-,1,1
27221004100004100_大阪府柏原市大字太平寺,27221,大阪府,柏原市,大字太平寺,1,1,1,1,-,-,1,1,-,-,1,1,-,-,-,-
27221001200001200_大阪府柏原市大字大県,27221,大阪府,柏原市,大字大県,-,-,-,-,-,-,-,-,-,-,-,-,-,-,-,-
27221004800004800_大阪府柏原市大字峠,27221,大阪府,柏原市,大字峠,-,-,-,-,-,-,-,-,-,-,-,-,-,-,-,-
27221005000005000_大阪府柏原市大字平野,27221,大阪府,柏原市,大字平野,-,-,-,-,-,-,-,-,-,-,-,-,-,-,-,-
27221006500006500_大阪府柏原市大字本堂,27221,大阪府,柏原市,大字本堂,1,1,1,1,-,-,1,1,-,-,1,1,-,-,-,-
27221003800003800_大阪府柏原市大正１丁目,27221,大阪府,柏原市,大正１丁目,41,209,38,130,17,41,21,89,20,76,1,13,-,-,3,79
27221003800003900_大阪府柏原市大正２丁目,27221,大阪府,柏原市,大正２丁目,27,203,26,200,13,25,13,175,13,175,-,-,-,-,1,3
27221003800004000_大阪府柏原市大正３丁目,27221,大阪府,柏原市,大正３丁目,25,296,24,270,14,60,10,210,8,191,2,19,-,-,1,26
27221004500004500_大阪府柏原市田辺１丁目,27221,大阪府,柏原市,田辺１丁目,28,222,27,206,6,33,21,173,18,153,3,20,-,-,1,16
27221004500004600_大阪府柏原市田辺２丁目,27221,大阪府,柏原市,田辺２丁目,19,85,19,85,7,10,12,75,10,56,2,19,-,-,-,-
27221004900004900_大阪府柏原市堂島町,27221,大阪府,柏原市,堂島町,12,175,9,105,1,4,8,101,8,101,-,-,-,-,3,70
27221005000005100_大阪府柏原市平野１丁目,27221,大阪府,柏原市,平野１丁目,28,132,27,105,14,39,13,66,12,53,1,13,-,-,1,27
27221005000005200_大阪府柏原市平野２丁目,27221,大阪府,柏原市,平野２丁目,37,168,34,102,14,29,20,73,19,69,1,4,-,-,3,66
27221001700001700_大阪府柏原市片山町,27221,大阪府,柏原市,片山町,70,826,70,826,22,56,48,770,40,695,8,75,-,-,-,-
27221005600005600_大阪府柏原市法善寺１丁目,27221,大阪府,柏原市,法善寺１丁目,35,411,34,164,16,34,17,126,16,123,1,3,1,4,1,247
27221005600005700_大阪府柏原市法善寺２丁目,27221,大阪府,柏原市,法善寺２丁目,26,64,26,64,19,37,7,27,7,27,-,-,-,-,-,-
27221005600005800_大阪府柏原市法善寺３丁目,27221,大阪府,柏原市,法善寺３丁目,47,167,47,167,21,49,26,118,19,64,7,54,-,-,-,-
27221005600005900_大阪府柏原市法善寺４丁目,27221,大阪府,柏原市,法善寺４丁目,51,441,50,414,17,62,33,352,28,224,5,128,-,-,1,27
27221006000006000_大阪府柏原市本郷１丁目,27221,大阪府,柏原市,本郷１丁目,22,128,22,128,12,42,10,86,9,72,1,14,-,-,-,-
27221006000006100_大阪府柏原市本郷２丁目,27221,大阪府,柏原市,本郷２丁目,16,55,16,55,6,10,9,44,5,22,4,22,1,1,-,-
27221006000006200_大阪府柏原市本郷３丁目,27221,大阪府,柏原市,本郷３丁目,32,432,32,432,14,29,18,403,15,379,3,24,-,-,-,-
27221006000006300_大阪府柏原市本郷４丁目,27221,大阪府,柏原市,本郷４丁目,32,268,32,268,9,34,23,234,23,234,-,-,-,-,-,-
27221006000006400_大阪府柏原市本郷５丁目,27221,大阪府,柏原市,本郷５丁目,66,"1,002",66,"1,002",12,29,54,973,53,887,1,86,-,-,-,-
27221999999999999_大阪府柏原市その他,27221,大阪府,柏原市,その他,-,-,-,-,-,-,-,-,-,-,-,-,-,-,-,-
27222_大阪府羽曳野市,27222,大阪府,羽曳野市,,"3,492","35,474","3,394","32,646","1,290","3,779","2,092","28,824","1,797","21,028",295,"7,796",12,43,98,"2,828"
27222009400009400_大阪府羽曳野市はびきの１丁目,27222,大阪府,羽曳野市,はびきの１丁目,16,99,16,99,6,7,10,92,9,84,1,8,-,-,-,-
27222009400009500_大阪府羽曳野市はびきの２丁目,27222,大阪府,羽曳野市,はびきの２丁目,27,880,27,880,9,50,18,830,15,156,3,674,-,-,-,-
27222009400009600_大阪府羽曳野市はびきの３丁目,27222,大阪府,羽曳野市,はびきの３丁目,29,"1,717",28,"1,639",8,40,20,"1,599",12,78,8,"1,521",-,-,1,78
27222009400009700_大阪府羽曳野市はびきの４丁目,27222,大阪府,羽曳野市,はびきの４丁目,37,214,36,179,17,59,19,120,16,105,3,15,-,-,1,35
27222009400009800_大阪府羽曳野市はびきの５丁目,27222,大阪府,羽曳野市,はびきの５丁目,33,235,33,235,13,22,19,200,18,187,1,13,1,13,-,-
27222009400009900_大阪府羽曳野市はびきの６丁目,27222,大阪府,羽曳野市,はびきの６丁目,18,96,16,52,8,17,8,35,8,35,-,-,-,-,2,44
27222009400010000_大阪府羽曳野市はびきの７丁目,27222,大阪府,羽曳野市,はびきの７丁目,6,17,6,17,4,13,2,4,2,4,-,-,-,-,-,-
27222000200000200_大阪府羽曳野市伊賀,27222,大阪府,羽曳野市,伊賀,7,210,7,210,3,14,4,196,3,23,1,173,-,-,-,-
27222000200000300_大阪府羽曳野市伊賀１丁目,27222,大阪府,羽曳野市,伊賀１丁目,13,127,13,127,3,15,10,112,7,71,3,41,-,-,-,-
27222000200000400_大阪府羽曳野市伊賀２丁目,27222,大阪府,羽曳野市,伊賀２丁目,29,249,29,249,8,27,21,222,21,222,-,-,-,-,-,-
27222000200000500_大阪府羽曳野市伊賀３丁目,27222,大阪府,羽曳野市,伊賀３丁目,25,111,25,111,14,25,11,86,11,86,-,-,-,-,-,-
27222000200000600_大阪府羽曳野市伊賀４丁目,27222,大阪府,羽曳野市,伊賀４丁目,33,455,33,455,8,46,25,409,25,409,-,-,-,-,-,-
27222000200000700_大阪府羽曳野市伊賀５丁目,27222,大阪府,羽曳野市,伊賀５丁目,32,714,28,634,4,16,24,618,22,616,2,2,-,-,4,80
27222000200000800_大阪府羽曳野市伊賀６丁目,27222,大阪府,羽曳野市,伊賀６丁目,16,154,16,154,1,4,15,150,14,139,1,11,-,-,-,-
27222007700007700_大阪府羽曳野市羽曳が丘１丁目,27222,大阪府,羽曳野市,羽曳が丘１丁目,11,32,11,32,2,9,9,23,8,22,1,1,-,-,-,-
27222007700007800_大阪府羽曳野市羽曳が丘２丁目,27222,大阪府,羽曳野市,羽曳が丘２丁目,6,29,6,29,1,3,5,26,4,12,1,14,-,-,-,-
27222007700007900_大阪府羽曳野市羽曳が丘３丁目,27222,大阪府,羽曳野市,羽曳が丘３丁目,38,176,37,173,20,43,17,130,14,65,3,65,-,-,1,3
27222007700008000_大阪府羽曳野市羽曳が丘４丁目,27222,大阪府,羽曳野市,羽曳が丘４丁目,32,159,31,139,15,36,16,103,14,98,2,5,-,-,1,20
27222007700008100_大阪府羽曳野市羽曳が丘５丁目,27222,大阪府,羽曳野市,羽曳が丘５丁目,20,59,20,59,12,24,8,35,8,35,-,-,-,-,-,-
27222007700008200_大阪府羽曳野市羽曳が丘６丁目,27222,大阪府,羽曳野市,羽曳が丘６丁目,12,105,10,46,3,16,7,30,6,26,1,4,-,-,2,59
27222007700008300_大阪府羽曳野市羽曳が丘７丁目,27222,大阪府,羽曳野市,羽曳が丘７丁目,6,23,6,23,3,5,3,18,2,9,1,9,-,-,-,-
27222007700008400_大阪府羽曳野市羽曳が丘８丁目,27222,大阪府,羽曳野市,羽曳が丘８丁目,3,27,3,27,2,6,1,21,1,21,-,-,-,-,-,-
27222007700008500_大阪府羽曳野市羽曳が丘９丁目,27222,大阪府,羽曳野市,羽曳が丘９丁目,9,78,8,73,2,3,6,70,6,70,-,-,-,-,1,5
27222007700008600_大阪府羽曳野市羽曳が丘１０丁目,27222,大阪府,羽曳野市,羽曳が丘１０丁目,12,131,12,131,2,5,10,126,10,126,-,-,-,-,-,-
27222008700008700_大阪府羽曳野市羽曳が丘西１丁目,27222,大阪府,羽曳野市,羽曳が丘西１丁目,23,85,23,85,8,25,15,60,14,58,1,2,-,-,-,-
27222008700008800_大阪府羽曳野市羽曳が丘西２丁目,27222,大阪府,羽曳野市,羽曳が丘西２丁目,3,17,3,17,1,5,2,12,2,12,-,-,-,-,-,-
27222008700008900_大阪府羽曳野市羽曳が丘西３丁目,27222,大阪府,羽曳野市,羽曳が丘西３丁目,17,42,17,42,9,14,8,28,7,17,1,11,-,-,-,-
27222008700009000_大阪府羽曳野市羽曳が丘西４丁目,27222,大阪府,羽曳野市,羽曳が丘西４丁目,6,16,6,16,3,4,3,12,3,12,-,-,-,-,-,-
27222008700009100_大阪府羽曳野市羽曳が丘西５丁目,27222,大阪府,羽曳野市,羽曳が丘西５丁目,11,33,11,33,3,6,8,27,8,27,-,-,-,-,-,-
27222008700009200_大阪府羽曳野市羽曳が丘西６丁目,27222,大阪府,羽曳野市,羽曳が丘西６丁目,9,37,8,30,3,5,5,25,5,25,-,-,-,-,1,7
27222008700009300_大阪府羽曳野市羽曳が丘西７丁目,27222,大阪府,羽曳野市,羽曳が丘西７丁目,1,3,1,3,-,-,1,3,1,3,-,-,-,-,-,-
27222000900000900_大阪府羽曳野市碓井１丁目,27222,大阪府,羽曳野市,碓井１丁目,4,27,4,27,1,1,3,26,2,22,1,4,-,-,-,-
27222000900001000_大阪府羽曳野市碓井２丁目,27222,大阪府,羽曳野市,碓井２丁目,3,17,3,17,1,2,2,15,2,15,-,-,-,-,-,-
27222000900001100_大阪府羽曳野市碓井３丁目,27222,大阪府,羽曳野市,碓井３丁目,6,21,6,21,2,3,4,18,4,18,-,-,-,-,-,-
27222000900001200_大阪府羽曳野市碓井４丁目,27222,大阪府,羽曳野市,碓井４丁目,4,27,4,27,2,4,2,23,2,23,-,-,-,-,-,-
27222003700003700_大阪府羽曳野市栄町,27222,大阪府,羽曳野市,栄町,101,949,101,949,40,151,61,798,55,727,6,71,-,-,-,-
27222002400002400_大阪府羽曳野市河原城,27222,大阪府,羽曳野市,河原城,90,"1,031",90,"1,031",30,113,60,918,56,861,4,57,-,-,-,-
27222012800012800_大阪府羽曳野市学園前１丁目,27222,大阪府,羽曳野市,学園前１丁目,10,61,10,61,5,9,5,52,4,22,1,30,-,-,-,-
27222012800012900_大阪府羽曳野市学園前２丁目,27222,大阪府,羽曳野市,学園前２丁目,-,-,-,-,-,-,-,-,-,-,-,-,-,-,-,-
27222012800013000_大阪府羽曳野市学園前３丁目,27222,大阪府,羽曳野市,学園前３丁目,6,638,6,638,-,-,6,638,4,42,2,596,-,-,-,-
27222012800013100_大阪府羽曳野市学園前４丁目,27222,大阪府,羽曳野市,学園前４丁目,3,8,3,8,1,1,2,7,2,7,-,-,-,-,-,-
27222012800013200_大阪府羽曳野市学園前５丁目,27222,大阪府,羽曳野市,学園前５丁目,2,4,2,4,1,1,1,3,1,3,-,-,-,-,-,-
27222012800013300_大阪府羽曳野市学園前６丁目,27222,大阪府,羽曳野市,学園前６丁目,16,525,16,525,-,-,16,525,3,69,13,456,-,-,-,-
27222002000002000_大阪府羽曳野市樫山,27222,大阪府,羽曳野市,樫山,52,699,52,699,19,42,33,657,25,244,8,413,-,-,-,-
27222002800002800_大阪府羽曳野市駒ケ谷,27222,大阪府,羽曳野市,駒ケ谷,126,"1,689",122,"1,654",27,94,95,"1,560",86,"1,499",9,61,-,-,4,35
27222002700002700_大阪府羽曳野市郡戸,27222,大阪府,羽曳野市,郡戸,71,650,68,610,22,53,46,557,40,501,6,56,-,-,3,40
27222001300001300_大阪府羽曳野市恵我之荘１丁目,27222,大阪府,羽曳野市,恵我之荘１丁目,32,147,32,147,20,49,12,98,11,85,1,13,-,-,-,-
27222001300001400_大阪府羽曳野市恵我之荘２丁目,27222,大阪府,羽曳野市,恵我之荘２丁目,23,147,22,128,8,12,14,116,12,99,2,17,-,-,1,19
27222001300001500_大阪府羽曳野市恵我之荘３丁目,27222,大阪府,羽曳野市,恵我之荘３丁目,31,700,31,700,7,11,24,689,15,280,9,409,-,-,-,-
27222001300001600_大阪府羽曳野市恵我之荘４丁目,27222,大阪府,羽曳野市,恵我之荘４丁目,30,110,30,110,17,39,13,71,10,66,3,5,-,-,-,-
27222001300001700_大阪府羽曳野市恵我之荘５丁目,27222,大阪府,羽曳野市,恵我之荘５丁目,41,261,40,258,23,54,17,204,15,182,2,22,-,-,1,3
27222001300001800_大阪府羽曳野市恵我之荘６丁目,27222,大阪府,羽曳野市,恵我之荘６丁目,26,86,26,86,15,31,11,55,11,55,-,-,-,-,-,-
27222002100002100_大阪府羽曳野市軽里１丁目,27222,大阪府,羽曳野市,軽里１丁目,35,418,33,388,5,22,26,364,20,344,6,20,2,2,2,30
27222002100002200_大阪府羽曳野市軽里２丁目,27222,大阪府,羽曳野市,軽里２丁目,11,224,10,223,4,13,6,210,5,195,1,15,-,-,1,1
27222002100002300_大阪府羽曳野市軽里３丁目,27222,大阪府,羽曳野市,軽里３丁目,23,119,22,83,11,25,11,58,9,54,2,4,-,-,1,36
27222010300010300_大阪府羽曳野市古市,27222,大阪府,羽曳野市,古市,17,353,15,319,1,3,14,316,13,199,1,117,-,-,2,34
27222010300010400_大阪府羽曳野市古市１丁目,27222,大阪府,羽曳野市,古市１丁目,27,478,25,435,15,25,10,410,5,391,5,19,-,-,2,43
27222010300010500_大阪府羽曳野市古市２丁目,27222,大阪府,羽曳野市,古市２丁目,22,119,22,119,8,20,14,99,10,56,4,43,-,-,-,-
27222010300010600_大阪府羽曳野市古市３丁目,27222,大阪府,羽曳野市,古市３丁目,23,118,23,118,15,28,8,90,7,89,1,1,-,-,-,-
27222010300010700_大阪府羽曳野市古市４丁目,27222,大阪府,羽曳野市,古市４丁目,44,140,41,130,28,65,13,65,11,60,2,5,-,-,3,10
27222010300010800_大阪府羽曳野市古市５丁目,27222,大阪府,羽曳野市,古市５丁目,16,110,14,78,5,12,9,66,7,37,2,29,-,-,2,32
27222010300010900_大阪府羽曳野市古市６丁目,27222,大阪府,羽曳野市,古市６丁目,33,127,33,127,24,62,9,65,9,65,-,-,-,-,-,-
27222010300011000_大阪府羽曳野市古市７丁目,27222,大阪府,羽曳野市,古市７丁目,38,192,38,192,26,76,12,116,10,46,2,70,-,-,-,-
27222011900011900_大阪府羽曳野市向野,27222,大阪府,羽曳野市,向野,9,110,7,40,2,5,5,35,5,35,-,-,-,-,2,70
27222011900012000_大阪府羽曳野市向野１丁目,27222,大阪府,羽曳野市,向野１丁目,7,31,7,31,3,9,4,22,4,22,-,-,-,-,-,-
27222011900012100_大阪府羽曳野市向野２丁目,27222,大阪府,羽曳野市,向野２丁目,36,464,34,448,12,35,22,413,17,379,5,34,-,-,2,16
27222011900012200_大阪府羽曳野市向野３丁目,27222,大阪府,羽曳野市,向野３丁目,45,417,43,410,15,58,28,352,23,320,5,32,-,-,2,7
27222010200010200_大阪府羽曳野市広瀬,27222,大阪府,羽曳野市,広瀬,66,"1,145",63,"1,118",15,44,48,"1,074",47,"1,072",1,2,-,-,3,27
27222004900004900_大阪府羽曳野市高鷲１丁目,27222,大阪府,羽曳野市,高鷲１丁目,21,66,21,66,15,28,6,38,6,38,-,-,-,-,-,-
27222004900005000_大阪府羽曳野市高鷲２丁目,27222,大阪府,羽曳野市,高鷲２丁目,13,102,10,17,3,5,7,12,5,9,2,3,-,-,3,85
27222004900005100_大阪府羽曳野市高鷲３丁目,27222,大阪府,羽曳野市,高鷲３丁目,7,9,7,9,3,3,4,6,3,3,1,3,-,-,-,-
27222004900005200_大阪府羽曳野市高鷲４丁目,27222,大阪府,羽曳野市,高鷲４丁目,27,206,27,206,11,38,16,168,14,158,2,10,-,-,-,-
27222004900005300_大阪府羽曳野市高鷲５丁目,27222,大阪府,羽曳野市,高鷲５丁目,10,50,10,50,4,12,5,34,2,27,3,7,1,4,-,-
27222004900005400_大阪府羽曳野市高鷲６丁目,27222,大阪府,羽曳野市,高鷲６丁目,11,69,11,69,3,3,8,66,8,66,-,-,-,-,-,-
27222004900005500_大阪府羽曳野市高鷲７丁目,27222,大阪府,羽曳野市,高鷲７丁目,13,81,13,81,6,8,7,73,4,36,3,37,-,-,-,-
27222004900005600_大阪府羽曳野市高鷲８丁目,27222,大阪府,羽曳野市,高鷲８丁目,20,67,20,67,11,32,9,35,8,31,1,4,-,-,-,-
27222004900005700_大阪府羽曳野市高鷲９丁目,27222,大阪府,羽曳野市,高鷲９丁目,28,150,27,144,18,49,9,95,8,66,1,29,-,-,1,6
27222004900005800_大阪府羽曳野市高鷲１０丁目,27222,大阪府,羽曳野市,高鷲１０丁目,26,152,26,152,17,64,9,88,8,76,1,12,-,-,-,-
27222004700004700_大阪府羽曳野市尺度,27222,大阪府,羽曳野市,尺度,46,604,44,564,12,34,32,530,27,301,5,229,-,-,2,40
27222012700012700_大阪府羽曳野市埴生野,27222,大阪府,羽曳野市,埴生野,49,486,48,481,9,63,39,418,38,366,1,52,-,-,1,5
27222004800004800_大阪府羽曳野市翠鳥園,27222,大阪府,羽曳野市,翠鳥園,18,288,16,280,5,13,11,267,11,267,-,-,-,-,2,8
27222006100006100_大阪府羽曳野市西浦,27222,大阪府,羽曳野市,西浦,101,"1,569",98,"1,513",27,136,70,"1,367",67,"1,352",3,15,1,10,3,56
27222006100006200_大阪府羽曳野市西浦１丁目,27222,大阪府,羽曳野市,西浦１丁目,35,321,35,321,13,36,22,285,22,285,-,-,-,-,-,-
27222006100006300_大阪府羽曳野市西浦２丁目,27222,大阪府,羽曳野市,西浦２丁目,12,471,11,269,2,4,9,265,8,187,1,78,-,-,1,202
27222006100006400_大阪府羽曳野市西浦３丁目,27222,大阪府,羽曳野市,西浦３丁目,49,400,49,400,14,46,35,354,32,330,3,24,-,-,-,-
27222006100006500_大阪府羽曳野市西浦４丁目,27222,大阪府,羽曳野市,西浦４丁目,13,41,13,41,4,11,9,30,7,28,2,2,-,-,-,-
27222006100006600_大阪府羽曳野市西浦５丁目,27222,大阪府,羽曳野市,西浦５丁目,22,70,22,70,6,10,16,60,14,57,2,3,-,-,-,-
27222006100006700_大阪府羽曳野市西浦６丁目,27222,大阪府,羽曳野市,西浦６丁目,28,308,26,247,11,46,15,201,15,201,-,-,-,-,2,61
27222002500002500_大阪府羽曳野市川向,27222,大阪府,羽曳野市,川向,25,408,25,408,5,15,20,393,19,378,1,15,-,-,-,-
27222002600002600_大阪府羽曳野市蔵之内,27222,大阪府,羽曳野市,蔵之内,40,402,40,402,9,17,31,385,26,364,5,21,-,-,-,-
27222001900001900_大阪府羽曳野市大黒,27222,大阪府,羽曳野市,大黒,63,460,62,401,13,35,49,366,47,360,2,6,-,-,1,59
27222005900005900_大阪府羽曳野市通法寺,27222,大阪府,羽曳野市,通法寺,7,54,7,54,1,2,6,52,5,51,1,1,-,-,-,-
27222003800003800_大阪府羽曳野市島泉１丁目,27222,大阪府,羽曳野市,島泉１丁目,23,78,22,63,12,23,8,32,6,27,2,5,2,8,1,15
27222003800003900_大阪府羽曳野市島泉２丁目,27222,大阪府,羽曳野市,島泉２丁目,36,143,34,109,19,43,15,66,14,64,1,2,-,-,2,34
27222003800004000_大阪府羽曳野市島泉３丁目,27222,大阪府,羽曳野市,島泉３丁目,15,114,15,114,4,6,10,106,9,95,1,11,1,2,-,-
27222003800004100_大阪府羽曳野市島泉４丁目,27222,大阪府,羽曳野市,島泉４丁目,11,73,9,40,5,12,4,28,2,13,2,15,-,-,2,33
27222003800004200_大阪府羽曳野市島泉５丁目,27222,大阪府,羽曳野市,島泉５丁目,16,76,16,76,7,13,9,63,8,58,1,5,-,-,-,-
27222003800004300_大阪府羽曳野市島泉６丁目,27222,大阪府,羽曳野市,島泉６丁目,12,31,12,31,9,13,3,18,3,18,-,-,-,-,-,-
27222003800004400_大阪府羽曳野市島泉７丁目,27222,大阪府,羽曳野市,島泉７丁目,16,90,16,90,7,12,9,78,8,69,1,9,-,-,-,-
27222003800004500_大阪府羽曳野市島泉８丁目,27222,大阪府,羽曳野市,島泉８丁目,35,459,30,412,13,33,17,379,13,307,4,72,-,-,5,47
27222003800004600_大阪府羽曳野市島泉９丁目,27222,大阪府,羽曳野市,島泉９丁目,34,343,33,311,12,41,21,270,17,156,4,114,-,-,1,32
27222010100010100_大阪府羽曳野市東阪田,27222,大阪府,羽曳野市,東阪田,35,283,35,283,13,63,22,220,20,179,2,41,-,-,-,-
27222012300012300_大阪府羽曳野市桃山台１丁目,27222,大阪府,羽曳野市,桃山台１丁目,4,14,4,14,1,1,3,13,3,13,-,-,-,-,-,-
27222012300012400_大阪府羽曳野市桃山台２丁目,27222,大阪府,羽曳野市,桃山台２丁目,6,50,5,45,2,4,3,41,2,10,1,31,-,-,1,5
27222012300012500_大阪府羽曳野市桃山台３丁目,27222,大阪府,羽曳野市,桃山台３丁目,4,20,4,20,-,-,4,20,4,20,-,-,-,-,-,-
27222012300012600_大阪府羽曳野市桃山台４丁目,27222,大阪府,羽曳野市,桃山台４丁目,11,62,10,23,5,11,5,12,5,12,-,-,-,-,1,39
27222011100011100_大阪府羽曳野市南恵我之荘１丁目,27222,大阪府,羽曳野市,南恵我之荘１丁目,20,70,20,70,14,27,6,43,6,43,-,-,-,-,-,-
27222011100011200_大阪府羽曳野市南恵我之荘２丁目,27222,大阪府,羽曳野市,南恵我之荘２丁目,23,216,23,216,13,47,10,169,5,24,5,145,-,-,-,-
27222011100011300_大阪府羽曳野市南恵我之荘３丁目,27222,大阪府,羽曳野市,南恵我之荘３丁目,15,92,14,80,2,4,12,76,9,70,3,6,-,-,1,12
27222011100011400_大阪府羽曳野市南恵我之荘４丁目,27222,大阪府,羽曳野市,南恵我之荘４丁目,11,111,11,111,4,11,7,100,5,49,2,51,-,-,-,-
27222011100011500_大阪府羽曳野市南恵我之荘５丁目,27222,大阪府,羽曳野市,南恵我之荘５丁目,12,50,12,50,4,11,8,39,8,39,-,-,-,-,-,-
27222011100011600_大阪府羽曳野市南恵我之荘６丁目,27222,大阪府,羽曳野市,南恵我之荘６丁目,6,24,5,19,4,16,1,3,1,3,-,-,-,-,1,5
27222011100011700_大阪府羽曳野市南恵我之荘７丁目,27222,大阪府,羽曳野市,南恵我之荘７丁目,20,106,18,74,5,13,13,61,11,47,2,14,-,-,2,32
27222011100011800_大阪府羽曳野市南恵我之荘８丁目,27222,大阪府,羽曳野市,南恵我之荘８丁目,23,138,23,138,14,71,9,67,8,65,1,2,-,-,-,-
27222013400013400_大阪府羽曳野市南古市１丁目,27222,大阪府,羽曳野市,南古市１丁目,14,30,13,25,9,16,4,9,3,5,1,4,-,-,1,5
27222013400013500_大阪府羽曳野市南古市２丁目,27222,大阪府,羽曳野市,南古市２丁目,4,6,4,6,3,5,1,1,1,1,-,-,-,-,-,-
27222013400013600_大阪府羽曳野市南古市３丁目,27222,大阪府,羽曳野市,南古市３丁目,8,147,8,147,2,8,6,139,3,73,3,66,-,-,-,-
27222007400007400_大阪府羽曳野市白鳥１丁目,27222,大阪府,羽曳野市,白鳥１丁目,48,218,48,218,25,95,23,123,17,81,6,42,-,-,-,-
27222007400007500_大阪府羽曳野市白鳥２丁目,27222,大阪府,羽曳野市,白鳥２丁目,63,510,63,510,26,108,37,402,26,270,11,132,-,-,-,-
27222007400007600_大阪府羽曳野市白鳥３丁目,27222,大阪府,羽曳野市,白鳥３丁目,29,139,27,109,11,30,16,79,11,53,5,26,-,-,2,30
27222000100000100_大阪府羽曳野市飛鳥,27222,大阪府,羽曳野市,飛鳥,16,184,16,184,4,15,12,169,8,73,4,96,-,-,-,-
27222006800006800_大阪府羽曳野市野,27222,大阪府,羽曳野市,野,210,"1,880",209,"1,878",58,165,151,"1,713",135,"1,261",16,452,-,-,1,2
27222006900006900_大阪府羽曳野市野々上１丁目,27222,大阪府,羽曳野市,野々上１丁目,8,17,8,17,4,5,4,12,4,12,-,-,-,-,-,-
27222006900007000_大阪府羽曳野市野々上２丁目,27222,大阪府,羽曳野市,野々上２丁目,30,244,30,244,12,28,18,216,16,189,2,27,-,-,-,-
27222006900007100_大阪府羽曳野市野々上３丁目,27222,大阪府,羽曳野市,野々上３丁目,38,435,38,435,17,45,21,390,18,318,3,72,-,-,-,-
27222006900007200_大阪府羽曳野市野々上４丁目,27222,大阪府,羽曳野市,野々上４丁目,33,179,33,179,18,49,15,130,12,114,3,16,-,-,-,-
27222006900007300_大阪府羽曳野市野々上５丁目,27222,大阪府,羽曳野市,野々上５丁目,28,98,28,98,20,70,8,28,6,21,2,7,-,-,-,-
27222002900002900_大阪府羽曳野市誉田,27222,大阪府,羽曳野市,誉田,22,218,22,218,4,10,18,208,17,137,1,71,-,-,-,-
27222002900003000_大阪府羽曳野市誉田１丁目,27222,大阪府,羽曳野市,誉田１丁目,12,45,12,45,4,8,8,37,6,32,2,5,-,-,-,-
27222002900003100_大阪府羽曳野市誉田２丁目,27222,大阪府,羽曳野市,誉田２丁目,15,75,15,75,7,24,8,51,6,38,2,13,-,-,-,-
27222002900003200_大阪府羽曳野市誉田３丁目,27222,大阪府,羽曳野市,誉田３丁目,83,889,79,850,26,98,52,751,41,366,11,385,1,1,4,39
27222002900003300_大阪府羽曳野市誉田４丁目,27222,大阪府,羽曳野市,誉田４丁目,20,"1,260",10,91,1,2,6,86,1,20,5,66,3,3,10,"1,169"
27222002900003400_大阪府羽曳野市誉田５丁目,27222,大阪府,羽曳野市,誉田５丁目,17,155,17,155,5,6,12,149,10,143,2,6,-,-,-,-
27222002900003500_大阪府羽曳野市誉田６丁目,27222,大阪府,羽曳野市,誉田６丁目,22,217,20,144,7,20,13,124,12,119,1,5,-,-,2,73
27222002900003600_大阪府羽曳野市誉田７丁目,27222,大阪府,羽曳野市,誉田７丁目,15,252,15,252,7,40,8,212,5,179,3,33,-,-,-,-
27222006000006000_大阪府羽曳野市壺井,27222,大阪府,羽曳野市,壺井,16,107,16,107,4,11,12,96,10,68,2,28,-,-,-,-
27222999999999999_大阪府羽曳野市その他,27222,大阪府,羽曳野市,その他,-,-,-,-,-,-,-,-,-,-,-,-,-,-,-,-
27223_大阪府門真市,27223,大阪府,門真市,,"5,181","67,593","5,128","64,653","1,790","5,089","3,326","59,538","2,998","53,309",328,"6,229",12,26,53,"2,940"
27223005300005300_大阪府門真市一番町,27223,大阪府,門真市,一番町,54,"1,382",53,"1,059",9,20,44,"1,039",40,935,4,104,-,-,1,323
27223007600008200_大阪府門真市三ツ島１丁目,27223,大阪府,門真市,三ツ島１丁目,68,379,67,347,25,45,42,302,40,298,2,4,-,-,1,32
27223007600008300_大阪府門真市三ツ島２丁目,27223,大阪府,門真市,三ツ島２丁目,37,229,37,229,9,18,28,211,26,197,2,14,-,-,-,-
27223007600008400_大阪府門真市三ツ島３丁目,27223,大阪府,門真市,三ツ島３丁目,50,963,50,963,6,33,44,930,36,667,8,263,-,-,-,-
27223400100400100_大阪府門真市三ツ島４丁目,27223,大阪府,門真市,三ツ島４丁目,46,430,46,430,10,18,36,412,35,379,1,33,-,-,-,-
27223400100400200_大阪府門真市三ツ島５丁目,27223,大阪府,門真市,三ツ島５丁目,121,"1,482",121,"1,482",28,67,93,"1,415",91,"1,413",2,2,-,-,-,-
27223400100400300_大阪府門真市三ツ島６丁目,27223,大阪府,門真市,三ツ島６丁目,74,"1,596",73,"1,574",19,45,54,"1,529",51,"1,469",3,60,-,-,1,22
27223007500007600_大阪府門真市四宮１丁目,27223,大阪府,門真市,四宮１丁目,24,144,24,144,2,14,22,130,20,123,2,7,-,-,-,-
27223007500007700_大阪府門真市四宮２丁目,27223,大阪府,門真市,四宮２丁目,63,968,62,932,17,36,45,896,44,895,1,1,-,-,1,36
27223007500007800_大阪府門真市四宮３丁目,27223,大阪府,門真市,四宮３丁目,82,886,82,886,20,58,62,828,60,695,2,133,-,-,-,-
27223007500007900_大阪府門真市四宮４丁目,27223,大阪府,門真市,四宮４丁目,48,572,48,572,12,38,36,534,36,534,-,-,-,-,-,-
27223007500008000_大阪府門真市四宮５丁目,27223,大阪府,門真市,四宮５丁目,83,847,83,847,25,61,58,786,49,666,9,120,-,-,-,-
27223007500008100_大阪府門真市四宮６丁目,27223,大阪府,門真市,四宮６丁目,60,841,60,841,11,30,49,811,48,791,1,20,-,-,-,-
27223005900005900_大阪府門真市五月田町,27223,大阪府,門真市,五月田町,51,333,51,333,19,45,32,288,30,248,2,40,-,-,-,-
27223001800001800_大阪府門真市栄町,27223,大阪府,門真市,栄町,86,410,86,410,47,117,39,293,34,216,5,77,-,-,-,-
27223005700005700_大阪府門真市沖町,27223,大阪府,門真市,沖町,37,656,35,584,8,14,27,570,26,558,1,12,-,-,2,72
27223002000002000_大阪府門真市下島町,27223,大阪府,門真市,下島町,59,380,59,380,15,27,44,353,43,349,1,4,-,-,-,-
27223007000007000_大阪府門真市下馬伏町,27223,大阪府,門真市,下馬伏町,72,503,72,503,27,58,45,445,43,428,2,17,-,-,-,-
27223000800000800_大阪府門真市垣内町,27223,大阪府,門真市,垣内町,80,504,80,504,36,95,44,409,39,371,5,38,-,-,-,-
27223006200006200_大阪府門真市岸和田１丁目,27223,大阪府,門真市,岸和田１丁目,16,279,16,279,2,22,14,257,14,257,-,-,-,-,-,-
27223006200006300_大阪府門真市岸和田２丁目,27223,大阪府,門真市,岸和田２丁目,52,567,52,567,9,24,43,543,41,536,2,7,-,-,-,-
27223006200006400_大阪府門真市岸和田３丁目,27223,大阪府,門真市,岸和田３丁目,69,557,68,517,29,93,39,424,37,393,2,31,-,-,1,40
27223006200006500_大阪府門真市岸和田４丁目,27223,大阪府,門真市,岸和田４丁目,44,512,44,512,13,66,31,446,31,446,-,-,-,-,-,-
27223004800004800_大阪府門真市宮前町,27223,大阪府,門真市,宮前町,38,215,38,215,18,51,20,164,19,155,1,9,-,-,-,-
27223004700004700_大阪府門真市宮野町,27223,大阪府,門真市,宮野町,124,709,124,709,72,196,52,513,38,398,14,115,-,-,-,-
27223001500001500_大阪府門真市桑才新町,27223,大阪府,門真市,桑才新町,124,"1,281",124,"1,281",28,58,96,"1,223",89,"1,168",7,55,-,-,-,-
27223002800002800_大阪府門真市月出町,27223,大阪府,門真市,月出町,52,248,52,248,16,38,36,210,32,200,4,10,-,-,-,-
27223005000005000_大阪府門真市元町,27223,大阪府,門真市,元町,88,505,88,505,39,130,49,375,41,284,8,91,-,-,-,-
27223004000004000_大阪府門真市古川町,27223,大阪府,門真市,古川町,29,290,29,290,11,29,18,261,15,209,3,52,-,-,-,-
27223004500004500_大阪府門真市御堂町,27223,大阪府,門真市,御堂町,50,349,48,270,22,46,25,221,17,171,8,50,1,3,2,79
27223004900004900_大阪府門真市向島町,27223,大阪府,門真市,向島町,65,722,65,722,12,60,53,662,50,634,3,28,-,-,-,-
27223001600001600_大阪府門真市幸福町,27223,大阪府,門真市,幸福町,151,"1,020",150,"1,018",73,202,77,816,65,656,12,160,-,-,1,2
27223006000006000_大阪府門真市江端町,27223,大阪府,門真市,江端町,92,735,91,702,32,110,59,592,54,539,5,53,-,-,1,33
27223001700001700_大阪府門真市寿町,27223,大阪府,門真市,寿町,41,239,41,239,15,46,26,193,26,193,-,-,-,-,-,-
27223003900003900_大阪府門真市舟田町,27223,大阪府,門真市,舟田町,90,715,90,715,43,112,47,603,43,539,4,64,-,-,-,-
27223002100002100_大阪府門真市小路町,27223,大阪府,門真市,小路町,67,269,67,269,39,82,28,187,25,151,3,36,-,-,-,-
27223004200004200_大阪府門真市松生町,27223,大阪府,門真市,松生町,31,882,31,882,3,14,28,868,28,868,-,-,-,-,-,-
27223004300004300_大阪府門真市松葉町,27223,大阪府,門真市,松葉町,27,"3,015",27,"3,015",7,38,20,"2,977",18,"2,971",2,6,-,-,-,-
27223001000001000_大阪府門真市上島町,27223,大阪府,門真市,上島町,98,994,98,994,39,113,59,881,45,307,14,574,-,-,-,-
27223001100001100_大阪府門真市上野口町,27223,大阪府,門真市,上野口町,64,972,61,897,24,71,36,825,35,815,1,10,1,1,3,75
27223002200002200_大阪府門真市城垣町,27223,大阪府,門真市,城垣町,31,210,31,210,7,16,24,194,18,101,6,93,-,-,-,-
27223002400002400_大阪府門真市常称寺町,27223,大阪府,門真市,常称寺町,69,660,69,660,34,127,35,533,30,494,5,39,-,-,-,-
27223002900002900_大阪府門真市常盤町,27223,大阪府,門真市,常盤町,51,267,51,267,19,50,32,217,24,141,8,76,-,-,-,-
27223002300002300_大阪府門真市新橋町,27223,大阪府,門真市,新橋町,194,"2,319",192,"2,300",79,264,113,"2,036",97,"1,774",16,262,-,-,2,19
27223003800003800_大阪府門真市深田町,27223,大阪府,門真市,深田町,82,905,81,804,14,51,65,750,64,748,1,2,2,3,1,101
27223000200000200_大阪府門真市石原町,27223,大阪府,門真市,石原町,84,317,84,317,66,142,18,175,14,140,4,35,-,-,-,-
27223002600002600_大阪府門真市千石西町,27223,大阪府,門真市,千石西町,37,271,35,172,22,56,13,116,13,116,-,-,-,-,2,99
27223002700002700_大阪府門真市千石東町,27223,大阪府,門真市,千石東町,60,382,60,382,26,85,34,297,29,255,5,42,-,-,-,-
27223000300000300_大阪府門真市泉町,27223,大阪府,門真市,泉町,28,660,27,606,8,17,19,589,17,541,2,48,-,-,1,54
27223007700008500_大阪府門真市巣本町,27223,大阪府,門真市,巣本町,18,78,18,78,9,15,9,63,9,63,-,-,-,-,-,-
27223003600003600_大阪府門真市速見町,27223,大阪府,門真市,速見町,73,"1,267",72,"1,234",18,64,54,"1,170",53,"1,164",1,6,-,-,1,33
27223005600005600_大阪府門真市打越町,27223,大阪府,門真市,打越町,38,246,38,246,6,17,32,229,29,185,3,44,-,-,-,-
27223000700000700_大阪府門真市大橋町,27223,大阪府,門真市,大橋町,43,339,41,301,10,31,30,269,26,256,4,13,1,1,2,38
27223005200005200_大阪府門真市大字横地,27223,大阪府,門真市,大字横地,6,566,6,566,2,20,4,546,2,5,2,541,-,-,-,-
27223000400000400_大阪府門真市大字打越,27223,大阪府,門真市,大字打越,5,79,5,79,1,2,4,77,4,77,-,-,-,-,-,-
27223001200001200_大阪府門真市大字北島,27223,大阪府,門真市,大字北島,16,192,12,121,3,10,9,111,8,97,1,14,-,-,4,71
27223000900000900_大阪府門真市大字門真,27223,大阪府,門真市,大字門真,67,"11,718",67,"11,718",-,-,67,"11,718",56,"11,610",11,108,-,-,-,-
27223003300003300_大阪府門真市大字野口,27223,大阪府,門真市,大字野口,11,172,11,172,3,23,8,149,6,72,2,77,-,-,-,-
27223000600000600_大阪府門真市大倉町,27223,大阪府,門真市,大倉町,43,265,43,265,32,93,11,172,11,172,-,-,-,-,-,-
27223000500000500_大阪府門真市大池町,27223,大阪府,門真市,大池町,51,261,51,261,19,52,32,209,30,194,2,15,-,-,-,-
27223003200003200_大阪府門真市中町,27223,大阪府,門真市,中町,38,893,31,208,18,59,12,147,9,49,3,98,1,2,7,685
27223000100000100_大阪府門真市朝日町,27223,大阪府,門真市,朝日町,38,151,38,151,26,61,12,90,9,35,3,55,-,-,-,-
27223003000003000_大阪府門真市殿島町,27223,大阪府,門真市,殿島町,57,"1,262",53,860,4,9,49,851,43,708,6,143,-,-,4,402
27223007100007100_大阪府門真市島頭１丁目,27223,大阪府,門真市,島頭１丁目,16,213,16,213,1,1,15,212,15,212,-,-,-,-,-,-
27223007100007200_大阪府門真市島頭２丁目,27223,大阪府,門真市,島頭２丁目,3,101,3,101,-,-,3,101,3,101,-,-,-,-,-,-
27223007100007300_大阪府門真市島頭３丁目,27223,大阪府,門真市,島頭３丁目,66,996,66,996,13,26,53,970,50,865,3,105,-,-,-,-
27223007100007400_大阪府門真市島頭４丁目,27223,大阪府,門真市,島頭４丁目,81,620,79,522,37,80,42,442,34,386,8,56,-,-,2,98
27223006900006900_大阪府門真市東江端町,27223,大阪府,門真市,東江端町,64,619,64,619,19,71,45,548,44,528,1,20,-,-,-,-
27223005400005400_大阪府門真市東田町,27223,大阪府,門真市,東田町,88,"1,479",88,"1,479",15,28,73,"1,451",71,"1,440",2,11,-,-,-,-
27223003100003100_大阪府門真市堂山町,27223,大阪府,門真市,堂山町,42,388,42,388,14,23,28,365,21,178,7,187,-,-,-,-
27223004600004600_大阪府門真市南野口町,27223,大阪府,門真市,南野口町,40,349,40,349,16,62,24,287,22,277,2,10,-,-,-,-
27223003500003500_大阪府門真市浜町,27223,大阪府,門真市,浜町,51,270,49,200,30,70,19,130,17,99,2,31,-,-,2,70
27223006600006600_大阪府門真市北岸和田１丁目,27223,大阪府,門真市,北岸和田１丁目,15,501,15,501,5,10,10,491,7,250,3,241,-,-,-,-
27223006600006700_大阪府門真市北岸和田２丁目,27223,大阪府,門真市,北岸和田２丁目,22,387,22,387,5,26,17,361,16,356,1,5,-,-,-,-
27223006600006800_大阪府門真市北岸和田３丁目,27223,大阪府,門真市,北岸和田３丁目,17,166,16,124,3,11,13,113,13,113,-,-,-,-,1,42
27223001300001300_大阪府門真市北巣本町,27223,大阪府,門真市,北巣本町,35,362,34,340,6,9,28,331,27,309,1,22,-,-,1,22
27223005800005800_大阪府門真市北島町,27223,大阪府,門真市,北島町,36,320,34,261,10,28,24,233,15,66,9,167,-,-,2,59
27223004100004100_大阪府門真市本町,27223,大阪府,門真市,本町,84,608,84,608,41,95,43,513,34,325,9,188,-,-,-,-
27223002500002500_大阪府門真市末広町,27223,大阪府,門真市,末広町,256,"2,370",256,"2,370",84,347,170,"2,020",151,"1,778",19,242,2,3,-,-
27223003400003400_大阪府門真市野里町,27223,大阪府,門真市,野里町,166,940,166,940,91,254,74,685,63,558,11,127,1,1,-,-
27223005100005100_大阪府門真市柳町,27223,大阪府,門真市,柳町,63,"1,506",60,"1,232",12,24,46,"1,197",42,815,4,382,2,11,3,274
27223005500005500_大阪府門真市柳田町,27223,大阪府,門真市,柳田町,93,"1,620",90,"1,495",10,45,79,"1,449",71,"1,195",8,254,1,1,3,125
27223006100006100_大阪府門真市脇田町,27223,大阪府,門真市,脇田町,64,506,63,472,37,111,26,361,25,329,1,32,-,-,1,34
27223500100063200_大阪府門真市ひえ島町,27223,大阪府,門真市,ひえ島町,61,717,61,717,8,18,53,699,51,696,2,3,-,-,-,-
27223500100063300_大阪府門真市桑才町,27223,大阪府,門真市,桑才町,68,462,68,462,16,46,52,416,48,281,4,135,-,-,-,-
27223500100063400_大阪府門真市北島東町,27223,大阪府,門真市,北島東町,3,33,3,33,-,-,3,33,3,33,-,-,-,-,-,-
27223999999999999_大阪府門真市その他,27223,大阪府,門真市,その他,-,-,-,-,-,-,-,-,-,-,-,-,-,-,-,-
27224_大阪府摂津市,27224,大阪府,摂津市,,"3,986","52,298","3,935","50,144","1,007","3,205","2,916","46,917","2,700","43,280",216,"3,637",12,22,51,"2,154"
27224007300007300_大阪府摂津市一津屋,27224,大阪府,摂津市,一津屋,-,-,-,-,-,-,-,-,-,-,-,-,-,-,-,-
27224007300007400_大阪府摂津市一津屋１丁目,27224,大阪府,摂津市,一津屋１丁目,37,287,36,284,5,27,31,257,28,211,3,46,-,-,1,3
27224007300007500_大阪府摂津市一津屋２丁目,27224,大阪府,摂津市,一津屋２丁目,37,416,35,363,8,11,27,352,25,350,2,2,-,-,2,53
27224007300007600_大阪府摂津市一津屋３丁目,27224,大阪府,摂津市,一津屋３丁目,52,639,51,631,12,31,39,600,39,600,-,-,-,-,1,8
27224008100008100_大阪府摂津市三島１丁目,27224,大阪府,摂津市,三島１丁目,14,837,8,182,-,-,5,179,3,12,2,167,3,3,6,655
27224008100008200_大阪府摂津市三島２丁目,27224,大阪府,摂津市,三島２丁目,31,627,29,573,5,13,24,560,21,510,3,50,-,-,2,54
27224008100008300_大阪府摂津市三島３丁目,27224,大阪府,摂津市,三島３丁目,57,637,54,537,14,73,39,460,29,239,10,221,1,4,3,100
27224008600008600_大阪府摂津市安威川南町,27224,大阪府,摂津市,安威川南町,29,"1,533",29,"1,533",2,2,27,"1,531",27,"1,531",-,-,-,-,-,-
27224000100000100_大阪府摂津市学園町１丁目,27224,大阪府,摂津市,学園町１丁目,36,443,34,332,3,4,31,328,29,306,2,22,-,-,2,111
27224000100000200_大阪府摂津市学園町２丁目,27224,大阪府,摂津市,学園町２丁目,24,237,23,192,4,8,19,184,16,145,3,39,-,-,1,45
27224000400000400_大阪府摂津市香露園,27224,大阪府,摂津市,香露園,72,749,71,729,32,114,39,615,31,537,8,78,-,-,1,20
27224006500006500_大阪府摂津市阪急正雀,27224,大阪府,摂津市,阪急正雀,13,815,13,815,-,-,13,815,12,814,1,1,-,-,-,-
27224000500000500_大阪府摂津市桜町１丁目,27224,大阪府,摂津市,桜町１丁目,11,124,11,124,3,16,8,108,6,50,2,58,-,-,-,-
27224000500000600_大阪府摂津市桜町２丁目,27224,大阪府,摂津市,桜町２丁目,3,78,3,78,1,5,2,73,-,-,2,73,-,-,-,-
27224001300001300_大阪府摂津市庄屋１丁目,27224,大阪府,摂津市,庄屋１丁目,17,65,17,65,8,15,8,49,7,48,1,1,1,1,-,-
27224001300001400_大阪府摂津市庄屋２丁目,27224,大阪府,摂津市,庄屋２丁目,18,180,18,180,7,30,11,150,8,124,3,26,-,-,-,-
27224001500001500_大阪府摂津市昭和園,27224,大阪府,摂津市,昭和園,37,868,36,862,10,25,26,837,25,712,1,125,-,-,1,6
27224001600001600_大阪府摂津市新在家１丁目,27224,大阪府,摂津市,新在家１丁目,72,386,72,386,24,49,48,337,46,326,2,11,-,-,-,-
27224001600001700_大阪府摂津市新在家２丁目,27224,大阪府,摂津市,新在家２丁目,80,"1,206",80,"1,206",24,54,56,"1,152",56,"1,152",-,-,-,-,-,-
27224000700000700_大阪府摂津市正雀１丁目,27224,大阪府,摂津市,正雀１丁目,13,317,13,317,4,13,9,304,3,9,6,295,-,-,-,-
27224000700000800_大阪府摂津市正雀２丁目,27224,大阪府,摂津市,正雀２丁目,17,79,17,79,9,18,8,61,8,61,-,-,-,-,-,-
27224000700000900_大阪府摂津市正雀３丁目,27224,大阪府,摂津市,正雀３丁目,21,156,21,156,12,34,9,122,8,119,1,3,-,-,-,-
27224000700001000_大阪府摂津市正雀４丁目,27224,大阪府,摂津市,正雀４丁目,27,146,25,131,14,33,11,98,10,80,1,18,-,-,2,15
27224001100001100_大阪府摂津市正雀本町１丁目,27224,大阪府,摂津市,正雀本町１丁目,134,845,134,845,82,273,51,569,46,517,5,52,1,3,-,-
27224001100001200_大阪府摂津市正雀本町２丁目,27224,大阪府,摂津市,正雀本町２丁目,27,169,27,169,10,30,17,139,13,101,4,38,-,-,-,-
27224006300006300_大阪府摂津市西一津屋,27224,大阪府,摂津市,西一津屋,27,"3,280",27,"3,280",1,7,26,"3,273",25,"3,268",1,5,-,-,-,-
27224001800001800_大阪府摂津市千里丘１丁目,27224,大阪府,摂津市,千里丘１丁目,147,973,147,973,77,229,69,743,60,579,9,164,1,1,-,-
27224001800001900_大阪府摂津市千里丘２丁目,27224,大阪府,摂津市,千里丘２丁目,111,912,111,912,57,155,54,757,48,639,6,118,-,-,-,-
27224001800002000_大阪府摂津市千里丘３丁目,27224,大阪府,摂津市,千里丘３丁目,20,589,16,533,3,5,13,528,6,464,7,64,-,-,4,56
27224001800002100_大阪府摂津市千里丘４丁目,27224,大阪府,摂津市,千里丘４丁目,12,57,12,57,4,9,8,48,7,42,1,6,-,-,-,-
27224001800002200_大阪府摂津市千里丘５丁目,27224,大阪府,摂津市,千里丘５丁目,35,205,35,205,8,29,26,175,24,159,2,16,1,1,-,-
27224001800002300_大阪府摂津市千里丘６丁目,27224,大阪府,摂津市,千里丘６丁目,23,241,23,241,6,17,16,223,15,223,1,-,1,1,-,-
27224001800002400_大阪府摂津市千里丘７丁目,27224,大阪府,摂津市,千里丘７丁目,44,"1,659",44,"1,659",4,21,40,"1,638",37,"1,598",3,40,-,-,-,-
27224400100400100_大阪府摂津市千里丘新町,27224,大阪府,摂津市,千里丘新町,2,3,2,3,-,-,2,3,1,1,1,2,-,-,-,-
27224002500002500_大阪府摂津市千里丘東１丁目,27224,大阪府,摂津市,千里丘東１丁目,37,299,36,251,13,71,23,180,20,139,3,41,-,-,1,48
27224002500002600_大阪府摂津市千里丘東２丁目,27224,大阪府,摂津市,千里丘東２丁目,69,593,69,593,24,108,45,485,40,416,5,69,-,-,-,-
27224002500002700_大阪府摂津市千里丘東３丁目,27224,大阪府,摂津市,千里丘東３丁目,57,292,57,292,23,91,34,201,30,154,4,47,-,-,-,-
27224002500002800_大阪府摂津市千里丘東４丁目,27224,大阪府,摂津市,千里丘東４丁目,47,229,47,229,15,25,32,204,30,202,2,2,-,-,-,-
27224002500002900_大阪府摂津市千里丘東５丁目,27224,大阪府,摂津市,千里丘東５丁目,13,32,13,32,3,6,9,25,9,25,-,-,1,1,-,-
27224005900005900_大阪府摂津市鳥飼八町１丁目,27224,大阪府,摂津市,鳥飼八町１丁目,16,49,16,49,2,4,14,45,12,42,2,3,-,-,-,-
27224005900006000_大阪府摂津市鳥飼八町２丁目,27224,大阪府,摂津市,鳥飼八町２丁目,3,31,3,31,-,-,3,31,2,27,1,4,-,-,-,-
27224005700005700_大阪府摂津市鳥飼八防１丁目,27224,大阪府,摂津市,鳥飼八防１丁目,50,519,50,519,10,28,40,491,38,448,2,43,-,-,-,-
27224005700005800_大阪府摂津市鳥飼八防２丁目,27224,大阪府,摂津市,鳥飼八防２丁目,24,518,23,472,6,108,17,364,14,208,3,156,-,-,1,46
27224004000004000_大阪府摂津市鳥飼下,27224,大阪府,摂津市,鳥飼下,-,-,-,-,-,-,-,-,-,-,-,-,-,-,-,-
27224004000004100_大阪府摂津市鳥飼下１丁目,27224,大阪府,摂津市,鳥飼下１丁目,47,374,46,339,10,20,36,319,27,224,9,95,-,-,1,35
27224004000004200_大阪府摂津市鳥飼下２丁目,27224,大阪府,摂津市,鳥飼下２丁目,23,160,23,160,4,15,19,145,16,115,3,30,-,-,-,-
27224004000004300_大阪府摂津市鳥飼下３丁目,27224,大阪府,摂津市,鳥飼下３丁目,69,385,69,385,18,53,51,332,48,322,3,10,-,-,-,-
27224003400003400_大阪府摂津市鳥飼上,27224,大阪府,摂津市,鳥飼上,2,19,2,19,-,-,2,19,2,19,-,-,-,-,-,-
27224003400003500_大阪府摂津市鳥飼上１丁目,27224,大阪府,摂津市,鳥飼上１丁目,55,410,53,189,2,11,51,178,48,174,3,4,-,-,2,221
27224003400003600_大阪府摂津市鳥飼上２丁目,27224,大阪府,摂津市,鳥飼上２丁目,51,837,50,834,8,39,42,795,42,795,-,-,-,-,1,3
27224003400003700_大阪府摂津市鳥飼上３丁目,27224,大阪府,摂津市,鳥飼上３丁目,103,"1,301",102,"1,268",17,37,85,"1,231",80,"1,159",5,72,-,-,1,33
27224003400003800_大阪府摂津市鳥飼上４丁目,27224,大阪府,摂津市,鳥飼上４丁目,76,"1,183",76,"1,183",4,31,72,"1,152",72,"1,152",-,-,-,-,-,-
27224003400003900_大阪府摂津市鳥飼上５丁目,27224,大阪府,摂津市,鳥飼上５丁目,58,"1,160",58,"1,160",13,32,45,"1,128",41,"1,086",4,42,-,-,-,-
27224008700008700_大阪府摂津市鳥飼新町１丁目,27224,大阪府,摂津市,鳥飼新町１丁目,15,252,14,219,1,1,13,218,13,218,-,-,-,-,1,33
27224008700008800_大阪府摂津市鳥飼新町２丁目,27224,大阪府,摂津市,鳥飼新町２丁目,36,380,36,380,8,11,28,369,28,369,-,-,-,-,-,-
27224004800004800_大阪府摂津市鳥飼西,27224,大阪府,摂津市,鳥飼西,-,-,-,-,-,-,-,-,-,-,-,-,-,-,-,-
27224004800004900_大阪府摂津市鳥飼西１丁目,27224,大阪府,摂津市,鳥飼西１丁目,17,595,17,595,2,5,15,590,14,589,1,1,-,-,-,-
27224004800005000_大阪府摂津市鳥飼西２丁目,27224,大阪府,摂津市,鳥飼西２丁目,70,421,70,421,28,88,42,333,37,286,5,47,-,-,-,-
27224004800005100_大阪府摂津市鳥飼西３丁目,27224,大阪府,摂津市,鳥飼西３丁目,34,477,31,390,9,23,22,367,22,367,-,-,-,-,3,87
27224004800005200_大阪府摂津市鳥飼西４丁目,27224,大阪府,摂津市,鳥飼西４丁目,25,143,25,143,5,13,20,130,20,130,-,-,-,-,-,-
27224004800005300_大阪府摂津市鳥飼西５丁目,27224,大阪府,摂津市,鳥飼西５丁目,39,"1,748",39,"1,748",3,6,36,"1,742",36,"1,742",-,-,-,-,-,-
27224004400004400_大阪府摂津市鳥飼中,27224,大阪府,摂津市,鳥飼中,-,-,-,-,-,-,-,-,-,-,-,-,-,-,-,-
27224004400004500_大阪府摂津市鳥飼中１丁目,27224,大阪府,摂津市,鳥飼中１丁目,89,565,89,565,16,38,73,527,57,351,16,176,-,-,-,-
27224004400004600_大阪府摂津市鳥飼中２丁目,27224,大阪府,摂津市,鳥飼中２丁目,88,"1,623",88,"1,623",12,38,76,"1,585",73,"1,572",3,13,-,-,-,-
27224004400004700_大阪府摂津市鳥飼中３丁目,27224,大阪府,摂津市,鳥飼中３丁目,52,625,52,625,5,9,47,616,47,616,-,-,-,-,-,-
27224008900008900_大阪府摂津市鳥飼本町１丁目,27224,大阪府,摂津市,鳥飼本町１丁目,77,960,76,955,17,39,59,916,58,895,1,21,-,-,1,5
27224008900009000_大阪府摂津市鳥飼本町２丁目,27224,大阪府,摂津市,鳥飼本町２丁目,72,"1,162",72,"1,162",4,15,68,"1,147",68,"1,147",-,-,-,-,-,-
27224008900009100_大阪府摂津市鳥飼本町３丁目,27224,大阪府,摂津市,鳥飼本町３丁目,85,844,85,844,21,57,64,787,62,779,2,8,-,-,-,-
27224008900009200_大阪府摂津市鳥飼本町４丁目,27224,大阪府,摂津市,鳥飼本町４丁目,85,"1,155",85,"1,155",18,49,67,"1,106",66,"1,099",1,7,-,-,-,-
27224008900009300_大阪府摂津市鳥飼本町５丁目,27224,大阪府,摂津市,鳥飼本町５丁目,105,"1,194",103,"1,136",18,79,84,"1,054",82,"1,041",2,13,1,3,2,58
27224009400009400_大阪府摂津市鳥飼銘木町,27224,大阪府,摂津市,鳥飼銘木町,97,627,97,627,19,48,78,579,76,558,2,21,-,-,-,-
27224005400005400_大阪府摂津市鳥飼野々１丁目,27224,大阪府,摂津市,鳥飼野々１丁目,48,222,47,210,21,50,26,160,23,125,3,35,-,-,1,12
27224005400005500_大阪府摂津市鳥飼野々２丁目,27224,大阪府,摂津市,鳥飼野々２丁目,8,66,8,66,3,6,5,60,4,31,1,29,-,-,-,-
27224005400005600_大阪府摂津市鳥飼野々３丁目,27224,大阪府,摂津市,鳥飼野々３丁目,52,448,52,448,10,30,42,418,41,417,1,1,-,-,-,-
27224006100006100_大阪府摂津市鳥飼和道１丁目,27224,大阪府,摂津市,鳥飼和道１丁目,38,280,38,280,8,15,30,265,30,265,-,-,-,-,-,-
27224006100006200_大阪府摂津市鳥飼和道２丁目,27224,大阪府,摂津市,鳥飼和道２丁目,31,165,31,165,4,26,27,139,27,139,-,-,-,-,-,-
27224003000003000_大阪府摂津市鶴野１丁目,27224,大阪府,摂津市,鶴野１丁目,32,270,31,206,4,11,27,195,25,172,2,23,-,-,1,64
27224003000003100_大阪府摂津市鶴野２丁目,27224,大阪府,摂津市,鶴野２丁目,28,344,28,344,3,11,25,333,24,300,1,33,-,-,-,-
27224003000003200_大阪府摂津市鶴野３丁目,27224,大阪府,摂津市,鶴野３丁目,32,627,32,627,2,3,30,624,30,624,-,-,-,-,-,-
27224003000003300_大阪府摂津市鶴野４丁目,27224,大阪府,摂津市,鶴野４丁目,53,832,53,832,6,17,47,815,46,803,1,12,-,-,-,-
27224006700006700_大阪府摂津市東一津屋,27224,大阪府,摂津市,東一津屋,99,"1,187",99,"1,187",24,146,75,"1,041",72,"1,010",3,31,-,-,-,-
27224006600006600_大阪府摂津市東正雀,27224,大阪府,摂津市,東正雀,32,300,32,300,13,35,19,265,17,255,2,10,-,-,-,-
27224006800006800_大阪府摂津市東別府１丁目,27224,大阪府,摂津市,東別府１丁目,38,631,38,631,3,7,35,624,34,577,1,47,-,-,-,-
27224006800006900_大阪府摂津市東別府２丁目,27224,大阪府,摂津市,東別府２丁目,21,332,21,332,4,16,17,316,17,316,-,-,-,-,-,-
27224006800007000_大阪府摂津市東別府３丁目,27224,大阪府,摂津市,東別府３丁目,54,"1,362",54,"1,362",4,23,50,"1,339",50,"1,339",-,-,-,-,-,-
27224006800007100_大阪府摂津市東別府４丁目,27224,大阪府,摂津市,東別府４丁目,25,562,24,513,5,8,19,505,19,505,-,-,-,-,1,49
27224006800007200_大阪府摂津市東別府５丁目,27224,大阪府,摂津市,東別府５丁目,13,278,10,187,2,2,8,185,6,83,2,102,-,-,3,91
27224008400008400_大阪府摂津市南千里丘,27224,大阪府,摂津市,南千里丘,40,"1,028",37,794,5,26,31,764,18,219,13,545,1,4,3,234
27224008500008500_大阪府摂津市南別府町,27224,大阪府,摂津市,南別府町,81,"1,344",81,"1,344",13,29,68,"1,315",66,"1,288",2,27,-,-,-,-
27224006400006400_大阪府摂津市浜町,27224,大阪府,摂津市,浜町,8,57,8,57,4,6,4,51,4,51,-,-,-,-,-,-
27224007700007700_大阪府摂津市別府,27224,大阪府,摂津市,別府,1,13,1,13,-,-,1,13,-,-,1,13,-,-,-,-
27224007700007800_大阪府摂津市別府１丁目,27224,大阪府,摂津市,別府１丁目,69,306,68,298,20,79,48,219,46,214,2,5,-,-,1,8
27224007700007900_大阪府摂津市別府２丁目,27224,大阪府,摂津市,別府２丁目,50,330,49,329,22,57,27,272,25,263,2,9,-,-,1,1
27224007700008000_大阪府摂津市別府３丁目,27224,大阪府,摂津市,別府３丁目,37,327,37,327,15,43,22,284,19,259,3,25,-,-,-,-
27224000300000300_大阪府摂津市北別府町,27224,大阪府,摂津市,北別府町,10,67,10,67,1,11,9,56,8,32,1,24,-,-,-,-
27224999999999999_大阪府摂津市その他,27224,大阪府,摂津市,その他,-,-,-,-,-,-,-,-,-,-,-,-,-,-,-,-
27225_大阪府高石市,27225,大阪府,高石市,,"1,915","20,383","1,884","19,182",711,"2,146","1,166","17,025","1,023","13,554",143,"3,471",7,11,31,"1,201"
27225000100000100_大阪府高石市綾園１丁目,27225,大阪府,高石市,綾園１丁目,153,"1,333",153,"1,333",85,310,68,"1,023",58,580,10,443,-,-,-,-
27225000100000200_大阪府高石市綾園２丁目,27225,大阪府,高石市,綾園２丁目,55,341,55,341,21,45,32,292,27,156,5,136,2,4,-,-
27225000100000300_大阪府高石市綾園３丁目,27225,大阪府,高石市,綾園３丁目,57,354,56,304,31,64,25,240,23,198,2,42,-,-,1,50
27225000100000400_大阪府高石市綾園４丁目,27225,大阪府,高石市,綾園４丁目,18,150,17,146,4,6,13,140,10,130,3,10,-,-,1,4
27225000100000500_大阪府高石市綾園５丁目,27225,大阪府,高石市,綾園５丁目,16,249,15,209,8,18,7,191,6,37,1,154,-,-,1,40
27225000100000600_大阪府高石市綾園６丁目,27225,大阪府,高石市,綾園６丁目,28,102,28,102,11,23,17,79,16,76,1,3,-,-,-,-
27225000100000700_大阪府高石市綾園７丁目,27225,大阪府,高石市,綾園７丁目,47,499,47,499,20,89,27,410,26,405,1,5,-,-,-,-
27225003900003900_大阪府高石市羽衣１丁目,27225,大阪府,高石市,羽衣１丁目,68,380,68,380,32,111,36,269,25,205,11,64,-,-,-,-
27225003900004000_大阪府高石市羽衣２丁目,27225,大阪府,高石市,羽衣２丁目,26,407,26,407,9,22,17,385,16,383,1,2,-,-,-,-
27225003900004100_大阪府高石市羽衣３丁目,27225,大阪府,高石市,羽衣３丁目,11,78,10,34,5,10,5,24,4,23,1,1,-,-,1,44
27225003900004200_大阪府高石市羽衣４丁目,27225,大阪府,高石市,羽衣４丁目,27,450,26,286,4,6,20,277,16,84,4,193,2,3,1,164
27225003900004300_大阪府高石市羽衣５丁目,27225,大阪府,高石市,羽衣５丁目,40,344,40,344,17,63,23,281,18,202,5,79,-,-,-,-
27225004400004400_大阪府高石市羽衣公園丁,27225,大阪府,高石市,羽衣公園丁,3,56,3,56,-,-,3,56,1,5,2,51,-,-,-,-
27225000800000800_大阪府高石市加茂１丁目,27225,大阪府,高石市,加茂１丁目,42,312,41,305,23,77,18,228,14,186,4,42,-,-,1,7
27225000800000900_大阪府高石市加茂２丁目,27225,大阪府,高石市,加茂２丁目,27,128,27,128,9,13,18,115,18,115,-,-,-,-,-,-
27225000800001000_大阪府高石市加茂３丁目,27225,大阪府,高石市,加茂３丁目,7,87,6,36,2,7,4,29,4,29,-,-,-,-,1,51
27225000800001100_大阪府高石市加茂４丁目,27225,大阪府,高石市,加茂４丁目,42,811,32,409,16,88,16,321,14,254,2,67,-,-,10,402
27225001200001200_大阪府高石市高砂１丁目,27225,大阪府,高石市,高砂１丁目,69,"2,282",69,"2,282",1,3,67,"2,277",65,"2,274",2,3,1,2,-,-
27225001200001300_大阪府高石市高砂２丁目,27225,大阪府,高石市,高砂２丁目,66,"1,610",66,"1,610",1,1,64,"1,608",64,"1,608",-,-,1,1,-,-
27225001200001400_大阪府高石市高砂３丁目,27225,大阪府,高石市,高砂３丁目,77,"1,699",77,"1,699",-,-,76,"1,698",73,"1,692",3,6,1,1,-,-
27225001500001500_大阪府高石市高師浜１丁目,27225,大阪府,高石市,高師浜１丁目,25,212,25,212,10,45,15,167,8,93,7,74,-,-,-,-
27225001500001600_大阪府高石市高師浜２丁目,27225,大阪府,高石市,高師浜２丁目,14,55,14,55,5,9,9,46,8,37,1,9,-,-,-,-
27225001500001700_大阪府高石市高師浜３丁目,27225,大阪府,高石市,高師浜３丁目,34,489,33,454,11,42,22,412,14,264,8,148,-,-,1,35
27225001500001800_大阪府高石市高師浜４丁目,27225,大阪府,高石市,高師浜４丁目,25,148,25,148,14,33,11,115,10,112,1,3,-,-,-,-
27225001900001900_大阪府高石市高師浜丁,27225,大阪府,高石市,高師浜丁,11,106,11,106,-,-,11,106,10,97,1,9,-,-,-,-
27225002600002600_大阪府高石市取石１丁目,27225,大阪府,高石市,取石１丁目,39,186,39,186,21,75,18,111,16,90,2,21,-,-,-,-
27225002600002700_大阪府高石市取石２丁目,27225,大阪府,高石市,取石２丁目,46,255,46,255,21,76,25,179,22,166,3,13,-,-,-,-
27225002600002800_大阪府高石市取石３丁目,27225,大阪府,高石市,取石３丁目,38,287,34,196,15,38,19,158,17,93,2,65,-,-,4,91
27225002600002900_大阪府高石市取石４丁目,27225,大阪府,高石市,取石４丁目,26,151,26,151,11,38,15,113,14,78,1,35,-,-,-,-
27225002600003000_大阪府高石市取石５丁目,27225,大阪府,高石市,取石５丁目,25,276,25,276,3,25,22,251,17,96,5,155,-,-,-,-
27225002600003100_大阪府高石市取石６丁目,27225,大阪府,高石市,取石６丁目,31,295,30,275,3,12,27,263,25,257,2,6,-,-,1,20
27225002600003200_大阪府高石市取石７丁目,27225,大阪府,高石市,取石７丁目,26,214,26,214,14,60,12,154,12,154,-,-,-,-,-,-
27225003300003300_大阪府高石市西取石１丁目,27225,大阪府,高石市,西取石１丁目,44,298,44,298,19,53,25,245,24,240,1,5,-,-,-,-
27225003300003400_大阪府高石市西取石３丁目,27225,大阪府,高石市,西取石３丁目,49,605,48,585,25,54,23,531,21,324,2,207,-,-,1,20
27225003300003500_大阪府高石市西取石５丁目,27225,大阪府,高石市,西取石５丁目,45,431,45,431,10,25,35,406,33,381,2,25,-,-,-,-
27225003300003600_大阪府高石市西取石６丁目,27225,大阪府,高石市,西取石６丁目,30,352,30,352,6,20,24,332,22,302,2,30,-,-,-,-
27225003300003700_大阪府高石市西取石７丁目,27225,大阪府,高石市,西取石７丁目,49,596,49,596,7,37,42,559,42,559,-,-,-,-,-,-
27225003300003800_大阪府高石市西取石８丁目,27225,大阪府,高石市,西取石８丁目,28,486,27,450,3,5,24,445,23,393,1,52,-,-,1,36
27225002000002000_大阪府高石市千代田１丁目,27225,大阪府,高石市,千代田１丁目,69,308,69,308,39,101,30,207,21,119,9,88,-,-,-,-
27225002000002100_大阪府高石市千代田２丁目,27225,大阪府,高石市,千代田２丁目,19,180,19,180,7,24,12,156,12,156,-,-,-,-,-,-
27225002000002200_大阪府高石市千代田３丁目,27225,大阪府,高石市,千代田３丁目,50,215,50,215,26,71,24,144,22,133,2,11,-,-,-,-
27225002000002300_大阪府高石市千代田４丁目,27225,大阪府,高石市,千代田４丁目,19,130,18,103,8,18,10,85,9,49,1,36,-,-,1,27
27225002000002400_大阪府高石市千代田５丁目,27225,大阪府,高石市,千代田５丁目,51,239,49,194,27,62,22,132,18,93,4,39,-,-,2,45
27225002000002500_大阪府高石市千代田６丁目,27225,大阪府,高石市,千代田６丁目,38,302,37,229,18,46,19,183,14,87,5,96,-,-,1,73
27225004500004500_大阪府高石市東羽衣１丁目,27225,大阪府,高石市,東羽衣１丁目,32,443,32,443,10,23,22,420,16,80,6,340,-,-,-,-
27225004500004600_大阪府高石市東羽衣２丁目,27225,大阪府,高石市,東羽衣２丁目,20,149,19,96,8,21,11,75,6,14,5,61,-,-,1,53
27225004500004700_大阪府高石市東羽衣３丁目,27225,大阪府,高石市,東羽衣３丁目,74,355,74,355,42,118,32,237,29,189,3,48,-,-,-,-
27225004500004800_大阪府高石市東羽衣４丁目,27225,大阪府,高石市,東羽衣４丁目,10,100,10,100,3,6,7,94,6,87,1,7,-,-,-,-
27225004500004900_大阪府高石市東羽衣５丁目,27225,大阪府,高石市,東羽衣５丁目,36,119,36,119,19,41,17,78,14,48,3,30,-,-,-,-
27225004500005000_大阪府高石市東羽衣６丁目,27225,大阪府,高石市,東羽衣６丁目,15,106,14,67,2,3,12,64,9,51,3,13,-,-,1,39
27225004500005100_大阪府高石市東羽衣７丁目,27225,大阪府,高石市,東羽衣７丁目,16,607,16,607,5,9,11,598,9,54,2,544,-,-,-,-
27225005200005200_大阪府高石市南高砂,27225,大阪府,高石市,南高砂,2,16,2,16,-,-,2,16,2,16,-,-,-,-,-,-
27225999999999999_大阪府高石市その他,27225,大阪府,高石市,その他,-,-,-,-,-,-,-,-,-,-,-,-,-,-,-,-
27226_大阪府藤井寺市,27226,大阪府,藤井寺市,,"2,632","22,431","2,581","20,240","1,130","3,265","1,444","16,969","1,237","13,832",207,"3,137",7,6,51,"2,191"
27226008500008500_大阪府藤井寺市さくら町,27226,大阪府,藤井寺市,さくら町,3,24,3,24,1,13,2,11,2,11,-,-,-,-,-,-
27226001200001200_大阪府藤井寺市岡１丁目,27226,大阪府,藤井寺市,岡１丁目,179,"1,564",172,926,89,299,81,627,70,521,11,106,2,-,7,638
27226001200001300_大阪府藤井寺市岡２丁目,27226,大阪府,藤井寺市,岡２丁目,260,"2,521",259,"2,460",78,339,180,"2,121",162,"1,899",18,222,1,-,1,61
27226000500000500_大阪府藤井寺市恵美坂１丁目,27226,大阪府,藤井寺市,恵美坂１丁目,33,355,33,355,11,34,22,321,19,236,3,85,-,-,-,-
27226000500000600_大阪府藤井寺市恵美坂２丁目,27226,大阪府,藤井寺市,恵美坂２丁目,9,24,9,24,4,7,5,17,5,17,-,-,-,-,-,-
27226002500002500_大阪府藤井寺市古室１丁目,27226,大阪府,藤井寺市,古室１丁目,24,140,24,140,9,37,15,103,13,70,2,33,-,-,-,-
27226002500002600_大阪府藤井寺市古室２丁目,27226,大阪府,藤井寺市,古室２丁目,5,11,5,11,3,6,2,5,1,4,1,1,-,-,-,-
27226002500002700_大阪府藤井寺市古室３丁目,27226,大阪府,藤井寺市,古室３丁目,26,364,26,364,8,49,18,315,18,315,-,-,-,-,-,-
27226008300008300_大阪府藤井寺市御舟町,27226,大阪府,藤井寺市,御舟町,52,639,50,484,17,61,33,423,28,382,5,41,-,-,2,155
27226002200002200_大阪府藤井寺市国府１丁目,27226,大阪府,藤井寺市,国府１丁目,31,169,29,107,16,44,13,63,10,58,3,5,-,-,2,62
27226002200002300_大阪府藤井寺市国府２丁目,27226,大阪府,藤井寺市,国府２丁目,12,179,10,151,3,5,7,146,7,146,-,-,-,-,2,28
27226002200002400_大阪府藤井寺市国府３丁目,27226,大阪府,藤井寺市,国府３丁目,7,24,7,24,3,4,4,20,4,20,-,-,-,-,-,-
27226001400001400_大阪府藤井寺市春日丘１丁目,27226,大阪府,藤井寺市,春日丘１丁目,129,877,129,877,74,248,55,629,48,571,7,58,-,-,-,-
27226001400001500_大阪府藤井寺市春日丘２丁目,27226,大阪府,藤井寺市,春日丘２丁目,19,70,19,70,10,21,9,49,8,34,1,15,-,-,-,-
27226001400001600_大阪府藤井寺市春日丘３丁目,27226,大阪府,藤井寺市,春日丘３丁目,21,384,21,384,4,10,17,374,11,118,6,256,-,-,-,-
27226008600008600_大阪府藤井寺市春日丘新町,27226,大阪府,藤井寺市,春日丘新町,-,-,-,-,-,-,-,-,-,-,-,-,-,-,-,-
27226002800002800_大阪府藤井寺市小山１丁目,27226,大阪府,藤井寺市,小山１丁目,52,350,50,317,24,63,26,254,18,180,8,74,-,-,2,33
27226002800002900_大阪府藤井寺市小山２丁目,27226,大阪府,藤井寺市,小山２丁目,11,53,11,53,8,18,3,35,3,35,-,-,-,-,-,-
27226002800003000_大阪府藤井寺市小山３丁目,27226,大阪府,藤井寺市,小山３丁目,10,134,9,114,1,3,8,111,2,16,6,95,-,-,1,20
27226002800003100_大阪府藤井寺市小山４丁目,27226,大阪府,藤井寺市,小山４丁目,43,566,43,566,22,67,21,499,17,489,4,10,-,-,-,-
27226002800003200_大阪府藤井寺市小山５丁目,27226,大阪府,藤井寺市,小山５丁目,29,154,29,154,17,48,12,106,10,88,2,18,-,-,-,-
27226002800003300_大阪府藤井寺市小山６丁目,27226,大阪府,藤井寺市,小山６丁目,24,380,24,380,8,20,16,360,16,360,-,-,-,-,-,-
27226002800003400_大阪府藤井寺市小山７丁目,27226,大阪府,藤井寺市,小山７丁目,31,177,28,141,14,22,14,119,14,119,-,-,-,-,3,36
27226002800003500_大阪府藤井寺市小山８丁目,27226,大阪府,藤井寺市,小山８丁目,21,147,21,147,4,8,17,139,17,139,-,-,-,-,-,-
27226002800003600_大阪府藤井寺市小山９丁目,27226,大阪府,藤井寺市,小山９丁目,28,357,26,330,5,7,20,322,16,290,4,32,1,1,2,27
27226003700003700_大阪府藤井寺市小山新町,27226,大阪府,藤井寺市,小山新町,17,61,17,61,6,15,11,46,11,46,-,-,-,-,-,-
27226003800003800_大阪府藤井寺市小山藤の里町,27226,大阪府,藤井寺市,小山藤の里町,22,92,22,92,14,53,8,39,6,20,2,19,-,-,-,-
27226003900003900_大阪府藤井寺市小山藤美町,27226,大阪府,藤井寺市,小山藤美町,1,35,1,35,-,-,1,35,-,-,1,35,-,-,-,-
27226005900005900_大阪府藤井寺市西古室１丁目,27226,大阪府,藤井寺市,西古室１丁目,10,50,10,50,4,5,6,45,5,22,1,23,-,-,-,-
27226005900006000_大阪府藤井寺市西古室２丁目,27226,大阪府,藤井寺市,西古室２丁目,17,91,17,91,7,10,10,81,8,57,2,24,-,-,-,-
27226005700005700_大阪府藤井寺市西大井１丁目,27226,大阪府,藤井寺市,西大井１丁目,30,278,29,268,11,21,18,247,17,196,1,51,-,-,1,10
27226005700005800_大阪府藤井寺市西大井２丁目,27226,大阪府,藤井寺市,西大井２丁目,7,49,7,49,-,-,7,49,7,49,-,-,-,-,-,-
27226000100000100_大阪府藤井寺市青山１丁目,27226,大阪府,藤井寺市,青山１丁目,5,115,5,115,2,4,3,111,2,104,1,7,-,-,-,-
27226000100000200_大阪府藤井寺市青山２丁目,27226,大阪府,藤井寺市,青山２丁目,10,119,10,119,5,9,5,110,4,92,1,18,-,-,-,-
27226000100000300_大阪府藤井寺市青山３丁目,27226,大阪府,藤井寺市,青山３丁目,1,144,-,-,-,-,-,-,-,-,-,-,-,-,1,144
27226001700001700_大阪府藤井寺市川北１丁目,27226,大阪府,藤井寺市,川北１丁目,20,318,20,318,3,6,17,312,17,312,-,-,-,-,-,-
27226001700001800_大阪府藤井寺市川北２丁目,27226,大阪府,藤井寺市,川北２丁目,11,416,10,264,1,2,9,262,9,262,-,-,-,-,1,152
27226001700001900_大阪府藤井寺市川北３丁目,27226,大阪府,藤井寺市,川北３丁目,8,93,6,32,3,6,3,26,3,26,-,-,-,-,2,61
27226008100008100_大阪府藤井寺市船橋町,27226,大阪府,藤井寺市,船橋町,8,84,7,8,4,5,3,3,1,1,2,2,-,-,1,76
27226004400004400_大阪府藤井寺市惣社１丁目,27226,大阪府,藤井寺市,惣社１丁目,31,176,31,176,15,28,16,148,13,104,3,44,-,-,-,-
27226004400004500_大阪府藤井寺市惣社２丁目,27226,大阪府,藤井寺市,惣社２丁目,18,142,18,142,8,23,10,119,6,23,4,96,-,-,-,-
27226000700000700_大阪府藤井寺市大井１丁目,27226,大阪府,藤井寺市,大井１丁目,31,190,30,184,10,39,20,145,20,145,-,-,-,-,1,6
27226000700000800_大阪府藤井寺市大井２丁目,27226,大阪府,藤井寺市,大井２丁目,44,393,44,393,10,26,34,367,33,366,1,1,-,-,-,-
27226000700000900_大阪府藤井寺市大井３丁目,27226,大阪府,藤井寺市,大井３丁目,25,84,25,84,9,18,16,66,13,58,3,8,-,-,-,-
27226000700001000_大阪府藤井寺市大井４丁目,27226,大阪府,藤井寺市,大井４丁目,51,452,51,452,24,60,27,392,24,369,3,23,-,-,-,-
27226000700001100_大阪府藤井寺市大井５丁目,27226,大阪府,藤井寺市,大井５丁目,34,154,34,154,16,36,18,118,15,75,3,43,-,-,-,-
27226004000004000_大阪府藤井寺市沢田１丁目,27226,大阪府,藤井寺市,沢田１丁目,44,306,44,306,13,19,31,287,30,284,1,3,-,-,-,-
27226004000004100_大阪府藤井寺市沢田２丁目,27226,大阪府,藤井寺市,沢田２丁目,58,454,58,454,22,48,36,406,32,343,4,63,-,-,-,-
27226004000004200_大阪府藤井寺市沢田３丁目,27226,大阪府,藤井寺市,沢田３丁目,54,212,52,181,22,45,30,136,26,113,4,23,-,-,2,31
27226004000004300_大阪府藤井寺市沢田４丁目,27226,大阪府,藤井寺市,沢田４丁目,24,66,24,66,16,32,8,34,7,31,1,3,-,-,-,-
27226004600004600_大阪府藤井寺市津堂,27226,大阪府,藤井寺市,津堂,-,-,-,-,-,-,-,-,-,-,-,-,-,-,-,-
27226004600004700_大阪府藤井寺市津堂１丁目,27226,大阪府,藤井寺市,津堂１丁目,20,120,20,120,11,23,9,97,8,79,1,18,-,-,-,-
27226004600004800_大阪府藤井寺市津堂２丁目,27226,大阪府,藤井寺市,津堂２丁目,24,626,24,626,3,11,21,615,18,609,3,6,-,-,-,-
27226004600004900_大阪府藤井寺市津堂３丁目,27226,大阪府,藤井寺市,津堂３丁目,6,110,5,47,1,9,4,38,3,10,1,28,-,-,1,63
27226004600005000_大阪府藤井寺市津堂４丁目,27226,大阪府,藤井寺市,津堂４丁目,20,476,20,476,1,3,19,473,19,473,-,-,-,-,-,-
27226007200007200_大阪府藤井寺市東藤井寺町,27226,大阪府,藤井寺市,東藤井寺町,21,85,21,85,11,48,10,37,9,36,1,1,-,-,-,-
27226007700007700_大阪府藤井寺市藤ケ丘１丁目,27226,大阪府,藤井寺市,藤ケ丘１丁目,8,49,8,49,5,13,3,36,2,31,1,5,-,-,-,-
27226007700007800_大阪府藤井寺市藤ケ丘２丁目,27226,大阪府,藤井寺市,藤ケ丘２丁目,11,134,11,134,-,-,11,134,7,67,4,67,-,-,-,-
27226007700007900_大阪府藤井寺市藤ケ丘３丁目,27226,大阪府,藤井寺市,藤ケ丘３丁目,30,522,30,522,13,28,17,494,15,390,2,104,-,-,-,-
27226007700008000_大阪府藤井寺市藤ケ丘４丁目,27226,大阪府,藤井寺市,藤ケ丘４丁目,18,146,18,146,10,15,8,131,5,64,3,67,-,-,-,-
27226007300007300_大阪府藤井寺市藤井寺１丁目,27226,大阪府,藤井寺市,藤井寺１丁目,175,960,173,823,109,285,63,538,52,433,11,105,1,-,2,137
27226007300007400_大阪府藤井寺市藤井寺２丁目,27226,大阪府,藤井寺市,藤井寺２丁目,24,193,24,193,11,42,13,151,12,138,1,13,-,-,-,-
27226007300007500_大阪府藤井寺市藤井寺３丁目,27226,大阪府,藤井寺市,藤井寺３丁目,26,114,23,65,15,41,8,24,8,24,-,-,-,-,3,49
27226007300007600_大阪府藤井寺市藤井寺４丁目,27226,大阪府,藤井寺市,藤井寺４丁目,19,205,18,185,7,33,11,152,5,24,6,128,-,-,1,20
27226005100005100_大阪府藤井寺市道明寺１丁目,27226,大阪府,藤井寺市,道明寺１丁目,51,319,51,319,27,96,23,218,14,131,9,87,1,5,-,-
27226005100005200_大阪府藤井寺市道明寺２丁目,27226,大阪府,藤井寺市,道明寺２丁目,65,381,64,227,46,97,18,130,11,79,7,51,-,-,1,154
27226005100005300_大阪府藤井寺市道明寺３丁目,27226,大阪府,藤井寺市,道明寺３丁目,3,207,3,207,-,-,3,207,2,51,1,156,-,-,-,-
27226005100005400_大阪府藤井寺市道明寺４丁目,27226,大阪府,藤井寺市,道明寺４丁目,21,82,19,54,11,23,8,31,7,29,1,2,-,-,2,28
27226005100005500_大阪府藤井寺市道明寺５丁目,27226,大阪府,藤井寺市,道明寺５丁目,26,165,26,165,15,46,11,119,10,118,1,1,-,-,-,-
27226005100005600_大阪府藤井寺市道明寺６丁目,27226,大阪府,藤井寺市,道明寺６丁目,17,92,16,65,11,46,5,19,5,19,-,-,-,-,1,27
27226000400000400_大阪府藤井寺市梅が園町,27226,大阪府,藤井寺市,梅が園町,8,23,8,23,4,7,4,16,4,16,-,-,-,-,-,-
27226002000002000_大阪府藤井寺市北岡１丁目,27226,大阪府,藤井寺市,北岡１丁目,41,406,37,324,16,94,21,230,16,173,5,57,-,-,4,82
27226002000002100_大阪府藤井寺市北岡２丁目,27226,大阪府,藤井寺市,北岡２丁目,27,142,27,142,14,37,13,105,12,79,1,26,-,-,-,-
27226008200008200_大阪府藤井寺市北條町,27226,大阪府,藤井寺市,北條町,23,131,23,131,12,45,11,86,9,73,2,13,-,-,-,-
27226006100006100_大阪府藤井寺市野中１丁目,27226,大阪府,藤井寺市,野中１丁目,52,610,52,610,16,42,36,568,31,400,5,168,-,-,-,-
27226006100006200_大阪府藤井寺市野中２丁目,27226,大阪府,藤井寺市,野中２丁目,36,367,36,367,11,32,25,335,23,242,2,93,-,-,-,-
27226006100006300_大阪府藤井寺市野中３丁目,27226,大阪府,藤井寺市,野中３丁目,12,38,12,38,3,5,9,33,8,29,1,4,-,-,-,-
27226006100006400_大阪府藤井寺市野中４丁目,27226,大阪府,藤井寺市,野中４丁目,35,433,35,433,9,24,26,409,20,130,6,279,-,-,-,-
27226006100006500_大阪府藤井寺市野中５丁目,27226,大阪府,藤井寺市,野中５丁目,22,126,22,126,9,17,13,109,13,109,-,-,-,-,-,-
27226008400008400_大阪府藤井寺市陵南町,27226,大阪府,藤井寺市,陵南町,8,37,8,37,4,10,4,27,-,-,4,27,-,-,-,-
27226006600006600_大阪府藤井寺市林１丁目,27226,大阪府,藤井寺市,林１丁目,21,121,19,93,6,15,12,78,12,78,-,-,1,-,2,28
27226006600006700_大阪府藤井寺市林２丁目,27226,大阪府,藤井寺市,林２丁目,43,433,43,433,13,29,30,404,28,372,2,32,-,-,-,-
27226006600006800_大阪府藤井寺市林３丁目,27226,大阪府,藤井寺市,林３丁目,22,126,20,75,13,32,7,43,6,33,1,10,-,-,2,51
27226006600006900_大阪府藤井寺市林４丁目,27226,大阪府,藤井寺市,林４丁目,20,56,20,56,11,22,9,34,8,31,1,3,-,-,-,-
27226006600007000_大阪府藤井寺市林５丁目,27226,大阪府,藤井寺市,林５丁目,25,108,25,108,16,39,9,69,6,32,3,37,-,-,-,-
27226006600007100_大阪府藤井寺市林６丁目,27226,大阪府,藤井寺市,林６丁目,12,51,11,39,8,13,3,26,1,14,2,12,-,-,1,12
27226999999999999_大阪府藤井寺市その他,27226,大阪府,藤井寺市,その他,-,-,-,-,-,-,-,-,-,-,-,-,-,-,-,-
27227_大阪府東大阪市,27227,大阪府,東大阪市,,"24,617","251,559","24,408","241,693","8,146","24,190","16,216","217,315","14,725","187,631","1,491","29,684",46,188,209,"9,866"
27227014500014500_大阪府東大阪市三ノ瀬１丁目,27227,大阪府,東大阪市,三ノ瀬１丁目,27,130,27,130,16,33,11,97,8,74,3,23,-,-,-,-
27227014500014600_大阪府東大阪市三ノ瀬２丁目,27227,大阪府,東大阪市,三ノ瀬２丁目,18,54,18,54,10,20,8,34,5,22,3,12,-,-,-,-
27227014500014700_大阪府東大阪市三ノ瀬３丁目,27227,大阪府,東大阪市,三ノ瀬３丁目,17,61,17,61,10,22,7,39,6,12,1,27,-,-,-,-
27227039600039600_大阪府東大阪市三島１丁目,27227,大阪府,東大阪市,三島１丁目,31,178,31,178,7,14,24,164,23,148,1,16,-,-,-,-
27227039600039700_大阪府東大阪市三島２丁目,27227,大阪府,東大阪市,三島２丁目,18,159,17,56,7,14,10,42,10,42,-,-,-,-,1,103
27227039600039800_大阪府東大阪市三島３丁目,27227,大阪府,東大阪市,三島３丁目,41,411,41,411,2,7,39,404,36,377,3,27,-,-,-,-
27227015000015000_大阪府東大阪市四条町,27227,大阪府,東大阪市,四条町,64,548,64,548,30,99,34,449,22,313,12,136,-,-,-,-
27227014300014300_大阪府東大阪市五条町,27227,大阪府,東大阪市,五条町,14,37,13,33,6,9,7,24,3,4,4,20,-,-,1,4
27227044500044500_大阪府東大阪市六万寺町１丁目,27227,大阪府,東大阪市,六万寺町１丁目,38,279,38,279,16,34,22,245,15,136,7,109,-,-,-,-
27227044500044600_大阪府東大阪市六万寺町２丁目,27227,大阪府,東大阪市,六万寺町２丁目,27,264,25,172,13,28,11,139,10,100,1,39,1,5,2,92
27227044500044700_大阪府東大阪市六万寺町３丁目,27227,大阪府,東大阪市,六万寺町３丁目,36,256,36,256,14,35,22,221,20,181,2,40,-,-,-,-
27227015100015100_大阪府東大阪市七軒家,27227,大阪府,東大阪市,七軒家,67,780,65,718,5,10,60,708,59,693,1,15,-,-,2,62
27227000100000100_大阪府東大阪市旭町,27227,大阪府,東大阪市,旭町,82,708,77,581,26,127,51,454,36,311,15,143,-,-,5,127
27227010400010400_大阪府東大阪市衣摺１丁目,27227,大阪府,東大阪市,衣摺１丁目,54,236,54,236,28,73,26,163,25,159,1,4,-,-,-,-
27227010400010500_大阪府東大阪市衣摺２丁目,27227,大阪府,東大阪市,衣摺２丁目,71,717,71,717,22,76,49,641,42,530,7,111,-,-,-,-
27227010400010600_大阪府東大阪市衣摺３丁目,27227,大阪府,東大阪市,衣摺３丁目,46,250,46,250,15,33,31,217,27,183,4,34,-,-,-,-
27227010400010700_大阪府東大阪市衣摺４丁目,27227,大阪府,東大阪市,衣摺４丁目,77,318,77,318,40,115,37,203,37,203,-,-,-,-,-,-
27227010400010800_大阪府東大阪市衣摺５丁目,27227,大阪府,東大阪市,衣摺５丁目,111,890,110,868,36,91,74,777,74,777,-,-,-,-,1,22
27227010400010900_大阪府東大阪市衣摺６丁目,27227,大阪府,東大阪市,衣摺６丁目,106,886,106,886,52,174,54,712,52,641,2,71,-,-,-,-
27227048400048400_大阪府東大阪市稲田三島町,27227,大阪府,東大阪市,稲田三島町,30,922,30,922,3,26,27,896,27,896,-,-,-,-,-,-
27227047600047600_大阪府東大阪市稲田上町１丁目,27227,大阪府,東大阪市,稲田上町１丁目,87,581,87,581,40,98,47,483,45,466,2,17,-,-,-,-
27227047600047700_大阪府東大阪市稲田上町２丁目,27227,大阪府,東大阪市,稲田上町２丁目,26,"1,797",26,"1,797",2,10,24,"1,787",24,"1,787",-,-,-,-,-,-
27227047800047800_大阪府東大阪市稲田新町１丁目,27227,大阪府,東大阪市,稲田新町１丁目,44,238,44,238,26,61,18,177,16,84,2,93,-,-,-,-
27227047800047900_大阪府東大阪市稲田新町２丁目,27227,大阪府,東大阪市,稲田新町２丁目,86,789,86,789,24,57,62,732,59,660,3,72,-,-,-,-
27227047800048000_大阪府東大阪市稲田新町３丁目,27227,大阪府,東大阪市,稲田新町３丁目,81,"1,470",81,"1,470",7,37,74,"1,433",74,"1,433",-,-,-,-,-,-
27227048100048100_大阪府東大阪市稲田本町１丁目,27227,大阪府,東大阪市,稲田本町１丁目,29,227,28,192,9,26,19,166,17,119,2,47,-,-,1,35
27227048100048200_大阪府東大阪市稲田本町２丁目,27227,大阪府,東大阪市,稲田本町２丁目,45,254,43,194,18,53,25,141,22,133,3,8,-,-,2,60
27227048100048300_大阪府東大阪市稲田本町３丁目,27227,大阪府,東大阪市,稲田本町３丁目,64,289,64,289,39,129,25,160,21,130,4,30,-,-,-,-
27227003200003200_大阪府東大阪市稲葉１丁目,27227,大阪府,東大阪市,稲葉１丁目,38,992,34,527,8,38,26,489,24,318,2,171,-,-,4,465
27227003200003300_大阪府東大阪市稲葉２丁目,27227,大阪府,東大阪市,稲葉２丁目,43,692,42,593,6,13,35,576,33,570,2,6,1,4,1,99
27227003200003400_大阪府東大阪市稲葉３丁目,27227,大阪府,東大阪市,稲葉３丁目,51,566,51,566,18,73,33,493,28,362,5,131,-,-,-,-
27227003200003500_大阪府東大阪市稲葉４丁目,27227,大阪府,東大阪市,稲葉４丁目,5,48,5,48,3,4,2,44,1,43,1,1,-,-,-,-
27227004400004400_大阪府東大阪市瓜生堂１丁目,27227,大阪府,東大阪市,瓜生堂１丁目,72,582,71,553,36,107,34,443,30,403,4,40,1,3,1,29
27227004400004500_大阪府東大阪市瓜生堂２丁目,27227,大阪府,東大阪市,瓜生堂２丁目,45,272,45,272,28,55,17,217,16,199,1,18,-,-,-,-
27227004400004600_大阪府東大阪市瓜生堂３丁目,27227,大阪府,東大阪市,瓜生堂３丁目,13,192,13,192,-,-,13,192,10,168,3,24,-,-,-,-
27227004700004700_大阪府東大阪市永和１丁目,27227,大阪府,東大阪市,永和１丁目,113,852,111,764,57,193,53,570,42,421,11,149,1,1,2,88
27227004700004800_大阪府東大阪市永和２丁目,27227,大阪府,東大阪市,永和２丁目,145,"2,129",140,"1,781",51,110,86,"1,659",59,899,27,760,3,12,5,348
27227004700004900_大阪府東大阪市永和３丁目,27227,大阪府,東大阪市,永和３丁目,59,302,59,302,31,99,28,203,25,186,3,17,-,-,-,-
27227042000042000_大阪府東大阪市横小路町１丁目,27227,大阪府,東大阪市,横小路町１丁目,11,92,11,92,4,6,7,86,5,71,2,15,-,-,-,-
27227042000042100_大阪府東大阪市横小路町２丁目,27227,大阪府,東大阪市,横小路町２丁目,14,61,14,61,3,7,11,54,9,48,2,6,-,-,-,-
27227042000042200_大阪府東大阪市横小路町３丁目,27227,大阪府,東大阪市,横小路町３丁目,18,117,17,83,7,13,10,70,9,67,1,3,-,-,1,34
27227042000042300_大阪府東大阪市横小路町４丁目,27227,大阪府,東大阪市,横小路町４丁目,47,408,47,408,18,76,29,332,27,233,2,99,-,-,-,-
27227042000042400_大阪府東大阪市横小路町５丁目,27227,大阪府,東大阪市,横小路町５丁目,68,590,68,590,26,99,42,491,42,491,-,-,-,-,-,-
27227042000042500_大阪府東大阪市横小路町６丁目,27227,大阪府,東大阪市,横小路町６丁目,25,393,25,393,7,30,18,363,18,363,-,-,-,-,-,-
27227042600042600_大阪府東大阪市横沼町１丁目,27227,大阪府,東大阪市,横沼町１丁目,30,200,30,200,9,28,21,172,19,155,2,17,-,-,-,-
27227042600042700_大阪府東大阪市横沼町２丁目,27227,大阪府,東大阪市,横沼町２丁目,22,86,22,86,10,20,12,66,11,64,1,2,-,-,-,-
27227042600042800_大阪府東大阪市横沼町３丁目,27227,大阪府,東大阪市,横沼町３丁目,51,368,51,368,23,75,28,293,23,260,5,33,-,-,-,-
27227042900042900_大阪府東大阪市横枕,27227,大阪府,東大阪市,横枕,49,898,49,898,9,36,40,862,28,230,12,632,-,-,-,-
27227043000043000_大阪府東大阪市横枕西,27227,大阪府,東大阪市,横枕西,78,895,78,895,12,39,66,856,63,805,3,51,-,-,-,-
27227043100043100_大阪府東大阪市横枕南,27227,大阪府,東大阪市,横枕南,32,264,32,264,8,22,24,242,23,241,1,1,-,-,-,-
27227016100016100_大阪府東大阪市下六万寺町１丁目,27227,大阪府,東大阪市,下六万寺町１丁目,31,139,31,139,12,23,19,116,15,70,4,46,-,-,-,-
27227016100016200_大阪府東大阪市下六万寺町２丁目,27227,大阪府,東大阪市,下六万寺町２丁目,18,282,18,282,7,12,11,270,9,224,2,46,-,-,-,-
27227016100016300_大阪府東大阪市下六万寺町３丁目,27227,大阪府,東大阪市,下六万寺町３丁目,38,375,38,375,15,58,23,317,22,310,1,7,-,-,-,-
27227015600015600_大阪府東大阪市下小阪１丁目,27227,大阪府,東大阪市,下小阪１丁目,64,227,64,227,31,78,33,149,27,109,6,40,-,-,-,-
27227015600015700_大阪府東大阪市下小阪２丁目,27227,大阪府,東大阪市,下小阪２丁目,42,602,41,597,7,25,34,572,29,530,5,42,-,-,1,5
27227015600015800_大阪府東大阪市下小阪３丁目,27227,大阪府,東大阪市,下小阪３丁目,18,350,17,243,5,51,12,192,7,41,5,151,-,-,1,107
27227015600015900_大阪府東大阪市下小阪４丁目,27227,大阪府,東大阪市,下小阪４丁目,34,934,31,389,12,26,19,363,12,174,7,189,-,-,3,545
27227015600016000_大阪府東大阪市下小阪５丁目,27227,大阪府,東大阪市,下小阪５丁目,81,719,80,689,34,124,46,565,37,488,9,77,-,-,1,30
27227007700007700_大阪府東大阪市加納１丁目,27227,大阪府,東大阪市,加納１丁目,35,523,35,523,7,26,28,497,26,464,2,33,-,-,-,-
27227007700007800_大阪府東大阪市加納２丁目,27227,大阪府,東大阪市,加納２丁目,50,157,50,157,10,16,40,141,34,121,6,20,-,-,-,-
27227007700007900_大阪府東大阪市加納３丁目,27227,大阪府,東大阪市,加納３丁目,52,617,51,575,6,13,45,562,38,481,7,81,-,-,1,42
27227007700008000_大阪府東大阪市加納４丁目,27227,大阪府,東大阪市,加納４丁目,130,"2,157",130,"2,157",18,60,112,"2,097",111,"2,092",1,5,-,-,-,-
27227007700008100_大阪府東大阪市加納５丁目,27227,大阪府,東大阪市,加納５丁目,152,"1,651",152,"1,651",22,55,130,"1,596",128,"1,580",2,16,-,-,-,-
27227007700008200_大阪府東大阪市加納６丁目,27227,大阪府,東大阪市,加納６丁目,62,840,62,840,2,4,60,836,58,817,2,19,-,-,-,-
27227007700008300_大阪府東大阪市加納７丁目,27227,大阪府,東大阪市,加納７丁目,60,790,60,790,18,64,42,726,39,708,3,18,-,-,-,-
27227007700008400_大阪府東大阪市加納８丁目,27227,大阪府,東大阪市,加納８丁目,74,500,74,500,30,78,44,422,43,413,1,9,-,-,-,-
27227009300009300_大阪府東大阪市河内町,27227,大阪府,東大阪市,河内町,16,121,14,65,5,6,9,59,9,59,-,-,-,-,2,56
27227031900031900_大阪府東大阪市花園西町１丁目,27227,大阪府,東大阪市,花園西町１丁目,35,143,35,143,17,30,18,113,17,82,1,31,-,-,-,-
27227031900032000_大阪府東大阪市花園西町２丁目,27227,大阪府,東大阪市,花園西町２丁目,9,41,9,41,5,10,4,31,4,31,-,-,-,-,-,-
27227032100032100_大阪府東大阪市花園東町１丁目,27227,大阪府,東大阪市,花園東町１丁目,62,280,62,280,44,112,17,166,13,39,4,127,1,2,-,-
27227032100032200_大阪府東大阪市花園東町２丁目,27227,大阪府,東大阪市,花園東町２丁目,63,344,63,344,30,78,32,265,28,207,4,58,1,1,-,-
27227032100032300_大阪府東大阪市花園東町３丁目,27227,大阪府,東大阪市,花園東町３丁目,6,114,5,29,3,7,2,22,1,21,1,1,-,-,1,85
27227032400032400_大阪府東大阪市花園本町１丁目,27227,大阪府,東大阪市,花園本町１丁目,94,463,93,442,60,186,33,256,27,225,6,31,-,-,1,21
27227032400032500_大阪府東大阪市花園本町２丁目,27227,大阪府,東大阪市,花園本町２丁目,31,138,30,114,15,34,15,80,14,79,1,1,-,-,1,24
27227049300049300_大阪府東大阪市角田１丁目,27227,大阪府,東大阪市,角田１丁目,67,"1,013",67,"1,013",6,56,61,957,61,957,-,-,-,-,-,-
27227049300049400_大阪府東大阪市角田２丁目,27227,大阪府,東大阪市,角田２丁目,49,599,48,591,18,41,30,550,26,521,4,29,-,-,1,8
27227049300049500_大阪府東大阪市角田３丁目,27227,大阪府,東大阪市,角田３丁目,25,119,25,119,3,4,22,115,21,114,1,1,-,-,-,-
27227031300031300_大阪府東大阪市額田町,27227,大阪府,東大阪市,額田町,34,154,34,154,12,42,22,112,18,96,4,16,-,-,-,-
27227010100010100_大阪府東大阪市岸田堂西１丁目,27227,大阪府,東大阪市,岸田堂西１丁目,31,191,31,191,10,27,21,164,17,100,4,64,-,-,-,-
27227010100010200_大阪府東大阪市岸田堂西２丁目,27227,大阪府,東大阪市,岸田堂西２丁目,50,524,50,524,17,40,33,484,30,460,3,24,-,-,-,-
27227010300010300_大阪府東大阪市岸田堂南町,27227,大阪府,東大阪市,岸田堂南町,44,287,44,287,17,28,27,259,26,247,1,12,-,-,-,-
27227010000010000_大阪府東大阪市岸田堂北町,27227,大阪府,東大阪市,岸田堂北町,17,224,17,224,7,9,10,215,7,101,3,114,-,-,-,-
27227003800003800_大阪府東大阪市岩田町１丁目,27227,大阪府,東大阪市,岩田町１丁目,29,364,27,287,7,44,20,243,10,159,10,84,-,-,2,77
27227003800003900_大阪府東大阪市岩田町２丁目,27227,大阪府,東大阪市,岩田町２丁目,13,626,13,626,2,4,11,622,8,606,3,16,-,-,-,-
27227003800004000_大阪府東大阪市岩田町３丁目,27227,大阪府,東大阪市,岩田町３丁目,102,805,102,805,43,135,59,670,54,523,5,147,-,-,-,-
27227003800004100_大阪府東大阪市岩田町４丁目,27227,大阪府,東大阪市,岩田町４丁目,97,"1,273",93,"1,027",35,111,58,916,33,370,25,546,-,-,4,246
27227003800004200_大阪府東大阪市岩田町５丁目,27227,大阪府,東大阪市,岩田町５丁目,67,302,65,257,40,90,25,167,17,82,8,85,-,-,2,45
27227003800004300_大阪府東大阪市岩田町６丁目,27227,大阪府,東大阪市,岩田町６丁目,29,262,27,230,9,33,18,197,18,197,-,-,-,-,2,32
27227011300011300_大阪府東大阪市喜里川町,27227,大阪府,東大阪市,喜里川町,91,496,91,496,47,103,44,393,37,300,7,93,-,-,-,-
27227044100044100_大阪府東大阪市吉原１丁目,27227,大阪府,東大阪市,吉原１丁目,34,216,34,216,4,14,30,202,29,199,1,3,-,-,-,-
27227044100044200_大阪府東大阪市吉原２丁目,27227,大阪府,東大阪市,吉原２丁目,78,"1,083",78,"1,083",21,117,57,966,52,922,5,44,-,-,-,-
27227044300044300_大阪府東大阪市吉松１丁目,27227,大阪府,東大阪市,吉松１丁目,14,85,14,85,7,10,7,75,6,31,1,44,-,-,-,-
27227044300044400_大阪府東大阪市吉松２丁目,27227,大阪府,東大阪市,吉松２丁目,60,307,59,283,37,103,22,180,21,178,1,2,-,-,1,24
27227043200043200_大阪府東大阪市吉田１丁目,27227,大阪府,東大阪市,吉田１丁目,73,362,73,362,47,126,25,227,23,202,2,25,1,9,-,-
27227043200043300_大阪府東大阪市吉田２丁目,27227,大阪府,東大阪市,吉田２丁目,24,81,23,67,9,16,14,51,9,37,5,14,-,-,1,14
27227043200043400_大阪府東大阪市吉田３丁目,27227,大阪府,東大阪市,吉田３丁目,26,59,26,59,13,30,13,29,9,20,4,9,-,-,-,-
27227043200043500_大阪府東大阪市吉田４丁目,27227,大阪府,東大阪市,吉田４丁目,38,414,37,407,13,30,24,377,21,345,3,32,-,-,1,7
27227043200043600_大阪府東大阪市吉田５丁目,27227,大阪府,東大阪市,吉田５丁目,35,295,34,255,14,38,20,217,12,80,8,137,-,-,1,40
27227043200043700_大阪府東大阪市吉田６丁目,27227,大阪府,東大阪市,吉田６丁目,75,571,75,571,31,92,44,479,36,388,8,91,-,-,-,-
27227043200043800_大阪府東大阪市吉田７丁目,27227,大阪府,東大阪市,吉田７丁目,63,625,63,625,35,125,28,500,26,475,2,25,-,-,-,-
27227043200043900_大阪府東大阪市吉田８丁目,27227,大阪府,東大阪市,吉田８丁目,25,180,25,180,8,18,17,162,14,123,3,39,-,-,-,-
27227043200044000_大阪府東大阪市吉田９丁目,27227,大阪府,東大阪市,吉田９丁目,13,285,13,285,3,12,10,273,10,273,-,-,-,-,-,-
27227049600049600_大阪府東大阪市吉田下島,27227,大阪府,東大阪市,吉田下島,76,"1,046",76,"1,046",16,49,60,997,58,993,2,4,-,-,-,-
27227049700049700_大阪府東大阪市吉田本町１丁目,27227,大阪府,東大阪市,吉田本町１丁目,82,"1,038",81,985,17,60,64,925,59,770,5,155,-,-,1,53
27227049700049800_大阪府東大阪市吉田本町２丁目,27227,大阪府,東大阪市,吉田本町２丁目,36,413,36,413,12,47,24,366,24,366,-,-,-,-,-,-
27227049700049900_大阪府東大阪市吉田本町３丁目,27227,大阪府,東大阪市,吉田本町３丁目,67,693,67,693,19,67,48,626,45,621,3,5,-,-,-,-
27227011200011200_大阪府東大阪市客坊町,27227,大阪府,東大阪市,客坊町,15,38,15,38,10,14,5,24,3,20,2,4,-,-,-,-
27227022600022600_大阪府東大阪市玉串元町１丁目,27227,大阪府,東大阪市,玉串元町１丁目,55,264,55,264,23,72,32,192,28,177,4,15,-,-,-,-
27227022600022700_大阪府東大阪市玉串元町２丁目,27227,大阪府,東大阪市,玉串元町２丁目,21,215,21,215,6,30,15,185,11,112,4,73,-,-,-,-
27227022000022000_大阪府東大阪市玉串町西１丁目,27227,大阪府,東大阪市,玉串町西１丁目,18,225,17,180,2,7,15,173,8,109,7,64,-,-,1,45
27227022000022100_大阪府東大阪市玉串町西２丁目,27227,大阪府,東大阪市,玉串町西２丁目,18,315,16,277,2,3,14,274,13,272,1,2,-,-,2,38
27227022000022200_大阪府東大阪市玉串町西３丁目,27227,大阪府,東大阪市,玉串町西３丁目,18,212,18,212,8,41,10,171,7,50,3,121,-,-,-,-
27227022300022300_大阪府東大阪市玉串町東１丁目,27227,大阪府,東大阪市,玉串町東１丁目,34,655,34,655,11,14,23,641,18,496,5,145,-,-,-,-
27227022300022400_大阪府東大阪市玉串町東２丁目,27227,大阪府,東大阪市,玉串町東２丁目,38,253,38,253,15,54,23,199,22,196,1,3,-,-,-,-
27227022300022500_大阪府東大阪市玉串町東３丁目,27227,大阪府,東大阪市,玉串町東３丁目,144,"1,320",144,"1,320",48,153,96,"1,167",96,"1,167",-,-,-,-,-,-
27227005000005000_大阪府東大阪市近江堂１丁目,27227,大阪府,東大阪市,近江堂１丁目,25,79,25,79,13,25,12,54,9,39,3,15,-,-,-,-
27227005000005100_大阪府東大阪市近江堂２丁目,27227,大阪府,東大阪市,近江堂２丁目,54,314,54,314,25,96,29,218,24,147,5,71,-,-,-,-
27227005000005200_大阪府東大阪市近江堂３丁目,27227,大阪府,東大阪市,近江堂３丁目,35,196,33,148,12,34,21,114,21,114,-,-,-,-,2,48
27227007200007200_大阪府東大阪市金岡１丁目,27227,大阪府,東大阪市,金岡１丁目,28,111,27,78,19,52,8,26,5,12,3,14,-,-,1,33
27227007200007300_大阪府東大阪市金岡２丁目,27227,大阪府,東大阪市,金岡２丁目,49,183,49,183,28,62,21,121,20,105,1,16,-,-,-,-
27227007200007400_大阪府東大阪市金岡３丁目,27227,大阪府,東大阪市,金岡３丁目,29,153,29,153,12,20,17,133,15,114,2,19,-,-,-,-
27227007200007500_大阪府東大阪市金岡４丁目,27227,大阪府,東大阪市,金岡４丁目,20,110,20,110,3,10,17,100,16,98,1,2,-,-,-,-
27227007600007600_大阪府東大阪市金物町,27227,大阪府,東大阪市,金物町,69,"1,351",69,"1,351",1,11,68,"1,340",66,"1,336",2,4,-,-,-,-
27227041200041200_大阪府東大阪市元町１丁目,27227,大阪府,東大阪市,元町１丁目,7,70,7,70,1,1,6,69,6,69,-,-,-,-,-,-
27227041200041300_大阪府東大阪市元町２丁目,27227,大阪府,東大阪市,元町２丁目,11,91,11,91,4,6,7,85,7,85,-,-,-,-,-,-
27227012500012500_大阪府東大阪市源氏ケ丘,27227,大阪府,東大阪市,源氏ケ丘,37,184,37,184,18,78,18,105,14,83,4,22,1,1,-,-
27227049000049000_大阪府東大阪市古箕輪１丁目,27227,大阪府,東大阪市,古箕輪１丁目,51,692,51,692,8,27,43,665,38,506,5,159,-,-,-,-
27227041100041100_大阪府東大阪市御幸町,27227,大阪府,東大阪市,御幸町,48,384,48,384,24,42,24,342,22,252,2,90,-,-,-,-
27227037700037700_大阪府東大阪市御厨１丁目,27227,大阪府,東大阪市,御厨１丁目,27,283,27,283,9,23,18,260,14,229,4,31,-,-,-,-
27227037700037800_大阪府東大阪市御厨２丁目,27227,大阪府,東大阪市,御厨２丁目,20,167,20,167,5,10,15,157,14,154,1,3,-,-,-,-
27227037700037900_大阪府東大阪市御厨３丁目,27227,大阪府,東大阪市,御厨３丁目,37,304,37,304,14,37,23,267,22,265,1,2,-,-,-,-
27227037700038000_大阪府東大阪市御厨４丁目,27227,大阪府,東大阪市,御厨４丁目,15,62,15,62,4,8,11,54,11,54,-,-,-,-,-,-
27227037700038100_大阪府東大阪市御厨５丁目,27227,大阪府,東大阪市,御厨５丁目,8,34,8,34,3,6,5,28,4,27,1,1,-,-,-,-
27227037700038200_大阪府東大阪市御厨６丁目,27227,大阪府,東大阪市,御厨６丁目,37,462,37,462,7,15,30,447,29,430,1,17,-,-,-,-
27227038300038300_大阪府東大阪市御厨栄町１丁目,27227,大阪府,東大阪市,御厨栄町１丁目,70,874,70,874,25,103,44,767,39,691,5,76,1,4,-,-
27227038300038400_大阪府東大阪市御厨栄町２丁目,27227,大阪府,東大阪市,御厨栄町２丁目,68,441,68,441,30,59,38,382,36,372,2,10,-,-,-,-
27227038300038500_大阪府東大阪市御厨栄町３丁目,27227,大阪府,東大阪市,御厨栄町３丁目,29,336,28,252,11,37,16,214,16,214,-,-,1,1,1,84
27227038300038600_大阪府東大阪市御厨栄町４丁目,27227,大阪府,東大阪市,御厨栄町４丁目,8,635,7,556,-,-,7,556,4,45,3,511,-,-,1,79
27227038900038900_大阪府東大阪市御厨西ノ町１丁目,27227,大阪府,東大阪市,御厨西ノ町１丁目,32,228,32,228,11,35,21,193,20,169,1,24,-,-,-,-
27227038900039000_大阪府東大阪市御厨西ノ町２丁目,27227,大阪府,東大阪市,御厨西ノ町２丁目,19,100,19,100,3,3,16,97,16,97,-,-,-,-,-,-
27227038700038700_大阪府東大阪市御厨中１丁目,27227,大阪府,東大阪市,御厨中１丁目,70,457,70,457,25,57,45,400,44,399,1,1,-,-,-,-
27227038700038800_大阪府東大阪市御厨中２丁目,27227,大阪府,東大阪市,御厨中２丁目,31,423,31,423,9,19,22,404,17,190,5,214,-,-,-,-
27227039100039100_大阪府東大阪市御厨東１丁目,27227,大阪府,東大阪市,御厨東１丁目,73,845,73,845,21,53,52,792,48,655,4,137,-,-,-,-
27227039100039200_大阪府東大阪市御厨東２丁目,27227,大阪府,東大阪市,御厨東２丁目,74,684,73,645,29,76,44,569,41,543,3,26,-,-,1,39
27227039300039300_大阪府東大阪市御厨南１丁目,27227,大阪府,東大阪市,御厨南１丁目,29,286,29,286,11,41,18,245,15,199,3,46,-,-,-,-
27227039300039400_大阪府東大阪市御厨南２丁目,27227,大阪府,東大阪市,御厨南２丁目,82,649,82,649,38,167,43,481,33,270,10,211,1,1,-,-
27227039300039500_大阪府東大阪市御厨南３丁目,27227,大阪府,東大阪市,御厨南３丁目,47,355,46,323,24,46,22,277,19,143,3,134,-,-,1,32
27227000800000800_大阪府東大阪市荒川１丁目,27227,大阪府,東大阪市,荒川１丁目,74,413,74,413,33,86,41,327,34,263,7,64,-,-,-,-
27227000800000900_大阪府東大阪市荒川２丁目,27227,大阪府,東大阪市,荒川２丁目,75,478,74,435,29,51,45,384,35,287,10,97,-,-,1,43
27227000800001000_大阪府東大阪市荒川３丁目,27227,大阪府,東大阪市,荒川３丁目,117,635,116,602,45,98,70,502,59,420,11,82,1,2,1,33
27227001100001100_大阪府東大阪市荒本１丁目,27227,大阪府,東大阪市,荒本１丁目,37,329,36,311,11,35,25,276,17,195,8,81,-,-,1,18
27227001100001200_大阪府東大阪市荒本２丁目,27227,大阪府,東大阪市,荒本２丁目,39,260,34,173,3,7,29,131,26,125,3,6,2,35,5,87
27227001600001600_大阪府東大阪市荒本新町,27227,大阪府,東大阪市,荒本新町,116,"1,389",116,"1,389",24,102,90,"1,285",85,"1,255",5,30,2,2,-,-
27227001700001700_大阪府東大阪市荒本西１丁目,27227,大阪府,東大阪市,荒本西１丁目,19,380,16,256,1,4,15,252,15,252,-,-,-,-,3,124
27227001700001800_大阪府東大阪市荒本西２丁目,27227,大阪府,東大阪市,荒本西２丁目,4,29,3,23,2,3,1,20,1,20,-,-,-,-,1,6
27227001700001900_大阪府東大阪市荒本西３丁目,27227,大阪府,東大阪市,荒本西３丁目,43,478,43,478,5,10,38,468,36,452,2,16,-,-,-,-
27227001700002000_大阪府東大阪市荒本西４丁目,27227,大阪府,東大阪市,荒本西４丁目,26,451,26,451,4,24,22,427,22,427,-,-,-,-,-,-
27227001300001300_大阪府東大阪市荒本北１丁目,27227,大阪府,東大阪市,荒本北１丁目,79,"2,349",69,640,7,25,57,603,38,340,19,263,5,12,10,"1,709"
27227001300001400_大阪府東大阪市荒本北２丁目,27227,大阪府,東大阪市,荒本北２丁目,51,506,51,506,10,84,41,422,36,290,5,132,-,-,-,-
27227001300001500_大阪府東大阪市荒本北３丁目,27227,大阪府,東大阪市,荒本北３丁目,15,195,15,195,2,15,13,180,13,180,-,-,-,-,-,-
27227019800019800_大阪府東大阪市高井田,27227,大阪府,東大阪市,高井田,130,"1,007",130,"1,007",41,128,89,879,84,848,5,31,-,-,-,-
27227047200047200_大阪府東大阪市高井田元町１丁目,27227,大阪府,東大阪市,高井田元町１丁目,93,955,92,951,35,103,56,842,42,695,14,147,1,6,1,4
27227047200047300_大阪府東大阪市高井田元町２丁目,27227,大阪府,東大阪市,高井田元町２丁目,91,989,87,685,44,136,43,549,35,378,8,171,-,-,4,304
27227020400020400_大阪府東大阪市高井田西１丁目,27227,大阪府,東大阪市,高井田西１丁目,46,414,46,414,14,34,32,380,29,315,3,65,-,-,-,-
27227020400020500_大阪府東大阪市高井田西２丁目,27227,大阪府,東大阪市,高井田西２丁目,71,558,71,558,14,38,57,520,56,515,1,5,-,-,-,-
27227020400020600_大阪府東大阪市高井田西３丁目,27227,大阪府,東大阪市,高井田西３丁目,52,935,52,935,12,36,40,899,40,899,-,-,-,-,-,-
27227020400020700_大阪府東大阪市高井田西４丁目,27227,大阪府,東大阪市,高井田西４丁目,36,312,36,312,6,12,30,300,30,300,-,-,-,-,-,-
27227020400020800_大阪府東大阪市高井田西５丁目,27227,大阪府,東大阪市,高井田西５丁目,38,441,38,441,2,3,36,438,36,438,-,-,-,-,-,-
27227020400020900_大阪府東大阪市高井田西６丁目,27227,大阪府,東大阪市,高井田西６丁目,26,445,26,445,7,13,19,432,19,432,-,-,-,-,-,-
27227019900019900_大阪府東大阪市高井田中１丁目,27227,大阪府,東大阪市,高井田中１丁目,44,532,44,532,11,25,33,507,29,475,4,32,-,-,-,-
27227019900020000_大阪府東大阪市高井田中２丁目,27227,大阪府,東大阪市,高井田中２丁目,29,765,29,765,1,2,28,763,28,763,-,-,-,-,-,-
27227019900020100_大阪府東大阪市高井田中３丁目,27227,大阪府,東大阪市,高井田中３丁目,83,"1,651",83,"1,651",12,27,71,"1,624",71,"1,624",-,-,-,-,-,-
27227019900020200_大阪府東大阪市高井田中４丁目,27227,大阪府,東大阪市,高井田中４丁目,89,906,89,906,28,81,61,825,61,825,-,-,-,-,-,-
27227019900020300_大阪府東大阪市高井田中５丁目,27227,大阪府,東大阪市,高井田中５丁目,32,577,31,547,4,82,27,465,27,465,-,-,-,-,1,30
27227021000021000_大阪府東大阪市高井田本通１丁目,27227,大阪府,東大阪市,高井田本通１丁目,53,360,53,360,23,59,30,301,30,301,-,-,-,-,-,-
27227021000021100_大阪府東大阪市高井田本通２丁目,27227,大阪府,東大阪市,高井田本通２丁目,50,670,50,670,12,25,38,645,38,645,-,-,-,-,-,-
27227021000021200_大阪府東大阪市高井田本通３丁目,27227,大阪府,東大阪市,高井田本通３丁目,33,391,33,391,6,17,27,374,26,373,1,1,-,-,-,-
27227021000021300_大阪府東大阪市高井田本通４丁目,27227,大阪府,東大阪市,高井田本通４丁目,35,791,35,791,4,11,31,780,31,780,-,-,-,-,-,-
27227021000021400_大阪府東大阪市高井田本通５丁目,27227,大阪府,東大阪市,高井田本通５丁目,34,572,34,572,4,8,30,564,30,564,-,-,-,-,-,-
27227021000021500_大阪府東大阪市高井田本通６丁目,27227,大阪府,東大阪市,高井田本通６丁目,17,287,16,265,1,2,15,263,15,263,-,-,-,-,1,22
27227021000021600_大阪府東大阪市高井田本通７丁目,27227,大阪府,東大阪市,高井田本通７丁目,65,457,65,457,25,93,40,364,38,333,2,31,-,-,-,-
27227012800012800_大阪府東大阪市鴻池元町,27227,大阪府,東大阪市,鴻池元町,90,891,90,891,27,93,63,798,56,618,7,180,-,-,-,-
27227012900012900_大阪府東大阪市鴻池町１丁目,27227,大阪府,東大阪市,鴻池町１丁目,45,525,45,525,11,34,34,491,31,478,3,13,-,-,-,-
27227012900013000_大阪府東大阪市鴻池町２丁目,27227,大阪府,東大阪市,鴻池町２丁目,61,365,61,365,38,93,23,272,19,236,4,36,-,-,-,-
27227012600012600_大阪府東大阪市鴻池徳庵町,27227,大阪府,東大阪市,鴻池徳庵町,47,384,47,384,11,24,36,360,36,360,-,-,-,-,-,-
27227012700012700_大阪府東大阪市鴻池本町,27227,大阪府,東大阪市,鴻池本町,64,594,64,594,23,109,41,485,38,444,3,41,-,-,-,-
27227003600003600_大阪府東大阪市今米１丁目,27227,大阪府,東大阪市,今米１丁目,136,"1,404",136,"1,404",24,69,112,"1,335",104,"1,279",8,56,-,-,-,-
27227003600003700_大阪府東大阪市今米２丁目,27227,大阪府,東大阪市,今米２丁目,116,"1,122",116,"1,122",23,66,93,"1,056",91,"1,042",2,14,-,-,-,-
27227014400014400_大阪府東大阪市桜町,27227,大阪府,東大阪市,桜町,36,706,35,515,6,15,29,500,23,418,6,82,-,-,1,191
27227041800041800_大阪府東大阪市山手町,27227,大阪府,東大阪市,山手町,16,53,16,53,5,6,11,47,8,42,3,5,-,-,-,-
27227023200023200_大阪府東大阪市寺前町１丁目,27227,大阪府,東大阪市,寺前町１丁目,23,187,23,187,7,14,16,173,14,106,2,67,-,-,-,-
27227023200023300_大阪府東大阪市寺前町２丁目,27227,大阪府,東大阪市,寺前町２丁目,13,138,12,108,8,20,4,88,2,64,2,24,-,-,1,30
27227045100045100_大阪府東大阪市若江西新町１丁目,27227,大阪府,東大阪市,若江西新町１丁目,28,464,27,338,1,1,26,337,26,337,-,-,-,-,1,126
27227045100045200_大阪府東大阪市若江西新町２丁目,27227,大阪府,東大阪市,若江西新町２丁目,25,254,25,254,3,5,22,249,22,249,-,-,-,-,-,-
27227045100045300_大阪府東大阪市若江西新町３丁目,27227,大阪府,東大阪市,若江西新町３丁目,28,455,28,455,9,32,19,423,14,211,5,212,-,-,-,-
27227045100045400_大阪府東大阪市若江西新町４丁目,27227,大阪府,東大阪市,若江西新町４丁目,43,485,43,485,7,44,36,441,35,437,1,4,-,-,-,-
27227045100045500_大阪府東大阪市若江西新町５丁目,27227,大阪府,東大阪市,若江西新町５丁目,17,581,17,581,1,5,16,576,13,274,3,302,-,-,-,-
27227045600045600_大阪府東大阪市若江東町１丁目,27227,大阪府,東大阪市,若江東町１丁目,21,205,21,205,9,20,12,185,12,185,-,-,-,-,-,-
27227045600045700_大阪府東大阪市若江東町２丁目,27227,大阪府,東大阪市,若江東町２丁目,36,390,36,390,11,38,25,352,23,300,2,52,-,-,-,-
27227045600045800_大阪府東大阪市若江東町３丁目,27227,大阪府,東大阪市,若江東町３丁目,38,254,37,242,12,27,25,215,23,191,2,24,-,-,1,12
27227045600045900_大阪府東大阪市若江東町４丁目,27227,大阪府,東大阪市,若江東町４丁目,85,782,85,782,33,82,52,700,47,667,5,33,-,-,-,-
27227045600046000_大阪府東大阪市若江東町５丁目,27227,大阪府,東大阪市,若江東町５丁目,28,210,28,210,10,25,18,185,18,185,-,-,-,-,-,-
27227045600046100_大阪府東大阪市若江東町６丁目,27227,大阪府,東大阪市,若江東町６丁目,81,"1,081",81,"1,081",21,64,60,"1,017",60,"1,017",-,-,-,-,-,-
27227046600046600_大阪府東大阪市若江南町１丁目,27227,大阪府,東大阪市,若江南町１丁目,26,302,26,302,3,10,23,292,23,292,-,-,-,-,-,-
27227046600046700_大阪府東大阪市若江南町２丁目,27227,大阪府,東大阪市,若江南町２丁目,22,144,21,101,7,20,14,81,12,76,2,5,-,-,1,43
27227046600046800_大阪府東大阪市若江南町３丁目,27227,大阪府,東大阪市,若江南町３丁目,29,417,29,417,3,8,26,409,23,308,3,101,-,-,-,-
27227046600046900_大阪府東大阪市若江南町４丁目,27227,大阪府,東大阪市,若江南町４丁目,17,46,17,46,6,7,11,39,10,39,1,-,-,-,-,-
27227046600047000_大阪府東大阪市若江南町５丁目,27227,大阪府,東大阪市,若江南町５丁目,18,206,17,160,5,8,12,152,12,152,-,-,-,-,1,46
27227044800044800_大阪府東大阪市若江北町１丁目,27227,大阪府,東大阪市,若江北町１丁目,13,139,13,139,3,9,10,130,9,129,1,1,-,-,-,-
27227044800044900_大阪府東大阪市若江北町２丁目,27227,大阪府,東大阪市,若江北町２丁目,21,241,21,241,7,33,14,208,14,208,-,-,-,-,-,-
27227044800045000_大阪府東大阪市若江北町３丁目,27227,大阪府,東大阪市,若江北町３丁目,49,229,48,223,16,49,32,174,27,153,5,21,-,-,1,6
27227046200046200_大阪府東大阪市若江本町１丁目,27227,大阪府,東大阪市,若江本町１丁目,32,164,32,164,15,45,17,119,12,79,5,40,-,-,-,-
27227046200046300_大阪府東大阪市若江本町２丁目,27227,大阪府,東大阪市,若江本町２丁目,25,123,25,123,17,41,8,82,7,77,1,5,-,-,-,-
27227046200046400_大阪府東大阪市若江本町３丁目,27227,大阪府,東大阪市,若江本町３丁目,18,159,18,159,5,10,13,149,11,134,2,15,-,-,-,-
27227046200046500_大阪府東大阪市若江本町４丁目,27227,大阪府,東大阪市,若江本町４丁目,28,83,28,83,10,26,18,57,14,50,4,7,-,-,-,-
27227047100047100_大阪府東大阪市若草町,27227,大阪府,東大阪市,若草町,32,"1,005",32,"1,005",9,17,23,988,19,302,4,686,-,-,-,-
27227013600013600_大阪府東大阪市寿町１丁目,27227,大阪府,東大阪市,寿町１丁目,41,261,41,261,16,31,25,230,20,140,5,90,-,-,-,-
27227013600013700_大阪府東大阪市寿町２丁目,27227,大阪府,東大阪市,寿町２丁目,25,107,25,107,12,25,13,82,11,70,2,12,-,-,-,-
27227013600013800_大阪府東大阪市寿町３丁目,27227,大阪府,東大阪市,寿町３丁目,85,611,85,611,39,103,46,508,42,479,4,29,-,-,-,-
27227015200015200_大阪府東大阪市渋川町１丁目,27227,大阪府,東大阪市,渋川町１丁目,56,447,56,447,20,48,36,399,35,398,1,1,-,-,-,-
27227015200015300_大阪府東大阪市渋川町２丁目,27227,大阪府,東大阪市,渋川町２丁目,103,834,102,795,38,185,64,610,63,598,1,12,-,-,1,39
27227015200015400_大阪府東大阪市渋川町３丁目,27227,大阪府,東大阪市,渋川町３丁目,87,"1,655",87,"1,655",23,87,64,"1,568",63,"1,548",1,20,-,-,-,-
27227015200015500_大阪府東大阪市渋川町４丁目,27227,大阪府,東大阪市,渋川町４丁目,44,425,44,425,11,36,33,389,33,389,-,-,-,-,-,-
27227003000003000_大阪府東大阪市出雲井町,27227,大阪府,東大阪市,出雲井町,8,27,8,27,-,-,8,27,7,16,1,11,-,-,-,-
27227003100003100_大阪府東大阪市出雲井本町,27227,大阪府,東大阪市,出雲井本町,32,561,32,561,13,21,19,540,10,147,9,393,-,-,-,-
27227016400016400_大阪府東大阪市俊徳町１丁目,27227,大阪府,東大阪市,俊徳町１丁目,22,84,22,84,11,38,11,46,10,42,1,4,-,-,-,-
27227016400016500_大阪府東大阪市俊徳町２丁目,27227,大阪府,東大阪市,俊徳町２丁目,16,58,16,58,11,29,5,29,5,29,-,-,-,-,-,-
27227016400016600_大阪府東大阪市俊徳町３丁目,27227,大阪府,東大阪市,俊徳町３丁目,10,72,10,72,4,25,6,47,6,47,-,-,-,-,-,-
27227016400016700_大阪府東大阪市俊徳町４丁目,27227,大阪府,東大阪市,俊徳町４丁目,19,81,19,81,11,29,8,52,5,14,3,38,-,-,-,-
27227016400016800_大阪府東大阪市俊徳町５丁目,27227,大阪府,東大阪市,俊徳町５丁目,27,192,27,192,12,72,15,120,12,96,3,24,-,-,-,-
27227013100013100_大阪府東大阪市小阪１丁目,27227,大阪府,東大阪市,小阪１丁目,78,818,78,818,18,75,59,742,52,691,7,51,1,1,-,-
27227013100013200_大阪府東大阪市小阪２丁目,27227,大阪府,東大阪市,小阪２丁目,126,824,126,824,57,170,69,654,62,564,7,90,-,-,-,-
27227013100013300_大阪府東大阪市小阪３丁目,27227,大阪府,東大阪市,小阪３丁目,53,349,53,349,20,102,31,243,31,243,-,-,2,4,-,-
27227013400013400_大阪府東大阪市小阪本町１丁目,27227,大阪府,東大阪市,小阪本町１丁目,219,"1,299",219,"1,299",121,293,97,"1,005",86,826,11,179,1,1,-,-
27227013400013500_大阪府東大阪市小阪本町２丁目,27227,大阪府,東大阪市,小阪本町２丁目,61,343,61,343,26,98,35,245,30,212,5,33,-,-,-,-
27227013900013900_大阪府東大阪市小若江１丁目,27227,大阪府,東大阪市,小若江１丁目,57,181,57,181,29,82,28,99,23,80,5,19,-,-,-,-
27227013900014000_大阪府東大阪市小若江２丁目,27227,大阪府,東大阪市,小若江２丁目,80,302,80,302,45,107,35,195,32,178,3,17,-,-,-,-
27227013900014100_大阪府東大阪市小若江３丁目,27227,大阪府,東大阪市,小若江３丁目,103,"3,809",103,"3,809",41,156,61,"3,652",46,575,15,"3,077",1,1,-,-
27227013900014200_大阪府東大阪市小若江４丁目,27227,大阪府,東大阪市,小若江４丁目,34,216,34,216,17,58,17,158,14,119,3,39,-,-,-,-
27227016900016900_大阪府東大阪市昭和町,27227,大阪府,東大阪市,昭和町,115,657,115,657,55,149,60,508,46,409,14,99,-,-,-,-
27227037300037300_大阪府東大阪市松原１丁目,27227,大阪府,東大阪市,松原１丁目,38,211,37,161,20,53,17,108,12,72,5,36,-,-,1,50
27227037300037400_大阪府東大阪市松原２丁目,27227,大阪府,東大阪市,松原２丁目,33,289,33,289,17,30,16,259,16,259,-,-,-,-,-,-
27227037500037500_大阪府東大阪市松原南１丁目,27227,大阪府,東大阪市,松原南１丁目,4,40,4,40,-,-,4,40,4,40,-,-,-,-,-,-
27227037500037600_大阪府東大阪市松原南２丁目,27227,大阪府,東大阪市,松原南２丁目,1,23,1,23,-,-,1,23,1,23,-,-,-,-,-,-
27227009100009100_大阪府東大阪市上四条町,27227,大阪府,東大阪市,上四条町,27,211,26,183,4,6,21,176,14,76,7,100,1,1,1,28
27227009200009200_大阪府東大阪市上六万寺町,27227,大阪府,東大阪市,上六万寺町,28,265,28,265,11,23,17,242,12,111,5,131,-,-,-,-
27227008700008700_大阪府東大阪市上小阪１丁目,27227,大阪府,東大阪市,上小阪１丁目,11,61,11,61,1,1,10,60,9,59,1,1,-,-,-,-
27227008700008800_大阪府東大阪市上小阪２丁目,27227,大阪府,東大阪市,上小阪２丁目,39,288,38,256,15,39,23,217,20,157,3,60,-,-,1,32
27227008700008900_大阪府東大阪市上小阪３丁目,27227,大阪府,東大阪市,上小阪３丁目,43,198,42,165,19,60,23,105,20,90,3,15,-,-,1,33
27227008700009000_大阪府東大阪市上小阪４丁目,27227,大阪府,東大阪市,上小阪４丁目,33,124,33,124,11,24,22,100,20,97,2,3,-,-,-,-
27227008500008500_大阪府東大阪市上石切町１丁目,27227,大阪府,東大阪市,上石切町１丁目,17,210,17,210,6,17,11,193,9,169,2,24,-,-,-,-
27227008500008600_大阪府東大阪市上石切町２丁目,27227,大阪府,東大阪市,上石切町２丁目,35,215,34,183,5,26,29,157,16,104,13,53,-,-,1,32
27227017500017500_大阪府東大阪市新家１丁目,27227,大阪府,東大阪市,新家１丁目,32,303,32,303,16,43,16,260,16,260,-,-,-,-,-,-
27227017500017600_大阪府東大阪市新家２丁目,27227,大阪府,東大阪市,新家２丁目,45,335,44,307,14,54,30,253,28,216,2,37,-,-,1,28
27227017500017700_大阪府東大阪市新家３丁目,27227,大阪府,東大阪市,新家３丁目,29,"2,029",29,"2,029",7,31,22,"1,998",17,"1,953",5,45,-,-,-,-
27227017900017900_大阪府東大阪市新家西町,27227,大阪府,東大阪市,新家西町,61,365,61,365,24,84,37,281,34,267,3,14,-,-,-,-
27227017800017800_大阪府東大阪市新家中町,27227,大阪府,東大阪市,新家中町,32,290,32,290,6,16,26,274,26,274,-,-,-,-,-,-
27227018000018000_大阪府東大阪市新家東町,27227,大阪府,東大阪市,新家東町,21,205,21,205,6,27,15,178,15,178,-,-,-,-,-,-
27227014800014800_大阪府東大阪市新喜多１丁目,27227,大阪府,東大阪市,新喜多１丁目,55,269,55,269,22,43,33,226,32,225,1,1,-,-,-,-
27227014800014900_大阪府東大阪市新喜多２丁目,27227,大阪府,東大阪市,新喜多２丁目,19,156,18,122,6,17,12,105,12,105,-,-,-,-,1,34
27227050100050100_大阪府東大阪市新鴻池町,27227,大阪府,東大阪市,新鴻池町,36,331,36,331,6,14,30,317,30,317,-,-,-,-,-,-
27227018100018100_大阪府東大阪市新庄１丁目,27227,大阪府,東大阪市,新庄１丁目,35,200,35,200,12,42,23,158,22,154,1,4,-,-,-,-
27227018100018200_大阪府東大阪市新庄２丁目,27227,大阪府,東大阪市,新庄２丁目,39,203,39,203,5,7,34,196,31,141,3,55,-,-,-,-
27227018100018300_大阪府東大阪市新庄３丁目,27227,大阪府,東大阪市,新庄３丁目,25,131,25,131,3,8,22,123,21,122,1,1,-,-,-,-
27227018100018400_大阪府東大阪市新庄４丁目,27227,大阪府,東大阪市,新庄４丁目,24,776,23,719,5,9,18,710,17,701,1,9,-,-,1,57
27227018500018500_大阪府東大阪市新庄西,27227,大阪府,東大阪市,新庄西,61,866,61,866,4,7,57,859,57,859,-,-,-,-,-,-
27227018600018600_大阪府東大阪市新庄東,27227,大阪府,東大阪市,新庄東,43,351,43,351,9,18,34,333,34,333,-,-,-,-,-,-
27227018700018700_大阪府東大阪市新庄南,27227,大阪府,東大阪市,新庄南,20,269,19,197,4,26,15,171,15,171,-,-,-,-,1,72
27227017400017400_大阪府東大阪市新上小阪,27227,大阪府,東大阪市,新上小阪,21,216,20,204,6,11,14,193,13,85,1,108,-,-,1,12
27227017000017000_大阪府東大阪市新池島町１丁目,27227,大阪府,東大阪市,新池島町１丁目,61,234,61,234,32,51,29,183,27,157,2,26,-,-,-,-
27227017000017100_大阪府東大阪市新池島町２丁目,27227,大阪府,東大阪市,新池島町２丁目,60,322,60,322,33,87,27,235,25,202,2,33,-,-,-,-
27227017000017200_大阪府東大阪市新池島町３丁目,27227,大阪府,東大阪市,新池島町３丁目,42,267,42,267,27,78,15,189,13,154,2,35,-,-,-,-
27227017000017300_大阪府東大阪市新池島町４丁目,27227,大阪府,東大阪市,新池島町４丁目,8,52,8,52,3,22,5,30,5,30,-,-,-,-,-,-
27227018800018800_大阪府東大阪市新町,27227,大阪府,東大阪市,新町,103,"1,104",103,"1,104",24,107,79,997,72,864,7,133,-,-,-,-
27227041400041400_大阪府東大阪市森河内西１丁目,27227,大阪府,東大阪市,森河内西１丁目,134,"1,276",134,"1,276",55,175,79,"1,101",70,"1,020",9,81,-,-,-,-
27227041400041500_大阪府東大阪市森河内西２丁目,27227,大阪府,東大阪市,森河内西２丁目,94,600,94,600,43,126,51,474,43,407,8,67,-,-,-,-
27227041600041600_大阪府東大阪市森河内東１丁目,27227,大阪府,東大阪市,森河内東１丁目,101,706,100,668,40,82,60,586,55,507,5,79,-,-,1,38
27227041600041700_大阪府東大阪市森河内東２丁目,27227,大阪府,東大阪市,森河内東２丁目,51,236,51,236,12,25,39,211,38,210,1,1,-,-,-,-
27227009900009900_大阪府東大阪市神田町,27227,大阪府,東大阪市,神田町,91,629,91,629,41,137,50,492,44,408,6,84,-,-,-,-
27227039900039900_大阪府東大阪市水走１丁目,27227,大阪府,東大阪市,水走１丁目,88,"1,121",87,"1,108",3,5,84,"1,103",82,"1,075",2,28,-,-,1,13
27227039900040000_大阪府東大阪市水走２丁目,27227,大阪府,東大阪市,水走２丁目,73,"1,201",73,"1,201",12,20,61,"1,181",59,"1,177",2,4,-,-,-,-
27227039900040100_大阪府東大阪市水走３丁目,27227,大阪府,東大阪市,水走３丁目,126,"1,830",125,"1,820",13,36,112,"1,784",109,"1,669",3,115,-,-,1,10
27227039900040200_大阪府東大阪市水走４丁目,27227,大阪府,東大阪市,水走４丁目,51,897,50,778,5,31,45,747,44,706,1,41,-,-,1,119
27227039900040300_大阪府東大阪市水走５丁目,27227,大阪府,東大阪市,水走５丁目,62,938,62,938,4,11,58,927,58,927,-,-,-,-,-,-
27227029000029000_大阪府東大阪市西岩田１丁目,27227,大阪府,東大阪市,西岩田１丁目,18,101,18,101,8,30,10,71,5,18,5,53,-,-,-,-
27227029000029100_大阪府東大阪市西岩田２丁目,27227,大阪府,東大阪市,西岩田２丁目,49,543,49,543,7,27,42,516,39,503,3,13,-,-,-,-
27227029000029200_大阪府東大阪市西岩田３丁目,27227,大阪府,東大阪市,西岩田３丁目,64,"2,131",63,"2,120",15,46,48,"2,074",44,764,4,"1,310",-,-,1,11
27227029000029300_大阪府東大阪市西岩田４丁目,27227,大阪府,東大阪市,西岩田４丁目,57,907,56,890,10,20,46,870,42,757,4,113,-,-,1,17
27227029500029500_大阪府東大阪市西鴻池町１丁目,27227,大阪府,東大阪市,西鴻池町１丁目,55,304,55,304,23,47,32,257,25,217,7,40,-,-,-,-
27227029500029600_大阪府東大阪市西鴻池町２丁目,27227,大阪府,東大阪市,西鴻池町２丁目,53,513,52,419,22,88,30,331,26,260,4,71,-,-,1,94
27227029500029700_大阪府東大阪市西鴻池町３丁目,27227,大阪府,東大阪市,西鴻池町３丁目,16,523,16,523,-,-,16,523,16,523,-,-,-,-,-,-
27227029500029800_大阪府東大阪市西鴻池町４丁目,27227,大阪府,東大阪市,西鴻池町４丁目,3,102,3,102,-,-,3,102,3,102,-,-,-,-,-,-
27227029400029400_大阪府東大阪市西上小阪,27227,大阪府,東大阪市,西上小阪,34,414,34,414,14,23,19,389,14,100,5,289,1,2,-,-
27227028300028300_大阪府東大阪市西石切町１丁目,27227,大阪府,東大阪市,西石切町１丁目,93,537,93,537,48,160,45,377,35,282,10,95,-,-,-,-
27227028300028400_大阪府東大阪市西石切町２丁目,27227,大阪府,東大阪市,西石切町２丁目,24,124,24,124,3,9,21,115,18,81,3,34,-,-,-,-
27227028300028500_大阪府東大阪市西石切町３丁目,27227,大阪府,東大阪市,西石切町３丁目,69,781,69,781,12,66,57,715,53,691,4,24,-,-,-,-
27227028300028600_大阪府東大阪市西石切町４丁目,27227,大阪府,東大阪市,西石切町４丁目,36,531,36,531,7,30,29,501,29,501,-,-,-,-,-,-
27227028300028700_大阪府東大阪市西石切町５丁目,27227,大阪府,東大阪市,西石切町５丁目,43,638,43,638,5,22,38,616,37,612,1,4,-,-,-,-
27227028300028800_大阪府東大阪市西石切町６丁目,27227,大阪府,東大阪市,西石切町６丁目,62,573,62,573,19,46,43,527,43,527,-,-,-,-,-,-
27227028300028900_大阪府東大阪市西石切町７丁目,27227,大阪府,東大阪市,西石切町７丁目,35,798,35,798,2,4,33,794,31,743,2,51,-,-,-,-
27227029900029900_大阪府東大阪市西堤１丁目,27227,大阪府,東大阪市,西堤１丁目,39,197,39,197,11,27,28,170,25,142,3,28,-,-,-,-
27227029900030000_大阪府東大阪市西堤２丁目,27227,大阪府,東大阪市,西堤２丁目,13,157,13,157,-,-,13,157,13,157,-,-,-,-,-,-
27227031000031000_大阪府東大阪市西堤学園町１丁目,27227,大阪府,東大阪市,西堤学園町１丁目,40,227,40,227,19,43,21,184,21,184,-,-,-,-,-,-
27227031000031100_大阪府東大阪市西堤学園町２丁目,27227,大阪府,東大阪市,西堤学園町２丁目,48,319,47,284,13,45,34,239,33,212,1,27,-,-,1,35
27227031000031200_大阪府東大阪市西堤学園町３丁目,27227,大阪府,東大阪市,西堤学園町３丁目,10,297,10,297,3,11,7,286,2,5,5,281,-,-,-,-
27227050000050000_大阪府東大阪市西堤西,27227,大阪府,東大阪市,西堤西,19,117,19,117,7,13,12,104,12,104,-,-,-,-,-,-
27227030100030100_大阪府東大阪市西堤楠町１丁目,27227,大阪府,東大阪市,西堤楠町１丁目,2,62,2,62,-,-,2,62,2,62,-,-,-,-,-,-
27227030100030200_大阪府東大阪市西堤楠町２丁目,27227,大阪府,東大阪市,西堤楠町２丁目,14,199,14,199,3,3,11,196,10,186,1,10,-,-,-,-
27227030100030300_大阪府東大阪市西堤楠町３丁目,27227,大阪府,東大阪市,西堤楠町３丁目,46,206,46,206,17,30,29,176,28,174,1,2,-,-,-,-
27227030400030400_大阪府東大阪市西堤本通西１丁目,27227,大阪府,東大阪市,西堤本通西１丁目,82,537,82,537,32,123,50,414,48,403,2,11,-,-,-,-
27227030400030500_大阪府東大阪市西堤本通西２丁目,27227,大阪府,東大阪市,西堤本通西２丁目,62,559,61,520,26,56,35,464,35,464,-,-,-,-,1,39
27227030400030600_大阪府東大阪市西堤本通西３丁目,27227,大阪府,東大阪市,西堤本通西３丁目,24,161,24,161,9,20,15,141,14,133,1,8,-,-,-,-
27227030700030700_大阪府東大阪市西堤本通東１丁目,27227,大阪府,東大阪市,西堤本通東１丁目,117,989,117,989,24,68,92,920,92,920,-,-,1,1,-,-
27227030700030800_大阪府東大阪市西堤本通東２丁目,27227,大阪府,東大阪市,西堤本通東２丁目,30,219,30,219,11,27,19,192,19,192,-,-,-,-,-,-
27227030700030900_大阪府東大阪市西堤本通東３丁目,27227,大阪府,東大阪市,西堤本通東３丁目,25,208,25,208,8,27,17,181,16,150,1,31,-,-,-,-
27227009400009400_大阪府東大阪市川中,27227,大阪府,東大阪市,川中,38,348,38,348,6,48,32,300,32,300,-,-,-,-,-,-
27227048600048600_大阪府東大阪市川田１丁目,27227,大阪府,東大阪市,川田１丁目,28,189,28,189,12,41,16,148,15,142,1,6,-,-,-,-
27227048600048700_大阪府東大阪市川田２丁目,27227,大阪府,東大阪市,川田２丁目,54,365,52,310,6,43,46,267,42,247,4,20,-,-,2,55
27227048600048800_大阪府東大阪市川田３丁目,27227,大阪府,東大阪市,川田３丁目,48,606,47,554,7,30,40,524,39,481,1,43,-,-,1,52
27227048600048900_大阪府東大阪市川田４丁目,27227,大阪府,東大阪市,川田４丁目,115,"1,095",115,"1,095",22,60,93,"1,035",92,"1,023",1,12,-,-,-,-
27227009500009500_大阪府東大阪市川俣１丁目,27227,大阪府,東大阪市,川俣１丁目,188,"2,448",188,"2,448",46,171,142,"2,277",142,"2,277",-,-,-,-,-,-
27227009500009600_大阪府東大阪市川俣２丁目,27227,大阪府,東大阪市,川俣２丁目,13,225,11,162,6,10,5,152,5,152,-,-,-,-,2,63
27227009500009700_大阪府東大阪市川俣３丁目,27227,大阪府,東大阪市,川俣３丁目,33,365,33,365,2,3,31,362,30,339,1,23,-,-,-,-
27227009800009800_大阪府東大阪市川俣本町,27227,大阪府,東大阪市,川俣本町,30,218,30,218,4,10,26,208,23,175,3,33,-,-,-,-
27227019000019000_大阪府東大阪市善根寺町１丁目,27227,大阪府,東大阪市,善根寺町１丁目,16,194,15,151,2,4,13,147,5,54,8,93,-,-,1,43
27227019000019100_大阪府東大阪市善根寺町２丁目,27227,大阪府,東大阪市,善根寺町２丁目,7,30,7,30,2,7,5,23,4,19,1,4,-,-,-,-
27227019000019200_大阪府東大阪市善根寺町３丁目,27227,大阪府,東大阪市,善根寺町３丁目,23,281,23,281,3,30,20,251,17,211,3,40,-,-,-,-
27227019000019300_大阪府東大阪市善根寺町４丁目,27227,大阪府,東大阪市,善根寺町４丁目,51,567,51,567,14,41,37,526,31,488,6,38,-,-,-,-
27227019000019400_大阪府東大阪市善根寺町５丁目,27227,大阪府,東大阪市,善根寺町５丁目,19,222,19,222,9,14,10,208,10,208,-,-,-,-,-,-
27227019000019500_大阪府東大阪市善根寺町６丁目,27227,大阪府,東大阪市,善根寺町６丁目,16,78,16,78,4,6,12,72,8,58,4,14,-,-,-,-
27227000200000200_大阪府東大阪市足代１丁目,27227,大阪府,東大阪市,足代１丁目,196,"1,271",196,"1,271",105,297,91,974,84,895,7,79,-,-,-,-
27227000200000300_大阪府東大阪市足代２丁目,27227,大阪府,東大阪市,足代２丁目,85,638,85,638,25,72,60,566,58,548,2,18,-,-,-,-
27227000200000400_大阪府東大阪市足代３丁目,27227,大阪府,東大阪市,足代３丁目,92,536,92,536,41,107,51,429,40,333,11,96,-,-,-,-
27227000700000700_大阪府東大阪市足代新町,27227,大阪府,東大阪市,足代新町,193,"1,042",193,"1,042",124,387,69,655,64,588,5,67,-,-,-,-
27227047400047400_大阪府東大阪市足代南１丁目,27227,大阪府,東大阪市,足代南１丁目,54,465,54,465,39,121,15,344,12,255,3,89,-,-,-,-
27227047400047500_大阪府東大阪市足代南２丁目,27227,大阪府,東大阪市,足代南２丁目,11,49,10,37,6,12,4,25,2,21,2,4,-,-,1,12
27227000500000500_大阪府東大阪市足代北１丁目,27227,大阪府,東大阪市,足代北１丁目,53,312,53,312,23,50,30,262,28,247,2,15,-,-,-,-
27227000500000600_大阪府東大阪市足代北２丁目,27227,大阪府,東大阪市,足代北２丁目,91,372,91,372,49,129,40,204,34,172,6,32,2,39,-,-
27227019600019600_大阪府東大阪市太平寺１丁目,27227,大阪府,東大阪市,太平寺１丁目,22,279,22,279,9,13,13,266,9,70,4,196,-,-,-,-
27227019600019700_大阪府東大阪市太平寺２丁目,27227,大阪府,東大阪市,太平寺２丁目,34,326,33,314,16,39,17,275,16,274,1,1,-,-,1,12
27227005700005700_大阪府東大阪市大蓮東１丁目,27227,大阪府,東大阪市,大蓮東１丁目,24,142,24,142,7,11,17,131,17,131,-,-,-,-,-,-
27227005700005800_大阪府東大阪市大蓮東２丁目,27227,大阪府,東大阪市,大蓮東２丁目,39,188,37,148,15,30,22,118,12,69,10,49,-,-,2,40
27227005700005900_大阪府東大阪市大蓮東３丁目,27227,大阪府,東大阪市,大蓮東３丁目,44,324,44,324,20,61,24,263,20,246,4,17,-,-,-,-
27227005700006000_大阪府東大阪市大蓮東４丁目,27227,大阪府,東大阪市,大蓮東４丁目,41,378,41,378,11,16,30,362,28,321,2,41,-,-,-,-
27227005700006100_大阪府東大阪市大蓮東５丁目,27227,大阪府,東大阪市,大蓮東５丁目,32,170,32,170,20,46,12,124,10,113,2,11,-,-,-,-
27227006200006200_大阪府東大阪市大蓮南１丁目,27227,大阪府,東大阪市,大蓮南１丁目,35,105,35,105,26,65,9,40,8,39,1,1,-,-,-,-
27227006200006300_大阪府東大阪市大蓮南２丁目,27227,大阪府,東大阪市,大蓮南２丁目,32,157,31,111,16,44,15,67,14,66,1,1,-,-,1,46
27227006200006400_大阪府東大阪市大蓮南３丁目,27227,大阪府,東大阪市,大蓮南３丁目,13,40,13,40,7,9,6,31,6,31,-,-,-,-,-,-
27227006200006500_大阪府東大阪市大蓮南４丁目,27227,大阪府,東大阪市,大蓮南４丁目,39,180,39,180,21,54,18,126,17,122,1,4,-,-,-,-
27227006200006600_大阪府東大阪市大蓮南５丁目,27227,大阪府,東大阪市,大蓮南５丁目,72,296,71,264,40,89,31,175,31,175,-,-,-,-,1,32
27227005300005300_大阪府東大阪市大蓮北１丁目,27227,大阪府,東大阪市,大蓮北１丁目,21,282,21,282,9,25,12,257,11,242,1,15,-,-,-,-
27227005300005400_大阪府東大阪市大蓮北２丁目,27227,大阪府,東大阪市,大蓮北２丁目,66,246,66,246,36,78,30,168,28,154,2,14,-,-,-,-
27227005300005500_大阪府東大阪市大蓮北３丁目,27227,大阪府,東大阪市,大蓮北３丁目,56,319,56,319,33,73,23,246,20,228,3,18,-,-,-,-
27227005300005600_大阪府東大阪市大蓮北４丁目,27227,大阪府,東大阪市,大蓮北４丁目,48,370,46,311,7,14,39,297,38,287,1,10,-,-,2,59
27227021700021700_大阪府東大阪市鷹殿町,27227,大阪府,東大阪市,鷹殿町,101,"1,410",100,"1,327",45,134,55,"1,193",44,683,11,510,-,-,1,83
27227002100002100_大阪府東大阪市池島町１丁目,27227,大阪府,東大阪市,池島町１丁目,13,71,13,71,3,3,10,68,8,65,2,3,-,-,-,-
27227002100002200_大阪府東大阪市池島町２丁目,27227,大阪府,東大阪市,池島町２丁目,27,228,27,228,5,22,22,206,20,191,2,15,-,-,-,-
27227002100002300_大阪府東大阪市池島町３丁目,27227,大阪府,東大阪市,池島町３丁目,63,585,61,519,29,78,32,441,29,419,3,22,-,-,2,66
27227002100002400_大阪府東大阪市池島町４丁目,27227,大阪府,東大阪市,池島町４丁目,24,104,24,104,15,51,9,53,8,49,1,4,-,-,-,-
27227002100002500_大阪府東大阪市池島町５丁目,27227,大阪府,東大阪市,池島町５丁目,5,15,5,15,3,7,2,8,2,8,-,-,-,-,-,-
27227002100002600_大阪府東大阪市池島町６丁目,27227,大阪府,東大阪市,池島町６丁目,9,116,8,53,3,13,5,40,5,40,-,-,-,-,1,63
27227002100002700_大阪府東大阪市池島町７丁目,27227,大阪府,東大阪市,池島町７丁目,-,-,-,-,-,-,-,-,-,-,-,-,-,-,-,-
27227002100002800_大阪府東大阪市池島町８丁目,27227,大阪府,東大阪市,池島町８丁目,27,368,27,368,6,30,21,338,19,224,2,114,-,-,-,-
27227002900002900_大阪府東大阪市池之端町,27227,大阪府,東大阪市,池之端町,28,182,28,182,11,23,17,159,15,88,2,71,-,-,-,-
27227024800024800_大阪府東大阪市中鴻池町１丁目,27227,大阪府,東大阪市,中鴻池町１丁目,44,491,44,491,14,34,29,455,29,455,-,-,1,2,-,-
27227024800024900_大阪府東大阪市中鴻池町２丁目,27227,大阪府,東大阪市,中鴻池町２丁目,31,179,30,166,19,61,11,105,11,105,-,-,-,-,1,13
27227024800025000_大阪府東大阪市中鴻池町３丁目,27227,大阪府,東大阪市,中鴻池町３丁目,8,47,8,47,1,2,7,45,6,30,1,15,-,-,-,-
27227025100025100_大阪府東大阪市中小阪１丁目,27227,大阪府,東大阪市,中小阪１丁目,65,350,63,285,28,78,35,207,28,131,7,76,-,-,2,65
27227025100025200_大阪府東大阪市中小阪２丁目,27227,大阪府,東大阪市,中小阪２丁目,23,63,23,63,9,27,14,36,11,29,3,7,-,-,-,-
27227025100025300_大阪府東大阪市中小阪３丁目,27227,大阪府,東大阪市,中小阪３丁目,33,309,33,309,16,34,17,275,15,235,2,40,-,-,-,-
27227025100025400_大阪府東大阪市中小阪４丁目,27227,大阪府,東大阪市,中小阪４丁目,20,171,20,171,9,21,11,150,9,140,2,10,-,-,-,-
27227025100025500_大阪府東大阪市中小阪５丁目,27227,大阪府,東大阪市,中小阪５丁目,33,291,31,249,11,66,20,183,11,44,9,139,-,-,2,42
27227025600025600_大阪府東大阪市中新開１丁目,27227,大阪府,東大阪市,中新開１丁目,69,753,69,753,11,44,58,709,57,704,1,5,-,-,-,-
27227025600025700_大阪府東大阪市中新開２丁目,27227,大阪府,東大阪市,中新開２丁目,122,"1,160",121,"1,148",28,120,93,"1,028",89,946,4,82,-,-,1,12
27227024100024100_大阪府東大阪市中石切町１丁目,27227,大阪府,東大阪市,中石切町１丁目,24,247,23,190,11,33,12,157,9,52,3,105,-,-,1,57
27227024100024200_大阪府東大阪市中石切町２丁目,27227,大阪府,東大阪市,中石切町２丁目,77,441,76,435,41,111,35,324,32,269,3,55,-,-,1,6
27227024100024300_大阪府東大阪市中石切町３丁目,27227,大阪府,東大阪市,中石切町３丁目,36,414,35,281,10,38,25,243,25,243,-,-,-,-,1,133
27227024100024400_大阪府東大阪市中石切町４丁目,27227,大阪府,東大阪市,中石切町４丁目,68,435,67,385,33,93,34,292,33,284,1,8,-,-,1,50
27227024100024500_大阪府東大阪市中石切町５丁目,27227,大阪府,東大阪市,中石切町５丁目,47,529,47,529,13,48,34,481,34,481,-,-,-,-,-,-
27227024100024600_大阪府東大阪市中石切町６丁目,27227,大阪府,東大阪市,中石切町６丁目,63,957,62,909,4,22,58,887,55,872,3,15,-,-,1,48
27227024100024700_大阪府東大阪市中石切町７丁目,27227,大阪府,東大阪市,中石切町７丁目,19,392,19,392,2,3,17,389,17,389,-,-,-,-,-,-
27227025800025800_大阪府東大阪市中野１丁目,27227,大阪府,東大阪市,中野１丁目,33,259,33,259,7,18,26,241,25,237,1,4,-,-,-,-
27227025800025900_大阪府東大阪市中野２丁目,27227,大阪府,東大阪市,中野２丁目,20,146,20,146,8,18,12,128,11,123,1,5,-,-,-,-
27227050200050200_大阪府東大阪市中野南,27227,大阪府,東大阪市,中野南,25,702,25,702,1,1,24,701,24,701,-,-,-,-,-,-
27227022800022800_大阪府東大阪市長栄寺,27227,大阪府,東大阪市,長栄寺,124,762,122,687,52,132,69,542,56,387,13,155,1,13,2,75
27227026000026000_大阪府東大阪市長瀬町１丁目,27227,大阪府,東大阪市,長瀬町１丁目,31,673,31,673,7,12,23,660,8,82,15,578,1,1,-,-
27227026000026100_大阪府東大阪市長瀬町２丁目,27227,大阪府,東大阪市,長瀬町２丁目,15,102,13,86,6,14,7,72,4,22,3,50,-,-,2,16
27227026000026200_大阪府東大阪市長瀬町３丁目,27227,大阪府,東大阪市,長瀬町３丁目,22,176,17,74,5,13,10,50,8,42,2,8,2,11,5,102
27227026300026300_大阪府東大阪市長田１丁目,27227,大阪府,東大阪市,長田１丁目,20,190,20,190,5,8,15,182,12,123,3,59,-,-,-,-
27227026300026400_大阪府東大阪市長田２丁目,27227,大阪府,東大阪市,長田２丁目,49,305,49,305,5,41,44,264,42,260,2,4,-,-,-,-
27227026300026500_大阪府東大阪市長田３丁目,27227,大阪府,東大阪市,長田３丁目,49,492,49,492,10,30,39,462,34,437,5,25,-,-,-,-
27227027100027100_大阪府東大阪市長田西１丁目,27227,大阪府,東大阪市,長田西１丁目,29,508,28,503,2,6,26,497,26,497,-,-,-,-,1,5
27227027100027200_大阪府東大阪市長田西２丁目,27227,大阪府,東大阪市,長田西２丁目,37,442,37,442,9,29,28,413,27,412,1,1,-,-,-,-
27227027100027300_大阪府東大阪市長田西３丁目,27227,大阪府,東大阪市,長田西３丁目,30,506,30,506,6,15,24,491,24,491,-,-,-,-,-,-
27227027100027400_大阪府東大阪市長田西４丁目,27227,大阪府,東大阪市,長田西４丁目,45,567,45,567,10,47,35,520,34,334,1,186,-,-,-,-
27227027100027500_大阪府東大阪市長田西５丁目,27227,大阪府,東大阪市,長田西５丁目,54,474,54,474,13,29,41,445,41,445,-,-,-,-,-,-
27227027100027600_大阪府東大阪市長田西６丁目,27227,大阪府,東大阪市,長田西６丁目,35,673,35,673,-,-,35,673,35,673,-,-,-,-,-,-
27227026600026600_大阪府東大阪市長田中１丁目,27227,大阪府,東大阪市,長田中１丁目,86,995,86,995,17,62,69,933,67,895,2,38,-,-,-,-
27227026600026700_大阪府東大阪市長田中２丁目,27227,大阪府,東大阪市,長田中２丁目,81,"1,055",81,"1,055",9,51,72,"1,004",68,998,4,6,-,-,-,-
27227026600026800_大阪府東大阪市長田中３丁目,27227,大阪府,東大阪市,長田中３丁目,62,987,62,987,5,46,57,941,55,935,2,6,-,-,-,-
27227026600026900_大阪府東大阪市長田中４丁目,27227,大阪府,東大阪市,長田中４丁目,66,"1,106",66,"1,106",5,25,61,"1,081",60,"1,080",1,1,-,-,-,-
27227026600027000_大阪府東大阪市長田中５丁目,27227,大阪府,東大阪市,長田中５丁目,34,430,34,430,1,3,33,427,33,427,-,-,-,-,-,-
27227027700027700_大阪府東大阪市長田東１丁目,27227,大阪府,東大阪市,長田東１丁目,71,"1,265",71,"1,265",5,46,66,"1,219",62,979,4,240,-,-,-,-
27227027700027800_大阪府東大阪市長田東２丁目,27227,大阪府,東大阪市,長田東２丁目,123,"1,650",123,"1,650",6,14,117,"1,636",117,"1,636",-,-,-,-,-,-
27227027700027900_大阪府東大阪市長田東３丁目,27227,大阪府,東大阪市,長田東３丁目,80,"1,461",80,"1,461",5,13,75,"1,448",71,"1,418",4,30,-,-,-,-
27227027700028000_大阪府東大阪市長田東４丁目,27227,大阪府,東大阪市,長田東４丁目,74,868,74,868,2,6,72,862,71,860,1,2,-,-,-,-
27227027700028100_大阪府東大阪市長田東５丁目,27227,大阪府,東大阪市,長田東５丁目,22,347,21,320,-,-,21,320,21,320,-,-,-,-,1,27
27227022900022900_大阪府東大阪市長堂１丁目,27227,大阪府,東大阪市,長堂１丁目,340,"3,766",335,"3,569",115,435,219,"3,131",204,"2,940",15,191,1,3,5,197
27227022900023000_大阪府東大阪市長堂２丁目,27227,大阪府,東大阪市,長堂２丁目,106,927,106,927,44,151,62,776,56,713,6,63,-,-,-,-
27227022900023100_大阪府東大阪市長堂３丁目,27227,大阪府,東大阪市,長堂３丁目,178,"1,808",177,"1,784",66,192,111,"1,592",107,"1,500",4,92,-,-,1,24
27227024000024000_大阪府東大阪市鳥居町,27227,大阪府,東大阪市,鳥居町,45,303,43,205,19,50,24,155,22,153,2,2,-,-,2,98
27227049100049100_大阪府東大阪市島之内１丁目,27227,大阪府,東大阪市,島之内１丁目,28,399,28,399,7,40,21,359,20,355,1,4,-,-,-,-
27227049100049200_大阪府東大阪市島之内２丁目,27227,大阪府,東大阪市,島之内２丁目,82,686,82,686,23,98,59,588,56,560,3,28,-,-,-,-
27227033300033300_大阪府東大阪市東鴻池町１丁目,27227,大阪府,東大阪市,東鴻池町１丁目,62,"1,136",62,"1,136",16,68,46,"1,068",42,"1,010",4,58,-,-,-,-
27227033300033400_大阪府東大阪市東鴻池町２丁目,27227,大阪府,東大阪市,東鴻池町２丁目,28,"2,023",28,"2,023",5,8,23,"2,015",18,"1,854",5,161,-,-,-,-
27227033300033500_大阪府東大阪市東鴻池町３丁目,27227,大阪府,東大阪市,東鴻池町３丁目,13,642,13,642,3,5,10,637,10,637,-,-,-,-,-,-
27227033300033600_大阪府東大阪市東鴻池町４丁目,27227,大阪府,東大阪市,東鴻池町４丁目,23,416,22,365,3,7,19,358,19,358,-,-,-,-,1,51
27227033300033700_大阪府東大阪市東鴻池町５丁目,27227,大阪府,東大阪市,東鴻池町５丁目,49,702,48,668,18,54,30,614,29,612,1,2,-,-,1,34
27227033900033900_大阪府東大阪市東山町,27227,大阪府,東大阪市,東山町,105,728,105,728,42,128,63,600,57,487,6,113,-,-,-,-
27227033200033200_大阪府東大阪市東上小阪,27227,大阪府,東大阪市,東上小阪,20,158,20,158,11,35,9,123,8,120,1,3,-,-,-,-
27227032600032600_大阪府東大阪市東石切町１丁目,27227,大阪府,東大阪市,東石切町１丁目,71,403,71,403,48,124,23,279,13,123,10,156,-,-,-,-
27227032600032700_大阪府東大阪市東石切町２丁目,27227,大阪府,東大阪市,東石切町２丁目,45,109,45,109,31,73,14,36,11,29,3,7,-,-,-,-
27227032600032800_大阪府東大阪市東石切町３丁目,27227,大阪府,東大阪市,東石切町３丁目,22,67,22,67,15,47,7,20,5,15,2,5,-,-,-,-
27227032600032900_大阪府東大阪市東石切町４丁目,27227,大阪府,東大阪市,東石切町４丁目,28,176,28,176,13,33,15,143,12,75,3,68,-,-,-,-
27227032600033000_大阪府東大阪市東石切町５丁目,27227,大阪府,東大阪市,東石切町５丁目,19,110,19,110,2,3,17,107,14,63,3,44,-,-,-,-
27227032600033100_大阪府東大阪市東石切町６丁目,27227,大阪府,東大阪市,東石切町６丁目,11,20,11,20,2,3,9,17,7,14,2,3,-,-,-,-
27227033800033800_大阪府東大阪市東豊浦町,27227,大阪府,東大阪市,東豊浦町,23,61,23,61,6,14,17,47,12,26,5,21,-,-,-,-
27227035800035800_大阪府東大阪市藤戸新田１丁目,27227,大阪府,東大阪市,藤戸新田１丁目,22,268,21,239,5,8,16,231,15,213,1,18,-,-,1,29
27227035800035900_大阪府東大阪市藤戸新田２丁目,27227,大阪府,東大阪市,藤戸新田２丁目,20,114,20,114,7,15,13,99,13,99,-,-,-,-,-,-
27227048500048500_大阪府東大阪市徳庵本町,27227,大阪府,東大阪市,徳庵本町,45,207,45,207,24,74,21,133,17,104,4,29,-,-,-,-
27227040700040700_大阪府東大阪市南四条町,27227,大阪府,東大阪市,南四条町,32,250,27,147,15,29,12,118,10,82,2,36,-,-,5,103
27227040500040500_大阪府東大阪市南鴻池町１丁目,27227,大阪府,東大阪市,南鴻池町１丁目,20,125,19,61,9,22,10,39,10,39,-,-,-,-,1,64
27227040500040600_大阪府東大阪市南鴻池町２丁目,27227,大阪府,東大阪市,南鴻池町２丁目,59,244,58,220,31,70,27,150,21,125,6,25,-,-,1,24
27227040400040400_大阪府東大阪市南上小阪,27227,大阪府,東大阪市,南上小阪,73,754,73,754,25,133,48,621,45,545,3,76,-,-,-,-
27227028200028200_大阪府東大阪市南荘町,27227,大阪府,東大阪市,南荘町,74,475,72,414,35,97,37,317,28,186,9,131,-,-,2,61
27227012200012200_大阪府東大阪市楠根１丁目,27227,大阪府,東大阪市,楠根１丁目,122,"1,043",120,"1,024",27,78,93,946,91,941,2,5,-,-,2,19
27227012200012300_大阪府東大阪市楠根２丁目,27227,大阪府,東大阪市,楠根２丁目,113,"1,098",113,"1,098",31,81,82,"1,017",74,934,8,83,-,-,-,-
27227012200012400_大阪府東大阪市楠根３丁目,27227,大阪府,東大阪市,楠根３丁目,84,927,84,927,16,42,68,885,67,868,1,17,-,-,-,-
27227011400011400_大阪府東大阪市日下町１丁目,27227,大阪府,東大阪市,日下町１丁目,19,52,19,52,8,21,11,31,8,25,3,6,-,-,-,-
27227011400011500_大阪府東大阪市日下町２丁目,27227,大阪府,東大阪市,日下町２丁目,21,188,21,188,6,19,15,169,9,126,6,43,-,-,-,-
27227011400011600_大阪府東大阪市日下町３丁目,27227,大阪府,東大阪市,日下町３丁目,39,392,38,379,18,52,20,327,16,240,4,87,-,-,1,13
27227011400011700_大阪府東大阪市日下町４丁目,27227,大阪府,東大阪市,日下町４丁目,57,385,57,385,25,78,32,307,28,276,4,31,-,-,-,-
27227011400011800_大阪府東大阪市日下町５丁目,27227,大阪府,東大阪市,日下町５丁目,20,190,20,190,8,43,12,147,12,147,-,-,-,-,-,-
27227011400011900_大阪府東大阪市日下町６丁目,27227,大阪府,東大阪市,日下町６丁目,29,212,27,124,13,26,14,98,10,61,4,37,-,-,2,88
27227011400012000_大阪府東大阪市日下町７丁目,27227,大阪府,東大阪市,日下町７丁目,20,250,18,139,6,15,12,124,10,119,2,5,-,-,2,111
27227011400012100_大阪府東大阪市日下町８丁目,27227,大阪府,東大阪市,日下町８丁目,11,43,11,43,4,9,7,34,6,32,1,2,-,-,-,-
27227006700006700_大阪府東大阪市柏田西１丁目,27227,大阪府,東大阪市,柏田西１丁目,48,271,48,271,25,68,22,202,21,198,1,4,1,1,-,-
27227006700006800_大阪府東大阪市柏田西２丁目,27227,大阪府,東大阪市,柏田西２丁目,137,999,137,999,64,212,73,787,71,778,2,9,-,-,-,-
27227006700006900_大阪府東大阪市柏田西３丁目,27227,大阪府,東大阪市,柏田西３丁目,65,844,63,791,27,86,36,705,35,684,1,21,-,-,2,53
27227007000007000_大阪府東大阪市柏田東町,27227,大阪府,東大阪市,柏田東町,45,587,44,575,20,93,24,482,21,460,3,22,-,-,1,12
27227007100007100_大阪府東大阪市柏田本町,27227,大阪府,東大阪市,柏田本町,92,747,92,747,36,159,56,588,51,554,5,34,-,-,-,-
27227031800031800_大阪府東大阪市箱殿町,27227,大阪府,東大阪市,箱殿町,64,645,62,586,35,74,27,512,25,495,2,17,-,-,2,59
27227034700034700_大阪府東大阪市菱屋西１丁目,27227,大阪府,東大阪市,菱屋西１丁目,116,743,116,743,54,173,62,570,53,509,9,61,-,-,-,-
27227034700034800_大阪府東大阪市菱屋西２丁目,27227,大阪府,東大阪市,菱屋西２丁目,27,937,27,937,9,16,18,921,12,849,6,72,-,-,-,-
27227034700034900_大阪府東大阪市菱屋西３丁目,27227,大阪府,東大阪市,菱屋西３丁目,43,613,43,613,11,44,32,569,24,170,8,399,-,-,-,-
27227034700035000_大阪府東大阪市菱屋西４丁目,27227,大阪府,東大阪市,菱屋西４丁目,24,676,23,640,6,16,17,624,9,40,8,584,-,-,1,36
27227034700035100_大阪府東大阪市菱屋西５丁目,27227,大阪府,東大阪市,菱屋西５丁目,41,380,41,380,15,44,26,336,20,293,6,43,-,-,-,-
27227034700035200_大阪府東大阪市菱屋西６丁目,27227,大阪府,東大阪市,菱屋西６丁目,48,416,48,416,14,46,34,370,31,356,3,14,-,-,-,-
27227035300035400_大阪府東大阪市菱屋東１丁目,27227,大阪府,東大阪市,菱屋東１丁目,33,315,33,315,11,33,22,282,22,282,-,-,-,-,-,-
27227035300035500_大阪府東大阪市菱屋東２丁目,27227,大阪府,東大阪市,菱屋東２丁目,77,513,77,513,31,116,43,393,36,293,7,100,3,4,-,-
27227035300035600_大阪府東大阪市菱屋東３丁目,27227,大阪府,東大阪市,菱屋東３丁目,26,170,26,170,7,9,19,161,18,136,1,25,-,-,-,-
27227034000034100_大阪府東大阪市菱江１丁目,27227,大阪府,東大阪市,菱江１丁目,93,"1,400",93,"1,400",22,55,71,"1,345",67,"1,294",4,51,-,-,-,-
27227034000034200_大阪府東大阪市菱江２丁目,27227,大阪府,東大阪市,菱江２丁目,111,"1,535",110,"1,471",9,35,101,"1,436",95,"1,362",6,74,-,-,1,64
27227034000034300_大阪府東大阪市菱江３丁目,27227,大阪府,東大阪市,菱江３丁目,92,"1,852",92,"1,852",10,93,82,"1,759",76,"1,539",6,220,-,-,-,-
27227034000034400_大阪府東大阪市菱江４丁目,27227,大阪府,東大阪市,菱江４丁目,34,581,34,581,1,1,32,578,32,578,-,-,1,2,-,-
27227034000034500_大阪府東大阪市菱江５丁目,27227,大阪府,東大阪市,菱江５丁目,31,468,31,468,5,28,26,440,14,233,12,207,-,-,-,-
27227034000034600_大阪府東大阪市菱江６丁目,27227,大阪府,東大阪市,菱江６丁目,23,386,22,348,4,10,18,338,18,338,-,-,-,-,1,38
27227035700035700_大阪府東大阪市瓢箪山町,27227,大阪府,東大阪市,瓢箪山町,106,649,106,649,65,236,41,413,32,312,9,101,-,-,-,-
27227031400031400_大阪府東大阪市布市町１丁目,27227,大阪府,東大阪市,布市町１丁目,48,393,48,393,8,27,40,366,37,347,3,19,-,-,-,-
27227031400031500_大阪府東大阪市布市町２丁目,27227,大阪府,東大阪市,布市町２丁目,37,462,37,462,7,25,30,437,25,302,5,135,-,-,-,-
27227031400031600_大阪府東大阪市布市町３丁目,27227,大阪府,東大阪市,布市町３丁目,62,654,62,654,5,9,57,645,53,528,4,117,-,-,-,-
27227031400031700_大阪府東大阪市布市町４丁目,27227,大阪府,東大阪市,布市町４丁目,35,487,34,466,7,14,27,452,26,435,1,17,-,-,1,21
27227036000036000_大阪府東大阪市宝持１丁目,27227,大阪府,東大阪市,宝持１丁目,24,509,23,460,9,18,14,442,12,70,2,372,-,-,1,49
27227036000036100_大阪府東大阪市宝持２丁目,27227,大阪府,東大阪市,宝持２丁目,34,229,34,229,8,15,26,214,23,181,3,33,-,-,-,-
27227036000036200_大阪府東大阪市宝持３丁目,27227,大阪府,東大阪市,宝持３丁目,32,584,31,489,9,39,22,450,18,324,4,126,-,-,1,95
27227036000036300_大阪府東大阪市宝持４丁目,27227,大阪府,東大阪市,宝持４丁目,29,226,28,221,9,18,19,203,17,193,2,10,-,-,1,5
27227021800021800_大阪府東大阪市宝町,27227,大阪府,東大阪市,宝町,179,"1,600",179,"1,600",61,159,118,"1,441",118,"1,441",-,-,-,-,-,-
27227023900023900_大阪府東大阪市豊浦町,27227,大阪府,東大阪市,豊浦町,40,127,40,127,17,39,23,88,19,74,4,14,-,-,-,-
27227011100011100_大阪府東大阪市北鴻池町,27227,大阪府,東大阪市,北鴻池町,2,140,1,117,-,-,1,117,1,117,-,-,-,-,1,23
27227011000011000_大阪府東大阪市北石切町,27227,大阪府,東大阪市,北石切町,27,132,27,132,10,18,17,114,17,114,-,-,-,-,-,-
27227036400036400_大阪府東大阪市本庄１丁目,27227,大阪府,東大阪市,本庄１丁目,29,423,28,390,5,6,23,384,21,351,2,33,-,-,1,33
27227036400036500_大阪府東大阪市本庄２丁目,27227,大阪府,東大阪市,本庄２丁目,41,354,41,354,8,32,33,322,33,322,-,-,-,-,-,-
27227036800036800_大阪府東大阪市本庄西１丁目,27227,大阪府,東大阪市,本庄西１丁目,77,"1,242",77,"1,242",3,6,74,"1,236",73,"1,235",1,1,-,-,-,-
27227036800036900_大阪府東大阪市本庄西２丁目,27227,大阪府,東大阪市,本庄西２丁目,94,"1,241",94,"1,241",5,10,89,"1,231",88,"1,226",1,5,-,-,-,-
27227036800037000_大阪府東大阪市本庄西３丁目,27227,大阪府,東大阪市,本庄西３丁目,62,945,62,945,1,12,61,933,61,933,-,-,-,-,-,-
27227036600036600_大阪府東大阪市本庄中１丁目,27227,大阪府,東大阪市,本庄中１丁目,42,833,42,833,3,6,39,827,38,822,1,5,-,-,-,-
27227036600036700_大阪府東大阪市本庄中２丁目,27227,大阪府,東大阪市,本庄中２丁目,39,509,39,509,-,-,39,509,39,509,-,-,-,-,-,-
27227037100037100_大阪府東大阪市本庄東,27227,大阪府,東大阪市,本庄東,12,437,12,437,-,-,12,437,12,437,-,-,-,-,-,-
27227037200037200_大阪府東大阪市本町,27227,大阪府,東大阪市,本町,85,488,85,488,40,95,45,393,43,389,2,4,-,-,-,-
27227018900018900_大阪府東大阪市末広町,27227,大阪府,東大阪市,末広町,60,347,60,347,31,84,29,263,28,229,1,34,-,-,-,-
27227040800040800_大阪府東大阪市箕輪１丁目,27227,大阪府,東大阪市,箕輪１丁目,19,181,19,181,3,4,16,177,15,174,1,3,-,-,-,-
27227040800040900_大阪府東大阪市箕輪２丁目,27227,大阪府,東大阪市,箕輪２丁目,59,455,59,455,14,37,45,418,44,417,1,1,-,-,-,-
27227040800041000_大阪府東大阪市箕輪３丁目,27227,大阪府,東大阪市,箕輪３丁目,35,533,35,533,7,18,28,515,27,514,1,1,-,-,-,-
27227041900041900_大阪府東大阪市弥生町,27227,大阪府,東大阪市,弥生町,88,"2,036",87,"2,033",20,63,67,"1,970",61,"1,096",6,874,-,-,1,3
27227023400023400_大阪府東大阪市友井１丁目,27227,大阪府,東大阪市,友井１丁目,21,97,20,68,13,36,7,32,5,14,2,18,-,-,1,29
27227023400023500_大阪府東大阪市友井２丁目,27227,大阪府,東大阪市,友井２丁目,93,501,91,430,46,113,45,317,40,265,5,52,-,-,2,71
27227023400023600_大阪府東大阪市友井３丁目,27227,大阪府,東大阪市,友井３丁目,67,599,67,599,39,98,28,501,19,182,9,319,-,-,-,-
27227023400023700_大阪府東大阪市友井４丁目,27227,大阪府,東大阪市,友井４丁目,24,136,24,136,3,4,21,132,19,70,2,62,-,-,-,-
27227023400023800_大阪府東大阪市友井５丁目,27227,大阪府,東大阪市,友井５丁目,95,740,95,740,33,88,62,652,61,641,1,11,-,-,-,-
27227021900021900_大阪府東大阪市立花町,27227,大阪府,東大阪市,立花町,32,169,31,141,18,30,13,111,10,99,3,12,-,-,1,28
27227999999999999_大阪府東大阪市その他,27227,大阪府,東大阪市,その他,1,7,1,7,-,-,1,7,1,7,-,-,-,-,-,-
27228_大阪府泉南市,27228,大阪府,泉南市,,"2,010","24,779","1,943","22,836",707,"2,093","1,226","20,717","1,057","17,360",169,"3,357",10,26,67,"1,943"
27228005700005700_大阪府泉南市りんくう南浜,27228,大阪府,泉南市,りんくう南浜,221,"4,888",220,"4,883",1,6,219,"4,877",205,"4,390",14,487,-,-,1,5
27228000200000200_大阪府泉南市岡田,27228,大阪府,泉南市,岡田,8,93,8,93,1,5,7,88,7,88,-,-,-,-,-,-
27228000200000300_大阪府泉南市岡田１丁目,27228,大阪府,泉南市,岡田１丁目,3,16,3,16,2,13,1,3,1,3,-,-,-,-,-,-
27228000200000400_大阪府泉南市岡田２丁目,27228,大阪府,泉南市,岡田２丁目,11,75,11,75,4,15,7,60,7,60,-,-,-,-,-,-
27228000200000500_大阪府泉南市岡田３丁目,27228,大阪府,泉南市,岡田３丁目,24,169,22,143,12,27,10,116,5,86,5,30,-,-,2,26
27228000200000600_大阪府泉南市岡田４丁目,27228,大阪府,泉南市,岡田４丁目,1,4,1,4,-,-,1,4,1,4,-,-,-,-,-,-
27228000200000700_大阪府泉南市岡田５丁目,27228,大阪府,泉南市,岡田５丁目,29,130,27,98,15,28,12,70,6,24,6,46,-,-,2,32
27228000200000800_大阪府泉南市岡田６丁目,27228,大阪府,泉南市,岡田６丁目,22,161,22,161,12,26,10,135,10,135,-,-,-,-,-,-
27228000200000900_大阪府泉南市岡田７丁目,27228,大阪府,泉南市,岡田７丁目,-,-,-,-,-,-,-,-,-,-,-,-,-,-,-,-
27228002900002900_大阪府泉南市信達六尾,27228,大阪府,泉南市,信達六尾,16,102,16,102,4,7,12,95,11,84,1,11,-,-,-,-
27228002300002300_大阪府泉南市信達岡中,27228,大阪府,泉南市,信達岡中,28,210,28,210,7,29,21,181,16,104,5,77,-,-,-,-
27228002700002700_大阪府泉南市信達葛畑,27228,大阪府,泉南市,信達葛畑,3,16,3,16,1,1,2,15,-,-,2,15,-,-,-,-
27228002500002500_大阪府泉南市信達金熊寺,27228,大阪府,泉南市,信達金熊寺,25,366,23,347,5,21,17,325,8,130,9,195,1,1,2,19
27228002200002200_大阪府泉南市信達市場,27228,大阪府,泉南市,信達市場,201,"1,647",191,"1,390",84,279,106,"1,110",87,904,19,206,1,1,10,257
27228002400002400_大阪府泉南市信達大苗代,27228,大阪府,泉南市,信達大苗代,82,727,80,704,33,98,47,606,40,491,7,115,-,-,2,23
27228003000003000_大阪府泉南市信達童子畑,27228,大阪府,泉南市,信達童子畑,5,22,5,22,2,4,3,18,2,16,1,2,-,-,-,-
27228002600002600_大阪府泉南市信達楠畑,27228,大阪府,泉南市,信達楠畑,1,2,1,2,1,2,-,-,-,-,-,-,-,-,-,-
27228002800002800_大阪府泉南市信達牧野,27228,大阪府,泉南市,信達牧野,205,"1,704",198,"1,368",96,262,102,"1,106",89,921,13,185,-,-,7,336
27228002100002100_大阪府泉南市新家,27228,大阪府,泉南市,新家,192,"1,966",187,"1,905",80,277,106,"1,627",80,742,26,885,1,1,5,61
27228005800005800_大阪府泉南市泉州空港南,27228,大阪府,泉南市,泉州空港南,111,"4,093",107,"3,736",-,-,107,"3,736",107,"3,736",-,-,-,-,4,357
27228003100003100_大阪府泉南市樽井,27228,大阪府,泉南市,樽井,13,139,11,108,1,2,10,106,8,88,2,18,-,-,2,31
27228003100003200_大阪府泉南市樽井１丁目,27228,大阪府,泉南市,樽井１丁目,62,"1,480",48,"1,091",14,37,32,"1,053",27,551,5,502,2,1,14,389
27228003100003300_大阪府泉南市樽井２丁目,27228,大阪府,泉南市,樽井２丁目,92,594,89,473,38,138,50,320,46,294,4,26,1,15,3,121
27228003100003400_大阪府泉南市樽井３丁目,27228,大阪府,泉南市,樽井３丁目,37,313,37,313,18,69,19,244,16,220,3,24,-,-,-,-
27228003100003500_大阪府泉南市樽井４丁目,27228,大阪府,泉南市,樽井４丁目,48,287,45,242,23,55,22,187,20,178,2,9,-,-,3,45
27228003100003600_大阪府泉南市樽井５丁目,27228,大阪府,泉南市,樽井５丁目,69,409,69,409,42,99,27,310,20,260,7,50,-,-,-,-
27228003100003700_大阪府泉南市樽井６丁目,27228,大阪府,泉南市,樽井６丁目,66,607,65,602,32,79,32,522,27,465,5,57,1,1,1,5
27228003100003800_大阪府泉南市樽井７丁目,27228,大阪府,泉南市,樽井７丁目,33,469,33,469,14,23,19,446,18,382,1,64,-,-,-,-
27228003100003900_大阪府泉南市樽井８丁目,27228,大阪府,泉南市,樽井８丁目,13,260,13,260,7,13,6,247,6,247,-,-,-,-,-,-
27228003100004000_大阪府泉南市樽井９丁目,27228,大阪府,泉南市,樽井９丁目,31,163,30,152,17,44,13,108,9,90,4,18,-,-,1,11
27228001000001000_大阪府泉南市男里,27228,大阪府,泉南市,男里,2,7,2,7,-,-,2,7,2,7,-,-,-,-,-,-
27228001000001100_大阪府泉南市男里１丁目,27228,大阪府,泉南市,男里１丁目,6,23,6,23,3,10,3,13,3,13,-,-,-,-,-,-
27228001000001200_大阪府泉南市男里２丁目,27228,大阪府,泉南市,男里２丁目,4,26,4,26,-,-,4,26,2,12,2,14,-,-,-,-
27228001000001300_大阪府泉南市男里３丁目,27228,大阪府,泉南市,男里３丁目,15,80,13,54,8,16,5,38,3,33,2,5,-,-,2,26
27228001000001400_大阪府泉南市男里４丁目,27228,大阪府,泉南市,男里４丁目,32,182,32,182,18,44,14,138,11,120,3,18,-,-,-,-
27228001000001500_大阪府泉南市男里５丁目,27228,大阪府,泉南市,男里５丁目,20,762,20,762,6,52,13,708,11,704,2,4,1,2,-,-
27228001000001600_大阪府泉南市男里６丁目,27228,大阪府,泉南市,男里６丁目,16,132,16,132,9,50,7,82,7,82,-,-,-,-,-,-
27228001000001700_大阪府泉南市男里７丁目,27228,大阪府,泉南市,男里７丁目,29,155,29,155,18,56,10,98,9,61,1,37,1,1,-,-
27228004100004100_大阪府泉南市中小路１丁目,27228,大阪府,泉南市,中小路１丁目,19,108,19,108,8,28,11,80,9,77,2,3,-,-,-,-
27228004100004200_大阪府泉南市中小路２丁目,27228,大阪府,泉南市,中小路２丁目,28,305,28,305,10,40,18,265,17,203,1,62,-,-,-,-
27228004100004300_大阪府泉南市中小路３丁目,27228,大阪府,泉南市,中小路３丁目,11,53,11,53,2,7,9,46,9,46,-,-,-,-,-,-
27228000100000100_大阪府泉南市兎田,27228,大阪府,泉南市,兎田,18,96,16,74,8,18,8,56,6,51,2,5,-,-,2,22
27228005200005200_大阪府泉南市馬場,27228,大阪府,泉南市,馬場,8,36,8,36,2,4,6,32,6,32,-,-,-,-,-,-
27228005200005300_大阪府泉南市馬場１丁目,27228,大阪府,泉南市,馬場１丁目,18,212,16,157,6,11,10,146,8,131,2,15,-,-,2,55
27228005200005400_大阪府泉南市馬場２丁目,27228,大阪府,泉南市,馬場２丁目,21,297,21,297,3,9,17,285,15,174,2,111,1,3,-,-
27228005200005500_大阪府泉南市馬場３丁目,27228,大阪府,泉南市,馬場３丁目,1,121,-,-,-,-,-,-,-,-,-,-,-,-,1,121
27228004800004800_大阪府泉南市幡代,27228,大阪府,泉南市,幡代,14,143,14,143,1,1,13,142,12,139,1,3,-,-,-,-
27228004800004900_大阪府泉南市幡代１丁目,27228,大阪府,泉南市,幡代１丁目,16,133,16,133,5,21,11,112,10,109,1,3,-,-,-,-
27228004800005000_大阪府泉南市幡代２丁目,27228,大阪府,泉南市,幡代２丁目,18,86,18,86,8,14,10,72,8,61,2,11,-,-,-,-
27228004800005100_大阪府泉南市幡代３丁目,27228,大阪府,泉南市,幡代３丁目,3,85,3,85,-,-,3,85,2,53,1,32,-,-,-,-
27228005600005600_大阪府泉南市別所,27228,大阪府,泉南市,別所,3,8,3,8,1,1,2,7,2,7,-,-,-,-,-,-
27228001800001800_大阪府泉南市北野,27228,大阪府,泉南市,北野,8,256,8,256,1,1,7,255,7,255,-,-,-,-,-,-
27228001800001900_大阪府泉南市北野１丁目,27228,大阪府,泉南市,北野１丁目,17,109,17,109,7,21,10,88,9,86,1,2,-,-,-,-
27228001800002000_大阪府泉南市北野２丁目,27228,大阪府,泉南市,北野２丁目,15,211,15,211,8,13,7,198,7,198,-,-,-,-,-,-
27228004400004400_大阪府泉南市鳴滝,27228,大阪府,泉南市,鳴滝,-,-,-,-,-,-,-,-,-,-,-,-,-,-,-,-
27228004400004500_大阪府泉南市鳴滝１丁目,27228,大阪府,泉南市,鳴滝１丁目,9,20,8,19,6,10,2,9,-,-,2,9,-,-,1,1
27228004400004600_大阪府泉南市鳴滝２丁目,27228,大阪府,泉南市,鳴滝２丁目,2,4,2,4,1,3,1,1,-,-,1,1,-,-,-,-
27228004400004700_大阪府泉南市鳴滝３丁目,27228,大阪府,泉南市,鳴滝３丁目,5,17,5,17,2,4,3,13,3,13,-,-,-,-,-,-
27228999999999999_大阪府泉南市その他,27228,大阪府,泉南市,その他,-,-,-,-,-,-,-,-,-,-,-,-,-,-,-,-
27229_大阪府四條畷市,27229,大阪府,四條畷市,,"1,891","17,577","1,848","16,106",706,"1,768","1,134","14,306",982,"10,859",152,"3,447",8,32,43,"1,471"
27229003700003700_大阪府四條畷市二丁通町,27229,大阪府,四條畷市,二丁通町,24,159,22,106,11,20,11,86,11,86,-,-,-,-,2,53
27229005500005500_大阪府四條畷市さつきヶ丘,27229,大阪府,四條畷市,さつきヶ丘,7,13,7,13,2,2,5,11,5,11,-,-,-,-,-,-
27229000300000400_大阪府四條畷市岡山１丁目,27229,大阪府,四條畷市,岡山１丁目,81,378,81,378,49,98,31,279,28,240,3,39,1,1,-,-
27229000300000500_大阪府四條畷市岡山２丁目,27229,大阪府,四條畷市,岡山２丁目,61,373,61,373,30,77,30,293,26,251,4,42,1,3,-,-
27229000300000600_大阪府四條畷市岡山３丁目,27229,大阪府,四條畷市,岡山３丁目,24,248,23,189,10,46,13,143,13,143,-,-,-,-,1,59
27229000300000700_大阪府四條畷市岡山４丁目,27229,大阪府,四條畷市,岡山４丁目,28,149,28,149,10,17,18,132,17,129,1,3,-,-,-,-
27229000300000800_大阪府四條畷市岡山５丁目,27229,大阪府,四條畷市,岡山５丁目,20,209,20,209,7,20,13,189,5,60,8,129,-,-,-,-
27229000900000900_大阪府四條畷市岡山東１丁目,27229,大阪府,四條畷市,岡山東１丁目,61,613,61,613,21,84,40,529,35,350,5,179,-,-,-,-
27229000900001000_大阪府四條畷市岡山東２丁目,27229,大阪府,四條畷市,岡山東２丁目,51,490,51,490,22,65,29,425,26,353,3,72,-,-,-,-
27229000900001100_大阪府四條畷市岡山東３丁目,27229,大阪府,四條畷市,岡山東３丁目,12,235,12,235,4,17,8,218,6,48,2,170,-,-,-,-
27229000900001200_大阪府四條畷市岡山東４丁目,27229,大阪府,四條畷市,岡山東４丁目,7,49,7,49,-,-,7,49,7,49,-,-,-,-,-,-
27229000900001300_大阪府四條畷市岡山東５丁目,27229,大阪府,四條畷市,岡山東５丁目,18,149,15,50,1,2,14,48,12,45,2,3,-,-,3,99
27229001600001600_大阪府四條畷市雁屋西町,27229,大阪府,四條畷市,雁屋西町,15,180,15,180,5,19,10,161,10,161,-,-,-,-,-,-
27229001700001700_大阪府四條畷市雁屋南町,27229,大阪府,四條畷市,雁屋南町,69,374,69,374,47,97,22,277,19,255,3,22,-,-,-,-
27229001500001500_大阪府四條畷市雁屋北町,27229,大阪府,四條畷市,雁屋北町,29,332,26,182,13,41,13,141,12,113,1,28,-,-,3,150
27229000100000100_大阪府四條畷市江瀬美町,27229,大阪府,四條畷市,江瀬美町,50,451,47,368,28,75,19,293,17,156,2,137,-,-,3,83
27229002710002710_大阪府四條畷市砂１丁目,27229,大阪府,四條畷市,砂１丁目,22,389,19,304,5,9,14,295,13,293,1,2,-,-,3,85
27229002710002720_大阪府四條畷市砂２丁目,27229,大阪府,四條畷市,砂２丁目,16,57,16,57,4,9,12,48,11,47,1,1,-,-,-,-
27229002710002730_大阪府四條畷市砂３丁目,27229,大阪府,四條畷市,砂３丁目,16,270,15,173,5,14,10,159,10,159,-,-,-,-,1,97
27229002710002740_大阪府四條畷市砂４丁目,27229,大阪府,四條畷市,砂４丁目,180,"2,829",180,"2,829",4,17,176,"2,812",174,"2,784",2,28,-,-,-,-
27229002400002400_大阪府四條畷市蔀屋新町,27229,大阪府,四條畷市,蔀屋新町,32,565,32,565,3,11,28,553,28,553,-,-,1,1,-,-
27229002500002500_大阪府四條畷市蔀屋本町,27229,大阪府,四條畷市,蔀屋本町,59,232,59,232,30,70,29,162,23,130,6,32,-,-,-,-
27229002000002000_大阪府四條畷市清滝新町,27229,大阪府,四條畷市,清滝新町,7,52,7,52,4,6,3,46,3,46,-,-,-,-,-,-
27229002100002100_大阪府四條畷市清滝中町,27229,大阪府,四條畷市,清滝中町,27,381,27,381,3,7,24,374,20,260,4,114,-,-,-,-
27229000200000200_大阪府四條畷市大字逢阪,27229,大阪府,四條畷市,大字逢阪,11,112,11,112,-,-,11,112,8,75,3,37,-,-,-,-
27229000300000300_大阪府四條畷市大字岡山,27229,大阪府,四條畷市,大字岡山,15,151,15,151,3,12,12,139,10,109,2,30,-,-,-,-
27229002600002600_大阪府四條畷市大字下田原,27229,大阪府,四條畷市,大字下田原,42,626,41,611,7,23,34,588,29,567,5,21,-,-,1,15
27229001400001400_大阪府四條畷市大字上田原,27229,大阪府,四條畷市,大字上田原,46,848,44,828,5,13,39,815,24,369,15,446,-,-,2,20
27229001900001900_大阪府四條畷市大字清瀧,27229,大阪府,四條畷市,大字清瀧,60,494,60,494,18,35,42,459,31,194,11,265,-,-,-,-
27229002900002900_大阪府四條畷市大字中野,27229,大阪府,四條畷市,大字中野,20,190,18,122,8,15,10,107,9,93,1,14,-,-,2,68
27229003900003900_大阪府四條畷市大字南野,27229,大阪府,四條畷市,大字南野,2,43,2,43,-,-,2,43,-,-,2,43,-,-,-,-
27229002900003000_大阪府四條畷市中野１丁目,27229,大阪府,四條畷市,中野１丁目,13,81,13,81,1,2,12,79,9,57,3,22,-,-,-,-
27229002900003100_大阪府四條畷市中野２丁目,27229,大阪府,四條畷市,中野２丁目,6,31,6,31,1,1,5,30,5,30,-,-,-,-,-,-
27229002900003200_大阪府四條畷市中野３丁目,27229,大阪府,四條畷市,中野３丁目,20,172,17,96,5,11,12,85,10,68,2,17,-,-,3,76
27229003300003300_大阪府四條畷市中野新町,27229,大阪府,四條畷市,中野新町,29,137,26,101,14,19,12,82,12,82,-,-,-,-,3,36
27229003400003400_大阪府四條畷市中野本町,27229,大阪府,四條畷市,中野本町,101,"1,745",91,"1,256",40,71,48,"1,161",41,413,7,748,3,24,10,489
27229002800002800_大阪府四條畷市塚脇町,27229,大阪府,四條畷市,塚脇町,14,70,14,70,6,13,8,57,6,41,2,16,-,-,-,-
27229004600004600_大阪府四條畷市田原台１丁目,27229,大阪府,四條畷市,田原台１丁目,9,47,9,47,1,8,8,39,8,39,-,-,-,-,-,-
27229004600004700_大阪府四條畷市田原台２丁目,27229,大阪府,四條畷市,田原台２丁目,7,84,7,84,-,-,7,84,7,84,-,-,-,-,-,-
27229004600004800_大阪府四條畷市田原台３丁目,27229,大阪府,四條畷市,田原台３丁目,8,15,8,15,5,8,3,7,3,7,-,-,-,-,-,-
27229004600004900_大阪府四條畷市田原台４丁目,27229,大阪府,四條畷市,田原台４丁目,26,205,24,151,5,23,19,128,17,117,2,11,-,-,2,54
27229004600005000_大阪府四條畷市田原台５丁目,27229,大阪府,四條畷市,田原台５丁目,17,89,15,55,6,23,9,32,8,24,1,8,-,-,2,34
27229004600005100_大阪府四條畷市田原台６丁目,27229,大阪府,四條畷市,田原台６丁目,2,37,2,37,-,-,2,37,-,-,2,37,-,-,-,-
27229004600005200_大阪府四條畷市田原台７丁目,27229,大阪府,四條畷市,田原台７丁目,8,106,8,106,3,4,5,102,4,61,1,41,-,-,-,-
27229004600005300_大阪府四條畷市田原台８丁目,27229,大阪府,四條畷市,田原台８丁目,14,72,14,72,6,7,8,65,8,65,-,-,-,-,-,-
27229004600005400_大阪府四條畷市田原台９丁目,27229,大阪府,四條畷市,田原台９丁目,10,26,10,26,2,2,8,24,7,23,1,1,-,-,-,-
27229003900004000_大阪府四條畷市南野１丁目,27229,大阪府,四條畷市,南野１丁目,36,122,36,122,23,52,12,69,10,67,2,2,1,1,-,-
27229003900004100_大阪府四條畷市南野２丁目,27229,大阪府,四條畷市,南野２丁目,15,82,15,82,6,13,9,69,5,25,4,44,-,-,-,-
27229003900004200_大阪府四條畷市南野３丁目,27229,大阪府,四條畷市,南野３丁目,6,33,6,33,3,3,3,30,2,27,1,3,-,-,-,-
27229003900004300_大阪府四條畷市南野４丁目,27229,大阪府,四條畷市,南野４丁目,15,32,15,32,10,17,5,15,5,15,-,-,-,-,-,-
27229003900004400_大阪府四條畷市南野５丁目,27229,大阪府,四條畷市,南野５丁目,18,58,18,58,11,28,7,30,5,22,2,8,-,-,-,-
27229003900004500_大阪府四條畷市南野６丁目,27229,大阪府,四條畷市,南野６丁目,15,76,15,76,3,4,12,72,9,33,3,39,-,-,-,-
27229003500003500_大阪府四條畷市楠公１丁目,27229,大阪府,四條畷市,楠公１丁目,146,831,146,831,93,308,53,523,47,469,6,54,-,-,-,-
27229003500003600_大阪府四條畷市楠公２丁目,27229,大阪府,四條畷市,楠公２丁目,52,349,52,349,20,62,32,287,23,205,9,82,-,-,-,-
27229003800003800_大阪府四條畷市美田町,27229,大阪府,四條畷市,美田町,35,187,35,187,19,50,16,137,13,116,3,21,-,-,-,-
27229002200002200_大阪府四條畷市米崎町,27229,大阪府,四條畷市,米崎町,57,344,57,344,23,35,34,309,26,190,8,119,-,-,-,-
27229001800001800_大阪府四條畷市北出町,27229,大阪府,四條畷市,北出町,38,491,38,491,16,26,22,465,16,148,6,317,-,-,-,-
27229005600005600_大阪府四條畷市緑風台,27229,大阪府,四條畷市,緑風台,4,6,4,6,-,-,4,6,4,6,-,-,-,-,-,-
27229500100063500_大阪府四條畷市西中野１丁目,27229,大阪府,四條畷市,西中野１丁目,39,255,37,202,17,36,19,164,19,164,-,-,1,2,2,53
27229500100063600_大阪府四條畷市西中野２丁目,27229,大阪府,四條畷市,西中野２丁目,14,98,14,98,7,13,7,85,7,85,-,-,-,-,-,-
27229500100063700_大阪府四條畷市西中野３丁目,27229,大阪府,四條畷市,西中野３丁目,5,55,5,55,1,8,4,47,4,47,-,-,-,-,-,-
27229999999999999_大阪府四條畷市その他,27229,大阪府,四條畷市,その他,-,-,-,-,-,-,-,-,-,-,-,-,-,-,-,-
27230_大阪府交野市,27230,大阪府,交野市,,"1,972","20,106","1,930","17,935",706,"2,153","1,215","15,758","1,024","12,337",191,"3,421",9,24,42,"2,171"
27230001100001100_大阪府交野市幾野１丁目,27230,大阪府,交野市,幾野１丁目,14,127,14,127,6,20,8,107,7,78,1,29,-,-,-,-
27230001100001200_大阪府交野市幾野２丁目,27230,大阪府,交野市,幾野２丁目,14,121,13,120,7,19,6,101,6,101,-,-,-,-,1,1
27230001100001300_大阪府交野市幾野３丁目,27230,大阪府,交野市,幾野３丁目,9,146,8,92,4,5,4,87,4,87,-,-,-,-,1,54
27230001100001400_大阪府交野市幾野４丁目,27230,大阪府,交野市,幾野４丁目,19,191,18,145,6,14,12,131,12,131,-,-,-,-,1,46
27230001100001500_大阪府交野市幾野５丁目,27230,大阪府,交野市,幾野５丁目,31,477,31,477,3,8,28,469,28,469,-,-,-,-,-,-
27230001100001600_大阪府交野市幾野６丁目,27230,大阪府,交野市,幾野６丁目,55,974,55,974,10,39,45,935,45,935,-,-,-,-,-,-
27230005200005200_大阪府交野市郡津１丁目,27230,大阪府,交野市,郡津１丁目,24,108,23,90,10,21,13,69,11,66,2,3,-,-,1,18
27230005200005300_大阪府交野市郡津２丁目,27230,大阪府,交野市,郡津２丁目,11,227,10,164,2,2,8,162,8,162,-,-,-,-,1,63
27230005200005400_大阪府交野市郡津３丁目,27230,大阪府,交野市,郡津３丁目,25,149,25,149,10,18,15,131,11,84,4,47,-,-,-,-
27230005200005500_大阪府交野市郡津４丁目,27230,大阪府,交野市,郡津４丁目,18,88,17,55,14,42,3,13,2,8,1,5,-,-,1,33
27230005200005600_大阪府交野市郡津５丁目,27230,大阪府,交野市,郡津５丁目,27,223,27,223,9,28,18,195,15,154,3,41,-,-,-,-
27230011000011000_大阪府交野市向井田１丁目,27230,大阪府,交野市,向井田１丁目,17,70,17,70,7,13,10,57,10,57,-,-,-,-,-,-
27230011000011100_大阪府交野市向井田２丁目,27230,大阪府,交野市,向井田２丁目,2,7,2,7,1,4,1,3,1,3,-,-,-,-,-,-
27230011000011200_大阪府交野市向井田３丁目,27230,大阪府,交野市,向井田３丁目,8,90,8,90,1,3,7,87,7,87,-,-,-,-,-,-
27230001800001900_大阪府交野市私市１丁目,27230,大阪府,交野市,私市１丁目,14,87,14,87,7,29,7,58,6,57,1,1,-,-,-,-
27230001800002000_大阪府交野市私市２丁目,27230,大阪府,交野市,私市２丁目,19,116,18,98,7,16,11,82,10,61,1,21,-,-,1,18
27230001800002100_大阪府交野市私市３丁目,27230,大阪府,交野市,私市３丁目,8,74,8,74,1,1,7,73,6,68,1,5,-,-,-,-
27230001800002200_大阪府交野市私市４丁目,27230,大阪府,交野市,私市４丁目,5,41,5,41,1,16,4,25,2,10,2,15,-,-,-,-
27230001800002300_大阪府交野市私市５丁目,27230,大阪府,交野市,私市５丁目,12,42,12,42,5,23,7,19,7,19,-,-,-,-,-,-
27230001800002400_大阪府交野市私市６丁目,27230,大阪府,交野市,私市６丁目,6,25,6,25,2,3,4,22,3,18,1,4,-,-,-,-
27230001800002500_大阪府交野市私市７丁目,27230,大阪府,交野市,私市７丁目,2,4,2,4,1,1,1,3,1,3,-,-,-,-,-,-
27230001800002600_大阪府交野市私市８丁目,27230,大阪府,交野市,私市８丁目,13,45,13,45,7,22,5,18,5,18,-,-,1,5,-,-
27230001800002700_大阪府交野市私市９丁目,27230,大阪府,交野市,私市９丁目,13,134,11,97,2,12,9,85,8,84,1,1,-,-,2,37
27230002800002800_大阪府交野市私市山手１丁目,27230,大阪府,交野市,私市山手１丁目,1,1,1,1,-,-,1,1,-,-,1,1,-,-,-,-
27230002800002900_大阪府交野市私市山手２丁目,27230,大阪府,交野市,私市山手２丁目,3,15,3,15,1,1,2,14,2,14,-,-,-,-,-,-
27230002800003000_大阪府交野市私市山手３丁目,27230,大阪府,交野市,私市山手３丁目,8,30,8,30,5,11,3,19,3,19,-,-,-,-,-,-
27230002800003100_大阪府交野市私市山手４丁目,27230,大阪府,交野市,私市山手４丁目,2,6,2,6,2,6,-,-,-,-,-,-,-,-,-,-
27230002800003200_大阪府交野市私市山手５丁目,27230,大阪府,交野市,私市山手５丁目,-,-,-,-,-,-,-,-,-,-,-,-,-,-,-,-
27230003300003400_大阪府交野市私部１丁目,27230,大阪府,交野市,私部１丁目,41,549,35,237,10,28,22,200,15,96,7,104,3,9,6,312
27230003300003500_大阪府交野市私部２丁目,27230,大阪府,交野市,私部２丁目,39,632,37,337,15,53,21,282,15,121,6,161,1,2,2,295
27230003300003600_大阪府交野市私部３丁目,27230,大阪府,交野市,私部３丁目,54,509,54,509,29,104,25,405,22,371,3,34,-,-,-,-
27230003300003700_大阪府交野市私部４丁目,27230,大阪府,交野市,私部４丁目,45,212,45,212,27,62,18,150,16,138,2,12,-,-,-,-
27230003300003800_大阪府交野市私部５丁目,27230,大阪府,交野市,私部５丁目,27,110,27,110,7,11,20,99,16,73,4,26,-,-,-,-
27230003300003900_大阪府交野市私部６丁目,27230,大阪府,交野市,私部６丁目,29,79,29,79,21,38,8,41,7,35,1,6,-,-,-,-
27230003300004000_大阪府交野市私部７丁目,27230,大阪府,交野市,私部７丁目,20,151,20,151,6,8,14,143,12,88,2,55,-,-,-,-
27230003300004100_大阪府交野市私部８丁目,27230,大阪府,交野市,私部８丁目,3,18,3,18,1,10,2,8,1,4,1,4,-,-,-,-
27230011900011900_大阪府交野市私部西１丁目,27230,大阪府,交野市,私部西１丁目,107,"1,096",107,"1,096",36,166,70,929,67,879,3,50,1,1,-,-
27230011900012000_大阪府交野市私部西２丁目,27230,大阪府,交野市,私部西２丁目,52,540,52,540,24,120,28,420,23,266,5,154,-,-,-,-
27230011900012100_大阪府交野市私部西３丁目,27230,大阪府,交野市,私部西３丁目,18,126,17,73,6,10,11,63,9,61,2,2,-,-,1,53
27230011900012200_大阪府交野市私部西４丁目,27230,大阪府,交野市,私部西４丁目,8,86,8,86,2,2,6,84,6,84,-,-,-,-,-,-
27230011900012300_大阪府交野市私部西５丁目,27230,大阪府,交野市,私部西５丁目,16,153,16,153,3,16,13,137,13,137,-,-,-,-,-,-
27230012400012400_大阪府交野市私部南１丁目,27230,大阪府,交野市,私部南１丁目,5,73,5,73,-,-,5,73,3,7,2,66,-,-,-,-
27230012400012500_大阪府交野市私部南２丁目,27230,大阪府,交野市,私部南２丁目,9,40,9,40,5,10,4,30,2,25,2,5,-,-,-,-
27230012400012600_大阪府交野市私部南３丁目,27230,大阪府,交野市,私部南３丁目,4,37,3,5,3,5,-,-,-,-,-,-,-,-,1,32
27230012400012700_大阪府交野市私部南４丁目,27230,大阪府,交野市,私部南４丁目,9,135,9,135,1,1,7,132,7,132,-,-,1,2,-,-
27230005900006000_大阪府交野市寺１丁目,27230,大阪府,交野市,寺１丁目,5,9,5,9,4,6,1,3,1,3,-,-,-,-,-,-
27230005900006100_大阪府交野市寺２丁目,27230,大阪府,交野市,寺２丁目,8,15,8,15,1,2,7,13,6,10,1,3,-,-,-,-
27230005900006200_大阪府交野市寺３丁目,27230,大阪府,交野市,寺３丁目,5,229,5,229,1,1,4,228,2,51,2,177,-,-,-,-
27230005900006300_大阪府交野市寺４丁目,27230,大阪府,交野市,寺４丁目,8,232,7,81,-,-,7,81,4,51,3,30,-,-,1,151
27230006400006400_大阪府交野市寺南野,27230,大阪府,交野市,寺南野,3,72,2,6,-,-,2,6,2,6,-,-,-,-,1,66
27230009700009700_大阪府交野市松塚,27230,大阪府,交野市,松塚,42,612,42,612,28,84,14,528,9,81,5,447,-,-,-,-
27230011600011600_大阪府交野市森南１丁目,27230,大阪府,交野市,森南１丁目,20,139,20,139,13,48,7,91,3,39,4,52,-,-,-,-
27230011600011700_大阪府交野市森南２丁目,27230,大阪府,交野市,森南２丁目,6,59,6,59,1,1,5,58,3,6,2,52,-,-,-,-
27230011600011800_大阪府交野市森南３丁目,27230,大阪府,交野市,森南３丁目,6,22,6,22,2,2,4,20,2,13,2,7,-,-,-,-
27230011400011400_大阪府交野市森北１丁目,27230,大阪府,交野市,森北１丁目,54,663,53,638,17,95,36,543,29,444,7,99,-,-,1,25
27230011400011500_大阪府交野市森北２丁目,27230,大阪府,交野市,森北２丁目,2,6,2,6,1,1,1,5,1,5,-,-,-,-,-,-
27230005700005700_大阪府交野市神宮寺１丁目,27230,大阪府,交野市,神宮寺１丁目,6,36,6,36,1,3,5,33,4,15,1,18,-,-,-,-
27230005700005800_大阪府交野市神宮寺２丁目,27230,大阪府,交野市,神宮寺２丁目,1,1,1,1,-,-,1,1,1,1,-,-,-,-,-,-
27230008200008300_大阪府交野市星田１丁目,27230,大阪府,交野市,星田１丁目,28,133,28,133,10,19,18,114,15,100,3,14,-,-,-,-
27230008200008400_大阪府交野市星田２丁目,27230,大阪府,交野市,星田２丁目,16,53,16,53,6,8,10,45,7,35,3,10,-,-,-,-
27230008200008500_大阪府交野市星田３丁目,27230,大阪府,交野市,星田３丁目,19,117,18,99,9,26,8,69,6,34,2,35,1,4,1,18
27230008200008600_大阪府交野市星田４丁目,27230,大阪府,交野市,星田４丁目,16,176,15,150,7,19,8,131,7,128,1,3,-,-,1,26
27230008200008700_大阪府交野市星田５丁目,27230,大阪府,交野市,星田５丁目,100,785,99,721,46,141,53,580,47,511,6,69,-,-,1,64
27230008200008800_大阪府交野市星田６丁目,27230,大阪府,交野市,星田６丁目,10,58,10,58,5,20,5,38,1,30,4,8,-,-,-,-
27230008200008900_大阪府交野市星田７丁目,27230,大阪府,交野市,星田７丁目,12,107,12,107,2,3,10,104,7,56,3,48,-,-,-,-
27230008200009000_大阪府交野市星田８丁目,27230,大阪府,交野市,星田８丁目,18,242,17,202,3,10,14,192,4,51,10,141,-,-,1,40
27230008200009100_大阪府交野市星田９丁目,27230,大阪府,交野市,星田９丁目,15,36,15,36,8,11,6,24,4,18,2,6,1,1,-,-
27230009200009200_大阪府交野市星田山手１丁目,27230,大阪府,交野市,星田山手１丁目,4,21,4,21,-,-,4,21,4,21,-,-,-,-,-,-
27230009200009300_大阪府交野市星田山手２丁目,27230,大阪府,交野市,星田山手２丁目,1,1,1,1,-,-,1,1,1,1,-,-,-,-,-,-
27230009200009400_大阪府交野市星田山手３丁目,27230,大阪府,交野市,星田山手３丁目,4,23,4,23,1,2,3,21,3,21,-,-,-,-,-,-
27230009200009500_大阪府交野市星田山手４丁目,27230,大阪府,交野市,星田山手４丁目,2,15,2,15,1,1,1,14,1,14,-,-,-,-,-,-
27230009200009600_大阪府交野市星田山手５丁目,27230,大阪府,交野市,星田山手５丁目,2,3,2,3,-,-,2,3,1,2,1,1,-,-,-,-
27230013700013700_大阪府交野市星田西１丁目,27230,大阪府,交野市,星田西１丁目,4,38,4,38,2,3,2,35,2,35,-,-,-,-,-,-
27230013700013800_大阪府交野市星田西２丁目,27230,大阪府,交野市,星田西２丁目,1,2,1,2,-,-,1,2,1,2,-,-,-,-,-,-
27230013700013900_大阪府交野市星田西３丁目,27230,大阪府,交野市,星田西３丁目,13,92,13,92,4,9,9,83,7,51,2,32,-,-,-,-
27230013700014000_大阪府交野市星田西４丁目,27230,大阪府,交野市,星田西４丁目,1,1,1,1,-,-,1,1,1,1,-,-,-,-,-,-
27230013700014100_大阪府交野市星田西５丁目,27230,大阪府,交野市,星田西５丁目,2,52,2,52,-,-,2,52,2,52,-,-,-,-,-,-
27230012800012800_大阪府交野市星田北１丁目,27230,大阪府,交野市,星田北１丁目,49,969,48,965,4,11,44,954,44,954,-,-,-,-,1,4
27230012800012900_大阪府交野市星田北２丁目,27230,大阪府,交野市,星田北２丁目,35,702,34,677,3,12,31,665,31,665,-,-,-,-,1,25
27230012800013000_大阪府交野市星田北３丁目,27230,大阪府,交野市,星田北３丁目,16,90,16,90,5,13,11,77,9,55,2,22,-,-,-,-
27230012800013100_大阪府交野市星田北４丁目,27230,大阪府,交野市,星田北４丁目,28,456,28,456,2,12,26,444,25,443,1,1,-,-,-,-
27230012800013200_大阪府交野市星田北５丁目,27230,大阪府,交野市,星田北５丁目,41,618,41,618,9,22,32,596,32,596,-,-,-,-,-,-
27230012800013300_大阪府交野市星田北６丁目,27230,大阪府,交野市,星田北６丁目,10,78,10,78,-,-,10,78,9,78,1,-,-,-,-,-
27230012800013400_大阪府交野市星田北７丁目,27230,大阪府,交野市,星田北７丁目,5,20,5,20,3,6,2,14,1,13,1,1,-,-,-,-
27230012800013500_大阪府交野市星田北８丁目,27230,大阪府,交野市,星田北８丁目,2,24,2,24,-,-,2,24,2,24,-,-,-,-,-,-
27230012800013600_大阪府交野市星田北９丁目,27230,大阪府,交野市,星田北９丁目,-,-,-,-,-,-,-,-,-,-,-,-,-,-,-,-
27230000100000100_大阪府交野市青山１丁目,27230,大阪府,交野市,青山１丁目,7,26,7,26,3,8,4,18,4,18,-,-,-,-,-,-
27230000100000200_大阪府交野市青山２丁目,27230,大阪府,交野市,青山２丁目,4,43,4,43,-,-,4,43,4,43,-,-,-,-,-,-
27230000100000300_大阪府交野市青山３丁目,27230,大阪府,交野市,青山３丁目,13,256,13,256,3,6,10,250,5,22,5,228,-,-,-,-
27230000100000400_大阪府交野市青山４丁目,27230,大阪府,交野市,青山４丁目,-,-,-,-,-,-,-,-,-,-,-,-,-,-,-,-
27230000100000500_大阪府交野市青山５丁目,27230,大阪府,交野市,青山５丁目,1,6,1,6,-,-,1,6,-,-,1,6,-,-,-,-
27230004200004300_大阪府交野市倉治１丁目,27230,大阪府,交野市,倉治１丁目,18,405,16,133,4,28,12,105,9,72,3,33,-,-,2,272
27230004200004400_大阪府交野市倉治２丁目,27230,大阪府,交野市,倉治２丁目,36,152,36,152,23,77,13,75,11,65,2,10,-,-,-,-
27230004200004500_大阪府交野市倉治３丁目,27230,大阪府,交野市,倉治３丁目,39,340,39,340,22,74,17,266,16,254,1,12,-,-,-,-
27230004200004600_大阪府交野市倉治４丁目,27230,大阪府,交野市,倉治４丁目,7,105,7,105,2,2,5,103,3,23,2,80,-,-,-,-
27230004200004700_大阪府交野市倉治５丁目,27230,大阪府,交野市,倉治５丁目,17,98,17,98,8,12,9,86,9,86,-,-,-,-,-,-
27230004200004800_大阪府交野市倉治６丁目,27230,大阪府,交野市,倉治６丁目,16,208,14,187,4,6,10,181,8,177,2,4,-,-,2,21
27230004200004900_大阪府交野市倉治７丁目,27230,大阪府,交野市,倉治７丁目,21,313,21,313,13,58,8,255,8,255,-,-,-,-,-,-
27230004200005000_大阪府交野市倉治８丁目,27230,大阪府,交野市,倉治８丁目,24,75,24,75,16,33,8,42,8,42,-,-,-,-,-,-
27230004200005100_大阪府交野市倉治９丁目,27230,大阪府,交野市,倉治９丁目,6,125,5,55,-,-,5,55,5,55,-,-,-,-,1,70
27230001800001800_大阪府交野市大字私市,27230,大阪府,交野市,大字私市,5,83,4,40,-,-,4,40,2,10,2,30,-,-,1,43
27230003300003300_大阪府交野市大字私部,27230,大阪府,交野市,大字私部,2,33,2,33,-,-,2,33,2,33,-,-,-,-,-,-
27230005900005900_大阪府交野市大字寺,27230,大阪府,交野市,大字寺,-,-,-,-,-,-,-,-,-,-,-,-,-,-,-,-
27230011300011300_大阪府交野市大字森,27230,大阪府,交野市,大字森,-,-,-,-,-,-,-,-,-,-,-,-,-,-,-,-
27230008200008200_大阪府交野市大字星田,27230,大阪府,交野市,大字星田,5,55,5,55,-,-,5,55,2,6,3,49,-,-,-,-
27230004200004200_大阪府交野市大字倉治,27230,大阪府,交野市,大字倉治,4,130,3,127,-,-,3,127,3,127,-,-,-,-,1,3
27230008100008100_大阪府交野市大字傍示,27230,大阪府,交野市,大字傍示,-,-,-,-,-,-,-,-,-,-,-,-,-,-,-,-
27230000600000600_大阪府交野市天野が原町１丁目,27230,大阪府,交野市,天野が原町１丁目,15,92,15,92,5,31,10,61,10,61,-,-,-,-,-,-
27230000600000700_大阪府交野市天野が原町２丁目,27230,大阪府,交野市,天野が原町２丁目,31,203,31,203,15,57,16,146,10,69,6,77,-,-,-,-
27230000600000800_大阪府交野市天野が原町３丁目,27230,大阪府,交野市,天野が原町３丁目,5,59,5,59,1,1,4,58,4,58,-,-,-,-,-,-
27230000600000900_大阪府交野市天野が原町４丁目,27230,大阪府,交野市,天野が原町４丁目,11,130,10,50,4,10,6,40,6,40,-,-,-,-,1,80
27230000600001000_大阪府交野市天野が原町５丁目,27230,大阪府,交野市,天野が原町５丁目,18,532,13,254,-,-,13,254,4,86,9,168,-,-,5,278
27230007000007000_大阪府交野市東倉治１丁目,27230,大阪府,交野市,東倉治１丁目,3,16,3,16,-,-,3,16,2,5,1,11,-,-,-,-
27230007000007100_大阪府交野市東倉治２丁目,27230,大阪府,交野市,東倉治２丁目,7,24,7,24,1,2,6,22,6,22,-,-,-,-,-,-
27230007000007200_大阪府交野市東倉治３丁目,27230,大阪府,交野市,東倉治３丁目,11,103,11,103,3,5,8,98,8,98,-,-,-,-,-,-
27230007000007300_大阪府交野市東倉治４丁目,27230,大阪府,交野市,東倉治４丁目,11,79,11,79,3,4,8,75,6,16,2,59,-,-,-,-
27230007000007400_大阪府交野市東倉治５丁目,27230,大阪府,交野市,東倉治５丁目,4,43,4,43,1,2,3,41,2,4,1,37,-,-,-,-
27230007500007500_大阪府交野市藤が尾１丁目,27230,大阪府,交野市,藤が尾１丁目,-,-,-,-,-,-,-,-,-,-,-,-,-,-,-,-
27230007500007600_大阪府交野市藤が尾２丁目,27230,大阪府,交野市,藤が尾２丁目,8,175,8,175,-,-,8,175,2,17,6,158,-,-,-,-
27230007500007700_大阪府交野市藤が尾３丁目,27230,大阪府,交野市,藤が尾３丁目,24,362,24,362,6,23,18,339,10,126,8,213,-,-,-,-
27230007500007800_大阪府交野市藤が尾４丁目,27230,大阪府,交野市,藤が尾４丁目,28,101,28,101,16,37,12,64,9,40,3,24,-,-,-,-
27230007500007900_大阪府交野市藤が尾５丁目,27230,大阪府,交野市,藤が尾５丁目,9,39,9,39,4,6,5,33,5,33,-,-,-,-,-,-
27230007500008000_大阪府交野市藤が尾６丁目,27230,大阪府,交野市,藤が尾６丁目,6,49,6,49,1,9,5,40,5,40,-,-,-,-,-,-
27230006500006500_大阪府交野市南星台１丁目,27230,大阪府,交野市,南星台１丁目,1,4,1,4,1,4,-,-,-,-,-,-,-,-,-,-
27230006500006600_大阪府交野市南星台２丁目,27230,大阪府,交野市,南星台２丁目,5,55,5,55,-,-,5,55,2,16,3,39,-,-,-,-
27230006500006700_大阪府交野市南星台３丁目,27230,大阪府,交野市,南星台３丁目,3,8,3,8,-,-,3,8,3,8,-,-,-,-,-,-
27230006500006800_大阪府交野市南星台４丁目,27230,大阪府,交野市,南星台４丁目,3,6,3,6,-,-,3,6,3,6,-,-,-,-,-,-
27230006500006900_大阪府交野市南星台５丁目,27230,大阪府,交野市,南星台５丁目,1,3,1,3,-,-,1,3,1,3,-,-,-,-,-,-
27230001700001700_大阪府交野市梅が枝,27230,大阪府,交野市,梅が枝,10,216,10,216,2,5,8,211,6,178,2,33,-,-,-,-
27230009800009800_大阪府交野市妙見坂１丁目,27230,大阪府,交野市,妙見坂１丁目,7,22,7,22,3,6,4,16,4,16,-,-,-,-,-,-
27230009800009900_大阪府交野市妙見坂２丁目,27230,大阪府,交野市,妙見坂２丁目,6,24,6,24,2,4,4,20,4,20,-,-,-,-,-,-
27230009800010000_大阪府交野市妙見坂３丁目,27230,大阪府,交野市,妙見坂３丁目,12,28,12,28,10,25,2,3,2,3,-,-,-,-,-,-
27230009800010100_大阪府交野市妙見坂４丁目,27230,大阪府,交野市,妙見坂４丁目,-,-,-,-,-,-,-,-,-,-,-,-,-,-,-,-
27230009800010200_大阪府交野市妙見坂５丁目,27230,大阪府,交野市,妙見坂５丁目,2,13,2,13,1,1,1,12,1,12,-,-,-,-,-,-
27230009800010300_大阪府交野市妙見坂６丁目,27230,大阪府,交野市,妙見坂６丁目,2,6,2,6,-,-,2,6,2,6,-,-,-,-,-,-
27230009800010400_大阪府交野市妙見坂７丁目,27230,大阪府,交野市,妙見坂７丁目,7,62,6,39,1,2,5,37,4,15,1,22,-,-,1,23
27230010500010500_大阪府交野市妙見東１丁目,27230,大阪府,交野市,妙見東１丁目,1,5,1,5,-,-,1,5,1,5,-,-,-,-,-,-
27230010500010600_大阪府交野市妙見東２丁目,27230,大阪府,交野市,妙見東２丁目,3,4,3,4,1,1,2,3,2,3,-,-,-,-,-,-
27230010500010700_大阪府交野市妙見東３丁目,27230,大阪府,交野市,妙見東３丁目,4,11,4,11,-,-,4,11,4,11,-,-,-,-,-,-
27230010500010800_大阪府交野市妙見東４丁目,27230,大阪府,交野市,妙見東４丁目,1,1,1,1,-,-,1,1,1,1,-,-,-,-,-,-
27230010500010900_大阪府交野市妙見東５丁目,27230,大阪府,交野市,妙見東５丁目,2,7,2,7,1,2,1,5,1,5,-,-,-,-,-,-
27230999999999999_大阪府交野市その他,27230,大阪府,交野市,その他,-,-,-,-,-,-,-,-,-,-,-,-,-,-,-,-
27231_大阪府大阪狭山市,27231,大阪府,大阪狭山市,,"1,805","21,230","1,761","20,075",705,"2,249","1,053","17,815",891,"10,765",162,"7,050",3,11,44,"1,155"
27231000900001000_大阪府大阪狭山市岩室１丁目,27231,大阪府,大阪狭山市,岩室１丁目,7,281,6,200,-,-,6,200,6,200,-,-,-,-,1,81
27231000900001100_大阪府大阪狭山市岩室２丁目,27231,大阪府,大阪狭山市,岩室２丁目,16,418,16,418,2,5,14,413,12,317,2,96,-,-,-,-
27231000900001200_大阪府大阪狭山市岩室３丁目,27231,大阪府,大阪狭山市,岩室３丁目,3,168,3,168,-,-,3,168,-,-,3,168,-,-,-,-
27231003300003300_大阪府大阪狭山市狭山１丁目,27231,大阪府,大阪狭山市,狭山１丁目,54,754,45,378,16,79,28,298,18,221,10,77,1,1,9,376
27231003300003400_大阪府大阪狭山市狭山２丁目,27231,大阪府,大阪狭山市,狭山２丁目,44,256,44,256,20,75,24,181,22,165,2,16,-,-,-,-
27231003300003500_大阪府大阪狭山市狭山３丁目,27231,大阪府,大阪狭山市,狭山３丁目,10,101,7,30,4,7,3,23,2,4,1,19,-,-,3,71
27231003300003600_大阪府大阪狭山市狭山４丁目,27231,大阪府,大阪狭山市,狭山４丁目,13,183,11,120,4,7,7,113,5,99,2,14,-,-,2,63
27231003300003700_大阪府大阪狭山市狭山５丁目,27231,大阪府,大阪狭山市,狭山５丁目,32,166,32,166,19,61,13,105,11,93,2,12,-,-,-,-
27231003100003100_大阪府大阪狭山市金剛１丁目,27231,大阪府,大阪狭山市,金剛１丁目,46,397,46,397,17,63,29,334,26,310,3,24,-,-,-,-
27231003100003200_大阪府大阪狭山市金剛２丁目,27231,大阪府,大阪狭山市,金剛２丁目,38,238,38,238,20,57,18,181,12,102,6,79,-,-,-,-
27231000200000200_大阪府大阪狭山市今熊１丁目,27231,大阪府,大阪狭山市,今熊１丁目,30,364,27,312,6,39,21,273,10,139,11,134,-,-,3,52
27231000200000300_大阪府大阪狭山市今熊２丁目,27231,大阪府,大阪狭山市,今熊２丁目,7,18,5,6,3,5,2,1,1,1,1,-,-,-,2,12
27231000200000400_大阪府大阪狭山市今熊３丁目,27231,大阪府,大阪狭山市,今熊３丁目,11,47,11,47,6,8,5,39,5,39,-,-,-,-,-,-
27231000200000500_大阪府大阪狭山市今熊４丁目,27231,大阪府,大阪狭山市,今熊４丁目,1,3,1,3,1,3,-,-,-,-,-,-,-,-,-,-
27231000200000600_大阪府大阪狭山市今熊５丁目,27231,大阪府,大阪狭山市,今熊５丁目,4,8,4,8,1,2,3,6,2,5,1,1,-,-,-,-
27231000200000700_大阪府大阪狭山市今熊６丁目,27231,大阪府,大阪狭山市,今熊６丁目,21,377,21,377,10,25,11,352,10,352,1,-,-,-,-,-
27231000200000800_大阪府大阪狭山市今熊７丁目,27231,大阪府,大阪狭山市,今熊７丁目,10,58,10,58,1,2,9,56,9,56,-,-,-,-,-,-
27231006200006200_大阪府大阪狭山市山本中,27231,大阪府,大阪狭山市,山本中,24,180,24,180,12,55,12,125,10,78,2,47,-,-,-,-
27231006300006300_大阪府大阪狭山市山本東,27231,大阪府,大阪狭山市,山本東,29,316,29,316,10,22,19,294,16,118,3,176,-,-,-,-
27231006400006400_大阪府大阪狭山市山本南,27231,大阪府,大阪狭山市,山本南,17,74,17,74,1,4,16,70,16,70,-,-,-,-,-,-
27231006100006100_大阪府大阪狭山市山本北,27231,大阪府,大阪狭山市,山本北,20,169,20,169,3,5,17,164,17,164,-,-,-,-,-,-
27231003800003800_大阪府大阪狭山市西山台１丁目,27231,大阪府,大阪狭山市,西山台１丁目,24,125,24,125,9,32,15,93,12,35,3,58,-,-,-,-
27231003800003900_大阪府大阪狭山市西山台２丁目,27231,大阪府,大阪狭山市,西山台２丁目,26,139,26,139,13,39,13,100,13,100,-,-,-,-,-,-
27231003800004000_大阪府大阪狭山市西山台３丁目,27231,大阪府,大阪狭山市,西山台３丁目,57,323,54,280,31,102,23,178,20,154,3,24,-,-,3,43
27231003800004100_大阪府大阪狭山市西山台４丁目,27231,大阪府,大阪狭山市,西山台４丁目,-,-,-,-,-,-,-,-,-,-,-,-,-,-,-,-
27231003800004200_大阪府大阪狭山市西山台５丁目,27231,大阪府,大阪狭山市,西山台５丁目,2,3,2,3,-,-,2,3,2,3,-,-,-,-,-,-
27231003800004300_大阪府大阪狭山市西山台６丁目,27231,大阪府,大阪狭山市,西山台６丁目,41,307,37,221,12,30,25,191,21,173,4,18,-,-,4,86
27231000900000900_大阪府大阪狭山市大字岩室,27231,大阪府,大阪狭山市,大字岩室,1,61,1,61,-,-,1,61,-,-,1,61,-,-,-,-
27231000100000100_大阪府大阪狭山市大字池尻,27231,大阪府,大阪狭山市,大字池尻,1,7,1,7,-,-,1,7,1,7,-,-,-,-,-,-
27231002100002100_大阪府大阪狭山市大野西,27231,大阪府,大阪狭山市,大野西,23,243,23,243,6,17,17,226,9,64,8,162,-,-,-,-
27231001300001300_大阪府大阪狭山市大野台１丁目,27231,大阪府,大阪狭山市,大野台１丁目,58,489,58,489,23,76,35,413,31,324,4,89,-,-,-,-
27231001300001400_大阪府大阪狭山市大野台２丁目,27231,大阪府,大阪狭山市,大野台２丁目,76,582,75,578,42,146,33,432,33,432,-,-,-,-,1,4
27231001300001500_大阪府大阪狭山市大野台３丁目,27231,大阪府,大阪狭山市,大野台３丁目,28,228,25,125,7,14,18,111,16,57,2,54,-,-,3,103
27231001300001600_大阪府大阪狭山市大野台４丁目,27231,大阪府,大阪狭山市,大野台４丁目,21,104,21,104,9,28,12,76,11,65,1,11,-,-,-,-
27231001300001700_大阪府大阪狭山市大野台５丁目,27231,大阪府,大阪狭山市,大野台５丁目,15,56,15,56,5,14,10,42,10,42,-,-,-,-,-,-
27231001300001800_大阪府大阪狭山市大野台６丁目,27231,大阪府,大阪狭山市,大野台６丁目,19,59,19,59,10,21,9,38,7,25,2,13,-,-,-,-
27231001300001900_大阪府大阪狭山市大野台７丁目,27231,大阪府,大阪狭山市,大野台７丁目,18,84,18,84,7,11,11,73,7,51,4,22,-,-,-,-
27231002000002000_大阪府大阪狭山市大野中,27231,大阪府,大阪狭山市,大野中,9,96,9,96,1,1,8,95,8,95,-,-,-,-,-,-
27231002200002200_大阪府大阪狭山市大野東,27231,大阪府,大阪狭山市,大野東,24,"3,442",24,"3,442",2,3,22,"3,439",12,242,10,"3,197",-,-,-,-
27231008100008100_大阪府大阪狭山市池尻自由丘１丁目,27231,大阪府,大阪狭山市,池尻自由丘１丁目,19,126,19,126,13,79,6,47,3,16,3,31,-,-,-,-
27231008100008200_大阪府大阪狭山市池尻自由丘２丁目,27231,大阪府,大阪狭山市,池尻自由丘２丁目,9,20,9,20,2,2,7,18,6,17,1,1,-,-,-,-
27231008100008300_大阪府大阪狭山市池尻自由丘３丁目,27231,大阪府,大阪狭山市,池尻自由丘３丁目,9,27,9,27,5,9,4,18,4,18,-,-,-,-,-,-
27231008400008400_大阪府大阪狭山市池尻中１丁目,27231,大阪府,大阪狭山市,池尻中１丁目,45,174,45,174,30,73,15,101,10,28,5,73,-,-,-,-
27231008400008500_大阪府大阪狭山市池尻中２丁目,27231,大阪府,大阪狭山市,池尻中２丁目,16,102,14,90,10,53,4,37,4,37,-,-,-,-,2,12
27231008400008600_大阪府大阪狭山市池尻中３丁目,27231,大阪府,大阪狭山市,池尻中３丁目,19,86,19,86,10,24,9,62,8,51,1,11,-,-,-,-
27231007900007900_大阪府大阪狭山市池尻北１丁目,27231,大阪府,大阪狭山市,池尻北１丁目,6,20,6,20,1,1,5,19,4,7,1,12,-,-,-,-
27231007900008000_大阪府大阪狭山市池尻北２丁目,27231,大阪府,大阪狭山市,池尻北２丁目,8,100,7,61,2,6,5,55,3,19,2,36,-,-,1,39
27231006500006500_大阪府大阪狭山市池之原１丁目,27231,大阪府,大阪狭山市,池之原１丁目,12,139,12,139,3,9,9,130,9,130,-,-,-,-,-,-
27231006500006600_大阪府大阪狭山市池之原２丁目,27231,大阪府,大阪狭山市,池之原２丁目,21,501,21,501,2,4,19,497,17,326,2,171,-,-,-,-
27231006500006700_大阪府大阪狭山市池之原３丁目,27231,大阪府,大阪狭山市,池之原３丁目,26,340,26,340,7,13,19,327,16,291,3,36,-,-,-,-
27231006500006800_大阪府大阪狭山市池之原４丁目,27231,大阪府,大阪狭山市,池之原４丁目,15,76,15,76,9,14,6,62,6,62,-,-,-,-,-,-
27231004400004400_大阪府大阪狭山市東池尻１丁目,27231,大阪府,大阪狭山市,東池尻１丁目,9,611,9,611,1,1,8,610,4,50,4,560,-,-,-,-
27231004400004500_大阪府大阪狭山市東池尻２丁目,27231,大阪府,大阪狭山市,東池尻２丁目,16,333,16,333,8,15,8,318,8,318,-,-,-,-,-,-
27231004400004600_大阪府大阪狭山市東池尻３丁目,27231,大阪府,大阪狭山市,東池尻３丁目,16,44,16,44,8,13,8,31,7,29,1,2,-,-,-,-
27231004400004700_大阪府大阪狭山市東池尻４丁目,27231,大阪府,大阪狭山市,東池尻４丁目,11,798,11,798,-,-,11,798,8,704,3,94,-,-,-,-
27231004400004800_大阪府大阪狭山市東池尻５丁目,27231,大阪府,大阪狭山市,東池尻５丁目,13,102,13,102,7,21,6,81,6,81,-,-,-,-,-,-
27231004400004900_大阪府大阪狭山市東池尻６丁目,27231,大阪府,大阪狭山市,東池尻６丁目,5,60,3,44,-,-,3,44,3,44,-,-,-,-,2,16
27231005500005500_大阪府大阪狭山市東野西１丁目,27231,大阪府,大阪狭山市,東野西１丁目,9,28,9,28,5,7,4,21,3,10,1,11,-,-,-,-
27231005500005600_大阪府大阪狭山市東野西２丁目,27231,大阪府,大阪狭山市,東野西２丁目,8,50,8,50,4,15,4,35,4,35,-,-,-,-,-,-
27231005500005700_大阪府大阪狭山市東野西３丁目,27231,大阪府,大阪狭山市,東野西３丁目,9,105,9,105,3,7,6,98,6,98,-,-,-,-,-,-
27231005500005800_大阪府大阪狭山市東野西４丁目,27231,大阪府,大阪狭山市,東野西４丁目,9,80,9,80,1,3,8,77,8,77,-,-,-,-,-,-
27231005000005000_大阪府大阪狭山市東野中１丁目,27231,大阪府,大阪狭山市,東野中１丁目,2,14,2,14,-,-,2,14,2,14,-,-,-,-,-,-
27231005000005100_大阪府大阪狭山市東野中２丁目,27231,大阪府,大阪狭山市,東野中２丁目,10,93,9,85,5,26,4,59,3,57,1,2,-,-,1,8
27231005000005200_大阪府大阪狭山市東野中３丁目,27231,大阪府,大阪狭山市,東野中３丁目,14,35,14,35,4,9,10,26,9,23,1,3,-,-,-,-
27231005000005300_大阪府大阪狭山市東野中４丁目,27231,大阪府,大阪狭山市,東野中４丁目,7,151,7,151,1,2,6,149,5,134,1,15,-,-,-,-
27231005000005400_大阪府大阪狭山市東野中５丁目,27231,大阪府,大阪狭山市,東野中５丁目,4,17,4,17,2,5,2,12,2,12,-,-,-,-,-,-
27231005900005900_大阪府大阪狭山市東野東１丁目,27231,大阪府,大阪狭山市,東野東１丁目,7,155,6,148,-,-,5,146,1,4,4,142,1,2,1,7
27231005900006000_大阪府大阪狭山市東野東２丁目,27231,大阪府,大阪狭山市,東野東２丁目,5,25,5,25,3,7,2,18,2,18,-,-,-,-,-,-
27231006900006900_大阪府大阪狭山市東茱萸木１丁目,27231,大阪府,大阪狭山市,東茱萸木１丁目,34,138,34,138,22,79,12,59,12,59,-,-,-,-,-,-
27231006900007000_大阪府大阪狭山市東茱萸木２丁目,27231,大阪府,大阪狭山市,東茱萸木２丁目,17,297,15,237,3,5,12,232,9,157,3,75,-,-,2,60
27231006900007100_大阪府大阪狭山市東茱萸木３丁目,27231,大阪府,大阪狭山市,東茱萸木３丁目,3,113,3,113,-,-,3,113,1,1,2,112,-,-,-,-
27231006900007200_大阪府大阪狭山市東茱萸木４丁目,27231,大阪府,大阪狭山市,東茱萸木４丁目,25,768,25,768,1,1,24,767,15,201,9,566,-,-,-,-
27231007300007300_大阪府大阪狭山市半田１丁目,27231,大阪府,大阪狭山市,半田１丁目,146,"1,386",146,"1,386",59,193,87,"1,193",79,"1,119",8,74,-,-,-,-
27231007300007400_大阪府大阪狭山市半田２丁目,27231,大阪府,大阪狭山市,半田２丁目,45,229,44,222,23,50,21,172,18,145,3,27,-,-,1,7
27231007300007500_大阪府大阪狭山市半田３丁目,27231,大阪府,大阪狭山市,半田３丁目,32,239,32,239,16,36,16,203,14,162,2,41,-,-,-,-
27231007300007600_大阪府大阪狭山市半田４丁目,27231,大阪府,大阪狭山市,半田４丁目,6,86,5,16,4,13,1,3,-,-,1,3,-,-,1,70
27231007300007700_大阪府大阪狭山市半田５丁目,27231,大阪府,大阪狭山市,半田５丁目,20,552,20,552,4,5,16,547,14,198,2,349,-,-,-,-
27231007300007800_大阪府大阪狭山市半田６丁目,27231,大阪府,大阪狭山市,半田６丁目,25,153,24,149,9,23,15,126,14,125,1,1,-,-,1,4
27231002300002300_大阪府大阪狭山市茱萸木１丁目,27231,大阪府,大阪狭山市,茱萸木１丁目,29,219,29,219,14,59,15,160,15,160,-,-,-,-,-,-
27231002300002400_大阪府大阪狭山市茱萸木２丁目,27231,大阪府,大阪狭山市,茱萸木２丁目,16,142,15,101,6,25,9,76,9,76,-,-,-,-,1,41
27231002300002500_大阪府大阪狭山市茱萸木３丁目,27231,大阪府,大阪狭山市,茱萸木３丁目,41,526,41,526,15,58,26,468,24,459,2,9,-,-,-,-
27231002300002600_大阪府大阪狭山市茱萸木４丁目,27231,大阪府,大阪狭山市,茱萸木４丁目,31,300,31,300,10,71,21,229,20,221,1,8,-,-,-,-
27231002300002700_大阪府大阪狭山市茱萸木５丁目,27231,大阪府,大阪狭山市,茱萸木５丁目,22,171,22,171,7,45,15,126,15,126,-,-,-,-,-,-
27231002300002800_大阪府大阪狭山市茱萸木６丁目,27231,大阪府,大阪狭山市,茱萸木６丁目,38,176,38,176,19,56,19,120,17,107,2,13,-,-,-,-
27231002300002900_大阪府大阪狭山市茱萸木７丁目,27231,大阪府,大阪狭山市,茱萸木７丁目,26,232,26,232,14,54,12,178,12,178,-,-,-,-,-,-
27231002300003000_大阪府大阪狭山市茱萸木８丁目,27231,大阪府,大阪狭山市,茱萸木８丁目,10,167,10,167,-,-,9,159,9,159,-,-,1,8,-,-
27231999999999999_大阪府大阪狭山市その他,27231,大阪府,大阪狭山市,その他,-,-,-,-,-,-,-,-,-,-,-,-,-,-,-,-
27232_大阪府阪南市,27232,大阪府,阪南市,,"1,503","13,301","1,459","11,696",662,"2,030",794,"9,659",661,"6,977",133,"2,682",3,7,44,"1,605"
27232002900002900_大阪府阪南市さつき台１丁目,27232,大阪府,阪南市,さつき台１丁目,12,49,12,49,3,4,9,45,8,33,1,12,-,-,-,-
27232002900003000_大阪府阪南市さつき台２丁目,27232,大阪府,阪南市,さつき台２丁目,2,12,2,12,-,-,2,12,1,1,1,11,-,-,-,-
27232002900003100_大阪府阪南市さつき台３丁目,27232,大阪府,阪南市,さつき台３丁目,-,-,-,-,-,-,-,-,-,-,-,-,-,-,-,-
27232001900001900_大阪府阪南市下出,27232,大阪府,阪南市,下出,231,"2,435",230,"2,405",98,287,131,"2,115",110,"1,146",21,969,1,3,1,30
27232001200001200_大阪府阪南市貝掛,27232,大阪府,阪南市,貝掛,36,259,33,128,24,66,9,62,5,23,4,39,-,-,3,131
27232001400001400_大阪府阪南市桑畑,27232,大阪府,阪南市,桑畑,7,51,7,51,2,4,5,47,5,47,-,-,-,-,-,-
27232001500001500_大阪府阪南市光陽台１丁目,27232,大阪府,阪南市,光陽台１丁目,22,141,22,141,12,29,10,112,9,78,1,34,-,-,-,-
27232001500001600_大阪府阪南市光陽台２丁目,27232,大阪府,阪南市,光陽台２丁目,1,1,1,1,1,1,-,-,-,-,-,-,-,-,-,-
27232001500001700_大阪府阪南市光陽台３丁目,27232,大阪府,阪南市,光陽台３丁目,6,14,6,14,4,5,2,9,2,9,-,-,-,-,-,-
27232001500001800_大阪府阪南市光陽台４丁目,27232,大阪府,阪南市,光陽台４丁目,5,25,5,25,1,1,4,24,4,24,-,-,-,-,-,-
27232001300001300_大阪府阪南市黒田,27232,大阪府,阪南市,黒田,76,"1,070",72,935,24,76,47,856,43,832,4,24,1,3,4,135
27232002800002800_大阪府阪南市山中渓,27232,大阪府,阪南市,山中渓,16,103,15,102,5,13,10,89,8,67,2,22,-,-,1,1
27232002100002100_大阪府阪南市自然田,27232,大阪府,阪南市,自然田,141,"1,092",138,"1,044",64,224,74,820,67,622,7,198,-,-,3,48
27232002000002000_大阪府阪南市新町,27232,大阪府,阪南市,新町,34,146,33,143,17,55,16,88,12,81,4,7,-,-,1,3
27232000100000100_大阪府阪南市石田,27232,大阪府,阪南市,石田,81,644,78,540,37,128,41,412,35,288,6,124,-,-,3,104
27232002200002200_大阪府阪南市淡輪,27232,大阪府,阪南市,淡輪,4,16,4,16,1,1,3,15,3,15,-,-,-,-,-,-
27232002300002300_大阪府阪南市鳥取,27232,大阪府,阪南市,鳥取,117,"1,032",114,979,50,179,64,800,51,542,13,258,-,-,3,53
27232003700003700_大阪府阪南市鳥取三井,27232,大阪府,阪南市,鳥取三井,5,16,5,16,2,3,3,13,3,13,-,-,-,-,-,-
27232002400002400_大阪府阪南市鳥取中,27232,大阪府,阪南市,鳥取中,78,700,78,700,36,154,42,546,34,400,8,146,-,-,-,-
27232003800003800_大阪府阪南市桃の木台１丁目,27232,大阪府,阪南市,桃の木台１丁目,4,211,3,188,-,-,3,188,1,99,2,89,-,-,1,23
27232003800003900_大阪府阪南市桃の木台２丁目,27232,大阪府,阪南市,桃の木台２丁目,14,367,14,367,-,-,14,367,14,367,-,-,-,-,-,-
27232003800004000_大阪府阪南市桃の木台３丁目,27232,大阪府,阪南市,桃の木台３丁目,3,66,2,41,-,-,2,41,1,6,1,35,-,-,1,25
27232003800004100_大阪府阪南市桃の木台４丁目,27232,大阪府,阪南市,桃の木台４丁目,3,50,3,50,-,-,3,50,3,50,-,-,-,-,-,-
27232003800004200_大阪府阪南市桃の木台５丁目,27232,大阪府,阪南市,桃の木台５丁目,7,61,6,27,1,1,5,26,4,13,1,13,-,-,1,34
27232003800004300_大阪府阪南市桃の木台６丁目,27232,大阪府,阪南市,桃の木台６丁目,7,24,7,24,4,9,3,15,2,6,1,9,-,-,-,-
27232003800004400_大阪府阪南市桃の木台７丁目,27232,大阪府,阪南市,桃の木台７丁目,4,6,4,6,1,1,3,5,3,5,-,-,-,-,-,-
27232003800004500_大阪府阪南市桃の木台８丁目,27232,大阪府,阪南市,桃の木台８丁目,6,117,6,117,-,-,6,117,5,36,1,81,-,-,-,-
27232002700002700_大阪府阪南市南山中,27232,大阪府,阪南市,南山中,7,183,7,183,3,11,4,172,4,172,-,-,-,-,-,-
27232002600002600_大阪府阪南市箱の浦,27232,大阪府,阪南市,箱の浦,29,187,29,187,11,43,18,144,16,92,2,52,-,-,-,-
27232002500002500_大阪府阪南市箱作,27232,大阪府,阪南市,箱作,178,"1,135",175,"1,040",94,261,81,779,60,585,21,194,-,-,3,95
27232000300000300_大阪府阪南市尾崎町,27232,大阪府,阪南市,尾崎町,119,"1,654",110,995,40,125,69,869,61,706,8,163,1,1,9,659
27232000300000400_大阪府阪南市尾崎町１丁目,27232,大阪府,阪南市,尾崎町１丁目,46,276,42,220,26,84,16,136,9,57,7,79,-,-,4,56
27232000300000500_大阪府阪南市尾崎町２丁目,27232,大阪府,阪南市,尾崎町２丁目,38,161,38,161,22,84,16,77,12,67,4,10,-,-,-,-
27232000300000600_大阪府阪南市尾崎町３丁目,27232,大阪府,阪南市,尾崎町３丁目,20,64,20,64,11,20,9,44,6,25,3,19,-,-,-,-
27232000300000700_大阪府阪南市尾崎町４丁目,27232,大阪府,阪南市,尾崎町４丁目,14,86,13,52,8,27,5,25,5,25,-,-,-,-,1,34
27232000300000800_大阪府阪南市尾崎町５丁目,27232,大阪府,阪南市,尾崎町５丁目,27,160,26,121,15,41,11,80,10,79,1,1,-,-,1,39
27232000300000900_大阪府阪南市尾崎町６丁目,27232,大阪府,阪南市,尾崎町６丁目,-,-,-,-,-,-,-,-,-,-,-,-,-,-,-,-
27232000300001000_大阪府阪南市尾崎町７丁目,27232,大阪府,阪南市,尾崎町７丁目,1,1,1,1,-,-,1,1,1,1,-,-,-,-,-,-
27232000300001100_大阪府阪南市尾崎町８丁目,27232,大阪府,阪南市,尾崎町８丁目,9,123,9,123,4,9,5,114,4,107,1,7,-,-,-,-
27232003200003200_大阪府阪南市舞１丁目,27232,大阪府,阪南市,舞１丁目,21,127,21,127,10,22,11,105,10,104,1,1,-,-,-,-
27232003200003300_大阪府阪南市舞２丁目,27232,大阪府,阪南市,舞２丁目,10,29,10,29,5,7,5,22,4,21,1,1,-,-,-,-
27232003200003400_大阪府阪南市舞３丁目,27232,大阪府,阪南市,舞３丁目,16,59,16,59,5,7,11,52,7,19,4,33,-,-,-,-
27232003200003500_大阪府阪南市舞４丁目,27232,大阪府,阪南市,舞４丁目,10,63,8,19,3,7,5,12,5,12,-,-,-,-,2,44
27232003200003600_大阪府阪南市舞５丁目,27232,大阪府,阪南市,舞５丁目,2,4,2,4,-,-,2,4,2,4,-,-,-,-,-,-
27232004600004600_大阪府阪南市緑ヶ丘１丁目,27232,大阪府,阪南市,緑ヶ丘１丁目,7,72,6,15,5,12,1,3,1,3,-,-,-,-,1,57
27232004600004700_大阪府阪南市緑ヶ丘２丁目,27232,大阪府,阪南市,緑ヶ丘２丁目,1,2,1,2,1,2,-,-,-,-,-,-,-,-,-,-
27232004600004800_大阪府阪南市緑ヶ丘３丁目,27232,大阪府,阪南市,緑ヶ丘３丁目,3,6,3,6,2,4,1,2,1,2,-,-,-,-,-,-
27232000200000200_大阪府阪南市和泉鳥取,27232,大阪府,阪南市,和泉鳥取,23,201,22,167,10,23,12,144,10,93,2,51,-,-,1,34
27232999999999999_大阪府阪南市その他,27232,大阪府,阪南市,その他,-,-,-,-,-,-,-,-,-,-,-,-,-,-,-,-
27301_大阪府三島郡島本町,27301,大阪府,三島郡島本町,,608,"8,245",583,"7,370",219,758,360,"6,608",284,"4,970",76,"1,638",4,4,25,875
27301002400002500_大阪府三島郡島本町広瀬１丁目,27301,大阪府,三島郡島本町,広瀬１丁目,23,115,21,61,14,39,5,20,3,11,2,9,2,2,2,54
27301002400002600_大阪府三島郡島本町広瀬２丁目,27301,大阪府,三島郡島本町,広瀬２丁目,19,63,18,58,4,7,14,51,12,47,2,4,-,-,1,5
27301002400002700_大阪府三島郡島本町広瀬３丁目,27301,大阪府,三島郡島本町,広瀬３丁目,22,235,20,214,7,30,13,184,12,179,1,5,-,-,2,21
27301002400002800_大阪府三島郡島本町広瀬４丁目,27301,大阪府,三島郡島本町,広瀬４丁目,32,212,32,212,15,34,16,177,13,153,3,24,1,1,-,-
27301002400002900_大阪府三島郡島本町広瀬５丁目,27301,大阪府,三島郡島本町,広瀬５丁目,13,138,12,91,4,9,8,82,5,17,3,65,-,-,1,47
27301000400000400_大阪府三島郡島本町江川１丁目,27301,大阪府,三島郡島本町,江川１丁目,25,420,25,420,7,31,18,389,17,382,1,7,-,-,-,-
27301000400000500_大阪府三島郡島本町江川２丁目,27301,大阪府,三島郡島本町,江川２丁目,49,561,49,561,16,51,33,510,29,484,4,26,-,-,-,-
27301001400001500_大阪府三島郡島本町高浜１丁目,27301,大阪府,三島郡島本町,高浜１丁目,4,59,4,59,-,-,4,59,3,40,1,19,-,-,-,-
27301001400001600_大阪府三島郡島本町高浜２丁目,27301,大阪府,三島郡島本町,高浜２丁目,21,221,19,146,6,12,13,134,13,134,-,-,-,-,2,75
27301001400001700_大阪府三島郡島本町高浜３丁目,27301,大阪府,三島郡島本町,高浜３丁目,21,554,21,554,6,29,15,525,13,257,2,268,-,-,-,-
27301000700000800_大阪府三島郡島本町桜井１丁目,27301,大阪府,三島郡島本町,桜井１丁目,14,90,13,81,6,36,7,45,4,33,3,12,-,-,1,9
27301000700000900_大阪府三島郡島本町桜井２丁目,27301,大阪府,三島郡島本町,桜井２丁目,17,379,11,47,4,9,6,37,2,10,4,27,1,1,6,332
27301000700001000_大阪府三島郡島本町桜井３丁目,27301,大阪府,三島郡島本町,桜井３丁目,12,"1,272",11,"1,254",1,1,10,"1,253",7,"1,205",3,48,-,-,1,18
27301000700001100_大阪府三島郡島本町桜井４丁目,27301,大阪府,三島郡島本町,桜井４丁目,5,14,5,14,1,1,4,13,4,13,-,-,-,-,-,-
27301000700001200_大阪府三島郡島本町桜井５丁目,27301,大阪府,三島郡島本町,桜井５丁目,6,12,6,12,3,6,3,6,2,4,1,2,-,-,-,-
27301004000004000_大阪府三島郡島本町桜井台,27301,大阪府,三島郡島本町,桜井台,4,63,3,11,1,7,2,4,2,4,-,-,-,-,1,52
27301003200003300_大阪府三島郡島本町山崎１丁目,27301,大阪府,三島郡島本町,山崎１丁目,10,107,10,107,4,4,6,103,6,103,-,-,-,-,-,-
27301003200003400_大阪府三島郡島本町山崎２丁目,27301,大阪府,三島郡島本町,山崎２丁目,12,542,12,542,2,19,10,523,9,458,1,65,-,-,-,-
27301003200003500_大阪府三島郡島本町山崎３丁目,27301,大阪府,三島郡島本町,山崎３丁目,11,118,11,118,4,10,7,108,6,107,1,1,-,-,-,-
27301003200003600_大阪府三島郡島本町山崎４丁目,27301,大阪府,三島郡島本町,山崎４丁目,8,44,8,44,2,32,6,12,5,9,1,3,-,-,-,-
27301003200003700_大阪府三島郡島本町山崎５丁目,27301,大阪府,三島郡島本町,山崎５丁目,11,658,11,658,-,-,11,658,4,238,7,420,-,-,-,-
27301003800003800_大阪府三島郡島本町若山台１丁目,27301,大阪府,三島郡島本町,若山台１丁目,7,156,6,111,-,-,6,111,3,15,3,96,-,-,1,45
27301003800003900_大阪府三島郡島本町若山台２丁目,27301,大阪府,三島郡島本町,若山台２丁目,13,58,13,58,5,16,8,42,8,42,-,-,-,-,-,-
27301003000003000_大阪府三島郡島本町水無瀬１丁目,27301,大阪府,三島郡島本町,水無瀬１丁目,85,606,84,562,42,161,42,401,31,215,11,186,-,-,1,44
27301003000003100_大阪府三島郡島本町水無瀬２丁目,27301,大阪府,三島郡島本町,水無瀬２丁目,55,280,55,280,30,107,25,173,19,126,6,47,-,-,-,-
27301000100000100_大阪府三島郡島本町青葉１丁目,27301,大阪府,三島郡島本町,青葉１丁目,26,143,26,143,18,56,8,87,5,15,3,72,-,-,-,-
27301000100000200_大阪府三島郡島本町青葉２丁目,27301,大阪府,三島郡島本町,青葉２丁目,4,18,4,18,-,-,4,18,3,5,1,13,-,-,-,-
27301000100000300_大阪府三島郡島本町青葉３丁目,27301,大阪府,三島郡島本町,青葉３丁目,11,76,10,49,3,16,7,33,7,33,-,-,-,-,1,27
27301002400002400_大阪府三島郡島本町大字広瀬,27301,大阪府,三島郡島本町,大字広瀬,5,101,5,101,-,-,5,101,1,12,4,89,-,-,-,-
27301001400001400_大阪府三島郡島本町大字高浜,27301,大阪府,三島郡島本町,大字高浜,-,-,-,-,-,-,-,-,-,-,-,-,-,-,-,-
27301000700000700_大阪府三島郡島本町大字桜井,27301,大阪府,三島郡島本町,大字桜井,1,20,1,20,-,-,1,20,-,-,1,20,-,-,-,-
27301003200003200_大阪府三島郡島本町大字山崎,27301,大阪府,三島郡島本町,大字山崎,-,-,-,-,-,-,-,-,-,-,-,-,-,-,-,-
27301001300001300_大阪府三島郡島本町大字尺代,27301,大阪府,三島郡島本町,大字尺代,8,114,7,111,-,-,7,111,5,55,2,56,-,-,1,3
27301000600000600_大阪府三島郡島本町大字大沢,27301,大阪府,三島郡島本町,大字大沢,4,69,4,69,-,-,4,69,3,68,1,1,-,-,-,-
27301001800001800_大阪府三島郡島本町大字東大寺,27301,大阪府,三島郡島本町,大字東大寺,4,12,4,12,-,-,4,12,4,12,-,-,-,-,-,-
27301001800001900_大阪府三島郡島本町東大寺１丁目,27301,大阪府,三島郡島本町,東大寺１丁目,16,53,16,53,10,20,6,33,5,26,1,7,-,-,-,-
27301001800002000_大阪府三島郡島本町東大寺２丁目,27301,大阪府,三島郡島本町,東大寺２丁目,10,58,10,58,2,2,8,56,7,55,1,1,-,-,-,-
27301001800002100_大阪府三島郡島本町東大寺３丁目,27301,大阪府,三島郡島本町,東大寺３丁目,8,33,8,33,2,13,6,20,6,20,-,-,-,-,-,-
27301001800002200_大阪府三島郡島本町東大寺４丁目,27301,大阪府,三島郡島本町,東大寺４丁目,8,185,5,75,-,-,5,75,4,34,1,41,-,-,3,110
27301002300002300_大阪府三島郡島本町百山,27301,大阪府,三島郡島本町,百山,4,386,3,353,-,-,3,353,2,349,1,4,-,-,1,33
27301999999999999_大阪府三島郡島本町その他,27301,大阪府,三島郡島本町,その他,-,-,-,-,-,-,-,-,-,-,-,-,-,-,-,-
27321_大阪府豊能郡豊能町,27321,大阪府,豊能郡豊能町,,413,"3,045",379,"2,416",138,384,238,"2,004",175,"1,311",63,693,3,28,34,629
27321001200001200_大阪府豊能郡豊能町ときわ台１丁目,27321,大阪府,豊能郡豊能町,ときわ台１丁目,13,52,13,52,6,19,7,33,6,30,1,3,-,-,-,-
27321001200001300_大阪府豊能郡豊能町ときわ台２丁目,27321,大阪府,豊能郡豊能町,ときわ台２丁目,3,5,3,5,2,4,1,1,1,1,-,-,-,-,-,-
27321001200001400_大阪府豊能郡豊能町ときわ台３丁目,27321,大阪府,豊能郡豊能町,ときわ台３丁目,2,26,2,26,-,-,1,25,1,25,-,-,1,1,-,-
27321001200001500_大阪府豊能郡豊能町ときわ台４丁目,27321,大阪府,豊能郡豊能町,ときわ台４丁目,19,80,19,80,9,31,10,49,8,30,2,19,-,-,-,-
27321001200001600_大阪府豊能郡豊能町ときわ台５丁目,27321,大阪府,豊能郡豊能町,ときわ台５丁目,4,30,4,30,1,1,3,29,3,29,-,-,-,-,-,-
27321001200001700_大阪府豊能郡豊能町ときわ台６丁目,27321,大阪府,豊能郡豊能町,ときわ台６丁目,2,2,2,2,2,2,-,-,-,-,-,-,-,-,-,-
27321003100003100_大阪府豊能郡豊能町希望ケ丘１丁目,27321,大阪府,豊能郡豊能町,希望ケ丘１丁目,4,12,4,12,1,1,3,11,3,11,-,-,-,-,-,-
27321003100003200_大阪府豊能郡豊能町希望ケ丘２丁目,27321,大阪府,豊能郡豊能町,希望ケ丘２丁目,6,38,6,38,2,7,4,31,4,31,-,-,-,-,-,-
27321003100003300_大阪府豊能郡豊能町希望ケ丘３丁目,27321,大阪府,豊能郡豊能町,希望ケ丘３丁目,7,20,7,20,2,4,5,16,5,16,-,-,-,-,-,-
27321003100003400_大阪府豊能郡豊能町希望ケ丘４丁目,27321,大阪府,豊能郡豊能町,希望ケ丘４丁目,3,5,3,5,1,1,2,4,2,4,-,-,-,-,-,-
27321003100003500_大阪府豊能郡豊能町希望ケ丘５丁目,27321,大阪府,豊能郡豊能町,希望ケ丘５丁目,9,96,9,96,2,8,7,88,5,82,2,6,-,-,-,-
27321003100003600_大阪府豊能郡豊能町希望ケ丘６丁目,27321,大阪府,豊能郡豊能町,希望ケ丘６丁目,11,82,10,50,3,5,6,34,5,22,1,12,1,11,1,32
27321002900002900_大阪府豊能郡豊能町吉川,27321,大阪府,豊能郡豊能町,吉川,20,365,17,288,5,12,12,276,3,21,9,255,-,-,3,77
27321000400000400_大阪府豊能郡豊能町光風台１丁目,27321,大阪府,豊能郡豊能町,光風台１丁目,5,27,5,27,4,24,1,3,1,3,-,-,-,-,-,-
27321000400000500_大阪府豊能郡豊能町光風台２丁目,27321,大阪府,豊能郡豊能町,光風台２丁目,19,152,19,152,7,13,12,139,10,124,2,15,-,-,-,-
27321000400000600_大阪府豊能郡豊能町光風台３丁目,27321,大阪府,豊能郡豊能町,光風台３丁目,12,32,12,32,4,8,8,24,7,16,1,8,-,-,-,-
27321000400000700_大阪府豊能郡豊能町光風台４丁目,27321,大阪府,豊能郡豊能町,光風台４丁目,4,8,4,8,3,6,1,2,1,2,-,-,-,-,-,-
27321000400000800_大阪府豊能郡豊能町光風台５丁目,27321,大阪府,豊能郡豊能町,光風台５丁目,20,117,17,95,4,24,13,71,9,48,4,23,-,-,3,22
27321000400000900_大阪府豊能郡豊能町光風台６丁目,27321,大阪府,豊能郡豊能町,光風台６丁目,6,21,6,21,2,3,4,18,3,6,1,12,-,-,-,-
27321001000001000_大阪府豊能郡豊能町高山,27321,大阪府,豊能郡豊能町,高山,8,54,8,54,-,-,8,54,4,48,4,6,-,-,-,-
27321001100001100_大阪府豊能郡豊能町寺田,27321,大阪府,豊能郡豊能町,寺田,2,2,2,2,-,-,2,2,-,-,2,2,-,-,-,-
27321003700003700_大阪府豊能郡豊能町新光風台１丁目,27321,大阪府,豊能郡豊能町,新光風台１丁目,12,100,9,30,5,13,4,17,4,17,-,-,-,-,3,70
27321003700003800_大阪府豊能郡豊能町新光風台２丁目,27321,大阪府,豊能郡豊能町,新光風台２丁目,13,69,13,69,5,15,8,54,6,18,2,36,-,-,-,-
27321003700003900_大阪府豊能郡豊能町新光風台３丁目,27321,大阪府,豊能郡豊能町,新光風台３丁目,3,46,3,46,1,1,2,45,2,45,-,-,-,-,-,-
27321003700004000_大阪府豊能郡豊能町新光風台４丁目,27321,大阪府,豊能郡豊能町,新光風台４丁目,9,39,9,39,2,3,7,36,7,36,-,-,-,-,-,-
27321003700004100_大阪府豊能郡豊能町新光風台５丁目,27321,大阪府,豊能郡豊能町,新光風台５丁目,3,7,3,7,2,3,1,4,1,4,-,-,-,-,-,-
27321000300000300_大阪府豊能郡豊能町切畑,27321,大阪府,豊能郡豊能町,切畑,14,47,14,47,4,8,10,39,7,34,3,5,-,-,-,-
27321000100000100_大阪府豊能郡豊能町川尻,27321,大阪府,豊能郡豊能町,川尻,12,171,12,171,4,13,8,158,6,99,2,59,-,-,-,-
27321001900001900_大阪府豊能郡豊能町東ときわ台１丁目,27321,大阪府,豊能郡豊能町,東ときわ台１丁目,10,157,2,43,-,-,2,43,1,7,1,36,-,-,8,114
27321001900002000_大阪府豊能郡豊能町東ときわ台２丁目,27321,大阪府,豊能郡豊能町,東ときわ台２丁目,7,16,6,13,5,8,1,5,1,5,-,-,-,-,1,3
27321001900002100_大阪府豊能郡豊能町東ときわ台３丁目,27321,大阪府,豊能郡豊能町,東ときわ台３丁目,17,146,17,146,9,26,8,120,6,117,2,3,-,-,-,-
27321001900002200_大阪府豊能郡豊能町東ときわ台４丁目,27321,大阪府,豊能郡豊能町,東ときわ台４丁目,7,20,7,20,3,7,4,13,4,13,-,-,-,-,-,-
27321001900002300_大阪府豊能郡豊能町東ときわ台５丁目,27321,大阪府,豊能郡豊能町,東ときわ台５丁目,11,87,9,53,2,3,7,50,7,50,-,-,-,-,2,34
27321001900002400_大阪府豊能郡豊能町東ときわ台６丁目,27321,大阪府,豊能郡豊能町,東ときわ台６丁目,3,14,3,14,1,1,2,13,1,2,1,11,-,-,-,-
27321001900002500_大阪府豊能郡豊能町東ときわ台７丁目,27321,大阪府,豊能郡豊能町,東ときわ台７丁目,14,62,14,62,7,24,7,38,4,6,3,32,-,-,-,-
27321001900002600_大阪府豊能郡豊能町東ときわ台８丁目,27321,大阪府,豊能郡豊能町,東ときわ台８丁目,5,9,5,9,2,4,3,5,3,5,-,-,-,-,-,-
27321001900002700_大阪府豊能郡豊能町東ときわ台９丁目,27321,大阪府,豊能郡豊能町,東ときわ台９丁目,2,7,2,7,1,6,1,1,1,1,-,-,-,-,-,-
27321002800002800_大阪府豊能郡豊能町牧,27321,大阪府,豊能郡豊能町,牧,5,12,5,12,1,1,4,11,2,9,2,2,-,-,-,-
27321000200000200_大阪府豊能郡豊能町木代,27321,大阪府,豊能郡豊能町,木代,29,245,28,242,6,12,22,230,15,148,7,82,-,-,1,3
27321001800001800_大阪府豊能郡豊能町野間口,27321,大阪府,豊能郡豊能町,野間口,11,33,10,30,2,5,8,25,4,19,4,6,-,-,1,3
27321003000003000_大阪府豊能郡豊能町余野,27321,大阪府,豊能郡豊能町,余野,47,532,36,261,16,58,19,187,12,127,7,60,1,16,11,271
27321999999999999_大阪府豊能郡豊能町その他,27321,大阪府,豊能郡豊能町,その他,-,-,-,-,-,-,-,-,-,-,-,-,-,-,-,-
27322_大阪府豊能郡能勢町,27322,大阪府,豊能郡能勢町,,406,"3,610",383,"3,264",126,446,254,"2,801",145,"1,663",109,"1,138",3,17,23,346
27322000100000100_大阪府豊能郡能勢町稲地,27322,大阪府,豊能郡能勢町,稲地,2,11,2,11,-,-,2,11,2,11,-,-,-,-,-,-
27322001200001200_大阪府豊能郡能勢町下田,27322,大阪府,豊能郡能勢町,下田,20,89,18,83,8,26,10,57,9,55,1,2,-,-,2,6
27322001100001100_大阪府豊能郡能勢町下田尻,27322,大阪府,豊能郡能勢町,下田尻,17,127,16,126,4,11,11,102,6,37,5,65,1,13,1,1
27322003000003000_大阪府豊能郡能勢町吉野,27322,大阪府,豊能郡能勢町,吉野,6,42,6,42,1,1,5,41,3,37,2,4,-,-,-,-
27322000900000900_大阪府豊能郡能勢町栗栖,27322,大阪府,豊能郡能勢町,栗栖,21,281,20,247,6,42,14,205,9,178,5,27,-,-,1,34
27322000200000200_大阪府豊能郡能勢町今西,27322,大阪府,豊能郡能勢町,今西,16,86,13,45,7,19,6,26,2,5,4,21,-,-,3,41
27322002800002800_大阪府豊能郡能勢町山田,27322,大阪府,豊能郡能勢町,山田,6,11,6,11,5,10,1,1,-,-,1,1,-,-,-,-
27322002700002700_大阪府豊能郡能勢町山内,27322,大阪府,豊能郡能勢町,山内,2,19,2,19,1,6,1,13,1,13,-,-,-,-,-,-
27322002900002900_大阪府豊能郡能勢町山辺,27322,大阪府,豊能郡能勢町,山辺,38,199,38,199,18,49,20,150,15,143,5,7,-,-,-,-
27322001300001300_大阪府豊能郡能勢町宿野,27322,大阪府,豊能郡能勢町,宿野,50,509,43,400,9,15,34,385,18,201,16,184,-,-,7,109
27322000300000300_大阪府豊能郡能勢町上杉,27322,大阪府,豊能郡能勢町,上杉,5,43,5,43,1,7,4,36,2,10,2,26,-,-,-,-
27322000700000700_大阪府豊能郡能勢町上田尻,27322,大阪府,豊能郡能勢町,上田尻,9,319,7,282,1,1,6,281,4,278,2,3,-,-,2,37
27322002600002600_大阪府豊能郡能勢町森上,27322,大阪府,豊能郡能勢町,森上,19,84,18,83,9,37,9,46,8,45,1,1,-,-,1,1
27322001000001000_大阪府豊能郡能勢町神山,27322,大阪府,豊能郡能勢町,神山,2,4,2,4,-,-,2,4,1,1,1,3,-,-,-,-
27322001600001600_大阪府豊能郡能勢町垂水,27322,大阪府,豊能郡能勢町,垂水,2,2,2,2,2,2,-,-,-,-,-,-,-,-,-,-
27322001500001500_大阪府豊能郡能勢町杉原,27322,大阪府,豊能郡能勢町,杉原,3,27,3,27,1,1,2,26,1,3,1,23,-,-,-,-
27322000800000800_大阪府豊能郡能勢町倉垣,27322,大阪府,豊能郡能勢町,倉垣,28,272,26,268,4,37,21,230,10,94,11,136,1,1,2,4
27322000400000400_大阪府豊能郡能勢町大里,27322,大阪府,豊能郡能勢町,大里,33,343,32,320,11,27,21,293,8,39,13,254,-,-,1,23
27322001400001400_大阪府豊能郡能勢町地黄,27322,大阪府,豊能郡能勢町,地黄,27,195,26,118,7,32,18,83,12,65,6,18,1,3,1,77
27322001800001800_大阪府豊能郡能勢町長谷,27322,大阪府,豊能郡能勢町,長谷,3,19,3,19,1,7,2,12,1,11,1,1,-,-,-,-
27322001700001700_大阪府豊能郡能勢町天王,27322,大阪府,豊能郡能勢町,天王,9,67,9,67,4,12,5,55,3,51,2,4,-,-,-,-
27322000500000500_大阪府豊能郡能勢町柏原,27322,大阪府,豊能郡能勢町,柏原,6,123,6,123,1,2,5,121,4,78,1,43,-,-,-,-
27322002400002400_大阪府豊能郡能勢町平通,27322,大阪府,豊能郡能勢町,平通,18,112,18,112,6,31,12,81,8,40,4,41,-,-,-,-
27322002500002500_大阪府豊能郡能勢町平野,27322,大阪府,豊能郡能勢町,平野,12,177,11,165,5,29,6,136,1,46,5,90,-,-,1,12
27322000600000600_大阪府豊能郡能勢町片山,27322,大阪府,豊能郡能勢町,片山,14,82,14,82,5,26,9,56,5,25,4,31,-,-,-,-
27322001900001900_大阪府豊能郡能勢町野間稲地,27322,大阪府,豊能郡能勢町,野間稲地,8,25,8,25,4,9,4,16,1,3,3,13,-,-,-,-
27322002100002100_大阪府豊能郡能勢町野間出野,27322,大阪府,豊能郡能勢町,野間出野,4,18,4,18,1,2,3,16,1,13,2,3,-,-,-,-
27322002300002300_大阪府豊能郡能勢町野間西山,27322,大阪府,豊能郡能勢町,野間西山,3,124,3,124,-,-,3,124,2,93,1,31,-,-,-,-
27322002000002000_大阪府豊能郡能勢町野間大原,27322,大阪府,豊能郡能勢町,野間大原,4,64,4,64,-,-,4,64,1,7,3,57,-,-,-,-
27322002200002200_大阪府豊能郡能勢町野間中,27322,大阪府,豊能郡能勢町,野間中,19,136,18,135,4,5,14,130,7,81,7,49,-,-,1,1
27322999999999999_大阪府豊能郡能勢町その他,27322,大阪府,豊能郡能勢町,その他,-,-,-,-,-,-,-,-,-,-,-,-,-,-,-,-
27341_大阪府泉北郡忠岡町,27341,大阪府,泉北郡忠岡町,,624,"6,793",608,"6,413",200,577,408,"5,836",366,"5,144",42,692,-,-,16,380
27341000600000600_大阪府泉北郡忠岡町高月南１丁目,27341,大阪府,泉北郡忠岡町,高月南１丁目,16,117,16,117,4,7,12,110,12,110,-,-,-,-,-,-
27341000600000700_大阪府泉北郡忠岡町高月南２丁目,27341,大阪府,泉北郡忠岡町,高月南２丁目,20,203,20,203,5,22,15,181,15,181,-,-,-,-,-,-
27341000600000800_大阪府泉北郡忠岡町高月南３丁目,27341,大阪府,泉北郡忠岡町,高月南３丁目,19,280,19,280,2,5,17,275,17,275,-,-,-,-,-,-
27341000400000400_大阪府泉北郡忠岡町高月北１丁目,27341,大阪府,泉北郡忠岡町,高月北１丁目,18,209,18,209,4,6,14,203,9,92,5,111,-,-,-,-
27341000400000500_大阪府泉北郡忠岡町高月北２丁目,27341,大阪府,泉北郡忠岡町,高月北２丁目,19,114,19,114,7,14,12,100,12,100,-,-,-,-,-,-
27341002100002100_大阪府泉北郡忠岡町新浜１丁目,27341,大阪府,泉北郡忠岡町,新浜１丁目,13,339,13,339,-,-,13,339,10,305,3,34,-,-,-,-
27341002100002200_大阪府泉北郡忠岡町新浜２丁目,27341,大阪府,泉北郡忠岡町,新浜２丁目,45,"1,211",45,"1,211",1,4,44,"1,207",44,"1,207",-,-,-,-,-,-
27341002100002300_大阪府泉北郡忠岡町新浜３丁目,27341,大阪府,泉北郡忠岡町,新浜３丁目,2,57,1,46,-,-,1,46,1,46,-,-,-,-,1,11
27341001200001200_大阪府泉北郡忠岡町忠岡中１丁目,27341,大阪府,泉北郡忠岡町,忠岡中１丁目,38,191,38,191,15,63,23,128,18,101,5,27,-,-,-,-
27341001200001300_大阪府泉北郡忠岡町忠岡中２丁目,27341,大阪府,泉北郡忠岡町,忠岡中２丁目,17,127,17,127,7,29,10,98,6,57,4,41,-,-,-,-
27341001200001400_大阪府泉北郡忠岡町忠岡中３丁目,27341,大阪府,泉北郡忠岡町,忠岡中３丁目,19,275,19,275,6,13,13,262,12,261,1,1,-,-,-,-
27341001500001500_大阪府泉北郡忠岡町忠岡東１丁目,27341,大阪府,泉北郡忠岡町,忠岡東１丁目,89,821,83,624,47,122,36,502,29,276,7,226,-,-,6,197
27341001500001600_大阪府泉北郡忠岡町忠岡東２丁目,27341,大阪府,泉北郡忠岡町,忠岡東２丁目,27,225,27,225,10,61,17,164,16,162,1,2,-,-,-,-
27341001500001700_大阪府泉北郡忠岡町忠岡東３丁目,27341,大阪府,泉北郡忠岡町,忠岡東３丁目,9,159,9,159,1,3,8,156,8,156,-,-,-,-,-,-
27341001800001800_大阪府泉北郡忠岡町忠岡南１丁目,27341,大阪府,泉北郡忠岡町,忠岡南１丁目,45,311,41,267,20,44,21,223,14,116,7,107,-,-,4,44
27341001800001900_大阪府泉北郡忠岡町忠岡南２丁目,27341,大阪府,泉北郡忠岡町,忠岡南２丁目,19,58,19,58,11,21,8,37,6,35,2,2,-,-,-,-
27341001800002000_大阪府泉北郡忠岡町忠岡南３丁目,27341,大阪府,泉北郡忠岡町,忠岡南３丁目,15,246,15,246,1,2,14,244,14,244,-,-,-,-,-,-
27341000900000900_大阪府泉北郡忠岡町忠岡北１丁目,27341,大阪府,泉北郡忠岡町,忠岡北１丁目,36,429,35,390,9,30,26,360,22,255,4,105,-,-,1,39
27341000900001000_大阪府泉北郡忠岡町忠岡北２丁目,27341,大阪府,泉北郡忠岡町,忠岡北２丁目,22,215,22,215,7,18,15,197,15,197,-,-,-,-,-,-
27341000900001100_大阪府泉北郡忠岡町忠岡北３丁目,27341,大阪府,泉北郡忠岡町,忠岡北３丁目,27,320,27,320,1,4,26,316,24,281,2,35,-,-,-,-
27341002400002400_大阪府泉北郡忠岡町馬瀬１丁目,27341,大阪府,泉北郡忠岡町,馬瀬１丁目,28,122,28,122,15,32,13,90,12,89,1,1,-,-,-,-
27341002400002500_大阪府泉北郡忠岡町馬瀬２丁目,27341,大阪府,泉北郡忠岡町,馬瀬２丁目,20,175,16,86,7,16,9,70,9,70,-,-,-,-,4,89
27341002400002600_大阪府泉北郡忠岡町馬瀬３丁目,27341,大阪府,泉北郡忠岡町,馬瀬３丁目,19,238,19,238,5,18,14,220,14,220,-,-,-,-,-,-
27341000100000100_大阪府泉北郡忠岡町北出１丁目,27341,大阪府,泉北郡忠岡町,北出１丁目,8,41,8,41,5,27,3,14,3,14,-,-,-,-,-,-
27341000100000200_大阪府泉北郡忠岡町北出２丁目,27341,大阪府,泉北郡忠岡町,北出２丁目,18,206,18,206,7,12,11,194,11,194,-,-,-,-,-,-
27341000100000300_大阪府泉北郡忠岡町北出３丁目,27341,大阪府,泉北郡忠岡町,北出３丁目,16,104,16,104,3,4,13,100,13,100,-,-,-,-,-,-
27341999999999999_大阪府泉北郡忠岡町その他,27341,大阪府,泉北郡忠岡町,その他,-,-,-,-,-,-,-,-,-,-,-,-,-,-,-,-
27361_大阪府泉南郡熊取町,27361,大阪府,泉南郡熊取町,,"1,181","10,601","1,154","9,813",553,"1,753",598,"8,056",486,"4,493",112,"3,563",3,4,27,788
27361010200010200_大阪府泉南郡熊取町五月ヶ丘１丁目,27361,大阪府,泉南郡熊取町,五月ヶ丘１丁目,2,13,2,13,-,-,2,13,-,-,2,13,-,-,-,-
27361010200010300_大阪府泉南郡熊取町五月ヶ丘２丁目,27361,大阪府,泉南郡熊取町,五月ヶ丘２丁目,6,43,6,43,1,2,5,41,5,41,-,-,-,-,-,-
27361005800005800_大阪府泉南郡熊取町五門西１丁目,27361,大阪府,泉南郡熊取町,五門西１丁目,25,123,23,100,17,76,6,24,6,24,-,-,-,-,2,23
27361005800005900_大阪府泉南郡熊取町五門西２丁目,27361,大阪府,泉南郡熊取町,五門西２丁目,18,133,17,83,9,39,8,44,6,35,2,9,-,-,1,50
27361005800006000_大阪府泉南郡熊取町五門西３丁目,27361,大阪府,泉南郡熊取町,五門西３丁目,9,31,9,31,3,5,6,26,5,25,1,1,-,-,-,-
27361005800006100_大阪府泉南郡熊取町五門西４丁目,27361,大阪府,泉南郡熊取町,五門西４丁目,12,27,12,27,10,20,2,7,2,7,-,-,-,-,-,-
27361006200006200_大阪府泉南郡熊取町五門東１丁目,27361,大阪府,泉南郡熊取町,五門東１丁目,7,54,6,45,3,6,3,39,2,27,1,12,-,-,1,9
27361006200006300_大阪府泉南郡熊取町五門東２丁目,27361,大阪府,泉南郡熊取町,五門東２丁目,24,99,23,97,15,27,8,70,7,67,1,3,-,-,1,2
27361006200006400_大阪府泉南郡熊取町五門東３丁目,27361,大阪府,泉南郡熊取町,五門東３丁目,19,61,19,61,13,23,6,38,5,27,1,11,-,-,-,-
27361006200006500_大阪府泉南郡熊取町五門東４丁目,27361,大阪府,泉南郡熊取町,五門東４丁目,6,15,6,15,4,10,2,5,2,5,-,-,-,-,-,-
27361004700004700_大阪府泉南郡熊取町七山１丁目,27361,大阪府,泉南郡熊取町,七山１丁目,4,45,4,45,2,5,2,40,1,10,1,30,-,-,-,-
27361004700004800_大阪府泉南郡熊取町七山２丁目,27361,大阪府,泉南郡熊取町,七山２丁目,12,562,12,562,2,28,10,534,2,6,8,528,-,-,-,-
27361004700004900_大阪府泉南郡熊取町七山３丁目,27361,大阪府,泉南郡熊取町,七山３丁目,7,29,7,29,3,6,4,23,4,23,-,-,-,-,-,-
27361005100005100_大阪府泉南郡熊取町七山西,27361,大阪府,泉南郡熊取町,七山西,3,8,3,8,1,1,2,7,2,7,-,-,-,-,-,-
27361005200005200_大阪府泉南郡熊取町七山東,27361,大阪府,泉南郡熊取町,七山東,13,80,13,80,4,5,9,75,9,75,-,-,-,-,-,-
27361005300005300_大阪府泉南郡熊取町七山南,27361,大阪府,泉南郡熊取町,七山南,1,1,1,1,1,1,-,-,-,-,-,-,-,-,-,-
27361005000005000_大阪府泉南郡熊取町七山北,27361,大阪府,泉南郡熊取町,七山北,8,39,8,39,4,9,4,30,4,30,-,-,-,-,-,-
27361008700008700_大阪府泉南郡熊取町つばさが丘西１丁目,27361,大阪府,泉南郡熊取町,つばさが丘西１丁目,2,2,2,2,-,-,2,2,2,2,-,-,-,-,-,-
27361008700008800_大阪府泉南郡熊取町つばさが丘西２丁目,27361,大阪府,泉南郡熊取町,つばさが丘西２丁目,10,83,10,83,1,3,9,80,8,43,1,37,-,-,-,-
27361008900008900_大阪府泉南郡熊取町つばさが丘東１丁目,27361,大阪府,泉南郡熊取町,つばさが丘東１丁目,1,2,1,2,-,-,1,2,1,2,-,-,-,-,-,-
27361008900009000_大阪府泉南郡熊取町つばさが丘東２丁目,27361,大阪府,泉南郡熊取町,つばさが丘東２丁目,-,-,-,-,-,-,-,-,-,-,-,-,-,-,-,-
27361008300008300_大阪府泉南郡熊取町つばさが丘北１丁目,27361,大阪府,泉南郡熊取町,つばさが丘北１丁目,-,-,-,-,-,-,-,-,-,-,-,-,-,-,-,-
27361008300008400_大阪府泉南郡熊取町つばさが丘北２丁目,27361,大阪府,泉南郡熊取町,つばさが丘北２丁目,4,30,4,30,2,3,2,27,2,27,-,-,-,-,-,-
27361008300008500_大阪府泉南郡熊取町つばさが丘北３丁目,27361,大阪府,泉南郡熊取町,つばさが丘北３丁目,4,7,4,7,4,7,-,-,-,-,-,-,-,-,-,-
27361008300008600_大阪府泉南郡熊取町つばさが丘北４丁目,27361,大阪府,泉南郡熊取町,つばさが丘北４丁目,-,-,-,-,-,-,-,-,-,-,-,-,-,-,-,-
27361002200002200_大阪府泉南郡熊取町希望が丘１丁目,27361,大阪府,泉南郡熊取町,希望が丘１丁目,10,32,10,32,7,19,3,13,3,13,-,-,-,-,-,-
27361002200002300_大阪府泉南郡熊取町希望が丘２丁目,27361,大阪府,泉南郡熊取町,希望が丘２丁目,8,33,6,14,3,3,3,11,3,11,-,-,-,-,2,19
27361002200002400_大阪府泉南郡熊取町希望が丘３丁目,27361,大阪府,泉南郡熊取町,希望が丘３丁目,20,162,20,162,12,76,8,86,7,47,1,39,-,-,-,-
27361002200002500_大阪府泉南郡熊取町希望が丘４丁目,27361,大阪府,泉南郡熊取町,希望が丘４丁目,12,90,10,33,4,7,5,24,3,11,2,13,1,2,2,57
27361000800000900_大阪府泉南郡熊取町久保１丁目,27361,大阪府,泉南郡熊取町,久保１丁目,11,49,11,49,5,10,6,39,6,39,-,-,-,-,-,-
27361000800001000_大阪府泉南郡熊取町久保２丁目,27361,大阪府,泉南郡熊取町,久保２丁目,7,89,6,35,3,20,3,15,2,13,1,2,-,-,1,54
27361000800001100_大阪府泉南郡熊取町久保３丁目,27361,大阪府,泉南郡熊取町,久保３丁目,13,49,13,49,6,15,7,34,7,34,-,-,-,-,-,-
27361000800001200_大阪府泉南郡熊取町久保４丁目,27361,大阪府,泉南郡熊取町,久保４丁目,2,21,1,6,-,-,1,6,1,6,-,-,-,-,1,15
27361000800001300_大阪府泉南郡熊取町久保５丁目,27361,大阪府,泉南郡熊取町,久保５丁目,2,47,2,47,-,-,2,47,1,41,1,6,-,-,-,-
27361010400010400_大阪府泉南郡熊取町高田１丁目,27361,大阪府,泉南郡熊取町,高田１丁目,2,5,2,5,-,-,2,5,2,5,-,-,-,-,-,-
27361010400010500_大阪府泉南郡熊取町高田２丁目,27361,大阪府,泉南郡熊取町,高田２丁目,3,4,3,4,2,3,1,1,-,-,1,1,-,-,-,-
27361010400010600_大阪府泉南郡熊取町高田３丁目,27361,大阪府,泉南郡熊取町,高田３丁目,5,14,5,14,5,14,-,-,-,-,-,-,-,-,-,-
27361010400010700_大阪府泉南郡熊取町高田４丁目,27361,大阪府,泉南郡熊取町,高田４丁目,1,1,1,1,1,1,-,-,-,-,-,-,-,-,-,-
27361004300004300_大阪府泉南郡熊取町紺屋１丁目,27361,大阪府,泉南郡熊取町,紺屋１丁目,38,415,38,415,15,37,23,378,20,324,3,54,-,-,-,-
27361004300004400_大阪府泉南郡熊取町紺屋２丁目,27361,大阪府,泉南郡熊取町,紺屋２丁目,28,298,28,298,7,37,21,261,20,260,1,1,-,-,-,-
27361004500004500_大阪府泉南郡熊取町桜が丘１丁目,27361,大阪府,泉南郡熊取町,桜が丘１丁目,7,13,7,13,5,6,2,7,2,7,-,-,-,-,-,-
27361004500004600_大阪府泉南郡熊取町桜が丘２丁目,27361,大阪府,泉南郡熊取町,桜が丘２丁目,2,8,2,8,-,-,1,7,1,7,-,-,1,1,-,-
27361002900002900_大阪府泉南郡熊取町山の手台１丁目,27361,大阪府,泉南郡熊取町,山の手台１丁目,6,33,6,33,2,5,4,28,3,22,1,6,-,-,-,-
27361002900003000_大阪府泉南郡熊取町山の手台２丁目,27361,大阪府,泉南郡熊取町,山の手台２丁目,3,7,3,7,2,3,1,4,1,4,-,-,-,-,-,-
27361002900003100_大阪府泉南郡熊取町山の手台３丁目,27361,大阪府,泉南郡熊取町,山の手台３丁目,1,1,1,1,1,1,-,-,-,-,-,-,-,-,-,-
27361002000002000_大阪府泉南郡熊取町自由が丘１丁目,27361,大阪府,泉南郡熊取町,自由が丘１丁目,6,18,6,18,3,7,3,11,3,11,-,-,-,-,-,-
27361002000002100_大阪府泉南郡熊取町自由が丘２丁目,27361,大阪府,泉南郡熊取町,自由が丘２丁目,4,11,4,11,3,8,1,3,1,3,-,-,-,-,-,-
27361002600002600_大阪府泉南郡熊取町若葉１丁目,27361,大阪府,泉南郡熊取町,若葉１丁目,12,35,12,35,5,6,7,29,6,28,1,1,-,-,-,-
27361002600002700_大阪府泉南郡熊取町若葉２丁目,27361,大阪府,泉南郡熊取町,若葉２丁目,6,259,6,259,2,2,4,257,2,6,2,251,-,-,-,-
27361000200000300_大阪府泉南郡熊取町小垣内１丁目,27361,大阪府,泉南郡熊取町,小垣内１丁目,16,70,16,70,10,35,6,35,4,26,2,9,-,-,-,-
27361000200000400_大阪府泉南郡熊取町小垣内２丁目,27361,大阪府,泉南郡熊取町,小垣内２丁目,16,65,16,65,10,21,6,44,6,44,-,-,-,-,-,-
27361000200000500_大阪府泉南郡熊取町小垣内３丁目,27361,大阪府,泉南郡熊取町,小垣内３丁目,16,120,16,120,3,6,13,114,11,111,2,3,-,-,-,-
27361000200000600_大阪府泉南郡熊取町小垣内４丁目,27361,大阪府,泉南郡熊取町,小垣内４丁目,8,41,8,41,7,17,1,24,-,-,1,24,-,-,-,-
27361009800009800_大阪府泉南郡熊取町小谷南１丁目,27361,大阪府,泉南郡熊取町,小谷南１丁目,5,31,5,31,2,3,3,28,3,28,-,-,-,-,-,-
27361009800009900_大阪府泉南郡熊取町小谷南２丁目,27361,大阪府,泉南郡熊取町,小谷南２丁目,10,83,10,83,4,47,6,36,6,36,-,-,-,-,-,-
27361009800010000_大阪府泉南郡熊取町小谷南３丁目,27361,大阪府,泉南郡熊取町,小谷南３丁目,8,46,8,46,3,6,5,40,4,37,1,3,-,-,-,-
27361009800010100_大阪府泉南郡熊取町小谷南４丁目,27361,大阪府,泉南郡熊取町,小谷南４丁目,1,28,1,28,-,-,1,28,1,28,-,-,-,-,-,-
27361009600009600_大阪府泉南郡熊取町小谷北１丁目,27361,大阪府,泉南郡熊取町,小谷北１丁目,5,22,5,22,2,3,3,19,3,19,-,-,-,-,-,-
27361009600009700_大阪府泉南郡熊取町小谷北２丁目,27361,大阪府,泉南郡熊取町,小谷北２丁目,4,28,4,28,2,11,2,17,2,17,-,-,-,-,-,-
27361005400005400_大阪府泉南郡熊取町新野田１丁目,27361,大阪府,泉南郡熊取町,新野田１丁目,4,7,4,7,4,7,-,-,-,-,-,-,-,-,-,-
27361005400005500_大阪府泉南郡熊取町新野田２丁目,27361,大阪府,泉南郡熊取町,新野田２丁目,5,24,5,24,3,5,2,19,2,19,-,-,-,-,-,-
27361010900010900_大阪府泉南郡熊取町成合西,27361,大阪府,泉南郡熊取町,成合西,1,16,1,16,-,-,1,16,1,16,-,-,-,-,-,-
27361011000011000_大阪府泉南郡熊取町成合東,27361,大阪府,泉南郡熊取町,成合東,4,9,4,9,2,4,2,5,1,4,1,1,-,-,-,-
27361011100011100_大阪府泉南郡熊取町成合南,27361,大阪府,泉南郡熊取町,成合南,2,6,2,6,-,-,2,6,2,6,-,-,-,-,-,-
27361010800010800_大阪府泉南郡熊取町成合北,27361,大阪府,泉南郡熊取町,成合北,4,43,4,43,-,-,4,43,4,43,-,-,-,-,-,-
27361011200011200_大阪府泉南郡熊取町青葉台１丁目,27361,大阪府,泉南郡熊取町,青葉台１丁目,4,16,4,16,1,4,3,12,3,12,-,-,-,-,-,-
27361011200011300_大阪府泉南郡熊取町青葉台２丁目,27361,大阪府,泉南郡熊取町,青葉台２丁目,7,12,7,12,6,10,1,2,1,2,-,-,-,-,-,-
27361003900003900_大阪府泉南郡熊取町大久保西,27361,大阪府,泉南郡熊取町,大久保西,4,15,4,15,3,13,1,2,1,2,-,-,-,-,-,-
27361003500003500_大阪府泉南郡熊取町大久保中１丁目,27361,大阪府,泉南郡熊取町,大久保中１丁目,69,563,69,563,42,171,26,391,24,369,2,22,1,1,-,-
27361003500003600_大阪府泉南郡熊取町大久保中２丁目,27361,大阪府,泉南郡熊取町,大久保中２丁目,80,376,80,376,47,133,33,243,29,159,4,84,-,-,-,-
27361003500003700_大阪府泉南郡熊取町大久保中３丁目,27361,大阪府,泉南郡熊取町,大久保中３丁目,17,97,17,97,13,23,4,74,3,69,1,5,-,-,-,-
27361003500003710_大阪府泉南郡熊取町大久保中４丁目,27361,大阪府,泉南郡熊取町,大久保中４丁目,8,56,8,56,3,36,5,20,5,20,-,-,-,-,-,-
27361003500003800_大阪府泉南郡熊取町大久保中５丁目,27361,大阪府,泉南郡熊取町,大久保中５丁目,3,11,3,11,2,7,1,4,-,-,1,4,-,-,-,-
27361005600005600_大阪府泉南郡熊取町大久保東１丁目,27361,大阪府,泉南郡熊取町,大久保東１丁目,33,697,33,697,13,33,20,664,19,116,1,548,-,-,-,-
27361005600005700_大阪府泉南郡熊取町大久保東２丁目,27361,大阪府,泉南郡熊取町,大久保東２丁目,20,233,20,233,4,13,16,220,14,128,2,92,-,-,-,-
27361004000004010_大阪府泉南郡熊取町大久保南１丁目,27361,大阪府,泉南郡熊取町,大久保南１丁目,12,110,10,47,5,19,5,28,4,15,1,13,-,-,2,63
27361004000004020_大阪府泉南郡熊取町大久保南２丁目,27361,大阪府,泉南郡熊取町,大久保南２丁目,10,47,10,47,6,25,4,22,3,19,1,3,-,-,-,-
27361004000004000_大阪府泉南郡熊取町大久保南３丁目,27361,大阪府,泉南郡熊取町,大久保南３丁目,22,485,22,485,2,7,20,478,10,99,10,379,-,-,-,-
27361004000004100_大阪府泉南郡熊取町大久保南４丁目,27361,大阪府,泉南郡熊取町,大久保南４丁目,15,56,15,56,9,15,6,41,6,41,-,-,-,-,-,-
27361004000004200_大阪府泉南郡熊取町大久保南５丁目,27361,大阪府,泉南郡熊取町,大久保南５丁目,3,76,3,76,-,-,3,76,2,2,1,74,-,-,-,-
27361003200003200_大阪府泉南郡熊取町大久保北１丁目,27361,大阪府,泉南郡熊取町,大久保北１丁目,9,20,9,20,5,7,4,13,4,13,-,-,-,-,-,-
27361003200003300_大阪府泉南郡熊取町大久保北２丁目,27361,大阪府,泉南郡熊取町,大久保北２丁目,28,112,28,112,13,33,15,79,13,69,2,10,-,-,-,-
27361003200003400_大阪府泉南郡熊取町大久保北３丁目,27361,大阪府,泉南郡熊取町,大久保北３丁目,30,237,30,237,18,77,12,160,8,63,4,97,-,-,-,-
27361009200009200_大阪府泉南郡熊取町大宮１丁目,27361,大阪府,泉南郡熊取町,大宮１丁目,21,84,21,84,16,38,5,46,4,41,1,5,-,-,-,-
27361009200009300_大阪府泉南郡熊取町大宮２丁目,27361,大阪府,泉南郡熊取町,大宮２丁目,16,42,16,42,8,11,8,31,6,26,2,5,-,-,-,-
27361009200009400_大阪府泉南郡熊取町大宮３丁目,27361,大阪府,泉南郡熊取町,大宮３丁目,12,126,12,126,7,22,5,104,5,104,-,-,-,-,-,-
27361009200009500_大阪府泉南郡熊取町大宮４丁目,27361,大阪府,泉南郡熊取町,大宮４丁目,6,60,5,53,1,4,4,49,4,49,-,-,-,-,1,7
27361001400001400_大阪府泉南郡熊取町大字五門,27361,大阪府,泉南郡熊取町,大字五門,3,23,3,23,-,-,3,23,3,23,-,-,-,-,-,-
27361000800000800_大阪府泉南郡熊取町大字久保,27361,大阪府,泉南郡熊取町,大字久保,6,65,4,42,-,-,4,42,3,42,1,-,-,-,2,23
27361000200000200_大阪府泉南郡熊取町大字小垣内,27361,大阪府,泉南郡熊取町,大字小垣内,1,19,1,19,-,-,1,19,-,-,1,19,-,-,-,-
27361000700000700_大阪府泉南郡熊取町大字小谷,27361,大阪府,泉南郡熊取町,大字小谷,1,2,1,2,1,2,-,-,-,-,-,-,-,-,-,-
27361000100000100_大阪府泉南郡熊取町大字大久保,27361,大阪府,泉南郡熊取町,大字大久保,3,10,3,10,1,3,2,7,2,7,-,-,-,-,-,-
27361001500001500_大阪府泉南郡熊取町大字野田,27361,大阪府,泉南郡熊取町,大字野田,2,18,2,18,-,-,2,18,1,12,1,6,-,-,-,-
27361007000007000_大阪府泉南郡熊取町朝代西１丁目,27361,大阪府,泉南郡熊取町,朝代西１丁目,12,556,12,556,-,-,12,556,12,556,-,-,-,-,-,-
27361007000007100_大阪府泉南郡熊取町朝代西２丁目,27361,大阪府,泉南郡熊取町,朝代西２丁目,3,181,2,175,1,1,1,174,-,-,1,174,-,-,1,6
27361007000007200_大阪府泉南郡熊取町朝代西３丁目,27361,大阪府,泉南郡熊取町,朝代西３丁目,3,12,3,12,1,2,2,10,2,10,-,-,-,-,-,-
27361007000007300_大阪府泉南郡熊取町朝代西４丁目,27361,大阪府,泉南郡熊取町,朝代西４丁目,10,51,10,51,5,37,5,14,5,14,-,-,-,-,-,-
27361009100009100_大阪府泉南郡熊取町朝代台,27361,大阪府,泉南郡熊取町,朝代台,9,374,9,374,-,-,9,374,4,70,5,304,-,-,-,-
27361007400007400_大阪府泉南郡熊取町朝代東１丁目,27361,大阪府,泉南郡熊取町,朝代東１丁目,18,86,18,86,9,41,9,45,7,43,2,2,-,-,-,-
27361007400007500_大阪府泉南郡熊取町朝代東２丁目,27361,大阪府,泉南郡熊取町,朝代東２丁目,16,106,16,106,10,35,6,71,5,69,1,2,-,-,-,-
27361007400007600_大阪府泉南郡熊取町朝代東３丁目,27361,大阪府,泉南郡熊取町,朝代東３丁目,2,9,2,9,1,1,1,8,1,8,-,-,-,-,-,-
27361007400007700_大阪府泉南郡熊取町朝代東４丁目,27361,大阪府,泉南郡熊取町,朝代東４丁目,13,119,12,106,3,5,9,101,3,15,6,86,-,-,1,13
27361006700006700_大阪府泉南郡熊取町長池,27361,大阪府,泉南郡熊取町,長池,2,58,2,58,1,2,1,56,-,-,1,56,-,-,-,-
27361006600006600_大阪府泉南郡熊取町東和苑,27361,大阪府,泉南郡熊取町,東和苑,10,26,10,26,7,19,3,7,3,7,-,-,-,-,-,-
27361002800002800_大阪府泉南郡熊取町南山の手台,27361,大阪府,泉南郡熊取町,南山の手台,7,27,7,27,-,-,7,27,7,27,-,-,-,-,-,-
27361006800006800_大阪府泉南郡熊取町美熊台１丁目,27361,大阪府,泉南郡熊取町,美熊台１丁目,9,30,9,30,7,21,2,9,2,9,-,-,-,-,-,-
27361006800006900_大阪府泉南郡熊取町美熊台２丁目,27361,大阪府,泉南郡熊取町,美熊台２丁目,2,5,2,5,-,-,2,5,2,5,-,-,-,-,-,-
27361001500001600_大阪府泉南郡熊取町野田１丁目,27361,大阪府,泉南郡熊取町,野田１丁目,24,556,18,139,6,24,12,115,8,59,4,56,-,-,6,417
27361001500001700_大阪府泉南郡熊取町野田２丁目,27361,大阪府,泉南郡熊取町,野田２丁目,38,303,37,292,13,37,24,255,20,236,4,19,-,-,1,11
27361001500001800_大阪府泉南郡熊取町野田３丁目,27361,大阪府,泉南郡熊取町,野田３丁目,24,526,24,526,5,51,19,475,8,49,11,426,-,-,-,-
27361001500001900_大阪府泉南郡熊取町野田４丁目,27361,大阪府,泉南郡熊取町,野田４丁目,3,40,1,21,1,21,-,-,-,-,-,-,-,-,2,19
27361007800007800_大阪府泉南郡熊取町和田１丁目,27361,大阪府,泉南郡熊取町,和田１丁目,4,21,4,21,2,5,2,16,1,5,1,11,-,-,-,-
27361007800007900_大阪府泉南郡熊取町和田２丁目,27361,大阪府,泉南郡熊取町,和田２丁目,8,19,8,19,8,19,-,-,-,-,-,-,-,-,-,-
27361007800008000_大阪府泉南郡熊取町和田３丁目,27361,大阪府,泉南郡熊取町,和田３丁目,2,4,2,4,1,1,1,3,-,-,1,3,-,-,-,-
27361007800008100_大阪府泉南郡熊取町和田４丁目,27361,大阪府,泉南郡熊取町,和田４丁目,1,3,1,3,1,3,-,-,-,-,-,-,-,-,-,-
27361007800008200_大阪府泉南郡熊取町和田５丁目,27361,大阪府,泉南郡熊取町,和田５丁目,1,1,1,1,1,1,-,-,-,-,-,-,-,-,-,-
27361999999999999_大阪府泉南郡熊取町その他,27361,大阪府,泉南郡熊取町,その他,-,-,-,-,-,-,-,-,-,-,-,-,-,-,-,-
27362_大阪府泉南郡田尻町,27362,大阪府,泉南郡田尻町,,374,"8,120",347,"5,997",113,311,232,"5,686",207,"5,397",25,289,2,-,27,"2,123"
27362000500000500_大阪府泉南郡田尻町りんくうポート南,27362,大阪府,泉南郡田尻町,りんくうポート南,3,834,2,321,-,-,2,321,2,321,-,-,-,-,1,513
27362000300000300_大阪府泉南郡田尻町りんくうポート北,27362,大阪府,泉南郡田尻町,りんくうポート北,21,295,21,295,3,31,18,264,15,172,3,92,-,-,-,-
27362000100000100_大阪府泉南郡田尻町嘉祥寺,27362,大阪府,泉南郡田尻町,嘉祥寺,113,927,99,685,45,119,52,566,42,502,10,64,2,-,14,242
27362000200000200_大阪府泉南郡田尻町吉見,27362,大阪府,泉南郡田尻町,吉見,109,660,108,626,65,161,43,465,33,339,10,126,-,-,1,34
27362000400000400_大阪府泉南郡田尻町泉州空港中,27362,大阪府,泉南郡田尻町,泉州空港中,128,"5,404",117,"4,070",-,-,117,"4,070",115,"4,063",2,7,-,-,11,"1,334"
27362999999999999_大阪府泉南郡田尻町その他,27362,大阪府,泉南郡田尻町,その他,-,-,-,-,-,-,-,-,-,-,-,-,-,-,-,-
27366_大阪府泉南郡岬町,27366,大阪府,泉南郡岬町,,421,"3,861",391,"3,290",160,460,231,"2,830",166,"2,000",65,830,-,-,30,571
27366000100000100_大阪府泉南郡岬町孝子,27366,大阪府,泉南郡岬町,孝子,11,47,9,44,1,1,8,43,5,39,3,4,-,-,2,3
27366000700000700_大阪府泉南郡岬町深日,27366,大阪府,泉南郡岬町,深日,157,"1,395",144,"1,046",71,158,73,888,55,763,18,125,-,-,13,349
27366000200000200_大阪府泉南郡岬町多奈川小島,27366,大阪府,泉南郡岬町,多奈川小島,15,87,14,86,6,14,8,72,4,56,4,16,-,-,1,1
27366000400000400_大阪府泉南郡岬町多奈川西畑,27366,大阪府,泉南郡岬町,多奈川西畑,1,9,1,9,-,-,1,9,1,9,-,-,-,-,-,-
27366000300000300_大阪府泉南郡岬町多奈川谷川,27366,大阪府,泉南郡岬町,多奈川谷川,71,793,62,734,25,93,37,641,22,297,15,344,-,-,9,59
27366000500000500_大阪府泉南郡岬町多奈川東畑,27366,大阪府,泉南郡岬町,多奈川東畑,1,31,1,31,-,-,1,31,1,31,-,-,-,-,-,-
27366000600000600_大阪府泉南郡岬町淡輪,27366,大阪府,泉南郡岬町,淡輪,159,"1,492",154,"1,333",52,188,102,"1,145",77,804,25,341,-,-,5,159
27366000800000800_大阪府泉南郡岬町望海坂１丁目,27366,大阪府,泉南郡岬町,望海坂１丁目,5,6,5,6,5,6,-,-,-,-,-,-,-,-,-,-
27366000800000900_大阪府泉南郡岬町望海坂２丁目,27366,大阪府,泉南郡岬町,望海坂２丁目,1,1,1,1,-,-,1,1,1,1,-,-,-,-,-,-
27366000800001000_大阪府泉南郡岬町望海坂３丁目,27366,大阪府,泉南郡岬町,望海坂３丁目,-,-,-,-,-,-,-,-,-,-,-,-,-,-,-,-
27366999999999999_大阪府泉南郡岬町その他,27366,大阪府,泉南郡岬町,その他,-,-,-,-,-,-,-,-,-,-,-,-,-,-,-,-
27381_大阪府南河内郡太子町,27381,大阪府,南河内郡太子町,,372,"3,364",355,"3,006",151,388,200,"2,539",162,"1,731",38,808,4,79,17,358
27381000600000600_大阪府南河内郡太子町聖和台１丁目,27381,大阪府,南河内郡太子町,聖和台１丁目,3,4,3,4,-,-,3,4,3,4,-,-,-,-,-,-
27381000600000700_大阪府南河内郡太子町聖和台２丁目,27381,大阪府,南河内郡太子町,聖和台２丁目,3,3,3,3,1,1,2,2,2,2,-,-,-,-,-,-
27381000600000800_大阪府南河内郡太子町聖和台３丁目,27381,大阪府,南河内郡太子町,聖和台３丁目,2,2,2,2,1,1,1,1,1,1,-,-,-,-,-,-
27381000600000900_大阪府南河内郡太子町聖和台４丁目,27381,大阪府,南河内郡太子町,聖和台４丁目,3,13,3,13,-,-,3,13,3,13,-,-,-,-,-,-
27381000500000500_大阪府南河内郡太子町大字山田,27381,大阪府,南河内郡太子町,大字山田,130,"1,092",116,820,52,120,61,637,45,302,16,335,3,63,14,272
27381000100000100_大阪府南河内郡太子町大字春日,27381,大阪府,南河内郡太子町,大字春日,114,776,111,690,55,142,55,532,44,366,11,166,1,16,3,86
27381000200000200_大阪府南河内郡太子町大字太子,27381,大阪府,南河内郡太子町,大字太子,96,"1,264",96,"1,264",39,120,57,"1,144",49,904,8,240,-,-,-,-
27381000300000300_大阪府南河内郡太子町大字畑,27381,大阪府,南河内郡太子町,大字畑,9,106,9,106,-,-,9,106,6,39,3,67,-,-,-,-
27381000400000400_大阪府南河内郡太子町大字葉室,27381,大阪府,南河内郡太子町,大字葉室,12,104,12,104,3,4,9,100,9,100,-,-,-,-,-,-
27381999999999999_大阪府南河内郡太子町その他,27381,大阪府,南河内郡太子町,その他,-,-,-,-,-,-,-,-,-,-,-,-,-,-,-,-
27382_大阪府南河内郡河南町,27382,大阪府,南河内郡河南町,,505,"5,540",490,"5,042",201,559,288,"4,481",233,"2,705",55,"1,776",1,2,15,498
27382002300002300_大阪府南河内郡河南町さくら坂１丁目,27382,大阪府,南河内郡河南町,さくら坂１丁目,10,142,9,115,1,1,8,114,8,114,-,-,-,-,1,27
27382002300002400_大阪府南河内郡河南町さくら坂２丁目,27382,大阪府,南河内郡河南町,さくら坂２丁目,1,1,1,1,-,-,1,1,1,1,-,-,-,-,-,-
27382002300002500_大阪府南河内郡河南町さくら坂３丁目,27382,大阪府,南河内郡河南町,さくら坂３丁目,1,2,1,2,1,2,-,-,-,-,-,-,-,-,-,-
27382002300002600_大阪府南河内郡河南町さくら坂４丁目,27382,大阪府,南河内郡河南町,さくら坂４丁目,9,24,9,24,4,16,5,8,5,8,-,-,-,-,-,-
27382002300002700_大阪府南河内郡河南町さくら坂５丁目,27382,大阪府,南河内郡河南町,さくら坂５丁目,-,-,-,-,-,-,-,-,-,-,-,-,-,-,-,-
27382003100003100_大阪府南河内郡河南町さくら坂南,27382,大阪府,南河内郡河南町,さくら坂南,1,3,1,3,-,-,1,3,-,-,1,3,-,-,-,-
27382000100000100_大阪府南河内郡河南町大字一須賀,27382,大阪府,南河内郡河南町,大字一須賀,81,452,81,452,50,118,31,334,25,254,6,80,-,-,-,-
27382000600000600_大阪府南河内郡河南町大字下河内,27382,大阪府,南河内郡河南町,大字下河内,5,9,5,9,-,-,5,9,3,7,2,2,-,-,-,-
27382000200000200_大阪府南河内郡河南町大字加納,27382,大阪府,南河内郡河南町,大字加納,26,257,26,257,10,33,15,222,11,143,4,79,1,2,-,-
27382000400000400_大阪府南河内郡河南町大字寛弘寺,27382,大阪府,南河内郡河南町,大字寛弘寺,36,320,36,320,21,48,15,272,9,133,6,139,-,-,-,-
27382000800000800_大阪府南河内郡河南町大字芹生谷,27382,大阪府,南河内郡河南町,大字芹生谷,3,13,3,13,2,4,1,9,1,9,-,-,-,-,-,-
27382001900001900_大阪府南河内郡河南町大字弘川,27382,大阪府,南河内郡河南町,大字弘川,1,1,1,1,-,-,1,1,-,-,1,1,-,-,-,-
27382002200002200_大阪府南河内郡河南町大字山城,27382,大阪府,南河内郡河南町,大字山城,35,422,35,422,7,31,28,391,26,387,2,4,-,-,-,-
27382001500001500_大阪府南河内郡河南町大字寺田,27382,大阪府,南河内郡河南町,大字寺田,32,212,31,210,13,39,18,171,17,169,1,2,-,-,1,2
27382002100002100_大阪府南河内郡河南町大字持尾,27382,大阪府,南河内郡河南町,大字持尾,3,136,3,136,-,-,3,136,3,136,-,-,-,-,-,-
27382000300000300_大阪府南河内郡河南町大字上河内,27382,大阪府,南河内郡河南町,大字上河内,4,17,4,17,1,3,3,14,2,13,1,1,-,-,-,-
27382000500000500_大阪府南河内郡河南町大字神山,27382,大阪府,南河内郡河南町,大字神山,34,408,33,342,16,50,17,292,13,191,4,101,-,-,1,66
27382001400001400_大阪府南河内郡河南町大字大ヶ塚,27382,大阪府,南河内郡河南町,大字大ヶ塚,18,38,18,38,11,21,7,17,4,9,3,8,-,-,-,-
27382001600001600_大阪府南河内郡河南町大字中,27382,大阪府,南河内郡河南町,大字中,17,252,17,252,4,8,13,244,11,241,2,3,-,-,-,-
27382001700001700_大阪府南河内郡河南町大字東山,27382,大阪府,南河内郡河南町,大字東山,42,"1,593",42,"1,593",19,50,23,"1,543",20,313,3,"1,230",-,-,-,-
27382002000002000_大阪府南河内郡河南町大字馬谷,27382,大阪府,南河内郡河南町,大字馬谷,3,17,3,17,3,17,-,-,-,-,-,-,-,-,-,-
27382000700000700_大阪府南河内郡河南町大字白木,27382,大阪府,南河内郡河南町,大字白木,59,870,49,497,14,58,35,439,26,351,9,88,-,-,10,373
27382001800001800_大阪府南河内郡河南町大字平石,27382,大阪府,南河内郡河南町,大字平石,6,34,6,34,1,3,5,31,3,29,2,2,-,-,-,-
27382000900000900_大阪府南河内郡河南町大宝１丁目,27382,大阪府,南河内郡河南町,大宝１丁目,27,127,26,124,8,22,18,102,18,102,-,-,-,-,1,3
27382000900001000_大阪府南河内郡河南町大宝２丁目,27382,大阪府,南河内郡河南町,大宝２丁目,16,52,16,52,6,13,10,39,9,37,1,2,-,-,-,-
27382000900001100_大阪府南河内郡河南町大宝３丁目,27382,大阪府,南河内郡河南町,大宝３丁目,6,55,5,28,3,9,2,19,2,19,-,-,-,-,1,27
27382000900001200_大阪府南河内郡河南町大宝４丁目,27382,大阪府,南河内郡河南町,大宝４丁目,24,68,24,68,6,13,18,55,11,24,7,31,-,-,-,-
27382000900001300_大阪府南河内郡河南町大宝５丁目,27382,大阪府,南河内郡河南町,大宝５丁目,2,4,2,4,-,-,2,4,2,4,-,-,-,-,-,-
27382002800002800_大阪府南河内郡河南町鈴美台１丁目,27382,大阪府,南河内郡河南町,鈴美台１丁目,1,2,1,2,-,-,1,2,1,2,-,-,-,-,-,-
27382002800002900_大阪府南河内郡河南町鈴美台２丁目,27382,大阪府,南河内郡河南町,鈴美台２丁目,-,-,-,-,-,-,-,-,-,-,-,-,-,-,-,-
27382002800003000_大阪府南河内郡河南町鈴美台３丁目,27382,大阪府,南河内郡河南町,鈴美台３丁目,2,9,2,9,-,-,2,9,2,9,-,-,-,-,-,-
27382999999999999_大阪府南河内郡河南町その他,27382,大阪府,南河内郡河南町,その他,-,-,-,-,-,-,-,-,-,-,-,-,-,-,-,-
27383_大阪府南河内郡千早赤阪村,27383,大阪府,南河内郡千早赤阪村,,207,"1,813",194,"1,614",70,178,123,"1,435",95,"1,156",28,279,1,1,13,199
27383000800000800_大阪府南河内郡千早赤阪村大字二河原邊,27383,大阪府,南河内郡千早赤阪村,大字二河原邊,6,219,6,219,1,1,5,218,3,193,2,25,-,-,-,-
27383001000001000_大阪府南河内郡千早赤阪村大字吉年,27383,大阪府,南河内郡千早赤阪村,大字吉年,1,2,1,2,1,2,-,-,-,-,-,-,-,-,-,-
27383000300000300_大阪府南河内郡千早赤阪村大字桐山,27383,大阪府,南河内郡千早赤阪村,大字桐山,4,25,3,21,1,1,2,20,2,20,-,-,-,-,1,4
27383000400000400_大阪府南河内郡千早赤阪村大字小吹,27383,大阪府,南河内郡千早赤阪村,大字小吹,35,217,34,196,12,21,22,175,14,111,8,64,-,-,1,21
27383000900000900_大阪府南河内郡千早赤阪村大字森屋,27383,大阪府,南河内郡千早赤阪村,大字森屋,49,309,49,309,15,33,34,276,31,271,3,5,-,-,-,-
27383000500000500_大阪府南河内郡千早赤阪村大字水分,27383,大阪府,南河内郡千早赤阪村,大字水分,48,607,41,469,15,55,26,414,20,357,6,57,-,-,7,138
27383000600000600_大阪府南河内郡千早赤阪村大字千早,27383,大阪府,南河内郡千早赤阪村,大字千早,15,81,14,80,7,21,7,59,4,41,3,18,-,-,1,1
27383000200000200_大阪府南河内郡千早赤阪村大字川野邊,27383,大阪府,南河内郡千早赤阪村,大字川野邊,4,26,4,26,2,11,2,15,2,15,-,-,-,-,-,-
27383000700000700_大阪府南河内郡千早赤阪村大字中津原,27383,大阪府,南河内郡千早赤阪村,大字中津原,18,66,18,66,11,19,7,47,4,36,3,11,-,-,-,-
27383000100000100_大阪府南河内郡千早赤阪村大字東阪,27383,大阪府,南河内郡千早赤阪村,大字東阪,27,261,24,226,5,14,18,211,15,112,3,99,1,1,3,35
27383999999999999_大阪府南河内郡千早赤阪村その他,27383,大阪府,南河内郡千早赤阪村,その他,-,-,-,-,-,-,-,-,-,-,-,-,-,-,-,-
