店の名前,駅からの距離,店のカテゴリ(キーワード),紹介文,評価,コメント数,ブックマーク数,夜の予算,昼の予算,住所,緯度,経度,正規化住所,ジオコーディング失敗理由,採用方式,信頼度,place_id,候補店名(採用),候補住所(採用),候補緯度(採用),候補経度(採用),候補スコア,フォールバック理由,places_geocode_distance_m
ファミリーマート 名神吹田インター前店,宇野辺駅 465m,コンビニ・スーパー,,,,,-,-,大阪府吹田市青葉丘北7-32,34.80769069999999,135.5490704,日本、〒565-0801 大阪府吹田市青葉丘北７−３２,,places,medium,ChIJW-WwTTHjAGARDEejhYn6NXo,ファミリーマート 名神吹田インター前店,日本、〒565-0801 大阪府吹田市青葉丘北７−３２,34.80769069999999,135.5490704,57.00,,4.9
オリビオ,宇野辺駅 543m,野菜料理、オーガニック,,3.06,9,271,"￥2,000～￥2,999","￥2,000～￥2,999",大阪府吹田市青葉丘北7-2 OriginShipビル 1F,34.8078872,135.5484567,日本、〒565-0801 大阪府吹田市青葉丘北７−２,,places_manual_review,manual_override,ChIJ4enuDV_jAGARK6Qiq4WY54s,ORIBIO Cafe Dining,日本、〒565-0801 大阪府吹田市青葉丘北７−２,34.8078872,135.5484567,12.00,MANUAL_PLACE_OVERRIDE,9.1
Dog Run Cafe THE RUN,宇野辺駅 404m,カフェ,,,20,,"￥1,000～￥1,999","￥1,000～￥1,999",大阪府吹田市青葉丘北13-1 メロディハイム吹田青葉丘 1F,34.8090171,135.5498884,日本、〒565-0801 大阪府吹田市青葉丘北１３−１,,places,medium,ChIJiZULhG7jAGARj3DA9gaD6-Q,Dog Run Cafe THE RUN,日本、〒565-0801 大阪府吹田市青葉丘北１３−１,34.8090171,135.5498884,57.00,,0.0
ファミリーマート 吹田青葉丘店,宇野辺駅 234m,コンビニ・スーパー,,3,1,4,-,-,大阪府吹田市青葉丘南1-33,34.8061023,135.5549656,日本、〒565-0802 大阪府吹田市青葉丘南１−３３,,places,medium,ChIJGevNaCXjAGAR3CSYwVzEz44,ファミリーマート 吹田青葉丘店,日本、〒565-0802 大阪府吹田市青葉丘南１−３３,34.8061023,135.5549656,57.00,,15.6
焼肉・もつ鍋 本日のおすすめ 吹田店,宇野辺駅 150m,焼肉、居酒屋、もつ鍋,,3.08,12,198,"￥3,000～￥3,999",-,大阪府吹田市青葉丘南3-58,34.8067278,135.5542257,日本、〒565-0802 大阪府吹田市青葉丘南３−５８,,places_manual_review,manual_override,ChIJT6Pj8C_jAGAR8AWNMUdSlEo,本日のおすすめ 吹田店,日本、〒565-0802 大阪府吹田市青葉丘南３−５８,34.8067278,135.5542257,39.00,MANUAL_PLACE_OVERRIDE,5.3
パナソニックリゾート大阪,宇野辺駅 512m,ホテル,,3.12,6,47,-,-,大阪府吹田市青葉丘南10-1,34.8042723,135.5510108,日本、〒565-0802 大阪府吹田市青葉丘南１０−１,,places,medium,ChIJ9Yt6ezrjAGARgW8hmXY59Y0,パナソニックリゾート大阪,日本、〒565-0802 大阪府吹田市青葉丘南１０−１,34.8042723,135.5510108,57.00,,5.6
文左亭 吹田青葉ヶ丘店,宇野辺駅 520m,たい焼き・大判焼き、和菓子,,3.01,1,20,-,-,大阪府吹田市青葉丘南14-1 ホームセンターコーナン吹田青葉ヶ丘店,34.806446,135.5485241,日本、〒565-0802 大阪府吹田市青葉丘南１４,,places,medium,ChIJf6rdzDbjAGARmtW-2p4uQ3Q,文左亭 吹田青葉丘店,日本、〒565-0802 大阪府吹田市青葉丘南１４,34.806446,135.5485241,52.50,,57.9
レストラン さくら,宇野辺駅 512m,日本料理、洋食,,3.02,1,2,-,-,大阪府吹田市青葉丘南10-1,34.8042723,135.5510108,日本、〒565-0802 大阪府吹田市青葉丘南１０−１,,places_manual_review,manual_override,ChIJ9Yt6ezrjAGARgW8hmXY59Y0,パナソニックリゾート大阪,日本、〒565-0802 大阪府吹田市青葉丘南１０−１,34.8042723,135.5510108,14.37,MANUAL_PLACE_OVERRIDE,5.6
らーめん 塩一,宇野辺駅 188m,ラーメン,,3.01,2,70,-,-,大阪府吹田市青葉丘南2-1,34.8065408,135.5549945,日本、〒565-0802 大阪府茨木市青葉丘南２−１,,places,medium,ChIJYwrZTiTjAGARg0SPXTJzEJk,らーめん塩一,日本、〒565-0802 大阪府茨木市青葉丘南２−１,34.8065408,135.5549945,57.00,,0.4
炭火串焼 鳥堂,宇野辺駅 389m,居酒屋、串焼き,,3.05,5,120,-,-,大阪府吹田市青葉丘南6-9 パルプラザ１０２Ａ,34.80741190000001,135.5499358,日本、〒565-0802 大阪府吹田市青葉丘南６−９ パル・プラザ青葉丘 102A,,places_manual_review,manual_override,ChIJlz3rPTHjAGARvEpu7D6J-vU,鳥堂,日本、〒565-0802 大阪府吹田市青葉丘南６−９ パル・プラザ青葉丘 102A,34.80741190000001,135.5499358,27.00,MANUAL_PLACE_OVERRIDE,8.1
セブンイレブン 吹田青葉丘南店,宇野辺駅 161m,コンビニ・スーパー,,3.07,1,1,-,-,大阪府吹田市青葉丘南2-5,34.806722,135.5547999,日本、〒565-0802 大阪府吹田市青葉丘南２−５,,places,medium,ChIJ1W3TYyXjAGARooXKxVF04aI,セブン-イレブン 吹田青葉丘南店,日本、〒565-0802 大阪府吹田市青葉丘南２−５,34.806722,135.5547999,53.54,,7.0
藁ざんまい,北千里駅 584m,海鮮,,3.05,8,207,-,-,大阪府吹田市青山台2-1-4 青山台近隣センター,34.792347,135.5019067,日本、〒565-0854 大阪府吹田市桃山台２丁目５,,places_manual_review,manual_override,ChIJhYNyOlX7AGARTAdaObniIls,藁ざんまい。,日本、〒565-0854 大阪府吹田市桃山台２丁目５,34.792347,135.5019067,37.50,MANUAL_PLACE_OVERRIDE,3261.7
LAWSON 吹田青山台三丁目店,吹田市,コンビニ・スーパー,,3,4,6,-,-,大阪府吹田市青山台3-50-10-120,34.8295664,135.5004174,日本、〒565-0875 大阪府吹田市青山台３丁目５０−１０−１２０,,places_manual_review,manual_override,ChIJJeTI0az7AGARF5bYcHdfBSw,ローソン 吹田青山台三丁目店,日本、〒565-0875 大阪府吹田市青山台３丁目５０−１０−１２０,34.8295664,135.5004174,33.32,MANUAL_PLACE_OVERRIDE,0.6
手づくり弁当の店 サフラン,北千里駅 592m,弁当,,,1,15,-,-,大阪府吹田市青山台2-1-9,34.8215112,135.5047663,日本、〒565-0875 大阪府吹田市青山台２丁目１−９,,places_manual_review,manual_override,ChIJubyn4wz7AGARhIX_-mcV73c,サフラン,日本、〒565-0875 大阪府吹田市青山台２丁目１−９,34.8215112,135.5047663,27.00,MANUAL_PLACE_OVERRIDE,2.9
ROSE　TEA　ROOM,吹田市,カフェ,,3.07,6,264,-,-,大阪府吹田市朝日が丘町34-24,34.772856,135.5189608,日本、〒564-0083 大阪府吹田市朝日が丘町３４−２４,,places_manual_review,manual_override,ChIJv968MJvkAGARp86Nn91Wqf4,ローズティールーム,日本、〒564-0083 大阪府吹田市朝日が丘町３４−２４,34.772856,135.5189608,12.00,MANUAL_PLACE_OVERRIDE,4.7
じゅう兵衛,吹田（ＪＲ）駅 613m,お好み焼き、鉄板焼き,,3.06,7,200,-,～￥999,大阪府吹田市朝日が丘町1-18,34.7678346,135.5199597,日本、〒564-0083 大阪府吹田市朝日が丘町１−１８,,places,medium,ChIJ8b7gr4bkAGARjFEGMPyb3As,じゅう兵衛,日本、〒564-0083 大阪府吹田市朝日が丘町１−１８,34.7678346,135.5199597,57.00,,2.6
七輪 吹田店,吹田市,焼肉、肉料理、韓国料理,,3.08,43,865,"￥3,000～￥3,999",-,大阪府吹田市朝日が丘町34-7,34.77321209999999,135.519118,日本、〒564-0083 大阪府吹田市朝日が丘町３４−７,,places_manual_review,manual_override,ChIJ2Yr-OJvkAGAR362V3TtRg9I,炭火焼肉七輪 吹田店,日本、〒564-0083 大阪府吹田市朝日が丘町３４−７,34.77321209999999,135.519118,37.00,MANUAL_PLACE_OVERRIDE,6.6
焼鳥のヒナタ JR吹田駅前店,吹田（ＪＲ）駅 202m,焼き鳥、丼,吹田駅2分◆国産鶏を厳選！本格炭火焼鳥をリーズナブルに♪ランチや昼飲み◎お一人様もお気軽に,3.31,55,1132,"￥2,000～￥2,999",～￥999,大阪府吹田市朝日町5-17,34.7621954,135.5254838,日本、〒564-0027 大阪府吹田市朝日町５−１７,,places,medium,ChIJDd3dn2TjAGARM8eTLRUvfcw,焼鳥のヒナタ JR吹田駅前店,日本、〒564-0027 大阪府吹田市朝日町５−１７,34.7621954,135.5254838,57.00,,0.8
MESON Hasta Manana,吹田（ＪＲ）駅 298m,スペイン料理、居酒屋、海鮮,御予約のお客様に時間制限はありません。 閉店時間は22:00ですので宜しくお願い致します。,3.25,43,2476,"￥3,000～￥3,999",-,大阪府吹田市朝日町25-1,34.761622,135.5262812,日本、〒564-0027 大阪府吹田市朝日町２５−１,,places_manual_review,manual_override,ChIJ8a89R4fjAGARtKWSkphkgFU,Mesón Hasta Mañana（メソン アスタマニャーナ）,日本、〒564-0027 大阪府吹田市朝日町２５−１,34.761622,135.5262812,25.70,MANUAL_PLACE_OVERRIDE,0.8
居酒屋 こーじぃ～,吹田（ＪＲ）駅 187m,居酒屋,【吹田駅1分】絶品料理をアテに楽しく飲める、リーズナブルな大衆居酒屋！サク飲み・宴会に◎,3.06,6,115,"￥2,000～￥2,999",-,大阪府吹田市朝日町2 JR吹田駅 さんくす2番街,34.762797,135.5256403,日本、〒564-0027 大阪府吹田市朝日町２−B 125,,places,medium,ChIJifIOnF7jAGAR010CYMPIk0Y,居酒屋 こーじぃ〜,日本、〒564-0027 大阪府吹田市朝日町２−B 125,34.762797,135.5256403,47.00,,0.0
洋食惣菜バル URRA-RA,吹田（ＪＲ）駅 236m,バル、カフェ、ハンバーグ,【JR吹田駅徒歩1分】 近江牛ハンバーグやパスタなどに加えスイーツも楽しめる洋食惣菜バル,3.09,13,455,"￥3,000～￥3,999","￥1,000～￥1,999",大阪府吹田市朝日町13-2,34.7621784,135.5258742,日本、〒564-0027 大阪府吹田市朝日町１３−２,,places,medium,ChIJY3HCILfjAGARtndDYplAeYA,洋食惣菜バル URRA-RA ウララ,日本、〒564-0027 大阪府吹田市朝日町１３−２,34.7621784,135.5258742,49.50,,5.8
パプリカ,吹田（ＪＲ）駅 330m,インド料理、ネパール料理,,3.13,29,328,-,"￥1,000～￥1,999",大阪府吹田市朝日町27-7 正田ビル 1F,34.7619204,135.5269612,日本、〒564-0027 大阪府吹田市朝日町２７−７ 正田ビル 1F,,places_manual_review,manual_override,ChIJzbViI4fjAGAR9b0wsgdrV50,インド&ネパール料理 Paprika（パプリカ）,日本、〒564-0027 大阪府吹田市朝日町２７−７ 正田ビル 1F,34.7619204,135.5269612,27.00,MANUAL_PLACE_OVERRIDE,0.0
餃子酒飯 大阪王 吹田店,吹田（ＪＲ）駅 72m,餃子、中華料理,,3.08,55,764,"￥1,000～￥1,999",～￥999,大阪府吹田市朝日町1-111 吹田さんくす1番館 1F,34.7634011,135.5243705,日本、〒564-0027 大阪府吹田市朝日町１ 吹田さんくす1番館１F,,places,medium,ChIJy4oMbLflAGARbJQc7OgLLQ4,餃子酒飯 大阪王 吹田店,日本、〒564-0027 大阪府吹田市朝日町１ 吹田さんくす1番館１F,34.7634011,135.5243705,60.00,,20.5
ポポラマーマ JR吹田店,吹田（ＪＲ）駅 54m,パスタ、イタリアン、カフェ,,3.03,32,316,"￥1,000～￥1,999",～￥999,大阪府吹田市朝日町1-103 吹田さんくす1番館1F,34.7632072,135.5242505,日本、〒564-0027 大阪府吹田市朝日町１−１０３,,places,medium,ChIJjcajc3_kAGAReSns93zysLg,ポポラマーマ JR吹田店,日本、〒564-0027 大阪府吹田市朝日町１−１０３,34.7632072,135.5242505,57.00,,12.6
コッペル,吹田（ＪＲ）駅 371m,喫茶店,,3.06,10,122,-,～￥999,大阪府吹田市朝日町19-20,34.7602544,135.5255189,日本、〒564-0027 大阪府吹田市朝日町１９−２０,,places_manual_review,manual_override,ChIJr8R6e4fjAGAR01r5N-CxoSE,珈琲専門店 コッペル,日本、〒564-0027 大阪府吹田市朝日町１９−２０,34.7602544,135.5255189,32.00,MANUAL_PLACE_OVERRIDE,5.1
三洋,吹田（ＪＲ）駅 92m,バー、カレー、サンドイッチ,,3.17,35,1488,-,～￥999,大阪府吹田市朝日町2-123 吹田さんくす2番館　さんくす味ののれん街 Ｂ１Ｆ,34.7635336,135.5245921,日本、〒564-0027 大阪府吹田市朝日町2−２−２ 番館味の のれん街地下 一階,,places,medium,ChIJUc0Jn4DjAGAR8ROxQZQ8V3Q,三洋,日本、〒564-0027 大阪府吹田市朝日町2−２−２ 番館味の のれん街地下 一階,34.7635336,135.5245921,57.00,,93.2
えいちゃん,吹田（ＪＲ）駅 320m,居酒屋,,3.02,1,10,-,-,大阪府吹田市朝日町16-9,34.7613912,135.5263805,日本、〒564-0027 大阪府吹田市朝日町１６−９,,places_manual_review,manual_override,ChIJyVsmRwDjAGARqszQMs3Z1As,居酒屋 えいちゃん,日本、〒564-0027 大阪府吹田市朝日町１６−９,34.7613912,135.5263805,40.12,MANUAL_PLACE_OVERRIDE,0.8
わか,吹田（ＪＲ）駅 272m,立ち飲み,,3.09,10,123,"￥1,000～￥1,999",-,大阪府吹田市朝日町15-9,34.7617562,135.5260533,日本、〒564-0027 大阪府吹田市朝日町１５−９,,places,medium,ChIJa4Xt3BPjAGARgSgXutQAhAQ,わか,日本、〒564-0027 大阪府吹田市朝日町１５−９,34.7617562,135.5260533,57.00,,3.8
天ぷら食堂 魚徳,吹田（ＪＲ）駅 334m,天ぷら、寿司、食堂,,3.39,79,2189,"￥2,000～￥2,999","￥1,000～￥1,999",大阪府吹田市朝日町27-23,34.7613407,135.526516,日本、〒564-0027 大阪府吹田市朝日町２７−２３,,places,medium,ChIJRwKPFYfjAGARR6JHAHmMKwI,天ぷら食堂 魚徳,日本、〒564-0027 大阪府吹田市朝日町２７−２３,34.7613407,135.526516,57.00,,6.8
ドムドムハンバーガー イオン吹田,吹田（ＪＲ）駅 190m,ハンバーガー,,3.08,74,572,～￥999,～￥999,大阪府吹田市朝日町2-101 イオン吹田 1F,34.76261330000001,135.525601,日本、〒564-0027 大阪府吹田市朝日町２−１０１,,places,medium,ChIJTYARsIDjAGARYnRt8d9WolI,ドムドムハンバーガー 吹田店,日本、〒564-0027 大阪府吹田市朝日町２−１０１,34.76261330000001,135.525601,45.75,,50.5
キッコ,吹田（ＪＲ）駅 282m,イタリアン,,3.27,31,1436,-,"￥1,000～￥1,999",大阪府吹田市朝日町17-18 第三丸二ビル 1F,34.7611012,135.5254117,日本、〒564-0027 大阪府吹田市朝日町１７−１８ 第３丸二ビル,,places_manual_review,manual_override,ChIJM9EqWYfjAGARSnfSCu6Nhq8,トラットリアキッコ,日本、〒564-0027 大阪府吹田市朝日町１７−１８ 第３丸二ビル,34.7611012,135.5254117,31.29,MANUAL_PLACE_OVERRIDE,3.3
福warai,吹田（ＪＲ）駅 180m,日本酒バー、寿司、居酒屋,,3.23,29,678,"￥3,000～￥3,999","￥1,000～￥1,999",大阪府吹田市朝日町5-26 1F,34.7617856,135.5246763,日本、〒564-0027 大阪府吹田市朝日町５−２６,,places,medium,ChIJFeZjUn_kAGARaQMvH9QhQLc,福warai,日本、〒564-0027 大阪府吹田市朝日町５−２６,34.7617856,135.5246763,57.00,,3.1
ガーデニア,吹田（ＪＲ）駅 203m,喫茶店,,3.04,5,36,-,～￥999,大阪府吹田市朝日町2-101 ダイエー吹田店２Ｆ,34.7625228,135.5257048,日本、〒564-0027 大阪府吹田市朝日町２−２−１０１ イオン吹田店 2F,,places,medium,ChIJPY71YX_kAGARA_tidmBg8WE,ガーデニア,日本、〒564-0027 大阪府吹田市朝日町２−２−１０１ イオン吹田店 2F,34.7625228,135.5257048,57.00,,63.4
なるを寿司,吹田（ＪＲ）駅 181m,寿司、日本料理、海鮮,,3.01,2,152,"￥5,000～￥5,999","￥1,000～￥1,999",大阪府吹田市朝日町5-26,34.761799,135.5247028,日本、〒564-0027 大阪府吹田市朝日町５−２６,,places,medium,ChIJeftmUn_kAGARPcE6oGwaY70,なるを寿司,日本、〒564-0027 大阪府吹田市朝日町５−２６,34.761799,135.5247028,57.00,,2.7
キッチンオリジン 吹田店,吹田（ＪＲ）駅 244m,弁当,,3,1,10,-,-,大阪府吹田市朝日町15-24,34.761366,135.525075,日本、〒564-0027 大阪府吹田市朝日町１５−２４,,places,medium,ChIJAapYqHjkAGARpGDMSJYY0lI,キッチンオリジン 吹田店,日本、〒564-0027 大阪府吹田市朝日町１５−２４,34.761366,135.525075,57.00,,4.4
居酒屋　真,吹田（ＪＲ）駅 143m,居酒屋、水炊き、もつ鍋,,3.04,9,396,"￥2,000～￥2,999",-,大阪府吹田市朝日町5-8 ヤマトビル1階,34.7625765,135.5250506,日本、〒564-0027 大阪府吹田市朝日町５−８−７０２ ヤマトビル,,places,medium,ChIJwYIXWX_kAGAR3J9jTpYNy5c,居酒屋 真,日本、〒564-0027 大阪府吹田市朝日町５−８−７０２ ヤマトビル,34.7625765,135.5250506,57.00,,11.9
樹蘭,吹田（ＪＲ）駅 89m,居酒屋,,3.03,3,94,-,-,大阪府吹田市朝日町2-B-125 サンクス2番館,34.7634724,135.5249425,日本、〒564-0027 大阪府吹田市朝日町2-B-125 サンクス2番館,,places_manual_review,manual_override,ChIJi7tRAV_jAGARw7126tRNOMk,居酒屋 樹蘭,日本、〒564-0027 大阪府吹田市朝日町2-B-125 サンクス2番館,34.7634724,135.5249425,36.00,MANUAL_PLACE_OVERRIDE,64.7
まぐろ酒場 寅次郎,吹田（ＪＲ）駅 122m,立ち飲み、居酒屋,,3.26,36,608,"￥2,000～￥2,999","￥1,000～￥1,999",大阪府吹田市朝日町2-123,34.7635647,135.5246991,日本、〒564-0027 大阪府吹田市朝日町２−１２３,,places_manual_review,manual_override,ChIJoSC1HtLlAGAR2PRNVSYfT_8,寅次郎,日本、〒564-0027 大阪府吹田市朝日町２−１２３,34.7635647,135.5246991,28.88,MANUAL_PLACE_OVERRIDE,38.1
アッシェガノ,吹田（ＪＲ）駅 190m,パン,,3.22,29,1387,-,-,大阪府吹田市朝日町5-22 1F,34.7620113,135.5251567,日本、〒564-0027 大阪府吹田市朝日町５−２２,,places,medium,ChIJF1mCRgDlAGARGd3OGXy5aoM,アッシェガノ,日本、〒564-0027 大阪府吹田市朝日町５−２２,34.7620113,135.5251567,57.00,,2.8
北岡園 吹田店,吹田（ＪＲ）駅 187m,その他,,3.02,2,10,-,-,大阪府吹田市朝日町2-117 吹田さんくす2番館,34.762797,135.5256403,日本、〒564-0027 大阪府吹田市朝日町２−１１７,,places,medium,ChIJXQGCT0LjAGARp8n37gFZc-M,北岡園 吹田店,日本、〒564-0027 大阪府吹田市朝日町２−１１７,34.762797,135.5256403,57.00,,34.0
呑み処えいちゃん酒場,吹田（ＪＲ）駅 122m,居酒屋,,3.04,2,17,-,-,大阪府吹田市朝日町2-123 さんくす2番館 B1F のれん街,34.7633201,135.5249907,日本、〒564-0027 大阪府吹田市朝日町２−１２３,,places,medium,ChIJeawj_QTlAGARgGsaQWhOEjM,呑み処 えいちゃん酒場,日本、〒564-0027 大阪府吹田市朝日町２−１２３,34.7633201,135.5249907,57.00,,49.9
珉珉 さんくす店,吹田（ＪＲ）駅 113m,中華料理,,3.05,38,317,"￥1,000～￥1,999",～￥999,大阪府吹田市朝日町2,34.7637704,135.5247051,日本、〒564-0027 大阪府吹田市朝日町２ 2番 ２ B106,,places_manual_review,manual_override,ChIJUc0Jn4DjAGARZvJpUmVtD6k,珉珉 吹田さんくす店,日本、〒564-0027 大阪府吹田市朝日町２ 2番 ２ B106,34.7637704,135.5247051,41.75,MANUAL_PLACE_OVERRIDE,137.9
焼鶏 かかし 吹田本店,吹田（ＪＲ）駅 238m,焼き鳥、鳥料理,,3.05,4,254,"￥3,000～￥3,999",-,大阪府吹田市朝日町13-28,34.7620749,135.5258516,日本、〒564-0027 大阪府吹田市朝日町１３−２８,,places_manual_review,manual_override,ChIJC4UXWYfjAGARYDRuO3ICKnI,かかし,日本、〒564-0027 大阪府吹田市朝日町１３−２８,34.7620749,135.5258516,23.25,MANUAL_PLACE_OVERRIDE,16.0
座り立ち飲み たっちゃん,吹田（ＪＲ）駅 95m,居酒屋,,3.08,6,53,"￥2,000～￥2,999",～￥999,大阪府吹田市朝日町2-101,34.7634471,135.5246602,日本、〒564-0027 大阪府吹田市朝日町２−１０１ B1 地下のれん街,,places_manual_review,manual_override,ChIJs9oVhIHlAGAR4XJOX5_5t7s,たっちゃん,日本、〒564-0027 大阪府吹田市朝日町２−１０１ B1 地下のれん街,34.7634471,135.5246602,34.50,MANUAL_PLACE_OVERRIDE,82.7
ケンタッキーフライドチキン 吹田店,吹田（ＪＲ）駅 225m,からあげ,,3.01,10,42,-,-,大阪府吹田市朝日町15-3,34.7620848,135.5256792,日本、〒564-0027 大阪府吹田市朝日町１５−３,,places,medium,ChIJY43aUofjAGARiBMg6eISyPI,ケンタッキーフライドチキン吹田店,日本、〒564-0027 大阪府吹田市朝日町１５−３,34.7620848,135.5256792,57.00,,1.3
ままや,吹田（ＪＲ）駅 118m,立ち飲み,,3.21,35,549,"￥1,000～￥1,999","￥1,000～￥1,999",大阪府吹田市朝日町2-123 吹田さんくす2番館 B1F,34.7633857,135.5250065,日本、〒564-0027 大阪府吹田市朝日町２−１２３ 吹田さんくす2番館 B1F,,places,medium,ChIJtdLRPADlAGAREjDKYYD8VKM,ままや,日本、〒564-0027 大阪府吹田市朝日町２−１２３ 吹田さんくす2番館 B1F,34.7633857,135.5250065,63.00,,53.6
セブン-イレブン ハートイン JR吹田駅東改札口店,吹田（ＪＲ）駅 121m,コンビニ・スーパー,,,1,3,"￥1,000～￥1,999",～￥999,大阪府吹田市朝日町1-1 駅改札外,34.7641762,135.5243652,日本、〒564-0071 大阪府吹田市朝日町１−１,,places_manual_review,manual_override,ChIJR6rlm3_kAGARyIdoAtqlto8,セブン-イレブン ハートインＪＲ吹田駅東改札口店,日本、〒564-0071 大阪府吹田市朝日町１−１,34.7641762,135.5243652,44.43,MANUAL_PLACE_OVERRIDE,180.7
筍食天,吹田（ＪＲ）駅 163m,居酒屋、食堂,,3.02,3,13,"￥1,000～￥1,999",-,大阪府吹田市朝日町2 吹田さんくす2番街 B1F,34.7634537,135.524917,日本、〒564-0027 大阪府吹田市朝日町２,,places,medium,ChIJWQDMYwDlAGAREg1oCQerUx0,筍食天,日本、〒564-0027 大阪府吹田市朝日町２,34.7634537,135.524917,57.00,,82.6
SUITABAL sister's,吹田（ＪＲ）駅 359m,パブ,,3.05,2,20,-,-,大阪府吹田市朝日町23-8,34.761043,135.5265236,日本、〒564-0027 大阪府吹田市朝日町２３−８,,places,medium,ChIJxZzXCQDjAGAR3ajaIPyndLE,SUITA BAL sister's,日本、〒564-0027 大阪府吹田市朝日町２３−８,34.761043,135.5265236,57.00,,2.9
割烹・寿司 むろ井,吹田（ＪＲ）駅 240m,日本料理、寿司,,3.03,6,74,-,-,大阪府吹田市朝日町15-6,34.761824,135.5257469,日本、〒564-0027 大阪府吹田市朝日町１５−６,,places_manual_review,manual_override,ChIJxQ8iUofjAGARcyyIECkGQwM,むろ井,日本、〒564-0027 大阪府吹田市朝日町１５−６,34.761824,135.5257469,28.88,MANUAL_PLACE_OVERRIDE,6.4
イオン 吹田店,吹田（ＪＲ）駅 162m,コンビニ・スーパー,,,3,,-,-,大阪府吹田市朝日町2-101,34.7630425,135.5254193,日本、〒564-0027 大阪府吹田市朝日町２−１０１,,places,medium,ChIJJyI-sIDjAGARirIo8KyveBM,イオン吹田店,日本、〒564-0027 大阪府吹田市朝日町２−１０１,34.7630425,135.5254193,57.00,,0.0
喫茶一番館,吹田（ＪＲ）駅 97m,喫茶店,,3.12,14,132,-,～￥999,大阪府吹田市朝日町3,34.7625368,135.5243135,日本、〒564-0027 大阪府吹田市朝日町３,,places,medium,ChIJJ8kqQ3_kAGARvGQ4-4Npm6I,喫茶一番館,日本、〒564-0027 大阪府吹田市朝日町３,34.7625368,135.5243135,57.00,,43.0
福すし,吹田（ＪＲ）駅 154m,寿司,,3.03,8,71,-,～￥999,大阪府吹田市朝日町2,34.763175,135.525348,日本、〒564-0027 大阪府吹田市朝日町２,,places,medium,ChIJ7aI-Yn_kAGARDfXkAkQe1V0,福すし,日本、〒564-0027 大阪府吹田市朝日町２,34.763175,135.525348,57.00,,49.8
京食パン工房 ここん 吹田店,吹田（ＪＲ）駅 210m,パン,,,16,,-,-,大阪府吹田市朝日町14-9 サンセール吹田 1F,34.7619465,135.5254243,日本、〒564-0027 大阪府吹田市朝日町１４−９ サンセール吹田 1F,,geocode_fallback,medium,ChIJD27CUofjAGARinRJAJk0vbc,和幸堂製パン,日本、〒564-0031 大阪府吹田市元町７−７,34.7604535,135.5250341,14.00,LOW_PLACE_CONFIDENCE:low,169.8
モノクローム,吹田（ＪＲ）駅 188m,喫茶店,,3.07,10,57,-,～￥999,大阪府吹田市朝日町2-121 吹田さんくす2番館 1F,34.7631039,135.5257153,日本、〒564-0027 大阪府吹田市朝日町２−１２１,,places,medium,ChIJUc0Jn4DjAGARyz9UsuRfZdY,モノクローム,日本、〒564-0027 大阪府吹田市朝日町２−１２１,34.7631039,135.5257153,57.00,,27.9
シュークリーム 専門店,吹田（ＪＲ）駅 278m,シュークリーム、洋菓子,,3.09,16,316,-,～￥999,大阪府吹田市朝日町18-16,34.7610241,135.5251108,日本、〒564-0027 大阪府吹田市朝日町１８−１６,,places,medium,ChIJ34iSsXHlAGAR97thyiNE90g,シュークリーム専門店,日本、〒564-0027 大阪府吹田市朝日町１８−１６,34.7610241,135.5251108,57.00,,1.1
プラントベースカフェ アレ,吹田（ＪＲ）駅 320m,カフェ,,3.04,3,229,-,"￥1,000～￥1,999",大阪府吹田市朝日町18-11,34.7606723,135.5252792,日本、〒564-0027 大阪府吹田市朝日町１８−１１ RKSビル 1階,,places,medium,ChIJaZZP0N3jAGARHARXDcK1BtM,Alle アレ-プラントベースカフェ-,日本、〒564-0027 大阪府吹田市朝日町１８−１１ RKSビル 1階,34.7606723,135.5252792,45.75,,6.9
韓食 トントン,吹田（ＪＲ）駅 312m,韓国料理,,,2,186,"￥3,000～￥3,999",-,大阪府吹田市朝日町16-7,34.7614567,135.5263257,日本、〒564-0027 大阪府吹田市朝日町１６−７,,places_manual_review,manual_override,ChIJY7qv7abjAGARZNlnaPOp1aQ,韓食 ton ton,日本、〒564-0027 大阪府吹田市朝日町１６−７,34.7614567,135.5263257,24.86,MANUAL_PLACE_OVERRIDE,2.3
かじ山,吹田（ＪＲ）駅 244m,焼き鳥、串焼き、居酒屋,,3.03,6,265,"￥2,000～￥2,999",-,大阪府吹田市朝日町13-28,34.7620286,135.5258932,日本、〒564-0027 大阪府吹田市朝日町１３−２８,,places,medium,ChIJhy_-TIfjAGAR8f83SRD18p4,かじ山,日本、〒564-0027 大阪府吹田市朝日町１３−２８,34.7620286,135.5258932,57.00,,15.7
福warai日曜モーニング,吹田（ＪＲ）駅 182m,カフェ、パン,,,21,,-,～￥999,大阪府吹田市朝日町5-26,34.7617856,135.5246763,日本、〒564-0027 大阪府吹田市朝日町５−２６,,places_manual_review,manual_override,ChIJFeZjUn_kAGARaQMvH9QhQLc,福warai,日本、〒564-0027 大阪府吹田市朝日町５−２６,34.7617856,135.5246763,30.75,MANUAL_PLACE_OVERRIDE,3.1
ミスタードーナツ ＪＲ吹田ショップ,吹田（ＪＲ）駅 68m,ドーナツ,,3.03,23,95,-,-,大阪府吹田市朝日町1-110,34.7633318,135.5243987,日本、〒564-0027 大阪府吹田市朝日町１−１１０ 吹田さんくす１番館 １階,,places,medium,ChIJOct0c3_kAGAR43MeilmoQOE,ミスタードーナツ JR吹田ショップ,日本、〒564-0027 大阪府吹田市朝日町１−１１０ 吹田さんくす１番館 １階,34.7633318,135.5243987,46.41,,51.9
オリエント,吹田（ＪＲ）駅 100m,カフェ,,3.12,12,233,-,～￥999,大阪府吹田市朝日町2-101 イオン吹田店専門店街 2F,34.763378,135.5247411,日本、〒564-0027 大阪府吹田市朝日町２−１０１ イオン吹田店専門店街2F,,places_manual_review,manual_override,ChIJxx6Ken_kAGARru5lJ4vBCEg,カフェトレイン オリエント,日本、〒564-0027 大阪府吹田市朝日町２−１０１ イオン吹田店専門店街2F,34.763378,135.5247411,40.50,MANUAL_PLACE_OVERRIDE,72.3
鳥安かしわ店,吹田（ＪＲ）駅 203m,鳥料理、からあげ,,3.01,7,85,-,～￥999,大阪府吹田市朝日町14-2 大松ビル 1F,34.7616936,135.5248768,日本、〒564-0027 大阪府吹田市朝日町１４−２,,places,medium,ChIJs0Yeq3jkAGARh6DyleVO5PE,鳥安かしわ店,日本、〒564-0027 大阪府吹田市朝日町１４−２,34.7616936,135.5248768,57.00,,28.6
華小町わらびもち,吹田（ＪＲ）駅 230m,和菓子,,3,6,40,-,-,大阪府吹田市朝日町15-4,34.7620626,135.5257515,日本、〒564-0027 大阪府吹田市朝日町１５−４,,places_manual_review,manual_override,ChIJT2hsSgvjAGAREOAIDxApV3k,華小町わらびもち/本店,日本、〒564-0027 大阪府吹田市朝日町１５−４,34.7620626,135.5257515,44.73,MANUAL_PLACE_OVERRIDE,2.5
ひよっこ,吹田（ＪＲ）駅 54m,居酒屋、鳥料理、鉄板焼き,,3.07,17,346,"￥1,000～￥1,999",～￥999,大阪府吹田市朝日町1 A-2-105,34.7632835,135.5242482,日本、〒564-0027 大阪府吹田市朝日町１ 1 A-2-105,,places,medium,ChIJ8f885IbjAGAR5rd1w1Ixbgo,ひよっこ,日本、〒564-0027 大阪府吹田市朝日町１ 1 A-2-105,34.7632835,135.5242482,60.00,,54.6
彩哲,吹田（ＪＲ）駅 183m,ラーメン,,3.7,488,10656,"￥1,000～￥1,999","￥1,000～￥1,999",大阪府吹田市朝日町5-24,34.7618893,135.5248832,日本、〒564-0027 大阪府吹田市朝日町５−２４,,places_manual_review,manual_override,ChIJm36kiBvlAGARg2ZOOiZoJ_Q,らーめん 彩哲,日本、〒564-0027 大阪府吹田市朝日町５−２４,34.7618893,135.5248832,27.00,MANUAL_PLACE_OVERRIDE,2.2
Goro,吹田（ＪＲ）駅 154m,居酒屋、食堂、韓国料理,,3.07,12,90,"￥1,000～￥1,999",～￥999,大阪府吹田市朝日町2,34.763175,135.525348,日本、〒564-0027 大阪府吹田市朝日町２,,places_manual_review,manual_override,ChIJ7aI-Yn_kAGARlJEkv1fKlPo,ＧＯＲＯ,日本、〒564-0027 大阪府吹田市朝日町２,34.763175,135.525348,12.00,MANUAL_PLACE_OVERRIDE,49.8
三番館 吹田店,吹田（ＪＲ）駅 267m,喫茶店,,3,3,75,"￥1,000～￥1,999",～￥999,大阪府吹田市朝日町13-8 吹田シティータワーステーションコート 1F,34.7624342,135.5264218,日本、〒564-0027 大阪府吹田市朝日町１３−８,,places,medium,ChIJHy_-SYfjAGARd7djzK-jVfg,三番館 吹田店,日本、〒564-0027 大阪府吹田市朝日町１３−８,34.7624342,135.5264218,57.00,,37.7
ディッパーダン 吹田店,吹田（ＪＲ）駅 97m,クレープ・ガレット,,3.03,10,58,-,-,大阪府吹田市朝日町2-101 ダイエー吹田店 1F,34.7634053,135.5247035,日本、〒564-0027 大阪府吹田市朝日町２−１０１ イオン吹田店内 1F,,places,medium,ChIJ5xAxsIDjAGAR3TdQEDJsFZw,ディッパーダン 吹田店,日本、〒564-0027 大阪府吹田市朝日町２−１０１ イオン吹田店内 1F,34.7634053,135.5247035,60.00,,76.8
ふく,吹田（ＪＲ）駅 221m,居酒屋,,,8,,-,-,大阪府吹田市朝日町,34.763175,135.525348,日本、〒564-0027 大阪府吹田市朝日町２,,places,medium,ChIJ7aI-Yn_kAGARBUKcsbB3aLY,ふく,日本、〒564-0027 大阪府吹田市朝日町２,34.763175,135.525348,56.00,,178.1
ビアードパパの作りたて工房 JR吹田駅店,吹田（ＪＲ）駅 122m,シュークリーム、洋菓子,,3.08,8,22,-,-,大阪府吹田市朝日町1-1 JR吹田駅 東口改札口,34.7641483,135.5243855,"1-1 (Near the East gate of JR Suita Station, 朝日町 吹田市 大阪府 564-0071 日本",,places_manual_review,manual_override,ChIJ_9PXUwjlAGARHQCTQYuzurg,ビアードパパ JR吹田駅店,"1-1 (Near the East gate of JR Suita Station, 朝日町 吹田市 大阪府 564-0071 日本",34.7641483,135.5243855,39.50,MANUAL_PLACE_OVERRIDE,48.6
てこや JR吹田駅前店,吹田（ＪＲ）駅 206m,たこ焼き、お好み焼き、焼きそば,,,2,12,～￥999,～￥999,大阪府吹田市朝日町5-16 サンプラザビル 1F,34.76224500000001,135.5255668,日本、〒564-0027 大阪府吹田市朝日町５−１６ サンプラザビル 1階,,places,medium,ChIJs-sdH13jAGARcmE11sp_whs,てこや JR吹田駅前店,日本、〒564-0027 大阪府吹田市朝日町５−１６ サンプラザビル 1階,34.76224500000001,135.5255668,60.00,,0.0
ポコポコ亭,吹田（ＪＲ）駅 311m,食堂,,3.07,9,75,-,～￥999,大阪府吹田市朝日町18-12,34.7607494,135.5252417,日本、〒564-0027 大阪府吹田市朝日町１８−１２,,places,medium,ChIJTcHxX4fjAGARLgpHHsqxvlg,ポコポコ亭,日本、〒564-0027 大阪府吹田市朝日町１８−１２,34.7607494,135.5252417,57.00,,3.5
ラグーン,吹田（ＪＲ）駅 6m,居酒屋、焼き鳥,,3.2,19,499,"￥2,000～￥2,999",-,大阪府吹田市朝日町1-1,34.762992,135.5239736,日本、〒564-0027 大阪府吹田市朝日町１,,places_manual_review,manual_override,ChIJCWSrAX_kAGARFpiK5M7phfM,Brilliant quartz Lagoon,日本、〒564-0027 大阪府吹田市朝日町１,34.762992,135.5239736,12.00,MANUAL_PLACE_OVERRIDE,65.5
立ち呑み処 蔵,吹田（ＪＲ）駅 149m,立ち飲み,,3.13,17,337,"￥1,000～￥1,999",-,大阪府吹田市朝日町2,34.7636207,135.5246365,日本、〒564-0027 大阪府吹田市朝日町２ 吹田さんくす2番館味ののれん街B 1,,places,medium,ChIJ7aI-Yn_kAGARjeXmjwTHjfM,立呑み処 蔵,日本、〒564-0027 大阪府吹田市朝日町２ 吹田さんくす2番館味ののれん街B 1,34.7636207,135.5246365,45.50,,129.6
okann,吹田（ＪＲ）駅 229m,日本料理,,3.02,3,29,-,-,大阪府吹田市朝日町15-4,34.7620586,135.5257551,日本、〒564-0027 大阪府吹田市朝日町１５−４,,places_manual_review,manual_override,ChIJz1H7YbPjAGARC2uSaZB7Hy8,Okann(おかん),日本、〒564-0027 大阪府吹田市朝日町１５−４,34.7620586,135.5257551,32.00,MANUAL_PLACE_OVERRIDE,2.5
居酒屋 勇,吹田（ＪＲ）駅 117m,居酒屋,,,2,,-,-,大阪府吹田市朝日町2-B1-1-3,34.762797,135.5256403,日本、〒564-0027 大阪府吹田市朝日町２,,geocode_fallback,low,ChIJ-z9MeQTjAGARolNMmzFt6n4,ゆう翔,日本、〒564-0032 大阪府吹田市内本町２丁目１−１,34.7595252,135.5255691,4.00,LOW_PLACE_CONFIDENCE:low,363.9
食彩酒屋びーわん,吹田（ＪＲ）駅 115m,中華料理、居酒屋,,3.24,26,223,-,～￥999,大阪府吹田市朝日町 2吹田さんくす2番街味ののれん街B-1,34.7635538,135.5248497,日本、〒564-0027 大阪府吹田市朝日町２ 吹田さんくす2番館味ののれん街B-1,,places,medium,ChIJXyyce3_kAGARNyabTzA1pA8,食彩酒家びーわん,日本、〒564-0027 大阪府吹田市朝日町２ 吹田さんくす2番館味ののれん街B-1,34.7635538,135.5248497,50.00,,93.6
マクドナルド 吹田さんくす店,吹田（ＪＲ）駅 153m,ハンバーガー,,3.03,16,65,-,～￥999,大阪府吹田市朝日町2-123 吹田さんくす２番館,34.7629335,135.5252915,日本、〒564-0027 大阪府吹田市朝日町２−１２３ 吹田さんくす ２番館,,places,medium,ChIJwRNGY3_kAGARUnTiBDdroVc,マクドナルド 吹田さんくす店,日本、〒564-0027 大阪府吹田市朝日町２−１２３ 吹田さんくす ２番館,34.7629335,135.5252915,60.00,,16.8
酔笑庵ぽんぽ,吹田（ＪＲ）駅 110m,居酒屋、鳥料理、食堂,,3.06,8,99,-,-,大阪府吹田市朝日町2,34.7635476,135.5247943,日本、〒564-0027 大阪府吹田市朝日町２,,places,medium,ChIJUc0Jn4DjAGARX7bga5nrv7M,酔笑庵ぽんぽ,日本、〒564-0027 大阪府吹田市朝日町２,34.7635476,135.5247943,53.00,,113.7
コーヒー屋 ジオ,吹田（ＪＲ）駅 325m,カフェ,,3.02,1,25,-,-,大阪府吹田市朝日町18-11 RKSビル 1F,34.7606911,135.5253213,日本、〒564-0027 大阪府吹田市朝日町１８−１１ RKSビル 1階,,places,medium,ChIJh71hA4_jAGARWkAd0Zt8EYU,コーヒー屋 ジオ,日本、〒564-0027 大阪府吹田市朝日町１８−１１ RKSビル 1階,34.7606911,135.5253213,60.00,,2.6
焼肉 深山 鹿児島永楽荘別邸,吹田（ＪＲ）駅 325m,焼肉、ホルモン,,3.21,31,850,"￥8,000～￥9,999","￥2,000～￥2,999",大阪府吹田市朝日町27-6,34.7620199,135.5268931,日本、〒564-0027 大阪府吹田市朝日町２７−６ クイーンハイツ 2F,,places_manual_review,manual_override,ChIJOTDxOofjAGAR2QMFozSSlsE,個室焼肉深山 吹田駅前店,日本、〒564-0027 大阪府吹田市朝日町２７−６ クイーンハイツ 2F,34.7620199,135.5268931,21.47,MANUAL_PLACE_OVERRIDE,2.2
駅うどん　吹田店,吹田（ＪＲ）駅 54m,うどん、そば、天ぷら,,3.24,47,295,～￥999,～￥999,大阪府吹田市朝日町1 吹田さんくす１番館　１階,34.7633337,135.5242403,日本、〒564-0027 大阪府吹田市朝日町１,,places,medium,ChIJjcajc3_kAGARIKoHTmOloAo,駅うどん吹田,日本、〒564-0027 大阪府吹田市朝日町１,34.7633337,135.5242403,50.57,,6.4
陶板焼肉 てん、てん,吹田（ＪＲ）駅 199m,焼肉,,3.08,14,232,-,-,大阪府吹田市朝日町5-18,34.7621431,135.5254048,日本、〒564-0027 大阪府吹田市朝日町５−１８,,places,medium,ChIJ6_ykq4DjAGARua1HYKc-T7w,陶板焼肉 てん、てん,日本、〒564-0027 大阪府吹田市朝日町５−１８,34.7621431,135.5254048,57.00,,2.4
がっつりハンバーグ JR吹田駅前店,吹田（ＪＲ）駅 142m,ハンバーグ,,,17,,-,-,大阪府吹田市朝日町5-6,34.7624309,135.5248845,日本、〒564-0027 大阪府吹田市朝日町５−６ フレッシュ吹田,,geocode_fallback,medium,ChIJt-qbzRnlAGARdqgoXupdAbY,ハラミとタン厚切りステーキの店 肉バルガブット 吹田店,日本、〒564-0082 大阪府吹田市片山町１丁目５−１０ ダイオービル 1F,34.7661357,135.5234175,15.25,LOW_PLACE_CONFIDENCE:low,433.2
とん東,吹田（ＪＲ）駅 328m,ラーメン,,3.14,38,399,～￥999,"￥1,000～￥1,999",大阪府吹田市朝日町20-9,34.760705,135.52554,日本、〒564-0027 大阪府吹田市朝日町２０−９ マンション川端,,places_manual_review,manual_override,ChIJtyu7ZofjAGAR783dYLs03J4,とんこつラーメン とん東,日本、〒564-0027 大阪府吹田市朝日町２０−９ マンション川端,34.760705,135.52554,27.00,MANUAL_PLACE_OVERRIDE,4.2
NO,吹田（ＪＲ）駅 182m,バー,,3,1,18,-,-,大阪府吹田市朝日町5-25,34.76185460000001,135.524814,日本、〒564-0027 大阪府吹田市朝日町５−２５,,places_manual_review,manual_override,ChIJ9wWmU3_kAGARSYjEgNQS9oc,Shot Bar No,日本、〒564-0027 大阪府吹田市朝日町５−２５,34.76185460000001,135.524814,23.25,MANUAL_PLACE_OVERRIDE,2.3
ハートコーヒー,吹田（ＪＲ）駅 328m,カフェ,,3,2,85,～￥999,～￥999,大阪府吹田市朝日町20-9,34.7607027,135.5255397,日本、〒564-0027 大阪府吹田市朝日町２０−９ マンション川端,,places_manual_review,manual_override,ChIJtyu7ZofjAGARZHL3IO9gtKk,ハートコーヒー JR吹田店,日本、〒564-0027 大阪府吹田市朝日町２０−９ マンション川端,34.7607027,135.5255397,34.50,MANUAL_PLACE_OVERRIDE,4.1
大衆酒場順,吹田（ＪＲ）駅 162m,居酒屋,,3.02,2,35,-,-,大阪府吹田市朝日町23-11,34.7630425,135.5254193,日本、〒564-0027 大阪府吹田市朝日町２３−１１,,places_manual_review,manual_override,ChIJE5YuE4fjAGARsaYK19Vwvd4,居酒屋スナック順,日本、〒564-0027 大阪府吹田市朝日町２３−１１,34.7630425,135.5254193,16.18,MANUAL_PLACE_OVERRIDE,253.4
一品料理 山川,吹田（ＪＲ）駅 319m,日本料理,,,1,31,-,-,大阪府吹田市朝日町16-7,34.7614524,135.5263294,日本、〒564-0027 大阪府吹田市朝日町１６−７,,places_manual_review,manual_override,ChIJ3U7clnfjAGARb0ki3h3Z9Vg,山川,日本、〒564-0027 大阪府吹田市朝日町１６−７,34.7614524,135.5263294,27.00,MANUAL_PLACE_OVERRIDE,2.7
めしや 宮本むなし JR吹田駅前店,吹田（ＪＲ）駅 65m,食堂、丼、創作料理,,3.05,26,171,～￥999,～￥999,大阪府吹田市朝日町1-106 さんくす1番館,34.7633093,135.5243705,日本、〒564-0027 大阪府吹田市朝日町１−１０６ さんくす 1番館,,places,medium,ChIJVRChc3_kAGARM4O5Z33tCdQ,定食屋 宮本むなし JR吹田駅前店,日本、〒564-0027 大阪府吹田市朝日町１−１０６ さんくす 1番館,34.7633093,135.5243705,46.76,,17.4
お好み焼 おいしんぼ,吹田（ＪＲ）駅 194m,お好み焼き、居酒屋、鉄板焼き,,3.16,41,586,"￥1,000～￥1,999",～￥999,大阪府吹田市朝日町5-20,34.7620421,135.525218,日本、〒564-0027 大阪府吹田市朝日町５−２０,,places_manual_review,manual_override,ChIJk1FoqoDjAGAR74hjTHqAPdo,おいしんぼ,日本、〒564-0027 大阪府吹田市朝日町５−２０,34.7620421,135.525218,40.12,MANUAL_PLACE_OVERRIDE,3.1
ぢどり亭 吹田駅前店,吹田（ＪＲ）駅 29m,居酒屋,,3.01,4,163,-,-,大阪府吹田市朝日町1-1 JR吹田駅,34.7629915,135.5237983,日本、〒564-0027 大阪府吹田市朝日町１−１,,places,medium,ChIJs4JPCX_kAGAR8UYVyN4IW00,ぢどり亭吹田駅前店,日本、〒564-0027 大阪府吹田市朝日町１−１,34.7629915,135.5237983,57.00,,12.8
越前,吹田（ＪＲ）駅 298m,居酒屋,,,1,,-,-,大阪府吹田市朝日町16-6,34.7615335,135.5261932,日本、〒564-0027 大阪府吹田市朝日町１６−６,,places,medium,ChIJwbc0QYfjAGARqzPx0i73cak,越前,日本、〒564-0027 大阪府吹田市朝日町１６−６,34.7615335,135.5261932,57.00,,1.7
セブン-イレブン 吹田泉町2丁目店,吹田（阪急）駅 438m,コンビニ・スーパー,,,1,1,-,-,大阪府吹田市泉町2-47-7,34.7575028,135.5133721,日本、〒564-0041 大阪府吹田市泉町２丁目４７−７,,places,medium,ChIJa_fDn2PkAGARFY3hCQ5cbxk,セブン-イレブン 吹田泉町２丁目店,日本、〒564-0041 大阪府吹田市泉町２丁目４７−７,34.7575028,135.5133721,51.00,,4.7
izumicho cafe,吹田（阪急）駅 278m,カフェ,,3.04,3,86,"￥1,000～￥1,999","￥1,000～￥1,999",大阪府吹田市泉町5-1-1,34.7619345,135.5160057,日本、〒564-0041 大阪府吹田市泉町５丁目１,,places,medium,ChIJn9koR3nlAGARBVP4m964XhU,izumicho cafe,日本、〒564-0041 大阪府吹田市泉町５丁目１,34.7619345,135.5160057,57.00,,20.6
銀のさら 江坂店,吹田（阪急）駅 288m,寿司,,,2,9,-,-,大阪府吹田市泉町5-1-1 大幸ビル,34.7620669,135.515748,日本、〒564-0041 大阪府吹田市泉町５丁目１−４７,,places,medium,ChIJI3kHgl_kAGARBOFZ_MKyP1Q,銀のさら 江坂店,日本、〒564-0041 大阪府吹田市泉町５丁目１−４７,34.7620669,135.515748,57.00,,5.1
ハラペコぼうやとガッツリお嬢,吹田（阪急）駅 251m,食堂、カフェ,,3.08,11,216,-,-,大阪府吹田市泉町1-20-1,34.7582269,135.5152711,日本、〒564-0041 大阪府吹田市泉町１丁目２０−１,,places_manual_review,manual_override,ChIJD55FfADlAGARAunRyldNmuc,ハラペコぼうやとガッツリお嬢,日本、〒564-0041 大阪府吹田市泉町１丁目２０−１,34.7582269,135.5152711,42.00,MANUAL_PLACE_OVERRIDE,1.9
釜寅 江坂店,吹田（阪急）駅 300m,その他,,3,1,2,-,-,大阪府吹田市泉町5-1-1,34.7620521,135.515775,日本、〒564-0041 大阪府吹田市泉町５丁目１−１,,places,medium,ChIJYWnKqmLkAGAR0bGFvlPG1eY,釜寅 江坂店,日本、〒564-0041 大阪府吹田市泉町５丁目１−１,34.7620521,135.515775,57.00,,5.3
麺や 山下,吹田（阪急）駅 56m,そば、丼、弁当,,3,3,16,-,-,大阪府吹田市泉町1-3-40 吹田市役所 B1F,34.7593892,135.5168727,日本、〒564-0041 大阪府吹田市泉町１丁目３−４０,,places,medium,ChIJL4JjRkflAGARf9SJvnfiPBM,麺や 山下,日本、〒564-0041 大阪府吹田市泉町１丁目３−４０,34.7593892,135.5168727,57.00,,7.5
居酒屋 がたろう,吹田（阪急）駅 486m,居酒屋,,,6,,-,-,大阪府吹田市泉町3-7-8,34.7577938,135.5126046,日本、〒564-0041 大阪府吹田市泉町３丁目７−８,,places_manual_review,manual_override,ChIJpUu7sGPkAGARpT2n25FnoZ4,がたろう,日本、〒564-0041 大阪府吹田市泉町３丁目７−８,34.7577938,135.5126046,37.71,MANUAL_PLACE_OVERRIDE,10.2
石竹亭,吹田（阪急）駅 244m,居酒屋、海鮮、ろばた焼き,,3.03,5,96,-,-,大阪府吹田市泉町2丁目32番16号,34.7587835,135.5149262,日本、〒564-0041 大阪府吹田市泉町２丁目３２−１６,,places,medium,ChIJqZ6oJGPkAGARpXN6j3SlOQs,石竹亭,日本、〒564-0041 大阪府吹田市泉町２丁目３２−１６,34.7587835,135.5149262,57.00,,6.2
呑み処 直,吹田（阪急）駅 586m,居酒屋,,,5,,-,-,大阪府吹田市泉町3-12-6,34.7578949,135.5113319,日本、〒564-0041 大阪府吹田市泉町３丁目１２−６,,places_manual_review,manual_override,ChIJXVCGK2LkAGARrxf86X_IZGk,直,日本、〒564-0041 大阪府吹田市泉町３丁目１２−６,34.7578949,135.5113319,23.25,MANUAL_PLACE_OVERRIDE,5.4
ハラペコぼうや,吹田（阪急）駅 192m,カフェ,,3.04,5,121,-,-,大阪府吹田市泉町1-15-2,34.7582646,135.5161887,日本、〒564-0041 大阪府吹田市泉町１丁目１５−２,,places,medium,ChIJPe4K7SvlAGARYdq3QqKT4yw,ハラペコぼうや,日本、〒564-0041 大阪府吹田市泉町１丁目１５−２,34.7582646,135.5161887,57.00,,2.6
ライフ 吹田泉町店,吹田（阪急）駅 387m,コンビニ・スーパー,,3,5,14,-,-,大阪府吹田市泉町1-22-38,34.7571172,135.5143758,日本、〒564-0041 大阪府吹田市泉町１丁目２２−３８,,places,medium,ChIJoY5ebjflAGARwW95iAxW6AU,ライフ吹田泉町店,日本、〒564-0041 大阪府吹田市泉町１丁目２２−３８,34.7571172,135.5143758,57.00,,15.9
ふじ咲,吹田（阪急）駅 233m,居酒屋、パスタ,,,8,,-,-,大阪府吹田市泉町1-14-19,34.7577901,135.5162906,日本、〒564-0041 大阪府吹田市泉町１丁目１４−１９ ビスタ泉町,,places,medium,ChIJS0HmV3vkAGARu7maRifxYiw,ふじ咲,日本、〒564-0041 大阪府吹田市泉町１丁目１４−１９ ビスタ泉町,34.7577901,135.5162906,57.00,,2.5
とある珈琲,吹田（阪急）駅 376m,カフェ,,3,1,25,-,-,大阪府吹田市泉町2-44-10,34.7582259,135.5136281,日本、〒564-0041 大阪府吹田市泉町２丁目４４−１０,,places,medium,ChIJ40tc0ALlAGARcZn-Tlry4eU,とある珈琲,日本、〒564-0041 大阪府吹田市泉町２丁目４４−１０,34.7582259,135.5136281,57.00,,4.1
HealingBar OluOlu,吹田（阪急）駅 451m,バー,,,5,,-,-,大阪府吹田市泉町5-2-12,34.762861,135.5142612,日本、〒564-0041 大阪府吹田市泉町５丁目２−１２,,places_manual_review,manual_override,ChIJAesZSP7lAGAR1CCITTLFeWY,ヒーリングBAR OluOlu,日本、〒564-0041 大阪府吹田市泉町５丁目２−１２,34.762861,135.5142612,28.88,MANUAL_PLACE_OVERRIDE,5.7
小麦の郷 ライフ吹田泉町店,吹田（阪急）駅 394m,パン,,3,1,8,-,-,大阪府吹田市泉町1-22-38 ライフ吹田泉町店,34.7571172,135.5143758,日本、〒564-0041 大阪府吹田市泉町１丁目２２−３８,,places_manual_review,manual_override,ChIJoY5ebjflAGARwW95iAxW6AU,ライフ吹田泉町店,日本、〒564-0041 大阪府吹田市泉町１丁目２２−３８,34.7571172,135.5143758,42.00,MANUAL_PLACE_OVERRIDE,8.5
直,吹田（阪急）駅 582m,居酒屋,,,,,"￥1,000～￥1,999",-,大阪府吹田市泉町3-12-6,34.7578949,135.5113319,日本、〒564-0041 大阪府吹田市泉町３丁目１２−６,,places,medium,ChIJXVCGK2LkAGARrxf86X_IZGk,直,日本、〒564-0041 大阪府吹田市泉町３丁目１２−６,34.7578949,135.5113319,57.00,,5.4
CAFE DINING VALORE.,吹田（阪急）駅 195m,カフェ,,3.22,38,385,"￥1,000～￥1,999",～￥999,大阪府吹田市泉町2-29-1 吹田市文化会館 2F,34.7598936,135.515252,日本、〒564-0041 大阪府吹田市泉町２丁目２９−１ 吹田市文化会館 2階,,places,medium,ChIJR0nbabzlAGARYaaKdMZ_K6s,CAFE DINING VALORE.,日本、〒564-0041 大阪府吹田市泉町２丁目２９−１ 吹田市文化会館 2階,34.7598936,135.515252,60.00,,19.2
サンディ 吹田泉町店,豊津駅 661m,コンビニ・スーパー,,3.02,2,3,-,-,大阪府吹田市泉町3-18-15,34.758386,135.5097334,日本、〒564-0041 大阪府吹田市泉町３丁目１８−１５,,places,medium,ChIJ-a1264TlAGAResWhdTx7FlM,サンディ 吹田泉町店,日本、〒564-0041 大阪府吹田市泉町３丁目１８−１５,34.758386,135.5097334,57.00,,25.4
中華飯店 色香美味,吹田（阪急）駅 346m,中華料理,,3.26,36,732,"￥2,000～￥2,999","￥1,000～￥1,999",大阪府吹田市泉町5-1-43,34.76230890000001,135.5153378,日本、〒564-0041 大阪府吹田市泉町５丁目１−４３,,places,medium,ChIJ8ylI7jrlAGAR-Qbx0E_T-Qs,中華飯店 色香美味,日本、〒564-0041 大阪府吹田市泉町５丁目１−４３,34.76230890000001,135.5153378,57.00,,3.2
プラガティ,吹田（阪急）駅 388m,インド料理、ネパール料理,,3.08,14,108,-,"￥1,000～￥1,999",大阪府吹田市泉町2-47-28,34.7574688,135.5140919,日本、〒564-0041 大阪府吹田市泉町２丁目４７−２８,,places,medium,ChIJLU_Kb2PkAGAROBHKPYau9ic,プラガティ,日本、〒564-0041 大阪府吹田市泉町２丁目４７−２８,34.7574688,135.5140919,57.00,,0.0
ななまる食堂,吹田（阪急）駅 167m,食堂、弁当,,3.1,17,319,-,～￥999,大阪府吹田市泉町1-12-3,34.7584535,135.5162273,日本、〒564-0041 大阪府吹田市泉町１丁目１２−３,,places,medium,ChIJS5jjsHzkAGARY0hTh_T0hsg,ななまる食堂,日本、〒564-0041 大阪府吹田市泉町１丁目１２−３,34.7584535,135.5162273,57.00,,5.4
万両,吹田（阪急）駅 318m,居酒屋、寿司、海鮮,,3.02,4,71,-,～￥999,大阪府吹田市泉町1-20-14,34.7573651,135.5152743,日本、〒564-0041 大阪府吹田市泉町１丁目２０−１４,,places_manual_review,manual_override,ChIJV2XTqWTkAGARNb8V4XFnEuY,寿司･居酒屋 万両,日本、〒564-0041 大阪府吹田市泉町１丁目２０−１４,34.7573651,135.5152743,23.25,MANUAL_PLACE_OVERRIDE,5.1
美里屋,豊津駅 432m,和菓子,,3,4,49,-,-,大阪府吹田市泉町2-24-9,34.7616865,135.5129819,日本、〒564-0041 大阪府吹田市泉町２丁目２４−９,,places_manual_review,manual_override,ChIJO-8FyYnkAGAR6VI3D0WML00,美里屋和菓子店,日本、〒564-0041 大阪府吹田市泉町２丁目２４−９,34.7616865,135.5129819,31.29,MANUAL_PLACE_OVERRIDE,3.6
カレーと珈琲のお店 まると,吹田（阪急）駅 60m,カレー,,,15,,-,～￥999,大阪府吹田市泉町1-3-40 吹田市役所 中層棟 B1F,34.75911809999999,135.5162833,日本、〒564-0041 大阪府吹田市泉町１丁目３ 吹田市役所 中層棟 b1f,,geocode_fallback,medium,ChIJ40tc0ALlAGARcZn-Tlry4eU,とある珈琲,日本、〒564-0041 大阪府吹田市泉町２丁目４４−１０,34.7582259,135.5136281,23.00,LOW_PLACE_CONFIDENCE:low,262.1
パネッテリア ヴィヴォ,吹田（阪急）駅 240m,パン,,3.08,10,147,-,-,大阪府吹田市泉町2-18-7,34.7604585,135.5149087,日本、〒564-0041 大阪府吹田市泉町２丁目１８−７,,places_manual_review,manual_override,ChIJD56X12HlAGARGJcPFnBEWZs,Panetteria VIVO（パネッテリア ヴィヴォ）,日本、〒564-0041 大阪府吹田市泉町２丁目１８−７,34.7604585,135.5149087,32.25,MANUAL_PLACE_OVERRIDE,3.3
てる屋,吹田（阪急）駅 63m,弁当,,,1,,-,-,大阪府吹田市泉町1-3-40 吹田市役所 B1F,34.7594564,135.516883,日本、〒564-8550 大阪府吹田市泉町１丁目３−４０,,places_auto_review,auto_override,ChIJ4XWKwXzkAGARm7f4uEJiI78,吹田市役所,日本、〒564-8550 大阪府吹田市泉町１丁目３−４０,34.7594564,135.516883,12.00,AUTO_PLACE_OVERRIDE:distance_le_50m,0.0
いづみ屋,吹田（阪急）駅 320m,うどん、そば,,3.09,10,81,-,-,大阪府吹田市泉町1-22-3,34.7576087,135.5149608,日本、〒564-0041 大阪府吹田市泉町１丁目２２−３,,places,medium,ChIJJ0LrEADlAGARLbdLDnF7b08,いづみ屋,日本、〒564-0041 大阪府吹田市泉町１丁目２２−３,34.7576087,135.5149608,57.00,,4.6
わいどや 吹田店,吹田（ＪＲ）駅 461m,たこ焼き、からあげ,【吹田駅5分】鰹出汁のたこやき＆唐揚げを気軽に楽しめる、創業23年目の老舗店！2軒目利用◎,3.04,5,92,"￥1,000～￥1,999",-,大阪府吹田市内本町2-1-3,34.7593866,135.5255934,日本、〒564-0032 大阪府吹田市内本町２丁目１−３,,places,medium,ChIJrVoGj4fjAGARsRQnmAhvKPg,わいどや 吹田店,日本、〒564-0032 大阪府吹田市内本町２丁目１−３,34.7593866,135.5255934,57.00,,7.9
旬彩 壱,相川駅 599m,居酒屋,,3.06,8,116,-,-,大阪府吹田市内本町3-1-9,34.757619,135.5270826,日本、〒564-0032 大阪府吹田市内本町３丁目１−９,,places,medium,ChIJL9VbDFTjAGARHscAnwoabLo,旬彩 壱,日本、〒564-0032 大阪府吹田市内本町３丁目１−９,34.757619,135.5270826,57.00,,4.7
親味,吹田（阪急）駅 364m,そば、うどん、丼,,3.09,25,438,"￥1,000～￥1,999",～￥999,大阪府吹田市内本町1-10-11,34.7577883,135.5206092,日本、〒564-0032 大阪府吹田市内本町１丁目１０−１１ 旭ファイブ 1F,,places_manual_review,manual_override,ChIJe5hmfnnkAGARuXPijxly3zU,お食事処親味,日本、〒564-0032 大阪府吹田市内本町１丁目１０−１１ 旭ファイブ 1F,34.7577883,135.5206092,27.00,MANUAL_PLACE_OVERRIDE,14.7
焼鶏 誠,吹田（ＪＲ）駅 535m,焼き鳥、鍋、居酒屋,12月23日〜12月25日はお休み頂きます。年末年始は空いています。,3.08,17,391,"￥3,000～￥3,999",-,大阪府吹田市内本町2-1-11,34.7587608,135.5256965,日本、〒564-0032 大阪府吹田市内本町２丁目１−１１,,places,medium,ChIJ7ZEl4zXjAGARwKN4gGib5QA,焼鶏誠,日本、〒564-0032 大阪府吹田市内本町２丁目１−１１,34.7587608,135.5256965,57.00,,6.0
安田商店,吹田（ＪＲ）駅 536m,その他,,,1,16,～￥999,～￥999,大阪府吹田市内本町2-1-17,34.7586788,135.5256371,日本、〒564-0032 大阪府吹田市内本町２丁目１−１７,,places_manual_review,manual_override,ChIJzUss84fjAGAR4-LFbW74FbM,コリアンタウン 安田商店,日本、〒564-0032 大阪府吹田市内本町２丁目１−１７,34.7586788,135.5256371,30.00,MANUAL_PLACE_OVERRIDE,40.6
粉武士 旭町店,吹田（ＪＲ）駅 442m,たこ焼き,,3.07,6,28,-,-,大阪府吹田市内本町2-1-1,34.7595433,135.5255211,日本、〒564-0032 大阪府吹田市内本町２丁目１−１,,places_manual_review,manual_override,ChIJEVNo4bzjAGARHu2TLKNe7gk,たこ焼粉武士 旭町店,日本、〒564-0032 大阪府吹田市内本町２丁目１−１,34.7595433,135.5255211,42.00,MANUAL_PLACE_OVERRIDE,0.0
イタリアン酒場 バール ジーニョ,吹田（阪急）駅 532m,ダイニングバー、イタリアン,,3.03,4,199,-,-,大阪府吹田市内本町1-23-7 SPACEGREEN SUITA 1F,34.7568347,135.5222293,日本、〒564-0032 大阪府吹田市内本町１丁目２３−７ スペースグリーン 吹田102,,places_manual_review,manual_override,ChIJV7SjVX_kAGARFaXzlI9ohKU,バールジーニョ,日本、〒564-0032 大阪府吹田市内本町１丁目２３−７ スペースグリーン 吹田102,34.7568347,135.5222293,32.77,MANUAL_PLACE_OVERRIDE,9.9
人類みなまぜそば 吹田店,吹田（ＪＲ）駅 450m,油そば・まぜそば,,3.47,233,3018,"￥1,000～￥1,999","￥1,000～￥1,999",大阪府吹田市内本町2-1-22,34.759465,135.5255349,日本、〒564-0032 大阪府吹田市内本町２丁目１−２ 新 旭町通食品街,,places,medium,ChIJyXNwKQDjAGAR7ED2Mc-nJkc,人類みなまぜそば 吹田店,日本、〒564-0032 大阪府吹田市内本町２丁目１−２ 新 旭町通食品街,34.759465,135.5255349,57.00,,95.0
焼肉かぼちゃ亭,吹田（阪急）駅 233m,焼肉、冷麺、韓国料理,,3.08,10,269,"￥3,000～￥3,999",～￥999,大阪府吹田市内本町1-7-17,34.7586578,135.5195388,"Yoshihiro Building, １丁目-７-１７ 内本町 吹田市 大阪府 564-0032 日本",,places,medium,ChIJ0yrS7XvkAGARcLbHBQf08Ro,焼肉かぼちゃ亭,"Yoshihiro Building, １丁目-７-１７ 内本町 吹田市 大阪府 564-0032 日本",34.7586578,135.5195388,57.00,,5.4
鶏翔 吹田内本町店,吹田（阪急）駅 566m,からあげ,,3.05,4,43,-,-,大阪府吹田市内本町1-22-12,34.7574352,135.5229499,日本、〒564-0032 大阪府吹田市内本町１丁目２２−１２ ポールハイツ,,places,medium,ChIJ57Rv02LlAGAR3LuP2z7MNcw,鶏翔 吹田内本町店,日本、〒564-0032 大阪府吹田市内本町１丁目２２−１２ ポールハイツ,34.7574352,135.5229499,57.00,,4.6
ベーカリー ハナ,吹田（阪急）駅 383m,パン,,3.18,27,1447,-,-,大阪府吹田市内本町1-5-9,34.7582792,135.5211934,日本、〒564-0032 大阪府吹田市内本町１丁目５−９,,places,medium,ChIJq6qq-nfkAGARjQ7w5kdtjEA,ベーカリー ハナ,日本、〒564-0032 大阪府吹田市内本町１丁目５−９,34.7582792,135.5211934,57.00,,2.7
ゆう翔,吹田（ＪＲ）駅 484m,立ち飲み、日本料理,,3.01,3,212,"￥1,000～￥1,999","￥1,000～￥1,999",大阪府吹田市内本町2-1-2,34.7595252,135.5255691,日本、〒564-0032 大阪府吹田市内本町２丁目１−１,,places,medium,ChIJ-z9MeQTjAGARolNMmzFt6n4,ゆう翔,日本、〒564-0032 大阪府吹田市内本町２丁目１−１,34.7595252,135.5255691,57.00,,4.6
麺Lab 美味身,吹田（ＪＲ）駅 621m,ラーメン,,3.52,122,3124,-,～￥999,大阪府吹田市内本町2-7-1,34.7579862,135.5260513,日本、〒564-0032 大阪府吹田市内本町２丁目７−１,,places_manual_review,manual_override,ChIJa3f4DXTjAGARiJiKQBKBAt8,麺Lab 美味身-umami-,日本、〒564-0032 大阪府吹田市内本町２丁目７−１,34.7579862,135.5260513,40.64,MANUAL_PLACE_OVERRIDE,5.7
お好み焼き かず,吹田（阪急）駅 735m,お好み焼き,,3.02,5,61,-,-,大阪府吹田市内本町3-24-17 105,34.755161,135.5231631,日本、〒564-0032 大阪府吹田市内本町３丁目２４−１７ 新和ビル,,places_manual_review,manual_override,ChIJe9IIpHfkAGARjJJFJpDBQjQ,かず,日本、〒564-0032 大阪府吹田市内本町３丁目２４−１７ 新和ビル,34.755161,135.5231631,24.86,MANUAL_PLACE_OVERRIDE,4.0
生島商店,相川駅 618m,その他,,,1,4,-,-,大阪府吹田市内本町3-34-2,34.7551102,135.5275628,日本、〒564-0032 大阪府吹田市内本町３丁目３４−２,,places,medium,ChIJvZqSn4njAGARwwF99Hy3gdA,生島商店,日本、〒564-0032 大阪府吹田市内本町３丁目３４−２,34.7551102,135.5275628,57.00,,33.9
がんちゃん,吹田（ＪＲ）駅 518m,ラーメン,,3.17,47,728,"￥1,000～￥1,999",-,大阪府吹田市内本町2-2-32,34.7586263,135.524668,日本、〒564-0032 大阪府吹田市内本町２丁目２−３２,,places,medium,ChIJLdn6cXjkAGARTNxwwdh0EdM,がんちゃん,日本、〒564-0032 大阪府吹田市内本町２丁目２−３２,34.7586263,135.524668,57.00,,3.3
ズット コーヒー,吹田（阪急）駅 735m,カフェ、ケーキ,,3.09,22,917,-,"￥1,000～￥1,999",大阪府吹田市内本町3-24-17 新和ビル,34.7551435,135.523134,日本、〒564-0032 大阪府吹田市内本町３丁目２４−１７ 新和ビル,,places_manual_review,manual_override,ChIJe9IIpHfkAGAREK9K1as7VTA,ZUTTO COFFEE,日本、〒564-0032 大阪府吹田市内本町３丁目２４−１７ 新和ビル,34.7551435,135.523134,15.00,MANUAL_PLACE_OVERRIDE,2.0
JACKS BURGER SHOP SUITA,吹田（ＪＲ）駅 631m,ハンバーガー,,3.23,22,1152,"￥1,000～￥1,999",-,大阪府吹田市内本町2-7-28,34.7578748,135.5260015,日本、〒564-0032 大阪府吹田市内本町２丁目７−２８,,places,medium,ChIJYbeo4A7jAGAR4lFCbRQSxOk,JACKS BURGER SHOP SUITA,日本、〒564-0032 大阪府吹田市内本町２丁目７−２８,34.7578748,135.5260015,57.00,,10.6
楽串笑,吹田（ＪＲ）駅 626m,居酒屋,,3.04,4,33,-,-,大阪府吹田市内本町2-7-1,34.7579352,135.5260237,日本、〒564-0032 大阪府吹田市内本町２丁目７−１ 第三古田ビル,,places,medium,ChIJry464ofjAGARVYBZXUhiNNg,楽串笑,日本、〒564-0032 大阪府吹田市内本町２丁目７−１ 第三古田ビル,34.7579352,135.5260237,57.00,,3.0
JAZZ BAR 誠,吹田（阪急）駅 544m,バー,,,1,18,-,-,大阪府吹田市内本町1-23-10,34.7568189,135.5222033,日本、〒564-0032 大阪府吹田市内本町１丁目２３−１０ スペースグリーン 1F,,places_manual_review,manual_override,ChIJndd_hcXlAGAR1uwKNGmF9aI,DARTS BAR PASSIONE,日本、〒564-0032 大阪府吹田市内本町１丁目２３−１０ スペースグリーン 1F,34.7568189,135.5222033,21.64,MANUAL_PLACE_OVERRIDE,6.0
煮干しラーメン にぼってる,吹田（阪急）駅 640m,ラーメン、餃子、からあげ,,3.54,276,4584,～￥999,～￥999,大阪府吹田市内本町2-21-10,34.7557666,135.5223997,日本、〒564-0032 大阪府吹田市内本町２丁目２１−１０,,places,medium,ChIJiX9benfkAGARB0pO9oE6nRc,煮干しラーメン にぼってる,日本、〒564-0032 大阪府吹田市内本町２丁目２１−１０,34.7557666,135.5223997,57.00,,6.3
GOLD KITCHEN,吹田（ＪＲ）駅 480m,アメリカ料理,,3.18,15,864,-,"￥1,000～￥1,999",大阪府吹田市内本町2-1-20,34.7589633,135.5254798,日本、〒564-0032 大阪府吹田市内本町２丁目２−６,,places_manual_review,manual_override,ChIJHRgUewDjAGARZFDF5cUqYek,ゴールドキッチン大阪店,日本、〒564-0032 大阪府吹田市内本町２丁目２−６,34.7589633,135.5254798,12.00,MANUAL_PLACE_OVERRIDE,28.0
ファミリーマート 吹田内本町店,吹田（阪急）駅 572m,コンビニ・スーパー,,3.02,1,2,-,-,大阪府吹田市内本町1-22-9,34.7576561,135.5231673,日本、〒564-0032 大阪府吹田市内本町１丁目２２−９,,places,medium,ChIJ9W7xNXjkAGARGTLWE22m7Vs,ファミリーマート 吹田内本町店,日本、〒564-0032 大阪府吹田市内本町１丁目２２−９,34.7576561,135.5231673,57.00,,11.4
ライブバー テイクファイブ,吹田（ＪＲ）駅 477m,バー,,3,3,24,-,-,大阪府吹田市内本町2-2-5 旭トゥーレ B1F,34.7592423,135.5252635,日本、〒564-0032 大阪府吹田市内本町２丁目２−５,,places_manual_review,manual_override,ChIJefaWh4fjAGARtxUn7lkeP3k,LIVE BAR TAKE FIVE OSAKA,日本、〒564-0032 大阪府吹田市内本町２丁目２−５,34.7592423,135.5252635,12.00,MANUAL_PLACE_OVERRIDE,8.1
シェフのハンバーグ,吹田（ＪＲ）駅 521m,ハンバーグ,,3.03,10,171,-,-,大阪府吹田市内本町2-2-8,34.7587229,135.5255422,日本、〒564-0032 大阪府吹田市内本町２丁目２,,places,medium,ChIJR0lWnv3jAGARKlsyycPjYgw,シェフのハンバーグ,日本、〒564-0032 大阪府吹田市内本町２丁目２,34.7587229,135.5255422,57.00,,5.9
炭火焼鳥 小鉄,吹田（阪急）駅 441m,焼き鳥,,3.07,14,499,"￥3,000～￥3,999",-,大阪府吹田市内本町1-11-10 楠本ビル 1F,34.7571425,135.5210629,日本、〒564-0032 大阪府吹田市内本町１丁目１１−１０,,places,medium,ChIJaxw_kHnkAGARlykMAm8SWFE,炭火焼鳥 小鉄,日本、〒564-0032 大阪府吹田市内本町１丁目１１−１０,34.7571425,135.5210629,57.00,,9.8
鮨こにし,吹田（ＪＲ）駅 524m,寿司,,3.11,23,928,-,"￥1,000～￥1,999",大阪府吹田市内本町2丁目1-10,34.7588127,135.525686,日本、〒564-0032 大阪府吹田市内本町２丁目１−１０,,places,medium,ChIJrVoGj4fjAGARLIWFRTENeto,鮨こにし,日本、〒564-0032 大阪府吹田市内本町２丁目１−１０,34.7588127,135.525686,57.00,,6.0
PRIMAVERA,吹田（阪急）駅 593m,イタリアン,,3.14,20,671,"￥3,000～￥3,999","￥1,000～￥1,999",大阪府吹田市内本町1-21-12,34.7578069,135.5234215,日本、〒564-0032 大阪府吹田市内本町１丁目２１−１２,,places_manual_review,manual_override,ChIJ51rfSHjkAGARwYMSmjYPD2g,プリマヴェーラ,日本、〒564-0032 大阪府吹田市内本町１丁目２１−１２,34.7578069,135.5234215,12.00,MANUAL_PLACE_OVERRIDE,16.5
グーチョキパン屋さん,吹田（ＪＲ）駅 468m,パン、洋菓子、その他,,3.07,12,200,-,-,大阪府吹田市内本町2-2-5,34.7592759,135.5254477,日本、〒564-0032 大阪府吹田市内本町２丁目２−５,,places,medium,ChIJr7jeh4fjAGARUUJw5c0lD_Y,グーチョキパン屋さん,日本、〒564-0032 大阪府吹田市内本町２丁目２−５,34.7592759,135.5254477,57.00,,21.6
うさぎ菓子店,吹田（阪急）駅 568m,ケーキ、カフェ,,3.1,13,333,-,"￥1,000～￥1,999",大阪府吹田市内本町2-19-19 1F,34.7565673,135.5222878,日本、〒564-0032 大阪府吹田市内本町２丁目 １９ 吹 ⽥市内本町2丁⽬19−19,,places,medium,ChIJ-QCLXwDlAGARrYAyTB8mjTI,うさぎ菓子店,日本、〒564-0032 大阪府吹田市内本町２丁目 １９ 吹 ⽥市内本町2丁⽬19−19,34.7565673,135.5222878,57.00,,0.0
松月堂,吹田（ＪＲ）駅 493m,和菓子,,3.02,4,83,-,-,大阪府吹田市内本町2-1-17,34.7590761,135.5255738,日本、〒564-0032 大阪府吹田市内本町２丁目１−１７,,places,medium,ChIJrVoGj4fjAGARoiXS_z7Yi7E,松月堂,日本、〒564-0032 大阪府吹田市内本町２丁目１−１７,34.7590761,135.5255738,57.00,,4.3
いか焼き ひろや,吹田（ＪＲ）駅 496m,お好み焼き,,,2,,-,～￥999,大阪府吹田市内本町2-1-7,34.7590555,135.5255896,日本、〒564-0032 大阪府吹田市内本町２丁目１−７,,places,medium,ChIJlxUsI5_jAGARP_n56semzQo,いか焼き ひろや,日本、〒564-0032 大阪府吹田市内本町２丁目１−７,34.7590555,135.5255896,57.00,,0.0
サイドビー,吹田（ＪＲ）駅 502m,パスタ,,3.05,3,7,-,-,大阪府吹田市内本町2-2-6,34.7589759,135.5254776,日本、〒564-0032 大阪府吹田市内本町２丁目２−６,,places,medium,ChIJEz43EADjAGARmyuJP61h-Cs,サイドビー,日本、〒564-0032 大阪府吹田市内本町２丁目２−６,34.7589759,135.5254776,57.00,,2.1
倉田食品,吹田（ＪＲ）駅 509m,惣菜・デリ,,,2,20,-,-,大阪府吹田市内本町2-2-7,34.7588836,135.5254745,日本、〒564-0032 大阪府吹田市内本町２丁目２−７,,places_manual_review,manual_override,ChIJhTONi4fjAGAREvkbCxPUj4s,豆腐こんにゃく 倉田食品,日本、〒564-0032 大阪府吹田市内本町２丁目２−７,34.7588836,135.5254745,28.36,MANUAL_PLACE_OVERRIDE,0.4
たこ焼 常笑,吹田（ＪＲ）駅 481m,たこ焼き,,,16,,-,-,大阪府吹田市内本町2-1-2,34.7595433,135.5255211,日本、〒564-0032 大阪府吹田市内本町２丁目１−１,,places_manual_review,manual_override,ChIJEVNo4bzjAGARHu2TLKNe7gk,たこ焼粉武士 旭町店,日本、〒564-0032 大阪府吹田市内本町２丁目１−１,34.7595433,135.5255211,24.27,MANUAL_PLACE_OVERRIDE,4.0
カフェ アンド ベイク ベベ,吹田（ＪＲ）駅 593m,カフェ,,3.2,39,1567,-,"￥1,000～￥1,999",大阪府吹田市内本町1-21-7,34.7578862,135.523493,日本、〒564-0032 大阪府吹田市内本町１丁目２１−７,,places,medium,ChIJSalayAnlAGARxwN62tiU3bQ,カフェアンドベイク ベベ,日本、〒564-0032 大阪府吹田市内本町１丁目２１−７,34.7578862,135.523493,57.00,,3.1
本当は、仙台からでたかった 俺ずんだ,吹田（ＪＲ）駅 447m,スイーツ,,3.02,2,27,-,-,大阪府吹田市内本町2-1-2,34.7595073,135.5255239,日本、〒564-0032 大阪府吹田市内本町２丁目１−２ 新 旭町通食品街,,places,medium,ChIJc4DZvuvjAGARFca6r-zBzaE,本当は、仙台からでたかった 俺ずんだ,日本、〒564-0032 大阪府吹田市内本町２丁目１−２ 新 旭町通食品街,34.7595073,135.5255239,57.00,,0.0
まっちゃん食堂,吹田（ＪＲ）駅 444m,食堂、居酒屋,,3.02,1,19,"￥1,000～￥1,999",-,大阪府吹田市内本町2-1-24,34.7595189,135.5255031,日本、〒564-0032 大阪府吹田市内本町２丁目１−２４,,places,medium,ChIJC1DNr-HjAGARcWhOtRCs1ec,まっちゃん食堂,日本、〒564-0032 大阪府吹田市内本町２丁目１−２４,34.7595189,135.5255031,57.00,,0.0
WINE BAR RYTHME,吹田（ＪＲ）駅 476m,ワインバー,,3.05,3,183,"￥2,000～￥2,999",-,大阪府吹田市内本町2-1-5,34.7592487,135.5256189,日本、〒564-0032 大阪府吹田市内本町２丁目１−５,,places_manual_review,manual_override,ChIJWWRNjofjAGARqTnm8kLnR54,ワインバーリトゥム,日本、〒564-0032 大阪府吹田市内本町２丁目１−５,34.7592487,135.5256189,12.00,MANUAL_PLACE_OVERRIDE,7.2
アサイー工房 吹田店,吹田（阪急）駅 234m,スイーツ,,3.17,13,34,"￥1,000～￥1,999","￥1,000～￥1,999",大阪府吹田市内本町1-7-17 吉廣ビル 1FB,34.7586167,135.5195706,日本、〒564-0032 大阪府吹田市内本町１丁目７−１７ 吉廣ビル 1階B室,,places,medium,ChIJDXQjyYXlAGARYDXaQ2BSZkM,アサイー工房 吹田店/アサイー専門店,日本、〒564-0032 大阪府吹田市内本町１丁目７−１７ 吉廣ビル 1階B室,34.7586167,135.5195706,48.75,,0.0
あとりえCafe梅,吹田（阪急）駅 252m,カフェ,,,3,,-,-,大阪府吹田市内本町1-7-3 アトリエ梅原,34.7587253,135.5198812,日本、〒564-0032 大阪府吹田市内本町１丁目７−３ アトリエ梅原内,,places,medium,ChIJ-WjH9K3lAGARgrkHA1KnSY0,あとりえ Café 梅,日本、〒564-0032 大阪府吹田市内本町１丁目７−３ アトリエ梅原内,34.7587253,135.5198812,51.00,,5.8
ななこ,吹田（阪急）駅 731m,焼き鳥、串揚げ,,3.03,3,26,-,-,大阪府吹田市内本町3-24-17,34.7552216,135.5232582,日本、〒564-0032 大阪府吹田市内本町３丁目２４−１７,,places,medium,ChIJP50PD3fkAGARHjS8ocmzgVA,ななこ,日本、〒564-0032 大阪府吹田市内本町３丁目２４−１７,34.7552216,135.5232582,57.00,,14.6
おむすび米心,吹田（阪急）駅 544m,おにぎり,,3.15,21,412,-,"￥1,000～￥1,999",大阪府吹田市内本町1-23-10 スペースグリーン吹田,34.7568189,135.5222033,日本、〒564-0032 大阪府吹田市内本町１丁目２３−１０,,places,medium,ChIJRVltDejlAGAR0cgexo7LFdY,おむすび米心,日本、〒564-0032 大阪府吹田市内本町１丁目２３−１０,34.7568189,135.5222033,57.00,,6.0
くいもの屋わん 江坂駅前店,江坂駅 46m,居酒屋、日本料理、海鮮,【江坂駅徒歩1分】旬の食材と多彩な創作料理を堪能できる個室居酒屋｜宴会個室40名様迄可,3.03,25,750,"￥3,000～￥3,999",-,大阪府吹田市江坂町1-23-37 西浦江坂ビル 3Ｆ,34.7583413,135.497544,日本、〒564-0063 大阪府吹田市江坂町１丁目２３−３７ グウビル ３Ｆ,,places,medium,ChIJ80zxsfDkAGARLdOXw1Uo4OY,くいもの屋わん 江坂駅前店,日本、〒564-0063 大阪府吹田市江坂町１丁目２３−３７ グウビル ３Ｆ,34.7583413,135.497544,57.00,,0.0
江坂海鮮食堂 はなれ おーうえすと,江坂駅 110m,居酒屋、海鮮、寿司,【江坂駅すぐ！毎日通し営業で昼飲み大歓迎✨】全国から極上の鮮魚が集まる海鮮居酒屋食堂っ❗️,3.21,33,758,"￥3,000～￥3,999","￥1,000～￥1,999",大阪府吹田市江坂町1-22-10 梓ビル 1F F,34.7585966,135.4982784,日本、〒564-0063 大阪府吹田市江坂町１丁目２２−１０ 梓ビル 1F,,places,medium,ChIJC73gSRblAGARptECz28V0Vc,江坂海鮮食堂 はなれ おーうえすと,日本、〒564-0063 大阪府吹田市江坂町１丁目２２−１０ 梓ビル 1F,34.7585966,135.4982784,63.00,,0.0
板前焼肉一笑 江坂店,江坂駅 58m,焼肉、居酒屋、ホルモン,肉の楽しみ方をデザイン◎コスパ最強焼肉◎黒毛和牛を多様な味わいと最高の空間で☆24時迄営業,3.14,65,1821,"￥5,000～￥5,999",-,大阪府吹田市江坂町1-23-35 1F,34.7581915,135.4974829,日本、〒564-0063 大阪府吹田市江坂町１丁目２３−３５ 1F,,places,medium,ChIJVVWBrfDkAGARzcBtpOd2abI,板前焼肉一笑 江坂店,日本、〒564-0063 大阪府吹田市江坂町１丁目２３−３５ 1F,34.7581915,135.4974829,60.00,,1.2
good spoon 江坂公園店,江坂駅 159m,イタリアン、カフェ、スペイン料理,【ビアガーデン・歓送迎会・女子会・誕生日会にも♫江坂公園内のイタリアンレストラン】,3.44,345,8456,"￥2,000～￥2,999","￥1,000～￥1,999",大阪府吹田市江坂町1-19-38,34.7591496,135.4986593,日本、〒564-0063 大阪府吹田市江坂町１丁目１９−３８,,places,medium,ChIJxT57WE3lAGARZndPMxnE5fU,goodspoon江坂公園店,日本、〒564-0063 大阪府吹田市江坂町１丁目１９−３８,34.7591496,135.4986593,57.00,,6.2
那ゆたや,江坂駅 515m,焼き鳥、鳥料理、居酒屋,【江坂駅より徒歩5分程】 素材・串打ち・炭火…手間を惜しまず焼き上げる焼き鳥や逸品・お飲み物,3.39,128,5191,"￥5,000～￥5,999",-,大阪府吹田市江坂町2-3-4,34.76315340000001,135.4961205,日本、〒564-0063 大阪府吹田市江坂町２丁目３−４,,places_manual_review,manual_override,ChIJlw9CaeXkAGARetatSr55Mjc,大阪・江坂の焼き鳥 那ゆたや,日本、〒564-0063 大阪府吹田市江坂町２丁目３−４,34.76315340000001,135.4961205,25.85,MANUAL_PLACE_OVERRIDE,1.0
ダイニングダーツバーBee 江坂店,江坂駅 49m,ダーツ、ダイニングバー、バー,★江坂駅から徒歩１分★遊びながらお酒とお食事が朝まで楽しめます★当日飲み放題/貸切もＯＫ♪,3.01,3,149,"￥3,000～￥3,999","￥2,000～￥2,999",大阪府吹田市江坂町1-23-27 グウ江坂ビル　２Ｆ,34.7583732,135.4975381,日本、〒564-0063 大阪府吹田市江坂町１丁目２３−３７ グウエサカビル2F,,places,medium,ChIJwzr_sfDkAGARFyybzNSA_Bw,ダイニングダーツバーBee 江坂店,日本、〒564-0063 大阪府吹田市江坂町１丁目２３−３７ グウエサカビル2F,34.7583732,135.4975381,57.00,,10.7
博多流 神屋,江坂駅 591m,もつ鍋、居酒屋、海鮮,江坂駅4分/絶品博多もつ鍋＆熊本直送馬刺し他、九州料理に舌鼓♪お得なコース予約も大歓迎！,3.09,40,1613,"￥4,000～￥4,999",-,大阪府吹田市江坂町2-1-8 江坂ハイデンス 1F,34.7636845,135.4971226,日本、〒564-0063 大阪府吹田市江坂町２丁目１−８,,places,medium,ChIJh5Fjie_kAGARTGGPyC_L75I,博多流 神屋,日本、〒564-0063 大阪府吹田市江坂町２丁目１−８,34.7636845,135.4971226,57.00,,11.9
韓国料理専門店チカチキン 江坂店,江坂駅 488m,韓国料理、居酒屋,歓送迎会ご予約受付中！韓国人が作る絶品チキンやサムギョプサルをお酒と共に♪団体貸切りも歓迎,3.09,22,472,"￥2,000～￥2,999","￥1,000～￥1,999",大阪府吹田市江坂町2-6-14 1F,34.7619695,135.4936564,日本、〒564-0063 大阪府吹田市江坂町２丁目６−１４ 1階,,places,medium,ChIJo6ioSMXlAGARqWotYXFJT8o,韓国料理専門店チカチキン江坂店,日本、〒564-0063 大阪府吹田市江坂町２丁目６−１４ 1階,34.7619695,135.4936564,57.00,,9.0
榮華亭 江坂店,江坂駅 114m,焼肉、ホルモン、韓国料理,"【江坂駅から3分】コスパ・クオリティ・食べ飲み放題が揃った炭火焼肉◎食べ放題2,800円～",3.05,43,1012,"￥3,000～￥3,999",-,大阪府吹田市江坂町1-22-10 第一梓ビル　２Ｆ,34.7585581,135.4982538,日本、〒564-0063 大阪府吹田市江坂町１丁目２２−１０,,places_manual_review,manual_override,ChIJpyncy_DkAGARyY0AqJyRL7w,七輪焼肉 榮華亭 江坂店,日本、〒564-0063 大阪府吹田市江坂町１丁目２２−１０,34.7585581,135.4982538,39.00,MANUAL_PLACE_OVERRIDE,4.8
焼鳥と博多名物野菜巻串 焼きんしゃい 江坂店,江坂駅 49m,居酒屋、焼き鳥、鍋,［江坂駅より徒歩１分！］使い勝手の良いコスパ最高な居酒屋！飲み放題付コース3850円～,3.18,56,1673,"￥3,000～￥3,999",-,大阪府吹田市江坂町1-23-37 グウ江坂ビル 2F,34.7583732,135.4975381,日本、〒564-0063 大阪府吹田市江坂町１丁目２３−３７ グウ江坂ビル 2F,,places,medium,ChIJyZXIh7HlAGARGUNplXyU-m4,焼鳥と野菜巻き串 焼きんしゃい江坂店,日本、〒564-0063 大阪府吹田市江坂町１丁目２３−３７ グウ江坂ビル 2F,34.7583732,135.4975381,53.53,,10.7
敦煌 江坂店,江坂駅 181m,中華料理、居酒屋、アジア・エスニック,【江坂駅より徒歩3分】4名～40名様まで大小個室完備◎『飲放付コース』も充実♪5600円～,3.27,106,2080,"￥3,000～￥3,999",～￥999,大阪府吹田市江坂町1-22-12,34.75767270000001,135.4987048,日本、〒564-0063 大阪府吹田市江坂町１丁目２２−１２,,places,medium,ChIJhSHRJPfkAGAR9FMvTQM0yjY,敦煌 江坂店,日本、〒564-0063 大阪府吹田市江坂町１丁目２２−１２,34.75767270000001,135.4987048,57.00,,15.7
かに道楽 江坂店,江坂駅 158m,かに、海鮮、日本料理,【江坂駅徒歩3分】「味良く、値ごろで、親切に」をモットーに、至高の「かに料理」をご提供,3.08,91,794,"￥8,000～￥9,999","￥3,000～￥3,999",大阪府吹田市江坂町1-22-1,34.7587351,135.49878,日本、〒564-0063 大阪府吹田市江坂町１丁目２２−１,,places,medium,ChIJMyTz0vDkAGARbRtDVE4A23k,かに道楽 江坂店,日本、〒564-0063 大阪府吹田市江坂町１丁目２２−１,34.7587351,135.49878,57.00,,5.9
原価ビストロチーズプラス 江坂,江坂駅 84m,イタリアン、ダイニングバー、ビストロ,女子ウケ＆インスタ映え→チーズ料理！ソフドリ1円！サワー75円⁉️安くて旨いだけじゃない！,3.1,125,3688,"￥2,000～￥2,999",～￥999,大阪府吹田市江坂町1-23-32 リバーホール江坂 1F,34.7579201,135.4974741,日本、〒564-0063 大阪府吹田市江坂町１丁目２３−３２ １F,,places,medium,ChIJN288gL_lAGARF3D7m9A4Bqk,原価ビストロチーズプラス 江坂,日本、〒564-0063 大阪府吹田市江坂町１丁目２３−３２ １F,34.7579201,135.4974741,57.00,,0.0
ぢどり亭 江坂店,江坂駅 111m,鳥料理、焼き鳥、居酒屋,【御堂筋線江坂駅2分】コスパ抜群！リーズナブルでボリューム満点の鶏料理を楽しめる◎貸切OK,3.04,32,703,"￥2,000～￥2,999",-,大阪府吹田市江坂町1-22-10 第一梓ビル　２Ｆ,34.7585966,135.4982784,日本、〒564-0063 大阪府吹田市江坂町１丁目２２−１０ 梓ビル 第一 2F,,places,medium,ChIJpyncy_DkAGARg3xAJUPI2RY,ぢどり亭 江坂店,日本、〒564-0063 大阪府吹田市江坂町１丁目２２−１０ 梓ビル 第一 2F,34.7585966,135.4982784,57.00,,0.0
精肉卸問屋直営焼肉店 牛次郎 江坂店,江坂駅 569m,焼肉、ホルモン、居酒屋,精肉卸直営が体現する『A5黒毛和牛』にこだわり抜いた話題の焼肉店。【江坂駅徒歩5分】,3.38,155,6359,"￥5,000～￥5,999","￥1,000～￥1,999",大阪府吹田市江坂町2-2-9 清洲江坂ビル 1F,34.7636512,135.4961452,日本、〒564-0063 大阪府吹田市江坂町２丁目２−９ 清洲江坂ビル １F,,places,medium,ChIJ_yg3cOXkAGARamAVKpXBMoA,精肉卸問屋直営焼肉店 牛次郎 江坂店,日本、〒564-0063 大阪府吹田市江坂町２丁目２−９ 清洲江坂ビル １F,34.7636512,135.4961452,60.00,,8.8
わら焼きと海鮮 太郎丸 江坂店,江坂駅 74m,海鮮、居酒屋,江坂駅1分◆名物わら焼きなど高知の料理を満喫！お得なコースが多彩◎屋形船をイメージした空間,3.31,85,2016,"￥4,000～￥4,999",-,大阪府吹田市江坂町1-23-33 第７マイダビル　Ｂ１Ｆ,34.7580232,135.4973651,日本、〒564-0063 大阪府吹田市江坂町１丁目２３−３３,,places,medium,ChIJe76vUvfkAGARp5_e_O7S9lU,わら焼きと海鮮 太郎丸,日本、〒564-0063 大阪府吹田市江坂町１丁目２３−３３,34.7580232,135.4973651,46.62,,10.8
江坂鮨バル おーうえすと,江坂駅 84m,寿司、バル、居酒屋,【六角Brand】の原点がここに。隠れ家な店内で繰り広げる拘りの江戸前鮨ダイニング,3.32,103,4287,"￥5,000～￥5,999",-,大阪府吹田市江坂町1-23-17,34.758317,135.4979786,日本、〒564-0063 大阪府吹田市江坂町１丁目２３−１７ 喜巳ビル 2F,,places,medium,ChIJoSvztPDkAGARRHyvXr0wyME,江坂鮨バル おーうえすと,日本、〒564-0063 大阪府吹田市江坂町１丁目２３−１７ 喜巳ビル 2F,34.758317,135.4979786,57.00,,11.7
穴子印 江坂海鮮天婦羅 おーうえすと,江坂駅 111m,天ぷら、海鮮,現代天婦羅と割烹料理の融合が五感に響く,3.52,81,4431,"￥8,000～￥9,999",-,大阪府吹田市江坂町1-22-10 第一梓ビル1-B,34.7585977,135.4982568,日本、〒564-0063 大阪府吹田市江坂町１丁目２２−１０ 第一梓ビル １-B,,places,medium,ChIJbcO5qlblAGARmnkJfneFuZw,穴子印 江坂海鮮天婦羅 おーうえすと,日本、〒564-0063 大阪府吹田市江坂町１丁目２２−１０ 第一梓ビル １-B,34.7585977,135.4982568,57.00,,2.0
やきとりの扇屋 江坂店,江坂駅 215m,焼き鳥、居酒屋,美味しいやきとりと居酒屋料理が自慢！新鮮で上質な食材で料理したメニューはどれも絶品です！,3.01,14,259,"￥2,000～￥2,999",-,大阪府吹田市江坂町1-17-21,34.7601867,135.4983785,日本、〒564-0063 大阪府吹田市江坂町１丁目１７−８,,places,medium,ChIJt18w7PDkAGARxh82JLfz0RU,やきとりの扇屋 江坂店,日本、〒564-0063 大阪府吹田市江坂町１丁目１７−８,34.7601867,135.4983785,57.00,,31.6
旬魚旬菜 びんびや 江坂店,江坂駅 90m,海鮮、居酒屋、鍋,自慢の海鮮たっぷり！個室宴会★飲み放題付き宴会コースやお得な単品飲み放題も！,3.14,45,1513,"￥3,000～￥3,999",-,大阪府吹田市江坂町1-23-19,34.7580828,135.4978479,日本、〒564-0063 大阪府吹田市江坂町１丁目２３−１９ 米澤ビル 第5江坂 2F,,places_manual_review,manual_override,ChIJGUxxS_fkAGARZMuWJ80s3VA,びんびや 江坂店,日本、〒564-0063 大阪府吹田市江坂町１丁目２３−１９ 米澤ビル 第5江坂 2F,34.7580828,135.4978479,42.00,MANUAL_PLACE_OVERRIDE,3.7
VAMOS TACOS ESK,江坂駅 472m,タコス,【江坂駅5分】タコスを中心とした多国籍フードをアットホームな空間で♪月に一度イベント開催◎,3.15,12,782,"￥3,000～￥3,999",～￥999,大阪府吹田市江坂町2-4-25 GSハイム第2江坂 1F,34.7626863,135.4956917,日本、〒564-0063 大阪府吹田市江坂町２丁目４−２５ GSハイム第2江坂 105,,places,medium,ChIJBWIrjbDlAGARErDUM9fRAOk,VAMOS TACOS Esaka,日本、〒564-0063 大阪府吹田市江坂町２丁目４−２５ GSハイム第2江坂 105,34.7626863,135.4956917,60.00,,8.7
きごころ 2号店,江坂駅 498m,焼き鳥、居酒屋、鳥料理,,3.15,16,316,"￥2,000～￥2,999",～￥999,大阪府吹田市江坂町2-6-14,34.762021,135.493581,日本、〒564-0063 大阪府吹田市江坂町２丁目６−１４,,places,medium,ChIJp0BAsXDlAGARZBH6Fg4Wkdo,きごころ 2号店,日本、〒564-0063 大阪府吹田市江坂町２丁目６−１４,34.762021,135.493581,57.00,,0.0
おでん居酒屋 まんぷく,江坂駅 314m,居酒屋、日本料理、おでん,【江坂徒歩5分】おばんざい料理に居酒屋料理、旬野菜料理など豊富に取り揃えています。,3.07,11,516,"￥3,000～￥3,999",-,大阪府吹田市江坂町1-21-39,34.7580924,135.5004401,日本、〒564-0063 大阪府吹田市江坂町１丁目２１−３９,,places_manual_review,manual_override,ChIJuwFK6_bkAGAR98WbAp8oSSs,まんぷく,日本、〒564-0063 大阪府吹田市江坂町１丁目２１−３９,34.7580924,135.5004401,32.00,MANUAL_PLACE_OVERRIDE,18.4
串盧,江坂駅 243m,串揚げ、創作料理、日本料理,【江坂駅より3分】上質な空間で、カウンター越しにお届けする手間ひまかけた串揚げ を,3.23,38,1598,"￥4,000～￥4,999",-,大阪府吹田市江坂町1-18-18 江坂パークビル103,34.760047,135.4990654,日本、〒564-0063 大阪府吹田市江坂町１丁目１８−１８,,places_manual_review,manual_override,ChIJie7k4PDkAGARCPqIhLyh_yk,くしろ,日本、〒564-0063 大阪府吹田市江坂町１丁目１８−１８,34.760047,135.4990654,12.00,MANUAL_PLACE_OVERRIDE,7.3
大衆道楽割烹 三代目 あかつ,江坂駅 58m,居酒屋、海鮮、おでん,【江坂駅前】和食料理人自慢の海鮮×逸品居酒屋/コスパ重視/ランチ900円/飲み放題900円,3.26,38,1338,"￥3,000～￥3,999",～￥999,大阪府吹田市江坂町1-23-35 コーポ江坂ビル 2F,34.7581915,135.4974829,日本、〒564-0063 大阪府吹田市江坂町１丁目２３−３５ コーポ江坂 201,,places,medium,ChIJg44_KuLlAGARjVCopFEjHUo,大衆道楽割烹三代目あかつ,日本、〒564-0063 大阪府吹田市江坂町１丁目２３−３５ コーポ江坂 201,34.7581915,135.4974829,57.00,,1.2
地鶏専門 おちば屋 江坂本店,江坂駅 71m,焼き鳥、鳥料理、居酒屋,江坂駅すぐ◆こだわりの河内鴨や丹波地どりに舌鼓！飲み会やご宴会にはいいとこ全部のコースが◎,3.44,246,10958,"￥5,000～￥5,999",-,大阪府吹田市江坂町1-23-33 第７マイダビル　２Ｆ,34.758018,135.4974829,日本、〒564-0063 大阪府吹田市江坂町１丁目２３−３３ ２Ｆ,,places,medium,ChIJe76vUvfkAGARYWGs3aAMS88,地鶏専門おちば屋 江坂本店,日本、〒564-0063 大阪府吹田市江坂町１丁目２３−３３ ２Ｆ,34.758018,135.4974829,60.00,,0.0
Bar 日果,江坂駅 74m,バー、ダイニングバー、バル,,3.14,16,730,"￥4,000～￥4,999",-,大阪府吹田市江坂町1-23-33 第7 マイダビル　３F,34.7580057,135.4973636,日本、〒564-0063 大阪府吹田市江坂町１丁目２３−３３ 第7 ﾏｲﾀﾞﾋﾞﾙ3階,,places_manual_review,manual_override,ChIJe76vUvfkAGARra6apk4GTw4,Bar 日果 ニッカウイスキー専門店,日本、〒564-0063 大阪府吹田市江坂町１丁目２３−３３ 第7 ﾏｲﾀﾞﾋﾞﾙ3階,34.7580057,135.4973636,29.06,MANUAL_PLACE_OVERRIDE,11.0
明石八 江坂店,江坂駅 47m,居酒屋,江坂駅1分◆漁港直送の鮮魚が自慢♪種類豊富なお酒はリーズナブルな価格！こだわりの日本酒も◎,3.35,162,3569,"￥2,000～￥2,999",～￥999,大阪府吹田市江坂町1-23-37 グウビル 1F,34.758287,135.4974354,日本、〒564-0063 大阪府吹田市江坂町１丁目２３−３７ グウビル 1F,,places,medium,ChIJLeFZhJXlAGARs1DXn-i0XvA,明石八 江坂店,日本、〒564-0063 大阪府吹田市江坂町１丁目２３−３７ グウビル 1F,34.758287,135.4974354,63.00,,11.6
焼肉こじま離れ 大阪江坂,江坂駅 77m,焼肉、ホルモン、ハンバーグ,肉屋が通う焼肉屋さん焼肉こじま！,3.16,45,1400,"￥5,000～￥5,999","￥1,000～￥1,999",大阪府吹田市江坂町1-23-17,34.7583263,135.4978511,日本、〒564-0063 大阪府吹田市江坂町１丁目２３−１７,,places,medium,ChIJ4Zn8UtnlAGARAhP82dexFgM,焼肉こじま離れ 大阪江坂,日本、〒564-0063 大阪府吹田市江坂町１丁目２３−１７,34.7583263,135.4978511,57.00,,0.0
明石八 江坂店 別館,江坂駅 40m,居酒屋,江坂駅1分◆漁港直送の鮮魚が自慢♪種類豊富なお酒はリーズナブルな価格！こだわりの日本酒も◎,3.08,16,334,"￥2,000～￥2,999",-,大阪府吹田市江坂町1-23-27 グウビル 1F,34.7584031,135.4974406,日本、〒564-0063 大阪府吹田市江坂町１丁目２３−３７,,places,medium,ChIJJyrIeQDlAGAR5jkSUlhPXd0,明石八 江坂店 別館,日本、〒564-0063 大阪府吹田市江坂町１丁目２３−３７,34.7584031,135.4974406,57.00,,33.0
トゥルヌッソル,江坂駅 435m,フレンチ,,3.31,65,2587,"￥4,000～￥4,999","￥1,000～￥1,999",大阪府吹田市江坂町1-11-2,34.7621798,135.4989595,日本、〒564-0063 大阪府吹田市江坂町１丁目１１−２,,places,medium,ChIJQSfXNfDkAGARx_0WnthmPGo,トゥルヌッソル,日本、〒564-0063 大阪府吹田市江坂町１丁目１１−２,34.7621798,135.4989595,57.00,,4.2
しちりん焼肉 若葉屋 江坂店,江坂駅 129m,焼肉、ホルモン、居酒屋,【江坂駅近】福島で人気のあの若葉屋が登場♪コスパ抜群の焼肉を！飲み放題付4300円～！,3.14,29,988,"￥4,000～￥4,999",-,大阪府吹田市江坂町1-22-23 江坂中央ビル 2F,34.7579056,135.4982193,日本、〒564-0063 大阪府吹田市江坂町１丁目２２−２３ 江坂中央ビル 2F,,places,medium,ChIJ1S_xqbXlAGARomEy_4Tstg0,しちりん焼肉 若葉屋 江坂店,日本、〒564-0063 大阪府吹田市江坂町１丁目２２−２３ 江坂中央ビル 2F,34.7579056,135.4982193,63.00,,0.2
きっしゃん,江坂駅 84m,ラーメン、居酒屋,,3.12,50,847,"￥2,000～￥2,999",～￥999,大阪府吹田市江坂町1-23-5 大同生命江坂第2ビル 1F,34.7584499,135.4979737,日本、〒564-0063 大阪府吹田市江坂町１丁目２３−５ 大同生命ビル 1F 第2ビル,,places,medium,ChIJqUGZtvDkAGARf7cvLKMhu10,酒麺きっしゃん,日本、〒564-0063 大阪府吹田市江坂町１丁目２３−５ 大同生命ビル 1F 第2ビル,34.7584499,135.4979737,47.14,,6.7
カレーや デッカオJr.,江坂駅 73m,カレー,,3.41,94,2412,-,"￥1,000～￥1,999",大阪府吹田市江坂町1-23-33 第7マイダビル 2F,34.758017,135.4974732,日本、〒564-0063 大阪府吹田市江坂町１丁目２３−３３ ２F,,places,medium,ChIJWzFhe6flAGARB9giLWbcEhs,カレーやデッカオJr.,日本、〒564-0063 大阪府吹田市江坂町１丁目２３−３３ ２F,34.758017,135.4974732,57.00,,0.9
フレスコ 江坂店,江坂駅 383m,コンビニ・スーパー,,3.01,2,8,-,-,大阪府吹田市江坂町1-14-29,34.761796,135.49857,日本、〒564-0063 大阪府吹田市江坂町１丁目１４−２９,,places,medium,ChIJx_eWR_DkAGARBNQ6XW_Ac_4,スーパーフレスコ 江坂店,日本、〒564-0063 大阪府吹田市江坂町１丁目１４−２９,34.761796,135.49857,47.00,,6.2
PARK CAFE BRANCO,江坂駅 298m,カフェ、パンケーキ,ふわふわパンケーキとこだわりコーヒーを堪能する自然豊かなカフェタイム◆モーニングやランチも,3.49,212,8448,-,"￥1,000～￥1,999",大阪府吹田市江坂町1-19-5,34.7591959,135.5002621,日本、〒564-0063 大阪府吹田市江坂町１丁目１９−５,,places,medium,ChIJDQKcCaTlAGARqIqbNAXHdnY,PARK CAFE BRANCO,日本、〒564-0063 大阪府吹田市江坂町１丁目１９−５,34.7591959,135.5002621,57.00,,11.9
兵六そば,江坂駅 114m,そば、うどん,,3.43,133,3317,"￥1,000～￥1,999","￥1,000～￥1,999",大阪府吹田市江坂町1-22-10,34.758633,135.4982594,日本、〒564-0063 大阪府吹田市江坂町１丁目２２−１０,,places,medium,ChIJpyncy_DkAGARRWJhOUoXYfg,兵六そば,日本、〒564-0063 大阪府吹田市江坂町１丁目２２−１０,34.758633,135.4982594,57.00,,4.4
街かど屋 江坂店,江坂駅 131m,食堂,,3.05,54,391,～￥999,-,大阪府吹田市江坂町1-22-23 江坂中央ビル1F,34.7579099,135.4982394,日本、〒564-0063 大阪府吹田市江坂町１丁目２２−２３ 江坂中央ビル １Ｆ,,places,medium,ChIJ116k1QvlAGARinkqOYAQr7E,街かど屋 江坂,日本、〒564-0063 大阪府吹田市江坂町１丁目２２−２３ 江坂中央ビル １Ｆ,34.7579099,135.4982394,50.57,,2.0
江坂ひとときテラス,江坂駅 580m,カフェ,,3.12,14,753,-,"￥1,000～￥1,999",大阪府吹田市江坂町2-2-15,34.7636908,135.4954935,日本、〒564-0063 大阪府吹田市江坂町２丁目２−１５,,places,medium,ChIJW89eez_lAGARImM0AZet-MA,江坂ひとときテラス,日本、〒564-0063 大阪府吹田市江坂町２丁目２−１５,34.7636908,135.4954935,57.00,,50.0
うなぎ茶寮 ふく山,江坂駅 738m,うなぎ、日本料理、すっぽん,,3.39,118,7323,"￥4,000～￥4,999","￥4,000～￥4,999",大阪府吹田市江坂町3-17-14,34.7645973,135.4936185,日本、〒564-0063 大阪府吹田市江坂町３丁目１７−１４,,places,medium,ChIJ6eetPOTkAGARPMX6QpIi9SI,うなぎ茶寮ふく山,日本、〒564-0063 大阪府吹田市江坂町３丁目１７−１４,34.7645973,135.4936185,57.00,,5.4
けやき亭 郵便局前店,江坂駅 238m,弁当,,3,4,12,-,-,大阪府吹田市江坂町1-13-16,34.7605737,135.4980399,日本、〒564-0063 大阪府吹田市江坂町１丁目１３−１８,,places_manual_review,manual_override,ChIJ98YSJqTlAGARGiL5MkoVXHM,けやき亭 江坂一丁目店,日本、〒564-0063 大阪府吹田市江坂町１丁目１３−１８,34.7605737,135.4980399,28.07,MANUAL_PLACE_OVERRIDE,4.4
今日しかない 江坂店,江坂駅 74m,居酒屋、もつ鍋、肉料理,,3.31,55,1366,"￥3,000～￥3,999",～￥999,大阪府吹田市江坂町1-23-33 第7マイダビル1F,34.758016,135.49749,日本、〒564-0063 大阪府吹田市江坂町１丁目２３−３３,,places,medium,ChIJe76vUvfkAGARoCv1OC7FThs,今日しかない 江坂店,日本、〒564-0063 大阪府吹田市江坂町１丁目２３−３３,34.758016,135.49749,57.00,,0.7
扇矢,江坂駅 710m,日本料理,,,7,,-,-,大阪府吹田市江坂町2-12-47,34.7642324,135.4934208,日本、〒564-0063 大阪府吹田市江坂町２丁目１２−２,,places,medium,ChIJLeN2PuTkAGARse3VlZ8cjSs,扇矢,日本、〒564-0063 大阪府吹田市江坂町２丁目１２−２,34.7642324,135.4934208,57.00,,2.1
カラオケ まねきねこ 江坂駅前店,江坂駅 49m,カラオケ、その他,,3.06,2,15,-,-,大阪府吹田市江坂町1-23-37 西浦江坂ビル 5F,34.7583732,135.4975381,日本、〒564-0063 大阪府吹田市江坂町１丁目２３−３７ 西浦江坂ビル ５Ｆ,,places,medium,ChIJWaJ34hPlAGARf5gNpX2DfZo,カラオケまねきねこ 江坂駅前店,日本、〒564-0063 大阪府吹田市江坂町１丁目２３−３７ 西浦江坂ビル ５Ｆ,34.7583732,135.4975381,60.00,,3.6
寿司 久,江坂駅 515m,寿司、日本料理,,3.14,19,399,"￥5,000～￥5,999","￥1,000～￥1,999",大阪府吹田市江坂町2-3-4,34.7632161,135.4961592,日本、〒564-0063 大阪府吹田市江坂町２丁目３−４ ケンヨービル,,places_manual_review,manual_override,ChIJAQAUaeXkAGARlSrIIJIEFQk,寿し久 江坂店,日本、〒564-0063 大阪府吹田市江坂町２丁目３−４ ケンヨービル,34.7632161,135.4961592,24.86,MANUAL_PLACE_OVERRIDE,8.8
ナポリの窯 江坂店,江坂駅 705m,ピザ、パスタ、ジェラート・アイスクリーム,,,3,50,-,-,大阪府吹田市江坂町3-17-5,34.7644934,135.4942365,日本、〒564-0063 大阪府吹田市江坂町３丁目１７−５,,places,medium,ChIJv46FNuTkAGARxQdhf4ZoD98,ナポリの窯 江坂店,日本、〒564-0063 大阪府吹田市江坂町３丁目１７−５,34.7644934,135.4942365,57.00,,2.7
クーロン チャイニーズ キッチン,江坂駅 621m,中華料理,,3.34,80,2156,"￥2,000～￥2,999",～￥999,大阪府吹田市江坂町1-12-1,34.7640628,135.498439,日本、〒564-0063 大阪府吹田市江坂町１丁目１２−１,,places_manual_review,manual_override,ChIJq6q6uO_kAGAR7Qd5ZTc9hSY,Kowloon Chinese Kitchen,日本、〒564-0063 大阪府吹田市江坂町１丁目１２−１,34.7640628,135.498439,12.00,MANUAL_PLACE_OVERRIDE,11.5
ビッグワン,緑地公園駅 616m,喫茶店,,3.06,6,186,-,-,大阪府吹田市江坂町4-28-10,34.770206,135.492512,日本、〒564-0063 大阪府吹田市江坂町４丁目２８−１０,,places_manual_review,manual_override,ChIJscb-3d3kAGARTYUGeNTbgBQ,Ｂｉｇわん,日本、〒564-0063 大阪府吹田市江坂町４丁目２８−１０,34.770206,135.492512,12.00,MANUAL_PLACE_OVERRIDE,1.0
ひょうたん寿し 江坂東急店,江坂駅 183m,寿司、海鮮,,3.25,87,1441,"￥6,000～￥7,999",-,大阪府吹田市江坂町1-22-12,34.7577451,135.4987931,日本、〒564-0063 大阪府吹田市江坂町１丁目２２−１２,,places,medium,ChIJhSHRJPfkAGAR1VI_IN-yeYY,ひょうたん寿し 江坂東急店,日本、〒564-0063 大阪府吹田市江坂町１丁目２２−１２,34.7577451,135.4987931,57.00,,17.8
和洋折衷 ここ,江坂駅 346m,居酒屋,,3.04,18,475,-,～￥999,大阪府吹田市江坂町1-14-23 １Ｆ,34.7614284,135.4984957,日本、〒564-0063 大阪府吹田市江坂町１丁目１４−２３ 内田マンション,,places_manual_review,manual_override,ChIJDRlqRfDkAGAR1uNnVhSsD9k,和洋折衷居酒屋ここ,日本、〒564-0063 大阪府吹田市江坂町１丁目１４−２３ 内田マンション,34.7614284,135.4984957,40.12,MANUAL_PLACE_OVERRIDE,10.5
Dining&Bar モチーロ,江坂駅 278m,ダイニングバー、イタリアン、居酒屋,,3.04,7,299,"￥3,000～￥3,999",-,大阪府吹田市江坂町1-20-32 江坂ガーデンハイツ 1F,34.7581941,135.5000704,日本、〒564-0063 大阪府吹田市江坂町１丁目２０−３２ 江坂ガーデンハイツ 1階,,places_manual_review,manual_override,ChIJ6w9BwvbkAGARJi-TA3nLzfE,ダイニング&バー モチーロ,日本、〒564-0063 大阪府吹田市江坂町１丁目２０−３２ 江坂ガーデンハイツ 1階,34.7581941,135.5000704,27.50,MANUAL_PLACE_OVERRIDE,2.5
クイーン,江坂駅 56m,バー,,,5,,-,-,大阪府吹田市江坂町1-23-35 コーポ江坂ビル 8F,34.7581989,135.4974923,日本、〒564-0063 大阪府吹田市江坂町１丁目２３−３５ 大建コーポ江坂 4階,,places_manual_review,manual_override,ChIJtZ-mcdPlAGARGxPr3LFS5LU,3年B組江坂校,日本、〒564-0063 大阪府吹田市江坂町１丁目２３−３５ 大建コーポ江坂 4階,34.7581989,135.4974923,12.00,MANUAL_PLACE_OVERRIDE,0.0
マクドナルド 緑地南店,緑地公園駅 684m,ハンバーガー,,3.01,4,31,-,-,大阪府吹田市江坂町5-15-10,34.7697083,135.4969725,日本、〒564-0063 大阪府吹田市江坂町５丁目１５−３,,places,medium,ChIJdb2rFwDlAGARFZ7eFWdE0FY,マクドナルド 緑地南店,日本、〒564-0063 大阪府吹田市江坂町５丁目１５−３,34.7697083,135.4969725,57.00,,52.7
SANK,江坂駅 498m,バー、カフェ,,3.04,3,142,-,-,大阪府吹田市江坂町2-6-14 池上第2ビル 1F,34.7620152,135.4935629,日本、〒564-0063 大阪府吹田市江坂町２丁目６−１４,,places_manual_review,manual_override,ChIJvaeQ6-TkAGARS6SIYVo_WOw,ＳＡＮＫ cafe&bar,日本、〒564-0063 大阪府吹田市江坂町２丁目６−１４,34.7620152,135.4935629,15.21,MANUAL_PLACE_OVERRIDE,3.6
陽氣楼,江坂駅 241m,創作料理,,3.09,27,704,-,～￥999,大阪府吹田市江坂町1-18-18 江坂パークビル 3F,34.75992770000001,135.4990527,日本、〒564-0063 大阪府吹田市江坂町１丁目１８−１８,,places_manual_review,manual_override,ChIJie7k4PDkAGAR1oCyvGzTfvE,和風モダン創作料理 陽氣楼,日本、〒564-0063 大阪府吹田市江坂町１丁目１８−１８,34.75992770000001,135.4990527,23.25,MANUAL_PLACE_OVERRIDE,19.9
名代 宇奈とと 江坂店,江坂駅 215m,うなぎ,,3.03,11,104,-,～￥999,大阪府吹田市江坂町1-17-8,34.7601867,135.4983785,日本、〒564-0063 大阪府吹田市江坂町１丁目１７−８,,places_manual_review,manual_override,ChIJt18w7PDkAGARxh82JLfz0RU,やきとりの扇屋 江坂店,日本、〒564-0063 大阪府吹田市江坂町１丁目１７−８,34.7601867,135.4983785,24.86,MANUAL_PLACE_OVERRIDE,39.1
パン屋 トラのしっぽ,江坂駅 321m,パン、サンドイッチ、カフェ,,3.28,40,628,～￥999,～￥999,大阪府吹田市江坂町1-13-46,34.7614376,135.4975992,日本、〒564-0063 大阪府吹田市江坂町１丁目１３−４６,,places,medium,ChIJH-7x71TlAGARNuur9WP_438,パン屋 トラのしっぽ,日本、〒564-0063 大阪府吹田市江坂町１丁目１３−４６,34.7614376,135.4975992,57.00,,8.0
Bar 男心,江坂駅 53m,バー,,,3,,-,-,大阪府吹田市江坂町1-23-35 コーポ江坂ビル 402,34.7581989,135.4974923,日本、〒564-0063 大阪府吹田市江坂町１丁目２３−３５ 大建コーポ江坂 4階,,places_manual_review,manual_override,ChIJtZ-mcdPlAGARGxPr3LFS5LU,3年B組江坂校,日本、〒564-0063 大阪府吹田市江坂町１丁目２３−３５ 大建コーポ江坂 4階,34.7581989,135.4974923,16.09,MANUAL_PLACE_OVERRIDE,0.0
おから家江坂,江坂駅 623m,居酒屋、食堂,,3.09,16,175,-,～￥999,大阪府吹田市江坂町1-12-1,34.7641031,135.4984674,日本、〒564-0063 大阪府吹田市江坂町１丁目１２−１,,places,medium,ChIJuw-2uO_kAGARmh1nN3eyDkA,おから家 江坂,日本、〒564-0063 大阪府吹田市江坂町１丁目１２−１,34.7641031,135.4984674,57.00,,7.6
秋吉 江坂店,江坂駅 49m,焼き鳥、串揚げ、居酒屋,,3.08,67,1586,"￥2,000～￥2,999",-,大阪府吹田市江坂町1-23-27 ＧＯＵＴ　１Ｆ,34.7583732,135.4975381,日本、〒564-0063 大阪府吹田市江坂町１丁目２３−３７ GOUT 1F,,places_manual_review,manual_override,ChIJ7Yv2sfDkAGARobi5VPHUeTA,やきとりの名門秋吉 江坂店,日本、〒564-0063 大阪府吹田市江坂町１丁目２３−３７ GOUT 1F,34.7583732,135.4975381,30.75,MANUAL_PLACE_OVERRIDE,25.3
旨い肴と酒 ふるさと,江坂駅 111m,居酒屋,,3.44,114,9217,"￥5,000～￥5,999","￥3,000～￥3,999",大阪府吹田市江坂町1-22-10,34.7585813,135.4982556,日本、〒564-0063 大阪府吹田市江坂町１丁目２２−１０ 梓ビル 1E,,places,medium,ChIJYaTJDEvlAGARWcsOvJBnel4,旨い肴と酒ふるさと,日本、〒564-0063 大阪府吹田市江坂町１丁目２２−１０ 梓ビル 1E,34.7585813,135.4982556,57.00,,2.7
ハナウタ,江坂駅 111m,バル,,3.02,3,48,-,-,大阪府吹田市江坂町1-22-10 第1梓ビル 203,34.7585977,135.4982568,日本、〒564-0063 大阪府吹田市江坂町１丁目２２−１０ 第1梓ビル 203 2階,,places,medium,ChIJ-3ePEF3lAGAR7uBcJhwdZ_A,ハナウタ,日本、〒564-0063 大阪府吹田市江坂町１丁目２２−１０ 第1梓ビル 203 2階,34.7585977,135.4982568,63.00,,33.2
無添くら寿司 江坂店,緑地公園駅 683m,回転寿司,,3.04,45,273,"￥1,000～￥1,999","￥1,000～￥1,999",大阪府吹田市江坂町5-15-10,34.769231,135.4970333,日本、〒564-0063 大阪府吹田市江坂町５丁目１５−１０,,places,medium,ChIJn9LSfujkAGARZrwvVSpaVTg,くら寿司 江坂店,日本、〒564-0063 大阪府吹田市江坂町５丁目１５−１０,34.769231,135.4970333,47.00,,8.4
吉野家 江坂駅東店,江坂駅 186m,牛丼、カレー、食堂,,3.05,45,205,～￥999,～￥999,大阪府吹田市江坂町1-22-12 江坂東急ビル壱番館 1F,34.757663,135.4987701,日本、〒564-0063 大阪府吹田市江坂町１丁目２２−１２ 江坂東急ビル弐番 館１階,,places,medium,ChIJV4sgI_fkAGARYl7b25wP9-I,吉野家 江坂駅東店,日本、〒564-0063 大阪府吹田市江坂町１丁目２２−１２ 江坂東急ビル弐番 館１階,34.757663,135.4987701,57.00,,20.5
らーめん これこれ,江坂駅 263m,ラーメン,,3.7,1340,25782,"￥1,000～￥1,999","￥1,000～￥1,999",大阪府吹田市江坂町1-20-30 キャロル江坂 1F,34.7583172,135.4999197,日本、〒564-0063 大阪府吹田市江坂町１丁目２０−３０ キャロル江坂 1F 103号室,,places,medium,ChIJB3xQ3uflAGARPkigvM2GI-Y,らーめん これこれ,日本、〒564-0063 大阪府吹田市江坂町１丁目２０−３０ キャロル江坂 1F 103号室,34.7583172,135.4999197,63.00,,9.6
イースト・マリン,江坂駅 244m,ダイニングバー,,3.08,19,249,-,～￥999,大阪府吹田市江坂町1-18-18 江坂パークビル　３Ｆ,34.7600379,135.4990645,日本、〒564-0063 大阪府吹田市江坂町１丁目１８−１８ 3階,,places_manual_review,manual_override,ChIJie7k4PDkAGARoeKUOrjAYus,カジュアルキッチン イースト・マリン,日本、〒564-0063 大阪府吹田市江坂町１丁目１８−１８ 3階,34.7600379,135.4990645,34.50,MANUAL_PLACE_OVERRIDE,8.2
Sun&Umbrella,江坂駅 556m,ダイニングバー、食堂,,3.02,1,10,"￥3,000～￥3,999",～￥999,大阪府吹田市江坂町2-8-15 池上第三ビル 1F,34.7626819,135.4935448,日本、〒564-0063 大阪府吹田市江坂町２丁目８−１５,,places,medium,ChIJCzdaVVLlAGARSF3iH02lkFQ,Sun&Umbrella,日本、〒564-0063 大阪府吹田市江坂町２丁目８−１５,34.7626819,135.4935448,57.00,,1.7
make noodle かしぐ,江坂駅 272m,ラーメン,,3.52,254,5878,"￥1,000～￥1,999","￥1,000～￥1,999",大阪府吹田市江坂町1-20-30 キャロル江坂 1F,34.7581688,135.4999941,日本、〒564-0063 大阪府吹田市江坂町１丁目２０−３０ キャロル江坂 101,,places_manual_review,manual_override,ChIJl7GTXGrlAGAR9cR364jgqaM,make noodleかしぐ【メイクヌードルカシグ】,日本、〒564-0063 大阪府吹田市江坂町１丁目２０−３０ キャロル江坂 101,34.7581688,135.4999941,36.52,MANUAL_PLACE_OVERRIDE,8.3
SARU BACON,江坂駅 242m,ビアバー、ドイツ料理、バル,,3.56,411,17993,"￥3,000～￥3,999","￥1,000～￥1,999",大阪府吹田市江坂町1-18-18 えさかパークビルディング　１Ｆ,34.7600016,135.4990653,日本、〒564-0063 大阪府吹田市江坂町１丁目１８−１８ えさかパークビルディング 1階,,places_manual_review,manual_override,ChIJie7k4PDkAGARof8ASyvaqpE,サル・ベーコン 江坂本店,日本、〒564-0063 大阪府吹田市江坂町１丁目１８−１８ えさかパークビルディング 1階,34.7600016,135.4990653,15.00,MANUAL_PLACE_OVERRIDE,8.9
すゞや,江坂駅 463m,食堂,,3.02,1,24,-,-,大阪府吹田市江坂町1-10-5,34.7621204,135.4996956,日本、〒564-0063 大阪府吹田市江坂町１丁目１０−５ ストリーム江坂 604,,places,medium,ChIJBfF4fwDlAGARJgz_-HSNeg4,すゞや,日本、〒564-0063 大阪府吹田市江坂町１丁目１０−５ ストリーム江坂 604,34.7621204,135.4996956,57.00,,5.2
栄屋,江坂駅 478m,食堂,,3,2,7,-,-,大阪府吹田市江坂町2-4-25,34.7627415,135.495669,日本、〒564-0063 大阪府吹田市江坂町２丁目４−２５,,places,medium,ChIJZ9n_P-XkAGARZQhy2aUdHc4,栄屋,日本、〒564-0063 大阪府吹田市江坂町２丁目４−２５,34.7627415,135.495669,57.00,,14.5
レストランバー 雅,江坂駅 56m,ダイニングバー、バー、鍋,,,28,,"￥4,000～￥4,999",-,大阪府吹田市江坂町1-23-35 コーポ江坂ビル 4F,34.7581989,135.4974923,日本、〒564-0063 大阪府吹田市江坂町１丁目２３−３５ 大建コーポ江坂 4階,,places_manual_review,manual_override,ChIJtZ-mcdPlAGARGxPr3LFS5LU,3年B組江坂校,日本、〒564-0063 大阪府吹田市江坂町１丁目２３−３５ 大建コーポ江坂 4階,34.7581989,135.4974923,12.00,MANUAL_PLACE_OVERRIDE,0.0
メイ,江坂駅 297m,中華料理,,3.58,25,3100,"￥40,000～￥49,999",-,大阪府吹田市江坂町1-21-39 土泰第1ビル,34.7580661,135.5002532,日本、〒564-0063 大阪府吹田市江坂町１丁目２１−３９,,places_manual_review,manual_override,ChIJd4NL6vbkAGARnhDP60xIc3g,清粥小菜 明 (朙),日本、〒564-0063 大阪府吹田市江坂町１丁目２１−３９,34.7580661,135.5002532,12.00,MANUAL_PLACE_OVERRIDE,11.1
maison broun,江坂駅 249m,カフェ,,3.09,15,496,-,"￥1,000～￥1,999",大阪府吹田市江坂町1-18-18 江坂パークビル別棟 2F,34.7601155,135.499073,日本、〒564-0063 大阪府吹田市江坂町１丁目１８−１８,,places,medium,ChIJZSw3dgDlAGARASnP2LrpNVQ,maison broun®︎,日本、〒564-0063 大阪府吹田市江坂町１丁目１８−１８,34.7601155,135.499073,48.82,,4.0
九州らーめん 亀王 江坂店,江坂駅 198m,ラーメン、餃子,,3.06,107,843,"￥2,000～￥2,999","￥1,000～￥1,999",大阪府吹田市江坂町1-17-8,34.7600278,135.4983333,日本、〒564-0063 大阪府吹田市江坂町１丁目１７−８,,places,medium,ChIJt18w7PDkAGARAKmroY_ebcc,九州らーめん亀王 江坂店,日本、〒564-0063 大阪府吹田市江坂町１丁目１７−８,34.7600278,135.4983333,57.00,,48.7
ALFIES BAR,江坂駅 509m,バー,,3.05,8,464,"￥2,000～￥2,999",-,大阪府吹田市江坂町2-3-4 ケンヨービル　1F,34.7631103,135.496155,日本、〒564-0063 大阪府吹田市江坂町２丁目３−４ ケンヨービル 1F,,places,medium,ChIJlw9CaeXkAGARUq8UVy2nFBs,ALFIES BAR,日本、〒564-0063 大阪府吹田市江坂町２丁目３−４ ケンヨービル 1F,34.7631103,135.496155,63.00,,5.2
Buff 江坂店,江坂駅 114m,焼肉、ステーキ、バル,,3.39,111,4301,"￥2,000～￥2,999",-,大阪府吹田市江坂町1-22-10,34.7586892,135.4982635,日本、〒564-0063 大阪府吹田市江坂町１丁目２２−１０,,places_manual_review,manual_override,ChIJpyncy_DkAGARUKdSgLlgsvA,街の肉バル Buff 江坂店,日本、〒564-0063 大阪府吹田市江坂町１丁目２２−１０,34.7586892,135.4982635,36.55,MANUAL_PLACE_OVERRIDE,10.4
セブンイレブン 吹田江坂町1丁目店,江坂駅 521m,コンビニ・スーパー,,3.01,3,9,"￥1,000～￥1,999",～￥999,大阪府吹田市江坂町1-12-16,34.7632251,135.4978857,日本、〒564-0063 大阪府吹田市江坂町１丁目１２−１６,,places,medium,ChIJ084cPH_lAGAR-wkzr75TdKc,セブン-イレブン 吹田江坂町１丁目店,日本、〒564-0063 大阪府吹田市江坂町１丁目１２−１６,34.7632251,135.4978857,48.56,,39.5
LAWSON 江坂東店,江坂駅 424m,コンビニ・スーパー,,3.02,2,2,-,-,大阪府吹田市江坂町1-11-9,34.762184,135.4985401,日本、〒564-0063 大阪府吹田市江坂町１丁目１１−９,,places_manual_review,manual_override,ChIJBQlSOvDkAGARTY8tTmkl7aE,ローソン 江坂東店,日本、〒564-0063 大阪府吹田市江坂町１丁目１１−９,34.762184,135.4985401,24.86,MANUAL_PLACE_OVERRIDE,6.8
木曽路 江坂店,江坂駅 285m,しゃぶしゃぶ、すき焼き、日本料理,,3.16,103,1169,"￥4,000～￥4,999","￥1,000～￥1,999",大阪府吹田市江坂町1-21-11,34.7577109,135.5000049,日本、〒564-0063 大阪府吹田市江坂町１丁目２１−１１,,places_manual_review,manual_override,ChIJj1Itl37lAGARjBcMQ2CjKVQ,しゃぶしゃぶ・日本料理 木曽路 江坂店,日本、〒564-0063 大阪府吹田市江坂町１丁目２１−１１,34.7577109,135.5000049,31.29,MANUAL_PLACE_OVERRIDE,2.8
長崎ちゃんぽん十鉄 吹田店,江坂駅 668m,ちゃんぽん、ラーメン、居酒屋,,3.41,213,2325,"￥1,000～￥1,999","￥1,000～￥1,999",大阪府吹田市江坂町3-1-18,34.7646076,135.4972556,日本、〒564-0063 大阪府吹田市江坂町３丁目１−１８,,places,medium,ChIJxTVBf-_kAGARKYiaTXhDvvI,長崎ちゃんぽん 十鉄 大阪吹田店,日本、〒564-0063 大阪府吹田市江坂町３丁目１−１８,34.7646076,135.4972556,50.08,,6.6
吉鳥 江坂店,江坂駅 233m,焼き鳥,,3.19,34,483,"￥2,000～￥2,999",-,大阪府吹田市江坂町1-18-18 江坂パークビル　１Ｆ,34.759904,135.4990486,日本、〒564-0063 大阪府吹田市江坂町１丁目１８−１８ 江坂パークビル,,places,medium,ChIJie7k4PDkAGARIwlVen1VfUU,吉鳥 江坂店,日本、〒564-0063 大阪府吹田市江坂町１丁目１８−１８ 江坂パークビル,34.759904,135.4990486,60.00,,22.6
韓国居酒屋 肝っ玉亭,江坂駅 500m,居酒屋、韓国料理,,3.54,159,12387,"￥6,000～￥7,999",-,大阪府吹田市江坂町1-4-18 1F,34.7628602,135.4987858,日本、〒564-0063 大阪府吹田市江坂町１丁目４−１８ １F,,places,medium,ChIJG1DdKPDkAGAR_j4ZYaakncg,韓国居酒屋 肝っ玉亭,日本、〒564-0063 大阪府吹田市江坂町１丁目４−１８ １F,34.7628602,135.4987858,57.00,,1.9
人類みなまぜそば 江坂店,江坂駅 228m,油そば・まぜそば,,3.32,99,1082,"￥1,000～￥1,999","￥1,000～￥1,999",大阪府吹田市江坂町1-13-38,34.7605878,135.4975341,日本、〒564-0063 大阪府吹田市江坂町１丁目１３−３８ ルネ江坂 1F,,places,medium,ChIJWS8xaQDlAGARxGMxr8LvmN4,人類みなまぜそば 江坂店,日本、〒564-0063 大阪府吹田市江坂町１丁目１３−３８ ルネ江坂 1F,34.7605878,135.4975341,57.00,,21.7
勉強カフェ 吹田江坂スタジオ,江坂駅 142m,その他,,3,2,13,-,-,大阪府吹田市江坂町1-22-22 盟友ビル ローソン吹田江坂町一丁目店 2F,34.7577401,135.4982745,日本、〒564-0063 大阪府吹田市江坂町１丁目２２−２２ 盟友ビル 2F ローソン吹田江坂町一丁目店内,,places_manual_review,manual_override,ChIJUVLNSi7lAGARiHYr3zOEiOk,勉強カフェ大阪江坂ローソン店内｜自習室よりも勉強カフェ,日本、〒564-0063 大阪府吹田市江坂町１丁目２２−２２ 盟友ビル 2F ローソン吹田江坂町一丁目店内,34.7577401,135.4982745,32.25,MANUAL_PLACE_OVERRIDE,1.8
コウシン,江坂駅 121m,たこ焼き、カレー,,3.06,15,264,"￥1,000～￥1,999",-,大阪府吹田市江坂町1-22 コニー24パーク,34.7583117,135.4982213,日本、〒564-0063 大阪府吹田市江坂町１丁目２２,,places_manual_review,manual_override,ChIJlTB03AblAGARv6kl4HIjIEE,コニー24パーク,日本、〒564-0063 大阪府吹田市江坂町１丁目２２,34.7583117,135.4982213,16.50,MANUAL_PLACE_OVERRIDE,0.0
CASA,江坂駅 549m,喫茶店,,,5,,-,-,大阪府吹田市江坂町2-8-12,34.7625715,135.4935381,日本、〒564-0063 大阪府吹田市江坂町２丁目８−１２ 池上第一ビル,,places_manual_review,manual_override,ChIJW_-b8-TkAGARJGgS2O-SGSA,カーサ,日本、〒564-0063 大阪府吹田市江坂町２丁目８−１２ 池上第一ビル,34.7625715,135.4935381,12.00,MANUAL_PLACE_OVERRIDE,2.7
カフェ 三番館 江坂公園店,江坂駅 118m,カフェ,,3.2,104,1032,"￥1,000～￥1,999",～￥999,大阪府吹田市江坂町1-22-13 フォレステージュ江坂公園　1Ｆ,34.7590231,135.4983524,日本、〒564-0063 大阪府吹田市江坂町１丁目２２−３５,,places,medium,ChIJK0R5KfHkAGARCOWKAx2uQI8,カフェ三番館 江坂公園店,日本、〒564-0063 大阪府吹田市江坂町１丁目２２−３５,34.7590231,135.4983524,57.00,,0.0
楽楽 北店,江坂駅 498m,お好み焼き,,3.01,2,22,-,-,大阪府吹田市江坂町2-6-14,34.764203,135.5098317,日本、〒564-0073 大阪府吹田市山手町２丁目７,,places_manual_review,manual_override,ChIJo-WxcozkAGARWQJqSoDjwVY,楽楽,日本、〒564-0073 大阪府吹田市山手町２丁目７,34.764203,135.5098317,15.00,MANUAL_PLACE_OVERRIDE,1504.2
鮨処 水無月,江坂駅 625m,寿司、海鮮,,3.58,35,3338,"￥8,000～￥9,999",-,大阪府吹田市江坂町1-12-1 家村ビル,34.7640963,135.4984668,日本、〒564-0063 大阪府吹田市江坂町１丁目１２−１,,places_manual_review,manual_override,ChIJNVw1v-_kAGARqeUKis_QW6w,水無月,日本、〒564-0063 大阪府吹田市江坂町１丁目１２−１,34.7640963,135.4984668,39.00,MANUAL_PLACE_OVERRIDE,8.3
第２サニーストンホテル,江坂駅 154m,ビュッフェ、パン、おにぎり,,3.01,6,23,-,-,大阪府吹田市江坂町1-22-4,34.7576713,135.4983754,日本、〒564-0063 大阪府吹田市江坂町１丁目２２−４,,places,medium,ChIJrxgqOvfkAGARATaNCM7p2mY,第2サニーストンホテル,日本、〒564-0063 大阪府吹田市江坂町１丁目２２−４,34.7576713,135.4983754,49.50,,12.9
Salon de フロレゾン,江坂駅 73m,バー,,3.02,1,13,-,-,大阪府吹田市江坂町1-23-33 第7マイダビル 2F,34.758336,135.497418,日本、〒564-0063 大阪府吹田市江坂町１丁目２３−３７,,places,medium,ChIJtUESXwDlAGARkARSZLRC0u4,salon de フロレゾン,日本、〒564-0063 大阪府吹田市江坂町１丁目２３−３７,34.758336,135.497418,57.00,,35.9
とり鍋屋 東大門,江坂駅 71m,韓国料理、鳥料理,,,1,67,-,-,大阪府吹田市江坂町1-23-33 第七マイダビル 7F,34.758018,135.4974829,日本、〒564-0063 大阪府吹田市江坂町１丁目２３ 第7マイダビル 7f,,geocode_fallback,medium,ChIJG1DdKPDkAGAR_j4ZYaakncg,韓国居酒屋 肝っ玉亭,日本、〒564-0063 大阪府吹田市江坂町１丁目４−１８ １F,34.7628602,135.4987858,7.00,LOW_PLACE_CONFIDENCE:low,551.4
Beer&Cafe Hafen,江坂駅 285m,ダイニングバー、ビアバー,,3.04,15,981,"￥2,000～￥2,999",-,大阪府吹田市江坂町1-20-32 江坂ガーデンハイツ 1F,34.75819430000001,135.5001371,日本、〒564-0063 大阪府吹田市江坂町１丁目２０−３２ 江坂ガーデンハイツ 1階,,places_manual_review,manual_override,ChIJG-JHwvbkAGARD7SUjdlkcHE,Beer & Cafe Hafen［ハーフェン］,日本、〒564-0063 大阪府吹田市江坂町１丁目２０−３２ 江坂ガーデンハイツ 1階,34.75819430000001,135.5001371,40.31,MANUAL_PLACE_OVERRIDE,4.2
ファミリーマート 江坂駅北店,江坂駅 247m,コンビニ・スーパー,,3.03,4,6,-,-,大阪府吹田市江坂町1-13-41,34.7607325,135.4975452,日本、〒564-0063 大阪府吹田市江坂町１丁目１３−４１,,places,medium,ChIJm5uTZfDkAGARDaSt-DSEGgM,ファミリーマート 江坂駅北店,日本、〒564-0063 大阪府吹田市江坂町１丁目１３−４１,34.7607325,135.4975452,57.00,,20.7
天麩羅マフィア,江坂駅 230m,天ぷら,,3.09,22,315,"￥2,000～￥2,999",-,大阪府吹田市江坂町1-18-18 江坂パークビル 1F,34.7598521,135.4990441,日本、〒564-0063 大阪府吹田市江坂町１丁目１８−１８ 101,,places,medium,ChIJycEK5KPlAGARRIhCt-PM_WM,天麩羅マフィア,日本、〒564-0063 大阪府吹田市江坂町１丁目１８−１８ 101,34.7598521,135.4990441,57.00,,28.3
すしの助 江坂店,江坂駅 58m,寿司、海鮮、鍋,,3.25,39,1921,"￥4,000～￥4,999",-,大阪府吹田市江坂町1-23-35,34.7581915,135.4974829,日本、〒564-0063 大阪府吹田市江坂町１丁目２３−３５ 2階,,places,medium,ChIJs8_Ay27lAGARRrPH21sfrUg,すしの助 江坂店,日本、〒564-0063 大阪府吹田市江坂町１丁目２３−３５ 2階,34.7581915,135.4974829,57.00,,1.2
うお七 本店,江坂駅 839m,寿司,,,16,,-,-,大阪府吹田市江坂町2-19-14,34.7641502,135.4908977,日本、〒564-0063 大阪府吹田市江坂町２丁目１９−１４,,places_manual_review,manual_override,ChIJg8_VZuHkAGARuM2Rz3UzsR4,（株）うを七 本店仕出しセンター,日本、〒564-0063 大阪府吹田市江坂町２丁目１９−１４,34.7641502,135.4908977,23.25,MANUAL_PLACE_OVERRIDE,4.0
いっぺい飯店,江坂駅 476m,中華料理,,3.07,9,216,-,"￥1,000～￥1,999",大阪府吹田市江坂町2丁目4-25 104,34.7627132,135.4956682,日本、〒564-0063 大阪府吹田市江坂町２丁目４−２５ 104,,places,medium,ChIJK6KDBLrlAGARj-pw-Vd3DIE,いっぺい飯店,日本、〒564-0063 大阪府吹田市江坂町２丁目４−２５ 104,34.7627132,135.4956682,60.00,,12.2
ヒロコーヒー 江坂店,江坂駅 90m,喫茶店,,3.15,143,2412,～￥999,"￥1,000～￥1,999",大阪府吹田市江坂町1-23-19 米沢第５江坂　Ｂ１Ｆ,34.7580828,135.4978479,日本、〒564-0063 大阪府吹田市江坂町１丁目２３−１９ 米澤第五江坂ビルB-1,,places,medium,ChIJE4RwS_fkAGARYSpN5Eef7JI,ヒロコーヒー 江坂店,日本、〒564-0063 大阪府吹田市江坂町１丁目２３−１９ 米澤第五江坂ビルB-1,34.7580828,135.4978479,57.00,,3.7
喜鈴,江坂駅 710m,お好み焼き,,3.01,3,74,-,-,大阪府吹田市江坂町3-16-10,34.764771,135.4948794,日本、〒564-0063 大阪府吹田市江坂町３丁目１６−１０,,geocode_fallback,medium,ChIJx6rZTrTlAGAR6ONRFanmeg8,中華そば 喜城苑 江坂店,日本、〒564-0052 大阪府吹田市広芝町１１−１,34.7559323,135.4978186,4.09,LOW_PLACE_CONFIDENCE:low,1018.8
ごはん屋　ま～るい心,江坂駅 628m,カフェ,,3.08,12,201,-,-,大阪府吹田市江坂町1-2-5,34.763741,135.4998873,日本、〒564-0063 大阪府吹田市江坂町１丁目２−５,,places,medium,ChIJQ3dYLu7kAGAReJ1FPlqhCY4,ごはん屋 ま～るい心,日本、〒564-0063 大阪府吹田市江坂町１丁目２−５,34.763741,135.4998873,57.00,,2.4
セパタ,江坂駅 492m,タイ料理,,3.43,143,5376,"￥1,000～￥1,999",～￥999,大阪府吹田市江坂町2-6-14 池上第2ビル 103,34.7619697,135.4936098,日本、〒564-0063 大阪府吹田市江坂町２丁目６−１４,,places_manual_review,manual_override,ChIJvaeQ6-TkAGARtPlfweN42Mo,タイごはんＳｅｐａｔａ,日本、〒564-0063 大阪府吹田市江坂町２丁目６−１４,34.7619697,135.4936098,15.75,MANUAL_PLACE_OVERRIDE,8.4
江坂珈琲館,江坂駅 279m,カフェ,,3.03,3,45,-,"￥1,000～￥1,999",大阪府吹田市江坂町1-20-32 1F,34.7582509,135.50006,日本、〒564-0063 大阪府吹田市江坂町１丁目２０−３２ 江坂ガーデンハイツ 1階,,places,medium,ChIJ92VbM8HlAGARfMDjQ-mspIc,江坂珈琲館,日本、〒564-0063 大阪府吹田市江坂町１丁目２０−３２ 江坂ガーデンハイツ 1階,34.7582509,135.50006,57.00,,5.9
ラ クレープリー ドゥ ポパン 江坂店,江坂駅 201m,クレープ・ガレット、サンドイッチ、カフェ,,3.46,124,4215,～￥999,～￥999,大阪府吹田市江坂町1-17-14 江坂吉川ビル 1F,34.7599047,135.498564,日本、〒564-0063 大阪府吹田市江坂町１丁目１７−１４,,places_manual_review,manual_override,ChIJoRXJ6PDkAGARpE9IPgB1Tl8,La crprie de popin 江坂店,日本、〒564-0063 大阪府吹田市江坂町１丁目１７−１４,34.7599047,135.498564,17.62,MANUAL_PLACE_OVERRIDE,12.0
萠茶 KIZASHI,江坂駅 118m,カフェ,,3.27,63,2152,-,～￥999,大阪府吹田市江坂町1-23-101 大同生命ビル 2F,34.759466,135.497781,日本、〒564-0063 大阪府吹田市江坂町１丁目２３−１０１ 大同生命ビル,,places,medium,ChIJAQDAlvDkAGARDFDLkL8IJHA,萠茶KIZASHI,日本、〒564-0063 大阪府吹田市江坂町１丁目２３−１０１ 大同生命ビル,34.759466,135.497781,60.00,,5.4
バスケバル R,江坂駅 58m,バル、スポーツバー、バー,,3.03,3,108,"￥1,000～￥1,999",-,大阪府吹田市江坂町1-23-35 コーポ江坂ビル 3F,34.7581915,135.4974829,日本、〒564-0063 大阪府吹田市江坂町１丁目２３−３５ コーポ江坂ビル ３F,,places_manual_review,manual_override,ChIJr7f6nvDlAGARiKNjkeMMkQ0,バスケバル Ｒ 大阪江坂店（スポーツバー）,日本、〒564-0063 大阪府吹田市江坂町１丁目２３−３５ コーポ江坂ビル ３F,34.7581915,135.4974829,22.50,MANUAL_PLACE_OVERRIDE,1.2
餃子食堂チャオチャオ 江坂店,江坂駅 165m,餃子,,3.05,47,550,"￥3,000～￥3,999",-,大阪府吹田市江坂町1-13-11 中央江坂ビル1Ｆ,34.759896,135.497802,日本、〒564-0063 大阪府吹田市江坂町１丁目１３−１１,,places_manual_review,manual_override,ChIJMzJ8aPDkAGARI25LpWOgTK0,中華バル・サントン,日本、〒564-0063 大阪府吹田市江坂町１丁目１３−１１,34.759896,135.497802,8.00,MANUAL_PLACE_OVERRIDE,220.8
麺や 二鷹,江坂駅 490m,ラーメン、つけ麺,,3.6,348,7034,"￥1,000～￥1,999","￥1,000～￥1,999",大阪府吹田市江坂町1-4-20,34.7628135,135.4987071,日本、〒564-0063 大阪府吹田市江坂町１丁目４−２０,,places,medium,ChIJQxNOlzvlAGARaK68ctzk-GQ,麺や 二鷹,日本、〒564-0063 大阪府吹田市江坂町１丁目４−２０,34.7628135,135.4987071,57.00,,5.0
フレスコベーカリー,江坂駅 375m,パン、サンドイッチ,,3.02,1,6,-,-,大阪府吹田市江坂町1-14-29,34.761796,135.49857,日本、〒564-0063 大阪府吹田市江坂町１丁目１４−２９,,places_manual_review,manual_override,ChIJx_eWR_DkAGARBNQ6XW_Ac_4,スーパーフレスコ 江坂店,日本、〒564-0063 大阪府吹田市江坂町１丁目１４−２９,34.761796,135.49857,30.75,MANUAL_PLACE_OVERRIDE,6.2
江坂 久葉,江坂駅 267m,日本料理、ダイニングバー,,3.09,22,587,"￥3,000～￥3,999",～￥999,大阪府吹田市江坂町1-20-30 セントラルハイツ　１Ｆ,34.7582888,135.4999645,日本、〒564-0063 大阪府吹田市江坂町１丁目２０−３０ キャロル江坂 1F セントラルハイツ1F,,places_manual_review,manual_override,ChIJQwARw_bkAGARtXxcH_wcV1o,ダイニング久葉,日本、〒564-0063 大阪府吹田市江坂町１丁目２０−３０ キャロル江坂 1F セントラルハイツ1F,34.7582888,135.4999645,25.00,MANUAL_PLACE_OVERRIDE,5.8
つがい,江坂駅 440m,鍋、焼き鳥、居酒屋,【完全個室】紀州鴨しゃぶ鍋や淡海地鶏の鶏鍋でゆっくり愉しむお店,3.07,16,1450,"￥8,000～￥9,999",-,大阪府吹田市江の木町8-12 第2足立ビル 106,34.756782,135.4927585,日本、〒564-0053 大阪府吹田市江の木町８−１２ 第二 足立ビルうたたや 北隣,,places,medium,ChIJnzWdrm3lAGAR_7GgWUT33wY,つがい,日本、〒564-0053 大阪府吹田市江の木町８−１２ 第二 足立ビルうたたや 北隣,34.756782,135.4927585,57.00,,6.1
江坂ビストロ リアン,江坂駅 275m,ビストロ、パスタ、ハンバーグ,【江の木公園前】ビストロを味わう。平日は19時までハッピーアワー開催中◎個室もございます！,3.52,175,5632,"￥4,000～￥4,999","￥1,000～￥1,999",大阪府吹田市江の木町2-26 カンパニオ江坂 2F,34.7565808,135.4953124,日本、〒564-0053 大阪府吹田市江の木町２−２６ カンパニオ江坂 2F,,places,medium,ChIJ8RQZbKXlAGARYYglKgheCdk,江坂ビストロ リアン,日本、〒564-0053 大阪府吹田市江の木町２−２６ カンパニオ江坂 2F,34.7565808,135.4953124,63.00,,0.0
うたた屋,江坂駅 437m,焼き鳥、鳥料理、居酒屋,【完全個室有り】手間暇かけた本格的な焼鳥を気軽な雰囲気でゆったり堪能,3.54,127,5176,"￥5,000～￥5,999",-,大阪府吹田市江の木町8-12 第2足立ビル,34.7567798,135.4927669,日本、〒564-0053 大阪府吹田市江の木町８−１２ 第2足立ビル,,places,medium,ChIJp5d_8vvkAGARYIqgnL-K91U,うたた屋,日本、〒564-0053 大阪府吹田市江の木町８−１２ 第2足立ビル,34.7567798,135.4927669,60.00,,6.4
フォルクス 江坂店,江坂駅 181m,ファミレス、ステーキ、ハンバーグ,どなたにもお気軽にお楽しみいただけるごちそう☆★ステーキを食べるなら断然【VOLKS】,3.1,83,684,"￥1,000～￥1,999",～￥999,大阪府吹田市江の木町2-1 クロッシング江坂 2F,34.7573943,135.4957059,日本、〒564-0053 大阪府吹田市江の木町２−１ クロッシング江坂 2階,,places_manual_review,manual_override,ChIJEUrHIfrkAGARBQM9uPDofO0,ステーキハウス フォルクス 江坂店,日本、〒564-0053 大阪府吹田市江の木町２−１ クロッシング江坂 2階,34.7573943,135.4957059,42.69,MANUAL_PLACE_OVERRIDE,0.6
酒菜とうどん 飩燗,江坂駅 470m,居酒屋、日本料理、うどん,隠れ家的な雰囲気抜群の割烹居酒屋！日本酒４０種、季節の一品料理も多数！ 〆は自家製うどんで！,3.38,119,3511,"￥5,000～￥5,999","￥1,000～￥1,999",大阪府吹田市江の木町15-5 ライブステーション江坂 1F,34.7547518,135.4948542,日本、〒564-0053 大阪府吹田市江の木町１５−５ ライブステーション江坂 1F,,places,medium,ChIJmTqZXJXlAGARsrKJNh7bJss,酒菜とうどん 飩燗,日本、〒564-0053 大阪府吹田市江の木町１５−５ ライブステーション江坂 1F,34.7547518,135.4948542,63.00,,1.4
タッカンマリ専門店오빠 江坂本店,江坂駅 249m,韓国料理,江坂駅3分◆本場の味をそのままに◎アットホームな空間で味わう旨味溢れる絶品“タッカンマリ”,3.25,44,1275,"￥5,000～￥5,999",-,大阪府吹田市江の木町1-24 紙谷第3マンション 1F,34.7564917,135.4960729,日本、〒564-0053 大阪府吹田市江の木町１−２４ 101,,places,medium,ChIJ69NM4xflAGARfN5ByAL03yc,タッカンマリ専門店 オッパ 江坂本店,日本、〒564-0053 大阪府吹田市江の木町１−２４ 101,34.7564917,135.4960729,45.75,,4.4
一級 江坂本店,江坂駅 437m,もつ鍋、居酒屋、スポーツバー,メディアも紹介の極上《博多もつ鍋》《団体様OK》極上もつ鍋など幅広い鍋を楽しめます,3.3,111,4677,"￥3,000～￥3,999",-,大阪府吹田市江の木町8-12 足立第二ビル　１Ｆ,34.7567798,135.4927669,日本、〒564-0053 大阪府吹田市江の木町８−１２,,places,medium,ChIJp5d_8vvkAGAR7pPG8C1_Dcw,一級 江坂本店,日本、〒564-0053 大阪府吹田市江の木町８−１２,34.7567798,135.4927669,57.00,,6.4
あぶりや 江坂店,江坂駅 150m,焼肉、ホルモン,プロ厳選のお肉と贅沢なサイドメニュー。ひとつ上の食べ放題にこだわった焼肉店,3.08,56,1638,"￥4,000～￥4,999","￥4,000～￥4,999",大阪府吹田市江の木町1-39 SERE江坂 3F,34.757336,135.496417,日本、〒564-0053 大阪府吹田市江の木町１−３９,,places_manual_review,manual_override,ChIJWwcJ7_nkAGAR1ueAWojpXkQ,国産牛焼肉食べ放題 あぶりや江坂店,日本、〒564-0053 大阪府吹田市江の木町１−３９,34.757336,135.496417,31.69,MANUAL_PLACE_OVERRIDE,3.1
魚座 沖のや,江坂駅 256m,日本料理、ふぐ、創作料理,名物『鯛めし』や日替わり朝獲れ鮮魚・野菜を会席で堪能！個室も完備。冬の味覚”ふぐ”を満喫,3.38,128,6194,"￥5,000～￥5,999","￥1,000～￥1,999",大阪府吹田市江の木町3-11 第3ロンヂェビル 2F,34.7574999,135.4946663,日本、〒564-0053 大阪府吹田市江の木町３−１１ 2F,,places_manual_review,manual_override,ChIJVVXlMvrkAGAROpISZZ3AVEs,魚座 沖のや 江坂店,日本、〒564-0053 大阪府吹田市江の木町３−１１ 2F,34.7574999,135.4946663,43.12,MANUAL_PLACE_OVERRIDE,11.3
鶏居酒屋 るーつ 江坂店,江坂駅 439m,居酒屋、鳥料理、水炊き,江坂駅5分◆二大名物「しちりん焼き」と「博多水炊き」を堪能！飲み会、歓送迎会◎個室完備,3.09,21,902,"￥3,000～￥3,999",～￥999,大阪府吹田市江の木町8-12 足立第2ビル 1F,34.7577874,135.49392,日本、〒564-0051 大阪府吹田市豊津町１６,,places,medium,ChIJVyI_uvvkAGARwi-Ts4ZDk_Q,鶏居酒屋 るーつ 江坂店,日本、〒564-0051 大阪府吹田市豊津町１６,34.7577874,135.49392,53.00,,149.5
炭火焼鳥 喜心 江坂店,江坂駅 400m,焼き鳥、居酒屋、バル,,3.14,27,952,"￥4,000～￥4,999",-,大阪府吹田市江の木町8-27,34.7575157,135.4928886,日本、〒564-0053 大阪府吹田市江の木町８−２７,,places,medium,ChIJ58yykfvkAGARlx3ceM8mtl8,炭火焼鳥 喜心 江坂本店,日本、〒564-0053 大阪府吹田市江の木町８−２７,34.7575157,135.4928886,52.50,,13.2
海鮮処　はまとら,江坂駅 315m,居酒屋、海鮮、天ぷら,【良質×低価格】鮮度にこだわる海鮮居酒屋◎幹事様必見！お得なコース、クーポンあり。,3.13,30,1207,"￥4,000～￥4,999",-,大阪府吹田市江の木町17-37 シティーコープ江坂 1F,34.7558969,135.4959227,日本、〒564-0053 大阪府吹田市江の木町１７−３７ 1F,,places,medium,ChIJLyZtKvjkAGARhs-hceBLAhk,海鮮処 はまとら,日本、〒564-0053 大阪府吹田市江の木町１７−３７ 1F,34.7558969,135.4959227,60.00,,60.6
酒と肴 カキツバタ,江坂駅 291m,居酒屋、海鮮、日本酒バー,江坂駅3分◆厳選された鮮魚のお造りや逸品料理を、多彩な日本酒とカジュアルにお楽しみください,3.33,74,3309,"￥4,000～￥4,999",-,大阪府吹田市江の木町2-15,34.7561879,135.4956508,日本、〒564-0053 大阪府吹田市江の木町２−１５ １F,,places,medium,ChIJq6rflPnkAGARqC5QaVO2a4M,酒と肴 カキツバタ,日本、〒564-0053 大阪府吹田市江の木町２−１５ １F,34.7561879,135.4956508,57.00,,4.0
フォルテソーレ,江坂駅 720m,ダイニングバー、ステーキ、イタリアン,,3.02,3,147,"￥3,000～￥3,999",-,大阪府吹田市江の木町24-19 江坂はなヴィラ 1F,34.7534903,135.4921898,日本、〒564-0051 大阪府吹田市江の木町２４−１９ 江坂はなヴィラ 1F,,places_manual_review,manual_override,ChIJa6HJ0tblAGARPWB2UDYMgvo,時間無制限飲み放題〜大人の肉バル×ワイン Fortesole～フォルテソーレ～,日本、〒564-0051 大阪府吹田市江の木町２４−１９ 江坂はなヴィラ 1F,34.7534903,135.4921898,27.26,MANUAL_PLACE_OVERRIDE,6.0
哲,江坂駅 259m,焼肉、ホルモン、居酒屋,【江坂駅 徒歩3分】厳選黒毛和牛専門店！お肉の旨味を存分にご堪能ください。,3.5,346,22161,"￥8,000～￥9,999",-,大阪府吹田市江の木町3-11 第3ロンジェビル　1F,34.7575143,135.4947294,日本、〒564-0053 大阪府吹田市江の木町３−１１ 第3ロンジェビル 1F,,places_manual_review,manual_override,ChIJK0PmMvrkAGAREfVXWrtXLh0,焼肉処 哲,日本、〒564-0053 大阪府吹田市江の木町３−１１ 第3ロンジェビル 1F,34.7575143,135.4947294,29.25,MANUAL_PLACE_OVERRIDE,14.1
キッシュ,江坂駅 305m,喫茶店、オムライス,,3.42,205,6131,"￥1,000～￥1,999","￥1,000～￥1,999",大阪府吹田市江の木町2-20 豊友マンション　１Ｆ,34.7562275,135.4951867,日本、〒564-0053 大阪府吹田市江の木町２−２０ 豊友,,places_manual_review,manual_override,ChIJCcIfkfnkAGARBgteiLHhZ48,カフェハウス キッシュ,日本、〒564-0053 大阪府吹田市江の木町２−２０ 豊友,34.7562275,135.4951867,30.00,MANUAL_PLACE_OVERRIDE,11.3
カフェエデン 江坂店,江坂駅 304m,カフェ、ダイニングバー,,3.49,230,8576,-,"￥1,000～￥1,999",大阪府吹田市江の木町5-26,34.7564686,135.4949419,日本、〒564-0053 大阪府吹田市江の木町５−２６,,places,medium,ChIJ5TRohPnkAGAROUoog_C7T2I,カフェ エデン 江坂店,日本、〒564-0053 大阪府吹田市江の木町５−２６,34.7564686,135.4949419,57.00,,1.9
居酒屋再会,江坂駅 312m,居酒屋,,3.04,6,227,-,-,大阪府吹田市江の木町17-37,34.7559168,135.4959709,日本、〒564-0053 大阪府吹田市江の木町１７−３７ B1,,places,medium,ChIJHX0twfnkAGAR6pyHmpMkHBc,居酒屋再会,日本、〒564-0053 大阪府吹田市江の木町１７−３７ B1,34.7559168,135.4959709,57.00,,0.0
セブンイレブン 吹田江の木町店,江坂駅 401m,コンビニ・スーパー,,3.02,3,8,～￥999,-,大阪府吹田市江の木町6-14,34.7567299,135.4932443,日本、〒564-0053 大阪府吹田市江の木町６−１４,,places,medium,ChIJW0He5_vkAGARbRRXrisatHg,セブン-イレブン 吹田江の木町店,日本、〒564-0053 大阪府吹田市江の木町６−１４,34.7567299,135.4932443,53.54,,7.5
虎寿司 江坂店,江坂駅 392m,寿司、海鮮、日本料理,,3.28,51,2369,"￥5,000～￥5,999",-,大阪府吹田市江の木町8-27,34.7574815,135.4929971,日本、〒564-0053 大阪府吹田市江の木町８−２７,,places,medium,ChIJoXLjXorlAGAR2nBMFgHOjy8,虎寿司 江坂店,日本、〒564-0053 大阪府吹田市江の木町８−２７,34.7574815,135.4929971,57.00,,14.6
パティスリー シロ・デラブル,江坂駅 317m,ケーキ、チョコレート,,3.63,343,10375,～￥999,-,大阪府吹田市江の木町5-3 レーベンハウス江坂 1F,34.7563207,135.4949347,日本、〒564-0053 大阪府吹田市江の木町５−３ レーベンハウス江坂 1F,,places_manual_review,manual_override,ChIJVdOihPnkAGARwbHKmIV5IIQ,Pâtisserie de ESAKA SIROP D'ERABLE (パティスリー・シロ・デラブル),日本、〒564-0053 大阪府吹田市江の木町５−３ レーベンハウス江坂 1F,34.7563207,135.4949347,38.17,MANUAL_PLACE_OVERRIDE,0.0
ぬまやー,江坂駅 440m,沖縄料理,,3.08,13,447,"￥3,000～￥3,999",-,大阪府吹田市江の木町17-20 パルムハウス江坂　１Ｆ,34.754715,135.4960018,日本、〒564-0053 大阪府吹田市江の木町１７−２０−１０５,,places,medium,ChIJdYupNvjkAGAR0ZS1vmqgcQ0,ぬまやー,日本、〒564-0053 大阪府吹田市江の木町１７−２０−１０５,34.754715,135.4960018,57.00,,20.9
播磨屋本店 大阪江坂店,江坂駅 304m,和菓子、甘味処、カフェ,,3.08,44,791,-,"￥3,000～￥3,999",大阪府吹田市江の木町17-1 江坂全日空ビル 1F,34.7558694,135.4965857,日本、〒564-0053 大阪府吹田市江の木町１７−１ 江坂全日空ビル 1F,,places,medium,ChIJc5qh2vnkAGAR1igMKh7xesk,播磨屋本店 大阪江坂店,日本、〒564-0053 大阪府吹田市江の木町１７−１ 江坂全日空ビル 1F,34.7558694,135.4965857,63.00,,0.0
グリーンマーケットMOA えさか店,江坂駅 392m,その他,,,4,,-,-,大阪府吹田市江の木町16-9 愛和会ビル 1F,34.7552797,135.4955314,日本、〒564-0053 大阪府吹田市江の木町１６−９ 愛和会ビル 1階,,places,medium,ChIJ___rtvnkAGARt5MpX1sFlaU,グリーンマーケットえさか店,日本、〒564-0053 大阪府吹田市江の木町１６−９ 愛和会ビル 1階,34.7552797,135.4955314,51.00,,3.8
すなおや 江坂店,江坂駅 269m,居酒屋、海鮮,,3.32,79,2664,"￥5,000～￥5,999",-,大阪府吹田市江の木町-1-15,34.7562593,135.4964367,日本、〒564-0053 大阪府吹田市江の木町１−１５ 松籟マンション内 105,,places_manual_review,manual_override,ChIJJefs3PnkAGARw9d2G3YD5k0,魚居酒屋 すなおや 江坂店,日本、〒564-0053 大阪府吹田市江の木町１−１５ 松籟マンション内 105,34.7562593,135.4964367,40.64,MANUAL_PLACE_OVERRIDE,1.4
お肉のコバヤシ,江坂駅 423m,惣菜・デリ,,3.07,14,291,-,～￥999,大阪府吹田市江の木町14,34.7552051,135.494912,日本、〒564-0053 大阪府吹田市江の木町１４−６,,places,medium,ChIJ4QjepfnkAGARG75o1C5DzBs,肉のコバヤシ,日本、〒564-0053 大阪府吹田市江の木町１４−６,34.7552051,135.494912,50.57,,49.5
KOHYO 江坂店,江坂駅 192m,コンビニ・スーパー,,3,2,36,-,-,大阪府吹田市江の木町1-30,34.7570193,135.4960724,日本、〒564-0053 大阪府吹田市江の木町１−３０,,places,medium,ChIJCUAI8fnkAGARtepvoBZe8kE,KOHYO江坂店,日本、〒564-0053 大阪府吹田市江の木町１−３０,34.7570193,135.4960724,57.00,,10.8
富山ろくちょう,江坂駅 369m,居酒屋、沖縄料理,,3.16,19,729,"￥4,000～￥4,999",-,大阪府吹田市江の木町16-33,34.7556525,135.4951593,日本、〒564-0053 大阪府吹田市江の木町１６−３３,,places_manual_review,manual_override,ChIJQ8DhHRzlAGARi82TZ7iI-fU,本格焼酎と琉球泡盛のお店 ろくちょう,日本、〒564-0053 大阪府吹田市江の木町１６−３３,34.7556525,135.4951593,23.84,MANUAL_PLACE_OVERRIDE,12.5
オリジンデリカ 江坂南口店,江坂駅 214m,惣菜・デリ、弁当,,,10,,-,-,大阪府吹田市江の木町2-5 江坂グランドハイツ 1F,34.757064,135.495624,日本、〒564-0053 大阪府吹田市江の木町２−５ 江坂グランドハイツ 北106,,places,medium,ChIJdUB9eivlAGARUVyzCHiWVUg,オリジンデリカ 江坂南口店,日本、〒564-0053 大阪府吹田市江の木町２−５ 江坂グランドハイツ 北106,34.757064,135.495624,60.00,,6.6
ぶんぶん堂,江坂駅 416m,居酒屋、串焼き、カレー,,3.06,7,821,"￥2,000～￥2,999",-,大阪府吹田市江の木町14-23 ベストレジデンス江坂A棟 1F,34.755641,135.4943048,日本、〒564-0053 大阪府吹田市江の木町１４−２３ ベストレジデンス江坂 1F,,places_manual_review,manual_override,ChIJ78B3dPnkAGARnyw4ZLT2tOM,炙り一徹串焼き ぶんぶん堂,日本、〒564-0053 大阪府吹田市江の木町１４−２３ ベストレジデンス江坂 1F,34.755641,135.4943048,28.50,MANUAL_PLACE_OVERRIDE,16.9
サクラ カフェ,江坂駅 392m,カフェ,,3.04,3,68,-,～￥999,大阪府吹田市江の木町16-9 愛和会ビル 1F,34.7552717,135.4956953,"愛 和 会 ビル １Ｆ, １６-９ 江の木町 吹田市 大阪府 564-0053 日本",,places_manual_review,manual_override,ChIJ___rtvnkAGAR_JDynGCwTOE,SAKURA Cafe,"愛 和 会 ビル １Ｆ, １６-９ 江の木町 吹田市 大阪府 564-0053 日本",34.7552717,135.4956953,15.00,MANUAL_PLACE_OVERRIDE,11.3
ひょうたん寿し 江坂本店,江坂駅 222m,寿司,,3.43,175,4836,"￥6,000～￥7,999",-,大阪府吹田市江の木町2-33-3 梓ビル　１Ｆ,34.7571948,135.4953131,日本、〒564-0053 大阪府吹田市江の木町２−３３,,places,medium,ChIJQ-gYJ_rkAGARoCZnS1c6dSo,ひょうたん寿し 江坂本店,日本、〒564-0053 大阪府吹田市江の木町２−３３,34.7571948,135.4953131,57.00,,5.1
天下一品 江坂店,江坂駅 403m,ラーメン,,3.06,115,854,"￥1,000～￥1,999","￥1,000～￥1,999",大阪府吹田市江の木町8-27,34.7573977,135.4928747,日本、〒564-0053 大阪府吹田市江の木町８−２７ 有馬パレス西中島,,places_manual_review,manual_override,ChIJuyS3kfvkAGAR1vhq4cEvWkw,〒564-0053 大阪府吹田市江の木町８−２７ 有馬パレス西中島,日本、〒564-0053 大阪府吹田市江の木町８−２７ 有馬パレス西中島,34.7573977,135.4928747,13.29,MANUAL_PLACE_OVERRIDE,0.0
リブマックス BUDGET江坂,江坂駅 239m,その他,,,4,,-,-,大阪府吹田市江の木町2-7,34.7568054,135.4957861,日本、〒564-0053 大阪府吹田市江の木町２−７,,places,medium,ChIJ08KOjPnkAGARRlGS9RLeTpA,ホテルリブマックスBUDGET江坂,日本、〒564-0053 大阪府吹田市江の木町２−７,34.7568054,135.4957861,49.06,,13.9
麺や 六三六 江坂店,江坂駅 215m,つけ麺、ラーメン、中華料理,,3.11,220,2806,"￥1,000～￥1,999","￥1,000～￥1,999",大阪府吹田市江の木町1-8,34.756681,135.4966105,日本、〒564-0053 大阪府吹田市江の木町１−８,,places,medium,ChIJd0V95vnkAGARwJsHbd8DYK4,麺や六三六 江坂,日本、〒564-0053 大阪府吹田市江の木町１−８,34.756681,135.4966105,50.57,,11.2
野の香,江坂駅 416m,お好み焼き、居酒屋、鉄板焼き,,3.22,21,781,"￥1,000～￥1,999",-,大阪府吹田市江の木町17-20 パルムハウス江坂 102,34.754715,135.4960446,日本、〒564-0053 大阪府吹田市江の木町１７−２０ パルムハウス 江坂 102,,places,medium,ChIJdYupNvjkAGARhzApqQ6FksA,野の香,日本、〒564-0053 大阪府吹田市江の木町１７−２０ パルムハウス 江坂 102,34.754715,135.4960446,63.00,,21.4
バッカス,江坂駅 258m,バー、焼酎バー,,3.09,15,732,"￥3,000～￥3,999",-,大阪府吹田市江の木町3-11 ロンヂェビル３F,34.7573943,135.4946427,日本、〒564-0053 大阪府吹田市江の木町３−１１,,places_manual_review,manual_override,ChIJK0PmMvrkAGARx8x6dDw3C3o,バール・バッカス,日本、〒564-0053 大阪府吹田市江の木町３−１１,34.7573943,135.4946427,37.71,MANUAL_PLACE_OVERRIDE,2.2
WAVY BOWL 江坂店,江坂駅 212m,スイーツ,,3.02,1,30,-,-,大阪府吹田市江の木町2-35 石田ビル 3F,34.7573895,135.49529,日本、〒564-0053 大阪府吹田市江の木町２−３５ 石田ビル 3階,,places,medium,ChIJeTWFiDTlAGARK0vGZoPXeg0,WAVY BOWL 江坂,日本、〒564-0053 大阪府吹田市江の木町２−３５ 石田ビル 3階,34.7573895,135.49529,55.50,,3.6
焼鳥と焼野菜ぎんすけ 江坂店,江坂駅 256m,居酒屋,,3.12,8,156,-,-,大阪府吹田市江の木町3-11 3F,34.7573986,135.4946663,日本、〒564-0053 大阪府吹田市江の木町３−１１ 第３ロンヂェビル 3階,,places,medium,ChIJpffeHx_lAGARdLKsVGErvcE,焼鳥と焼野菜ぎんすけ 江坂店,日本、〒564-0053 大阪府吹田市江の木町３−１１ 第３ロンヂェビル 3階,34.7573986,135.4946663,57.00,,0.0
肉匠 東,江坂駅 477m,焼肉、ホルモン,,3.21,42,1207,"￥6,000～￥7,999","￥1,000～￥1,999",大阪府吹田市江の木町15-9,34.754696,135.4946005,日本、〒564-0053 大阪府吹田市江の木町１５−９ 江の木コーポラス,,places_manual_review,manual_override,ChIJt3EYT3flAGARyUFklViR1Zg,黒毛和牛 肉匠 東,日本、〒564-0053 大阪府吹田市江の木町１５−９ 江の木コーポラス,34.754696,135.4946005,31.29,MANUAL_PLACE_OVERRIDE,10.1
ロンシャン,江坂駅 369m,カフェ、ダイニングバー,,3.13,30,875,"￥2,000～￥2,999",～￥999,大阪府吹田市江の木町13-5,34.7557558,135.494941,日本、〒564-0053 大阪府吹田市江の木町１３−５,,places_manual_review,manual_override,ChIJ_Xyvd_nkAGARZbNGj-Y1svc,Longchamp,日本、〒564-0053 大阪府吹田市江の木町１３−５,34.7557558,135.494941,12.00,MANUAL_PLACE_OVERRIDE,35.9
サイゼリヤ　 江坂東急ハンズ前店,江坂駅 155m,ファミレス、イタリアン、パスタ,,3.06,46,310,"￥1,000～￥1,999","￥1,000～￥1,999",大阪府吹田市江の木町1-38 西谷東急ビル2階,34.7574541,135.4962472,日本、〒564-0053 大阪府吹田市江の木町１−３８ 西谷東急ﾋﾞﾙ 2階,,places,medium,ChIJ6Zqz9_nkAGARgx4pPUMUfno,サイゼリヤ 江坂ハンズ前店,日本、〒564-0053 大阪府吹田市江の木町１−３８ 西谷東急ﾋﾞﾙ 2階,34.7574541,135.4962472,50.57,,1.5
もへじ,江坂駅 336m,鉄板焼き、居酒屋,,3.06,12,207,-,-,大阪府吹田市江の木町7‐23,34.7574662,135.4936621,日本、〒564-0053 大阪府吹田市江の木町７−２３,,places,medium,ChIJb80Uv_vkAGARZUzjUGH7Txo,もへじ,日本、〒564-0053 大阪府吹田市江の木町７−２３,34.7574662,135.4936621,57.00,,6.3
美味しんぼ,江坂駅 266m,お好み焼き、鉄板焼き,,3.09,35,871,"￥3,000～￥3,999",-,大阪府吹田市江の木町1-15 松籟マンション　１Ｆ,34.7562168,135.4965055,日本、〒564-0053 大阪府吹田市江の木町１−１５,,places,medium,ChIJJefs3PnkAGAR8k-ZsHveOSY,美味しんぼ,日本、〒564-0053 大阪府吹田市江の木町１−１５,34.7562168,135.4965055,57.00,,6.8
紙ふうせん,江坂駅 316m,居酒屋,,3.05,7,147,-,-,大阪府吹田市江の木町5-24,34.7565509,135.494679,日本、〒564-0053 大阪府吹田市江の木町５−２４,,places,medium,ChIJfZqZgfnkAGARa15DM7YpQtU,紙ふうせん,日本、〒564-0053 大阪府吹田市江の木町５−２４,34.7565509,135.494679,57.00,,3.7
たこ焼き いっちゃん,江坂駅 197m,たこ焼き,,3.08,15,171,～￥999,-,大阪府吹田市江の木町2-35,34.7574875,135.4953934,日本、〒564-0053 大阪府吹田市江の木町２−３５,,places_manual_review,manual_override,ChIJExV_UU3lAGARfQ-a3ntzb8s,いっちゃん,日本、〒564-0053 大阪府吹田市江の木町２−３５,34.7574875,135.4953934,37.00,MANUAL_PLACE_OVERRIDE,10.3
どうとんぼり 神座 江坂店,江坂駅 153m,ラーメン,,3.09,22,101,-,"￥1,000～￥1,999",大阪府吹田市江の木町1-39,34.7573153,135.4963948,日本、〒564-0053 大阪府吹田市江の木町１−３９,,places,medium,ChIJQVfgim7lAGARc4kOXVohYHo,どうとんぼり神座 江坂店,日本、〒564-0053 大阪府吹田市江の木町１−３９,34.7573153,135.4963948,57.00,,0.0
江坂豊丸,江坂駅 155m,海鮮、天ぷら,,3.16,32,700,"￥2,000～￥2,999",-,大阪府吹田市江の木町1-38,34.7574549,135.4962141,日本、〒564-0053 大阪府吹田市江の木町１−３８,,places_manual_review,manual_override,ChIJwwGv9_nkAGARPyWdlJWXg-E,地魚屋台 江坂豊丸,日本、〒564-0053 大阪府吹田市江の木町１−３８,34.7574549,135.4962141,34.50,MANUAL_PLACE_OVERRIDE,2.8
うえの,江坂駅 530m,レストラン,,,5,,-,-,大阪府吹田市江の木町12-23,34.7549046,135.493246,日本、〒564-0053 大阪府吹田市江の木町１２−２３,,places_manual_review,manual_override,ChIJa2-8P_nkAGARtfDCCs7UEec,【一日一組限定 貸切り宿】ぼんぼり庵・天,日本、〒564-0053 大阪府吹田市江の木町１２−２３,34.7549046,135.493246,12.00,MANUAL_PLACE_OVERRIDE,3.5
ぎょうざの満洲 江坂工場直売店,江坂駅 670m,餃子、中華料理,,3.08,119,1550,"￥1,000～￥1,999","￥1,000～￥1,999",大阪府吹田市江の木町27-16,34.7536143,135.4930518,日本、〒564-0053 大阪府吹田市江の木町２７−１６,,places,medium,ChIJ5YVQ2fjkAGARXoZLsQR5FFM,ぎょうざの満洲 江坂工場直売店,日本、〒564-0053 大阪府吹田市江の木町２７−１６,34.7536143,135.4930518,57.00,,8.5
焼鳥 景気屋,江坂駅 426m,焼き鳥,,3.09,15,531,"￥3,000～￥3,999",-,大阪府吹田市江の木町14-23 スタジオ108江坂,34.7556436,135.4942333,日本、〒564-0053 大阪府吹田市江の木町１４−２３ ベストレジデンス江坂,,places_manual_review,manual_override,ChIJgdihdPnkAGARUsSpYGILXok,景気屋,日本、〒564-0053 大阪府吹田市江の木町１４−２３ ベストレジデンス江坂,34.7556436,135.4942333,39.00,MANUAL_PLACE_OVERRIDE,17.5
ツインリバーブ,江坂駅 430m,バー,,3.04,3,31,-,-,大阪府吹田市江の木町8-24 小川ビル 1F,34.7574549,135.492565,日本、〒564-0053 大阪府吹田市江の木町８−２４,,places,medium,ChIJjaf0hfvkAGARP_68KyJuy04,ツインリバーブ,日本、〒564-0053 大阪府吹田市江の木町８−２４,34.7574549,135.492565,57.00,,2.4
Volare,江坂駅 423m,イタリアン、創作料理、ワインバー,,3.35,149,6894,"￥4,000～￥4,999","￥1,000～￥1,999",大阪府吹田市江の木町14-9,34.7552798,135.4947399,日本、〒564-0053 大阪府吹田市江の木町１４−９,,places,medium,ChIJDTTgpvnkAGAR8n118WgWUik,Volare,日本、〒564-0053 大阪府吹田市江の木町１４−９,34.7552798,135.4947399,57.00,,1.2
おばんざいとお酒 うきわ,江坂駅 252m,居酒屋、日本料理、バー,,3.2,31,1803,"￥3,000～￥3,999",-,大阪府吹田市江の木町3-11 第3ロンヂェビル 3F,34.7574998,135.4946853,日本、〒564-0053 大阪府吹田市江の木町３−１１ 第3ロンヂェビル 3F,,places,medium,ChIJK0PmMvrkAGARghxLCnrhMKg,おばんざいとお酒 うきわ,日本、〒564-0053 大阪府吹田市江の木町３−１１ 第3ロンヂェビル 3F,34.7574998,135.4946853,63.00,,11.4
ティナズカフェ,江坂駅 265m,カフェ、サンドイッチ、創作料理,,3.25,75,1949,～￥999,～￥999,大阪府吹田市江の木町1-15,34.7562167,135.4965753,日本、〒564-0053 大阪府吹田市江の木町１−１５,,places,medium,ChIJJefs3PnkAGARXRHyezsbU1k,ティナズカフェ,日本、〒564-0053 大阪府吹田市江の木町１−１５,34.7562167,135.4965753,57.00,,12.2
ほざな,江坂駅 259m,居酒屋、日本料理、おでん,,3.02,3,188,"￥2,000～￥2,999",-,大阪府吹田市江の木町3-11 第3ロンヂェビル 2F,34.7574998,135.494689,日本、〒564-0053 大阪府吹田市江の木町３−１１ ロンヂェビル,,places_manual_review,manual_override,ChIJWZPmE1blAGARecb67CYYnR8,家庭料理ほざな,日本、〒564-0053 大阪府吹田市江の木町３−１１ ロンヂェビル,34.7574998,135.494689,31.29,MANUAL_PLACE_OVERRIDE,11.4
Buzz,江坂駅 332m,ダイニングバー,,,21,,"￥3,000～￥3,999",～￥999,大阪府吹田市江の木町5-8 マイダビル 1F,34.7563638,135.4946494,日本、〒564-0053 大阪府吹田市江の木町５−８,,places_manual_review,manual_override,ChIJHehezjPlAGARKNiEBQ92-JQ,BUZZ（バズ）,日本、〒564-0053 大阪府吹田市江の木町５−８,34.7563638,135.4946494,31.29,MANUAL_PLACE_OVERRIDE,0.0
スシロー 江坂店,江坂駅 178m,回転寿司,,3.07,51,285,"￥3,000～￥3,999","￥1,000～￥1,999",大阪府吹田市江の木町2-1 クロッシング江坂 3F,34.7574182,135.495727,日本、〒564-0053 大阪府吹田市江の木町２−１ クロッシング江坂 3F,,places,medium,ChIJyaHv-fnkAGARiGI_NVnGcsM,スシロー 江坂店,日本、〒564-0053 大阪府吹田市江の木町２−１ クロッシング江坂 3F,34.7574182,135.495727,63.00,,3.8
ヤマネコ軒,江坂駅 268m,ラーメン,,3.5,173,2566,"￥1,000～￥1,999","￥1,000～￥1,999",大阪府吹田市江の木町1-15,34.7562185,135.496432,日本、〒564-0053 大阪府吹田市江の木町１−１５ 松籟マンション内 1F,,places,medium,ChIJg_t2RorlAGARBC9Fw5HURO4,ヤマネコ軒,日本、〒564-0053 大阪府吹田市江の木町１−１５ 松籟マンション内 1F,34.7562185,135.496432,57.00,,4.8
炭火焼き鳥　一鶏。,江坂駅 216m,焼き鳥、焼酎バー,,3.19,33,1653,"￥4,000～￥4,999",-,大阪府吹田市江の木町1-8,34.756695,135.496466,日本、〒564-0053 大阪府吹田市江の木町１−８ 田中ビル 1F,,places,medium,ChIJd0V95vnkAGARtPjHag6mLYw,炭火焼き鳥 一鶏。,日本、〒564-0053 大阪府吹田市江の木町１−８ 田中ビル 1F,34.756695,135.496466,57.00,,2.1
デンスケ,吹田市,ホルモン,,3.48,125,11403,"￥4,000～￥4,999",-,大阪府吹田市樫切山18-8 第２清涼マンション１０４,34.7973137,135.5358734,日本、〒565-0806 大阪府吹田市樫切山１８−８ 第2清涼マンション,,places_manual_review,manual_override,ChIJnd4TaEXjAGARC6kBK84e97o,内臓専門 デンスケ,日本、〒565-0806 大阪府吹田市樫切山１８−８ 第2清涼マンション,34.7973137,135.5358734,34.50,MANUAL_PLACE_OVERRIDE,9.9
トポリーノ,吹田市,ケーキ,,3.01,1,134,-,-,大阪府吹田市樫切山10-1,34.7978925,135.5385961,日本、〒565-0806 大阪府吹田市樫切山１０−１,,places,medium,ChIJm4_76UXjAGAR9AevsYjZQJM,トポリーノ,日本、〒565-0806 大阪府吹田市樫切山１０−１,34.7978925,135.5385961,57.00,,15.1
鈴蘭,吹田市,中華料理,,3.07,11,229,-,～￥999,大阪府吹田市樫切山11-8,34.7985053,135.5382337,日本、〒565-0806 大阪府吹田市樫切山１１−８ レンダム樫切山1F,,places_manual_review,manual_override,ChIJZ52l8kXjAGARUcH3U7ABuMI,中華鈴蘭,日本、〒565-0806 大阪府吹田市樫切山１１−８ レンダム樫切山1F,34.7985053,135.5382337,34.50,MANUAL_PLACE_OVERRIDE,4.7
炭火焼き鳥 鳥作,吹田市,焼き鳥、居酒屋、水炊き,,3.24,30,1165,"￥3,000～￥3,999",-,大阪府吹田市樫切山18-2,34.79681,135.5358197,日本、〒565-0806 大阪府吹田市樫切山１８−２ 第3清涼マンション 1F,,places_manual_review,manual_override,ChIJWfWoakXjAGARvOdIsnmtnTg,鳥作,日本、〒565-0806 大阪府吹田市樫切山１８−２ 第3清涼マンション 1F,34.79681,135.5358197,27.00,MANUAL_PLACE_OVERRIDE,5.2
タンバリン食堂,吹田市,その他,,3,3,512,-,-,大阪府吹田市樫切山18-8 1F,34.797487,135.5359778,日本、〒565-0806 大阪府吹田市樫切山１８−８,,places,medium,ChIJdwD2-XLjAGAR2DbZ2ZhK_HA,タンバリン食堂,日本、〒565-0806 大阪府吹田市樫切山１８−８,34.797487,135.5359778,57.00,,11.9
カフェダイニング居酒屋 ジーカフェ,吹田市,居酒屋,,,12,,-,-,大阪府吹田市樫切山19-41,34.7965547,135.5358462,日本、〒565-0806 大阪府吹田市樫切山１９−４１,,places_manual_review,manual_override,ChIJ_5vnFUXjAGARtUyCcLFUoDw,古木酒店 酒屋のうまいもん処 お弁当処,日本、〒565-0806 大阪府吹田市樫切山１９−４１,34.7965547,135.5358462,15.46,MANUAL_PLACE_OVERRIDE,0.7
太陽のとん,吹田市,焼肉、タイ料理、居酒屋,,3.04,3,132,"￥2,000～￥2,999",-,大阪府吹田市樫切山3-5 エマブル樫切山 1F,34.7946071,135.5361971,日本、〒565-0806 大阪府吹田市樫切山３−５ エマブル樫切山 １F,,places,medium,ChIJw7d5AFnjAGARpO8v6Sr81dA,太陽のとん,日本、〒565-0806 大阪府吹田市樫切山３−５ エマブル樫切山 １F,34.7946071,135.5361971,60.00,,0.0
la balance,吹田市,フレンチ,,3.06,9,395,-,-,大阪府吹田市樫切山2-5,34.794003,135.5360544,日本、〒565-0806 大阪府吹田市樫切山２丁目５−１０１,,places_manual_review,manual_override,ChIJvaBjmUTjAGARdeXi-rLVMrg,フランス料理レストラン La Balance (ラ バロンス),日本、〒565-0806 大阪府吹田市樫切山２丁目５−１０１,34.794003,135.5360544,27.00,MANUAL_PLACE_OVERRIDE,19.7
すし智,吹田市,鍋、寿司、居酒屋,,3.07,13,563,"￥4,000～￥4,999","￥1,000～￥1,999",大阪府吹田市樫切山18-8,34.797376,135.5358101,日本、〒565-0806 大阪府吹田市樫切山１８−８ 第2清涼マンション 1F,,places,medium,ChIJnd4TaEXjAGARRwWt2U-razk,すし智,日本、〒565-0806 大阪府吹田市樫切山１８−８ 第2清涼マンション 1F,34.797376,135.5358101,57.00,,11.7
魚作,吹田市,寿司、海鮮,,,1,16,-,-,大阪府吹田市樫切山18-2,34.79681,135.5358197,日本、〒565-0806 大阪府吹田市樫切山１８−２ 第3清涼マンション 1F,,places_manual_review,manual_override,ChIJWfWoakXjAGARvOdIsnmtnTg,鳥作,日本、〒565-0806 大阪府吹田市樫切山１８−２ 第3清涼マンション 1F,34.79681,135.5358197,27.00,MANUAL_PLACE_OVERRIDE,5.2
魚食処 一豊 服部緑地公園店,緑地公園駅 407m,海鮮、ふぐ、かに,旬の魚を様々な方法で調理し、お客様へ◎鮮魚満載のコース・昼夜問わず楽しめる定食がおすすめ＊,3.45,183,6561,"￥2,000～￥2,999","￥1,000～￥1,999",大阪府吹田市春日1-1-1 TATSUMI緑地公園101,34.77886030000001,135.4960596,日本、〒565-0853 大阪府吹田市春日１丁目１−１ １０１ TATSUMI緑地公園,,places,medium,ChIJmT8DKFHlAGARkT534zToofs,魚食処 一豊 服部緑地公園店,日本、〒565-0853 大阪府吹田市春日１丁目１−１ １０１ TATSUMI緑地公園,34.77886030000001,135.4960596,57.00,,2.9
春日こまち,桃山台駅 740m,日本料理,,3.05,10,180,-,～￥999,大阪府吹田市春日4-13-15,34.7859329,135.4977278,日本、〒565-0853 大阪府吹田市春日４丁目１３−１５ 餃子の王将吹田春日店,,places,medium,ChIJqYfS7M3kAGARMa5TWsHYWSw,春日こまち,日本、〒565-0853 大阪府吹田市春日４丁目１３−１５ 餃子の王将吹田春日店,34.7859329,135.4977278,57.00,,9.5
食パン工房 春日,千里山駅 870m,パン,,3.09,64,1195,-,-,大阪府吹田市春日4-1-8,34.7831553,135.497539,日本、〒565-0853 大阪府吹田市春日４丁目１−８,,places_manual_review,manual_override,ChIJIel2Os7kAGAR0cvPe19SMWk,食パン工房 春日 本店 大阪工場,日本、〒565-0853 大阪府吹田市春日４丁目１−８,34.7831553,135.497539,38.25,MANUAL_PLACE_OVERRIDE,13.6
Kotori Jelly Shop,桃山台駅 841m,洋菓子,,3.06,6,111,-,-,大阪府吹田市春日1-16-1,34.78503329999999,135.4969301,日本、〒565-0853 大阪府吹田市春日１丁目１６−１ 1B,,places,medium,ChIJ01p-0qflAGARxoBXs0lTAXA,Kotori Jelly Shop,日本、〒565-0853 大阪府吹田市春日１丁目１６−１ 1B,34.78503329999999,135.4969301,57.00,,22.0
餃子の王将 吹田春日店,桃山台駅 748m,餃子、中華料理,,3.07,77,383,"￥1,000～￥1,999","￥1,000～￥1,999",大阪府吹田市春日4-13-19,34.7859574,135.4978885,日本、〒565-0853 大阪府吹田市春日４丁目１３−１９,,places,medium,ChIJu5hf683kAGARSgD-xaDRuh0,餃子の王将 吹田春日店,日本、〒565-0853 大阪府吹田市春日４丁目１３−１９,34.7859574,135.4978885,57.00,,10.5
ハラミとタン厚切りステーキの店 肉バルガブット 吹田店,吹田（ＪＲ）駅 324m,肉バル、イタリアン,新年会シーズン到来,3.3,60,1467,"￥3,000～￥3,999","￥1,000～￥1,999",大阪府吹田市片山町1-5-10 ダイオービル 1F,34.7661357,135.5234175,日本、〒564-0082 大阪府吹田市片山町１丁目５−１０ ダイオービル 1F,,places,medium,ChIJt-qbzRnlAGARdqgoXupdAbY,ハラミとタン厚切りステーキの店 肉バルガブット 吹田店,日本、〒564-0082 大阪府吹田市片山町１丁目５−１０ ダイオービル 1F,34.7661357,135.5234175,63.00,,1.6
ええとこどり,吹田（ＪＲ）駅 576m,焼き鳥,,3.04,2,20,"￥3,000～￥3,999",-,大阪府吹田市片山町1-25-9,34.7680305,135.5262189,日本、〒564-0082 大阪府吹田市片山町１丁目２５−９,,places,medium,ChIJRTWCWADjAGARdJ1UQ9nP4p4,ええとこどり,日本、〒564-0082 大阪府吹田市片山町１丁目２５−９,34.7680305,135.5262189,57.00,,5.5
北海道 知床漁場 吹田店,吹田（ＪＲ）駅 478m,海鮮、居酒屋、鍋,【JR吹田駅より徒歩7分】産地直送！鮮魚と相性抜群のお酒もご用意◎各種宴会コースも,3.2,59,923,"￥3,000～￥3,999","￥1,000～￥1,999",大阪府吹田市片山町2-3-15 吹田グリーンプレイス,34.7655076,135.519161,日本、〒564-0082 大阪府吹田市片山町２丁目３−１５ 吹田グリーンプレイス 内,,places,medium,ChIJGehgH4fkAGARPThzDXirSlk,北海道知床漁場 吹田店,日本、〒564-0082 大阪府吹田市片山町２丁目３−１５ 吹田グリーンプレイス 内,34.7655076,135.519161,60.00,,69.5
ナマステ 吹田店,吹田（ＪＲ）駅 330m,インドカレー、インド料理、ネパール料理,【吹田駅5分】種類豊富なカレーやインドのドリンクなど満喫◎貸切パーティーも可能,3.14,36,383,"￥1,000～￥1,999",～￥999,大阪府吹田市片山町3-18-1,34.7660598,135.5225622,日本、〒564-0082 大阪府吹田市片山町３丁目１８−１,,places_manual_review,manual_override,ChIJVwCMjIDkAGARDhTT27XiNdc,ディップラスナ 吹田店,日本、〒564-0082 大阪府吹田市片山町３丁目１８−１,34.7660598,135.5225622,30.75,MANUAL_PLACE_OVERRIDE,4.6
笙,吹田（ＪＲ）駅 396m,カフェ、居酒屋,,3.02,5,124,-,～￥999,大阪府吹田市片山町1-13-13,34.7666409,135.5249834,日本、〒564-0082 大阪府吹田市片山町１丁目１３−１３,,places_manual_review,manual_override,ChIJJyGAA4DkAGAResgUc6btMpU,和ダイニング 笙,日本、〒564-0082 大阪府吹田市片山町１丁目１３−１３,34.7666409,135.5249834,18.43,MANUAL_PLACE_OVERRIDE,4.9
阪急OASIS 吹田片山店,吹田（ＪＲ）駅 451m,コンビニ・スーパー,,,3,12,-,-,大阪府吹田市片山町2-4-1 吹田グリーンプレイス内 阪急オアシス,34.7661169,135.5192691,日本、〒564-0082 大阪府吹田市片山町２丁目4−１ 吹田グリーンプレイス,,places_manual_review,manual_override,ChIJQb39I4fkAGARRlfV03Z0ZAc,阪急オアシス吹田片山店,日本、〒564-0082 大阪府吹田市片山町２丁目4−１ 吹田グリーンプレイス,34.7661169,135.5192691,33.00,MANUAL_PLACE_OVERRIDE,3.1
やきとり おざさ,吹田（ＪＲ）駅 579m,焼き鳥、居酒屋,,3.02,1,4,"￥3,000～￥3,999",-,大阪府吹田市片山町1-25-9,34.7680261,135.5262211,日本、〒564-0082 大阪府吹田市片山町１丁目２５−９,,places_manual_review,manual_override,ChIJN2WwwX_jAGARfWx8tZyMn6E,おざさ,日本、〒564-0082 大阪府吹田市片山町１丁目２５−９,34.7680261,135.5262211,31.29,MANUAL_PLACE_OVERRIDE,5.0
参と壱,吹田（ＪＲ）駅 559m,居酒屋、海鮮、寿司,,3.08,8,224,"￥4,000～￥4,999",-,大阪府吹田市片山町1-25-7,34.7679081,135.526043,日本、〒564-0082 大阪府吹田市片山町１丁目２５−７,,places_manual_review,manual_override,ChIJabWapEbjAGAR_uDnL9_mj_E,海鮮・もつ鍋・自家製そば 参と壱,日本、〒564-0082 大阪府吹田市片山町１丁目２５−７,34.7679081,135.526043,21.64,MANUAL_PLACE_OVERRIDE,5.7
更科,吹田（ＪＲ）駅 376m,そば、うどん、天ぷら,,3.06,8,134,-,～￥999,大阪府吹田市片山町3-31-17,34.7665988,135.5232868,日本、〒564-0082 大阪府吹田市片山町３丁目３１−１７,,places,medium,ChIJzU15XYDkAGAR-aqzElureNo,更科,日本、〒564-0082 大阪府吹田市片山町３丁目３１−１７,34.7665988,135.5232868,57.00,,8.1
麺屋 柊助,吹田（ＪＲ）駅 243m,ラーメン、油そば・まぜそば,,3.26,102,1912,"￥1,000～￥1,999","￥1,000～￥1,999",大阪府吹田市片山町1-3-5,34.7652627,135.5226982,日本、〒564-0082 大阪府吹田市片山町１丁目３−５ 2F,,places,medium,ChIJBabHg4DkAGARpIH8lztsafA,麺屋 柊助,日本、〒564-0082 大阪府吹田市片山町１丁目３−５ 2F,34.7652627,135.5226982,57.00,,19.1
ふぐ料理 玄品 吹田,吹田（ＪＲ）駅 286m,ふぐ、鍋、日本料理,,3.01,8,208,"￥6,000～￥7,999",-,大阪府吹田市片山町3-15-18 サンクレオビル 1F,34.7653485,135.5218861,日本、〒564-0082 大阪府吹田市片山町３丁目１５−１８ サンクレオビル,,places_manual_review,manual_override,ChIJuWwcl4DkAGARNP3sSM0808E,玄品 吹田,日本、〒564-0082 大阪府吹田市片山町３丁目１５−１８ サンクレオビル,34.7653485,135.5218861,37.50,MANUAL_PLACE_OVERRIDE,10.5
モスバーガー 吹田北口店,吹田（ＪＲ）駅 268m,ハンバーガー,,3.02,20,80,-,～￥999,大阪府吹田市片山町1-3-5,34.7653823,135.522346,日本、〒564-0082 大阪府吹田市片山町１丁目３−５,,places,medium,ChIJvY29g4DkAGARl1EnFsIfPeE,モスバーガー吹田北口店,日本、〒564-0082 大阪府吹田市片山町１丁目３−５,34.7653823,135.522346,57.00,,16.0
串かつ 明かり,吹田（ＪＲ）駅 483m,居酒屋、串揚げ,,3.01,4,91,-,-,大阪府吹田市片山町1-20-9,34.7673602,135.5253062,日本、〒564-0082 大阪府吹田市片山町１丁目２０−９ 八乙女ハイツ,,places_manual_review,manual_override,ChIJ8QXUjDbjAGARdOFG89FOxuA,串かつ居酒屋 明かり 吹田本店,日本、〒564-0082 大阪府吹田市片山町１丁目２０−９ 八乙女ハイツ,34.7673602,135.5253062,30.75,MANUAL_PLACE_OVERRIDE,2.3
セブン-イレブン 吹田片山1丁目店,吹田（ＪＲ）駅 247m,コンビニ・スーパー,,3.07,1,2,-,-,大阪府吹田市片山町1-4-13,34.7654693,135.5235529,日本、〒564-0082 大阪府吹田市片山町１丁目４−１３,,places,medium,ChIJQXyl2X_kAGARz1_fS051ldc,セブン-イレブン 吹田片山１丁目店,日本、〒564-0082 大阪府吹田市片山町１丁目４−１３,34.7654693,135.5235529,51.00,,7.0
プチマダム カフェ,吹田（ＪＲ）駅 595m,カフェ,,,1,29,"￥2,000～￥2,999","￥1,000～￥1,999",大阪府吹田市片山町4-14-19,34.7682637,135.5259603,日本、〒564-0082 大阪府吹田市片山町４丁目１４−１９,,places_manual_review,manual_override,ChIJ8-9tVp7jAGAROIPKpCE1Gbw,Petit Madam,日本、〒564-0082 大阪府吹田市片山町４丁目１４−１９,34.7682637,135.5259603,12.00,MANUAL_PLACE_OVERRIDE,3.0
うどん 司,吹田（ＪＲ）駅 410m,うどん,,3.32,51,898,-,"￥1,000～￥1,999",大阪府吹田市片山町3-33-17,34.7668509,135.5240944,日本、〒564-0082 大阪府吹田市片山町３丁目３３−１７,,places_manual_review,manual_override,ChIJPdtEYYDkAGARzGDey1cz52k,自家製麺 うどん 司,日本、〒564-0082 大阪府吹田市片山町３丁目３３−１７,34.7668509,135.5240944,34.50,MANUAL_PLACE_OVERRIDE,5.8
オム&デリ ファクトリー,吹田（ＪＲ）駅 436m,オムライス,,3.08,19,249,-,"￥1,000～￥1,999",大阪府吹田市片山町2-4-1 吹田グリーンプレイス,34.765531,135.5198037,日本、〒564-0082 大阪府吹田市片山町２丁目４−１ 吹田グリーンプレイス EASTZONE1F,,places_manual_review,manual_override,ChIJIzZCGTflAGAR2i1wZqS_Vfo,OME & DELI FACTORY（オム＆デリ ファクトリー）,日本、〒564-0082 大阪府吹田市片山町２丁目４−１ 吹田グリーンプレイス EASTZONE1F,34.765531,135.5198037,33.00,MANUAL_PLACE_OVERRIDE,28.8
上海点心菜館 桃苑,吹田（ＪＲ）駅 470m,中華料理、ラーメン、中華菓子,,3.05,7,295,-,-,大阪府吹田市片山町2-11-70,34.76615,135.5199493,日本、〒564-0082 大阪府吹田市片山町２丁目１１−７０,,places,medium,ChIJj1zn14bkAGARk561JCNoPro,上海点心菜館 桃苑,日本、〒564-0082 大阪府吹田市片山町２丁目１１−７０,34.76615,135.5199493,57.00,,9.2
金沢まいもん寿司 吹田グリーンプレイス店,吹田（ＪＲ）駅 445m,回転寿司,,3.51,204,7087,"￥3,000～￥3,999","￥2,000～￥2,999",大阪府吹田市片山町2-3-9 吹田グリーンプレイス,34.76518860000001,135.5193464,日本、〒564-0082 大阪府吹田市片山町２丁目３−９ 吹田グリーンプレイス,,places,medium,ChIJGWEEQIDkAGARZfIWqAwwCME,金沢まいもん寿司 吹田グリーンプレイス店,日本、〒564-0082 大阪府吹田市片山町２丁目３−９ 吹田グリーンプレイス,34.76518860000001,135.5193464,60.00,,30.6
千一,吹田（ＪＲ）駅 352m,居酒屋,,,1,31,-,-,大阪府吹田市片山町1-12-4,34.7663918,135.5240249,日本、〒564-0082 大阪府吹田市片山町１丁目１２−４,,places,medium,ChIJl2N4EoDkAGARIrLhH7vnomc,千一,日本、〒564-0082 大阪府吹田市片山町１丁目１２−４,34.7663918,135.5240249,57.00,,18.2
ハレノチ晴 吹田本店,吹田（ＪＲ）駅 398m,ラーメン、油そば・まぜそば,,3.55,354,6622,～￥999,～￥999,大阪府吹田市片山町2-4-1 吹田グリーンプレイス,34.7648935,135.5198768,日本、〒564-0082 大阪府吹田市片山町２丁目４−１,,places,medium,ChIJqSrgtWblAGAR-oqD6rxiVYI,ハレノチ晴 吹田店,日本、〒564-0082 大阪府吹田市片山町２丁目４−１,34.7648935,135.5198768,52.00,,100.0
ピッツァリア アッセ 吹田片山店,吹田（ＪＲ）駅 475m,ピザ、イタリアン、パスタ,,3.17,52,936,"￥2,000～￥2,999","￥1,000～￥1,999",大阪府吹田市片山町2-3-15 吹田グリーンプレイス,34.765597,135.5193697,日本、〒564-0082 大阪府吹田市片山町２丁目３−１５ 吹田グリーンプレイス WESTZONE,,places_manual_review,manual_override,ChIJGehgH4fkAGARXwMRBoQyBPs,pizzeria asse 吹田店,日本、〒564-0082 大阪府吹田市片山町２丁目３−１５ 吹田グリーンプレイス WESTZONE,34.765597,135.5193697,22.11,MANUAL_PLACE_OVERRIDE,71.6
仁平,吹田（ＪＲ）駅 491m,居酒屋,,,6,,-,-,大阪府吹田市片山町4-2-12,34.7674963,135.5250315,日本、〒564-0082 大阪府吹田市片山町４丁目２−１２,,places,medium,ChIJkRepIYDkAGARc51k9okgtD0,仁平,日本、〒564-0082 大阪府吹田市片山町４丁目２−１２,34.7674963,135.5250315,57.00,,3.5
ベークショップ ブランチ,吹田（ＪＲ）駅 240m,パン,,3,4,160,-,-,大阪府吹田市片山町1-4-1,34.7653569,135.5232264,日本、〒564-0082 大阪府吹田市片山町１丁目４−１,,places,medium,ChIJt1xs13_kAGARguS87f4ULqg,ベークショップブランチ,日本、〒564-0082 大阪府吹田市片山町１丁目４−１,34.7653569,135.5232264,57.00,,4.0
肉処 倉 吹田グリーンプレイス店,吹田（ＪＲ）駅 423m,焼肉,,3.17,44,828,"￥4,000～￥4,999","￥1,000～￥1,999",大阪府吹田市片山町2-3-5,34.7649702,135.5195495,日本、〒564-0082 大阪府吹田市片山町２丁目３−５,,places,medium,ChIJGWEEQIDkAGARHYMP949C6Cw,肉処 倉 吹田グリーンプレイス店,日本、〒564-0082 大阪府吹田市片山町２丁目３−５,34.7649702,135.5195495,57.00,,50.1
千,吹田（ＪＲ）駅 339m,お好み焼き,,3.01,5,61,-,-,大阪府吹田市片山町3-18-1,34.7661058,135.5224507,日本、〒564-0082 大阪府吹田市片山町３丁目１８−１,,places,medium,ChIJVwCMjIDkAGARvhegzY-Btxo,千,日本、〒564-0082 大阪府吹田市片山町３丁目１８−１,34.7661058,135.5224507,57.00,,7.2
たこやき きゅうちゃん,吹田（ＪＲ）駅 233m,たこ焼き,,3,1,9,～￥999,-,大阪府吹田市片山町1-6-1,34.7653164,135.5237734,日本、〒564-0082 大阪府吹田市片山町１丁目６−１,,places,medium,ChIJ_y_23H_kAGARACJpvAkeoAc,たこやき きゅうちゃん,日本、〒564-0082 大阪府吹田市片山町１丁目６−１,34.7653164,135.5237734,57.00,,2.6
大和大学 学生食堂 大～TAI～,吹田（ＪＲ）駅 558m,学生食堂,,3.08,7,50,"￥5,000～￥5,999",～￥999,大阪府吹田市片山町2-5-1,34.7666541,135.5185634,日本、〒564-0082 大阪府吹田市片山町２丁目１０,,places,medium,ChIJG1w0HQDlAGARwCeHghv5tgo,大和大学 学生食堂 大〜TAI〜,日本、〒564-0082 大阪府吹田市片山町２丁目１０,34.7666541,135.5185634,48.82,,36.1
ドンクエディテ 吹田グリーンプレイス店,吹田（ＪＲ）駅 426m,カフェ、パン,,3.07,54,2239,-,"￥1,000～￥1,999",大阪府吹田市片山町2-3-7 吹田グリーンプレイス,34.7651936,135.5196798,日本、〒564-0082 大阪府吹田市片山町２丁目３ 7GREEN PLACE WESTZONE1F,,places,medium,ChIJf1gdI4fkAGARamAl0YpiJLY,ドンクエディテ 吹田グリーンプレイス店,日本、〒564-0082 大阪府吹田市片山町２丁目３ 7GREEN PLACE WESTZONE1F,34.7651936,135.5196798,57.00,,27.5
極みとんかつ かつ喜　 吹田店,吹田（ＪＲ）駅 471m,とんかつ,,3.08,70,619,"￥2,000～￥2,999","￥1,000～￥1,999",大阪府吹田市片山町2-3-13 吹田グリーンプレイス,34.7653845,135.5192341,日本、〒564-0082 大阪府吹田市片山町２丁目３−番13号,,places,medium,ChIJu2qHGIfkAGARFAifj2NVF2o,極みとんかつ かつ喜 吹田店,日本、〒564-0082 大阪府吹田市片山町２丁目３−番13号,34.7653845,135.5192341,57.00,,54.3
波津馬 本店,吹田（ＪＲ）駅 294m,馬肉料理,,3.33,62,3085,"￥6,000～￥7,999",-,大阪府吹田市片山町1-10-22 ワイズマンション　１Ｆ,34.7656188,135.5250898,日本、〒564-0082 大阪府吹田市片山町１丁目１０−２２ ワイズマンション 1F,,places_manual_review,manual_override,ChIJBYwJ93_kAGARV4BnR9DNZ-o,波津馬,日本、〒564-0082 大阪府吹田市片山町１丁目１０−２２ ワイズマンション 1F,34.7656188,135.5250898,42.00,MANUAL_PLACE_OVERRIDE,3.3
天ぷらの山 吹田グリーンプレイス店,吹田（ＪＲ）駅 408m,天ぷら,,3.4,103,1507,"￥1,000～￥1,999","￥1,000～￥1,999",大阪府吹田市片山町2-3-3 吹田グリーンプレイス,34.7649173,135.5197031,日本、〒564-0082 大阪府吹田市片山町２丁目３−３ WESTZONE 1F,,places,medium,ChIJD3kjJIfkAGAR5R5XNgOb1AM,天ぷらの山 吹田グリーンプレイス店,日本、〒564-0082 大阪府吹田市片山町２丁目３−３ WESTZONE 1F,34.7649173,135.5197031,57.00,,15.2
タリーズコーヒー with U 吹田グリーンプレイス店,吹田（ＪＲ）駅 458m,カフェ,,3.06,34,246,-,～￥999,大阪府吹田市片山町2-3-11 吹田グリーンプレイス,34.7654211,135.5194297,日本、〒564-0082 大阪府吹田市片山町２丁目３−１１ 吹田グリーンプレイス 内,,places,medium,ChIJGehgH4fkAGARE5TMsfn56CE,タリーズコーヒー with U 吹田グリーンプレイス店,日本、〒564-0082 大阪府吹田市片山町２丁目３−１１ 吹田グリーンプレイス 内,34.7654211,135.5194297,60.00,,51.3
喫茶・軽食 ハロッズ,吹田（ＪＲ）駅 384m,喫茶店,,3,2,44,-,-,大阪府吹田市片山町3-32-14 片山商店街,34.766685,135.523812,日本、〒564-0082 大阪府吹田市片山町３丁目３２−１４,,places_manual_review,manual_override,ChIJ7T9LaoDkAGARypDhVWSxvRE,ハロッズ,日本、〒564-0082 大阪府吹田市片山町３丁目３２−１４,34.766685,135.523812,32.00,MANUAL_PLACE_OVERRIDE,39.1
中華そば よしたか,吹田（ＪＲ）駅 489m,ラーメン,,3.04,9,140,-,-,大阪府吹田市片山町4-2-12,34.767505,135.5249864,日本、〒564-0082 大阪府吹田市片山町４丁目２−１２,,places,medium,ChIJx5W-SLXlAGARWac4anupinw,中華そば よしたか,日本、〒564-0082 大阪府吹田市片山町４丁目２−１２,34.767505,135.5249864,57.00,,0.8
片山酒店,吹田（ＪＲ）駅 563m,バー、立ち飲み,,3.01,1,39,～￥999,～￥999,大阪府吹田市片山町4-14-24,34.7679817,135.5257659,日本、〒564-0082 大阪府吹田市片山町４丁目１４−２４,,places,medium,ChIJVQ1a23_jAGARoCfxWL2FG_Q,片山酒店,日本、〒564-0082 大阪府吹田市片山町４丁目１４−２４,34.7679817,135.5257659,57.00,,3.7
広島お好み焼 よしだや,吹田（ＪＲ）駅 337m,お好み焼き、もんじゃ焼き,,3.14,11,338,-,-,大阪府吹田市片山町2-16-3,34.7653219,135.5210051,日本、〒564-0082 大阪府吹田市片山町２丁目１６−３,,places_manual_review,manual_override,ChIJd9AWt4DkAGARZkUeh6jPKsE,よしだや,日本、〒564-0082 大阪府吹田市片山町２丁目１６−３,34.7653219,135.5210051,30.00,MANUAL_PLACE_OVERRIDE,1.8
CAGOM,吹田（ＪＲ）駅 620m,カフェ,,3.02,1,169,-,-,大阪府吹田市片山町4-17-30,34.7684983,135.5258042,日本、〒564-0082 大阪府吹田市片山町４丁目１７−３０,,places_manual_review,manual_override,ChIJ0WTHPhzjAGAR3jxHWfIiP6s,CAGOM（カゴム）,日本、〒564-0082 大阪府吹田市片山町４丁目１７−３０,34.7684983,135.5258042,34.50,MANUAL_PLACE_OVERRIDE,17.6
馬骨出汁おでんと肴 さくら,吹田（ＪＲ）駅 474m,おでん、居酒屋,,3.04,3,65,-,-,大阪府吹田市片山町4-1-5,34.7674884,135.5243189,日本、〒564-0082 大阪府吹田市片山町４丁目１−５,,places_manual_review,manual_override,ChIJfRwdeULlAGARLpzabRV-v3o,さくら,日本、〒564-0082 大阪府吹田市片山町４丁目１−５,34.7674884,135.5243189,23.25,MANUAL_PLACE_OVERRIDE,2.6
うを常,吹田（ＪＲ）駅 449m,海鮮、日本料理、揚げ物,,3.07,8,251,"￥3,000～￥3,999","￥1,000～￥1,999",大阪府吹田市片山町3-34-17,34.7672703,135.5242158,日本、〒564-0082 大阪府吹田市片山町３丁目３４−１７,,places,medium,ChIJhYgYP4DkAGARauqFPnhAChs,うを常,日本、〒564-0082 大阪府吹田市片山町３丁目３４−１７,34.7672703,135.5242158,57.00,,12.0
仕出し割烹 しげよし 吹田片山店,吹田（ＪＲ）駅 442m,弁当,,,7,,-,-,大阪府吹田市片山町3-34-17,34.7671936,135.5241206,日本、〒564-0082 大阪府吹田市片山町３丁目３４−１７,,places,medium,ChIJv8Sc4fDlAGARfmWrd4TKwt8,仕出し割烹しげよし 吹田片山店,日本、〒564-0082 大阪府吹田市片山町３丁目３４−１７,34.7671936,135.5241206,57.00,,1.1
小さな焼き菓子屋,吹田（ＪＲ）駅 425m,洋菓子,,3.1,12,572,-,-,大阪府吹田市片山町3-33-14,34.7670228,135.5243509,日本、〒564-0082 大阪府吹田市片山町３丁目３３−１４,,places,medium,ChIJzTUSFoDkAGARHoCXl_MNCYM,小さな焼き菓子屋,日本、〒564-0082 大阪府吹田市片山町３丁目３３−１４,34.7670228,135.5243509,57.00,,2.6
第一楼,吹田（ＪＲ）駅 213m,中華料理、ビュッフェ,,3.38,96,6783,"￥2,000～￥2,999","￥1,000～￥1,999",大阪府吹田市片山町1-1 メロード吹田 38F,34.765091,135.524706,日本、〒564-0082 大阪府吹田市片山町１丁目１ メロード吹田 1番館38階,,places_manual_review,manual_override,ChIJ3wkj9X_kAGAR-Ecg-VtuTeQ,中華バイキング第一楼,日本、〒564-0082 大阪府吹田市片山町１丁目１ メロード吹田 1番館38階,34.765091,135.524706,28.50,MANUAL_PLACE_OVERRIDE,34.2
スタンドあまみ,吹田（ＪＲ）駅 387m,居酒屋,,,4,,-,-,大阪府吹田市片山町1-13-1,34.76658,135.5248355,日本、〒564-0082 大阪府吹田市片山町１丁目１３−１,,places,medium,ChIJtf5eBIDkAGARhW42_KI9mK0,スタンドあまみ,日本、〒564-0082 大阪府吹田市片山町１丁目１３−１,34.76658,135.5248355,57.00,,1.9
ほっかほっか亭 片山町,吹田（ＪＲ）駅 584m,弁当,,,6,,-,-,大阪府吹田市片山町4-14-22,34.7681537,135.5258949,日本、〒564-0082 大阪府吹田市片山町４丁目１４−２２,,places,medium,ChIJsVDAxH_jAGARA8BLkHoguyU,ほっかほっか亭 片山町店,日本、〒564-0082 大阪府吹田市片山町４丁目１４−２２,34.7681537,135.5258949,51.38,,6.0
お家や,吹田（ＪＲ）駅 546m,居酒屋、食堂,,3.12,8,677,～￥999,-,大阪府吹田市片山町1-25-5,34.7677996,135.5258716,日本、〒564-0082 大阪府吹田市片山町１丁目２５,,places,medium,ChIJdQ2POL_jAGARAVDEWNn-yGY,お家や,日本、〒564-0082 大阪府吹田市片山町１丁目２５,34.7677996,135.5258716,57.00,,8.8
コリナコーヒー,吹田（ＪＲ）駅 457m,カフェ,,3.37,61,3168,-,"￥1,000～￥1,999",大阪府吹田市片山町2-11-70,34.7660181,135.5199922,日本、〒564-0082 大阪府吹田市片山町２丁目１１−７０,,places_manual_review,manual_override,ChIJj1zn14bkAGARO2XSIlojQVE,COLINA COFFEE,日本、〒564-0082 大阪府吹田市片山町２丁目１１−７０,34.7660181,135.5199922,12.00,MANUAL_PLACE_OVERRIDE,6.2
とみ,吹田（ＪＲ）駅 909m,お好み焼き,,3.01,4,62,-,-,大阪府吹田市片山町4-39-17,34.7709348,135.5283323,日本、〒564-0082 大阪府吹田市４丁目３９−１１,,places_auto_review,auto_override,ChIJAWjaWPfjAGAR5qG7LMJgaIQ,店舗,日本、〒564-0082 大阪府吹田市４丁目３９−１１,34.7709348,135.5283323,12.00,AUTO_PLACE_OVERRIDE:distance_le_50m,45.6
焼肉 牛一楼,吹田（ＪＲ）駅 200m,焼肉,,3.06,7,185,"￥5,000～￥5,999",-,大阪府吹田市片山町1-1 メロード吹田1番館 38F,34.7649293,135.5243877,日本、〒564-0082 大阪府吹田市片山町１丁目１ メロード吹田 1番館38階,,places,medium,ChIJhzZDDI7lAGAR_pxrd0GnTo8,焼肉牛一楼,日本、〒564-0082 大阪府吹田市片山町１丁目１ メロード吹田 1番館38階,34.7649293,135.5243877,60.00,,0.0
元屋,吹田（ＪＲ）駅 461m,海鮮,,3.14,16,429,"￥6,000～￥7,999","￥1,000～￥1,999",大阪府吹田市片山町2-11-70,34.7660692,135.5199843,日本、〒564-0082 大阪府吹田市片山町２丁目１１−７０,,places,medium,ChIJj1zn14bkAGARwbKg-jkNLk0,元屋,日本、〒564-0082 大阪府吹田市片山町２丁目１１−７０,34.7660692,135.5199843,57.00,,2.1
旬菜食堂,吹田（ＪＲ）駅 478m,ダイニングバー,,3.07,10,187,-,～￥999,大阪府吹田市片山町2-11-70 1F,34.7662539,135.519941,日本、〒564-0082 大阪府吹田市片山町２丁目１１−７０,,places,medium,ChIJj1zn14bkAGAREdMFFFF7gtY,旬菜食堂,日本、〒564-0082 大阪府吹田市片山町２丁目１１−７０,34.7662539,135.519941,57.00,,20.8
あほや 吹田店,吹田（ＪＲ）駅 434m,たこ焼き,,3.01,6,71,-,-,大阪府吹田市片山町3-33-13,34.7671008,135.5244072,日本、〒564-0082 大阪府吹田市片山町３丁目３３−１３,,places_manual_review,manual_override,ChIJ7ZYgFoDkAGARSPJXChz2LpM,たこ焼き あほや 吹田店,日本、〒564-0082 大阪府吹田市片山町３丁目３３−１３,34.7671008,135.5244072,39.00,MANUAL_PLACE_OVERRIDE,5.5
FORMOSA TEA,吹田（ＪＲ）駅 423m,カフェ,,3.02,1,18,-,-,大阪府吹田市片山町3-33-14 1F,34.7670083,135.5243293,日本、〒564-0082 大阪府吹田市片山町３丁目３３−１４ １F,,places,medium,ChIJI7k_DWXlAGARmlkiQTOvgxk,FORMOSA TEA,日本、〒564-0082 大阪府吹田市片山町３丁目３３−１４ １F,34.7670083,135.5243293,57.00,,0.5
BURGER SUEO,吹田（ＪＲ）駅 747m,ハンバーガー,,3.02,5,197,-,"￥1,000～￥1,999",大阪府吹田市片山町4-33-41,34.7693011,135.5274024,日本、〒564-0082 大阪府吹田市片山町４丁目３３−４１,,places,medium,ChIJQeHhtj_jAGARNySXiErVDao,BURGER SUEO,日本、〒564-0082 大阪府吹田市片山町４丁目３３−４１,34.7693011,135.5274024,57.00,,9.5
トルタイシーオ 大阪吹田店,吹田（ＪＲ）駅 361m,スイーツ、ケーキ,,3.07,24,616,～￥999,～￥999,大阪府吹田市片山町1-12-6,34.7664661,135.5239732,日本、〒564-0082 大阪府吹田市片山町１丁目１２−６,,places,medium,ChIJry8RQGDlAGARDVNDu7VP9IQ,タルト工房 トルタイシーオ 大阪吹田店,日本、〒564-0082 大阪府吹田市片山町１丁目１２−６,34.7664661,135.5239732,50.57,,0.0
バーガーキング 吹田グリーンプレイス店,吹田（ＪＲ）駅 448m,ハンバーガー,,3.05,6,27,-,～￥999,大阪府吹田市片山町2-4-1 吹田グリーンプレイス 1F,34.7661286,135.5192603,日本、〒564-0082 大阪府吹田市片山町２丁目4−１ 吹田グリーンプレイス 1F,,places,medium,ChIJV6zBdwDlAGARbERLxqIAp0s,バーガーキング 吹田グリーンプレイス店,日本、〒564-0082 大阪府吹田市片山町２丁目4−１ 吹田グリーンプレイス 1F,34.7661286,135.5192603,63.00,,60.7
四季,吹田（ＪＲ）駅 302m,ラーメン,,3.22,78,907,～￥999,"￥1,000～￥1,999",大阪府吹田市片山町3-1-10,34.7652782,135.5214894,日本、〒564-0082 大阪府吹田市片山町３丁目１−１０,,places_manual_review,manual_override,ChIJKZzmvIDkAGARnMV5zJ9ycEE,麺屋 四季 吹田店,日本、〒564-0082 大阪府吹田市片山町３丁目１−１０,34.7652782,135.5214894,24.86,MANUAL_PLACE_OVERRIDE,2.1
炭火焼肉じゃけぇ 江坂内環通り店,豊津駅 797m,焼肉、ホルモン、居酒屋,名物「5秒ロース」をはじめ上質な黒毛和牛をリーズナブルに◆ご家族連れ歓迎◎近隣に駐車場も有,3.12,17,196,"￥4,000～￥4,999",-,大阪府吹田市金田町28-20,34.7575045,135.5061732,日本、〒564-0045 大阪府吹田市金田町２８−２０,,places,medium,ChIJE1uMGwDlAGARiuKdjRovNrQ,炭火焼肉じゃけぇ 江坂内環通り店,日本、〒564-0045 大阪府吹田市金田町２８−２０,34.7575045,135.5061732,57.00,,2.0
ミシンカフェ エディト,豊津駅 630m,カフェ,,,9,,-,-,大阪府吹田市金田町26-18,34.7589579,135.5066367,日本、〒564-0045 大阪府吹田市金田町２６−１８,,places,medium,ChIJXwn6yYrkAGARm0538sDZGMI,ミシンカフェエディト,日本、〒564-0045 大阪府吹田市金田町２６−１８,34.7589579,135.5066367,57.00,,2.6
太鼓亭 吹田金田店,豊津駅 743m,そば、うどん,,3.09,76,444,"￥1,000～￥1,999","￥1,000～￥1,999",大阪府吹田市金田町5-21,34.7575244,135.5081488,日本、〒564-0045 大阪府吹田市金田町５−２１,,places,medium,ChIJUfQ7N2DkAGARMFGPJEdYWeI,太鼓亭 吹田金田店,日本、〒564-0045 大阪府吹田市金田町５−２１,34.7575244,135.5081488,57.00,,16.3
パブハウス 蘇芳,江坂駅 785m,パブ,,,2,,-,-,大阪府吹田市金田町30-8 2F,34.7576338,135.5054735,日本、〒564-0045 大阪府吹田市金田町３０−８ 2f,,geocode_fallback,medium,,,,,,,NO_PLACE_CANDIDATE,
セブンイレブン 吹田上山田店,北千里駅 900m,コンビニ・スーパー,,3,3,9,-,-,大阪府吹田市上山田8-5,34.8264842,135.5170742,日本、〒565-0872 大阪府吹田市上山田８−５,,places,medium,ChIJJUjKDRsOAWARtp_5BXkIdOU,セブン-イレブン 吹田上山田店,日本、〒565-0872 大阪府吹田市上山田８−５,34.8264842,135.5170742,52.91,,2.9
牛角 吹田上山手店,吹田市,焼肉、ホルモン,★焼肉と言えば「牛角」★ 焼肉には人を元気にする魔法があるッ。,3.05,28,313,"￥3,000～￥3,999",～￥999,大阪府吹田市上山手町27-3,34.7775508,135.5174645,日本、〒565-0841 大阪府吹田市上山手町２７−３,,places,medium,ChIJVVWpvJnkAGAROa8K8GFQLlo,牛角 吹田上山手店,日本、〒565-0841 大阪府吹田市上山手町２７−３,34.7775508,135.5174645,57.00,,2.1
オオニシサントコ,関大前駅 806m,カフェ,,3.07,11,1092,-,"￥1,000～￥1,999",大阪府吹田市上山手町1-5,34.7736682,135.5142515,日本、〒565-0841 大阪府吹田市上山手町１−５ ゆにわ荘,,places,medium,ChIJrWxrvUrlAGARKwbXbvf3XQI,オオニシサントコ,日本、〒565-0841 大阪府吹田市上山手町１−５ ゆにわ荘,34.7736682,135.5142515,57.00,,11.1
Senri Maison Coffee,吹田市,カフェ,,3.12,11,386,-,-,大阪府吹田市上山手町63-15,34.7799375,135.5196052,日本、〒565-0841 大阪府吹田市上山手町６３−１５,,places,medium,ChIJe318KgDlAGARIZY_ALyPibI,Senri Maison Coffee,日本、〒565-0841 大阪府吹田市上山手町６３−１５,34.7799375,135.5196052,57.00,,3.9
ファミリーマート 吹田上山手町店,吹田市,コンビニ・スーパー,,3.02,1,2,-,-,大阪府吹田市上山手町27-8,34.7773796,135.51762,日本、〒565-0841 大阪府吹田市上山手町２７−８ ファミリーマート吹田 店,,places,medium,ChIJbyrjmJnkAGARQtKpBsacsdU,ファミリーマート 吹田上山手町店,日本、〒565-0841 大阪府吹田市上山手町２７−８ ファミリーマート吹田 店,34.7773796,135.51762,57.00,,6.4
喫茶＆バー 5号門,関大前駅 798m,バー,,3,2,13,-,-,大阪府吹田市上山手町1-29,34.7734585,135.5143825,日本、〒565-0841 大阪府吹田市上山手町１−２９,,places_manual_review,manual_override,ChIJc7nx65DkAGARJrtF6Ida85g,5号門,日本、〒565-0841 大阪府吹田市上山手町１−２９,34.7734585,135.5143825,28.88,MANUAL_PLACE_OVERRIDE,0.0
ガルル珈琲,吹田市,カフェ、喫茶店,,3.49,236,6780,～￥999,～￥999,大阪府吹田市上山手町26-7,34.7777298,135.5178598,日本、〒565-0841 大阪府吹田市上山手町２６−７,,places,medium,ChIJGSsyp5nkAGARXQcFqAg_UmE,ガルル珈琲,日本、〒565-0841 大阪府吹田市上山手町２６−７,34.7777298,135.5178598,57.00,,8.8
セブンイレブン 吹田川岸町店,南吹田駅 471m,コンビニ・スーパー,,,1,,-,-,大阪府吹田市川岸町5-25,34.7521889,135.5151449,日本、〒564-0037 大阪府吹田市川岸町５−２５,,places,medium,ChIJuX1Y5W_kAGAR8iKToER02DU,セブン-イレブン 吹田川岸町店,日本、〒564-0037 大阪府吹田市川岸町５−２５,34.7521889,135.5151449,53.25,,9.9
蝸牛庵,下新庄駅 579m,サンドイッチ、カフェ,,3.43,78,5382,-,"￥1,000～￥1,999",大阪府吹田市川岸町15-16,34.7516557,135.5172508,日本、〒564-0037 大阪府吹田市川岸町１５−１６,,places_manual_review,manual_override,ChIJoRZAu1PlAGARvUrIaifN1cg,KAGYUAN(蝸牛庵),日本、〒564-0037 大阪府吹田市川岸町１５−１６,34.7516557,135.5172508,24.27,MANUAL_PLACE_OVERRIDE,0.6
和牛焼肉 だいこく家 吹田岸辺店,岸辺駅 810m,焼肉、居酒屋、ホルモン,ランチから新鮮なレバー、生センマイ有り【奥に半個室】4名様〜36名様団体宴会席有り◆,3.22,42,1032,"￥4,000～￥4,999","￥1,000～￥1,999",大阪府吹田市岸部北3-6-32,34.7825041,135.5357559,日本、〒564-0001 大阪府吹田市岸部北３丁目６−３２,,places,medium,ChIJ-XTAdG_jAGARiKUUtv-pqpE,和牛焼肉 だいこく家 吹田岸辺店,日本、〒564-0001 大阪府吹田市岸部北３丁目６−３２,34.7825041,135.5357559,57.00,,4.3
焼肉処 葡萄匠屋 吹田店,吹田市,焼肉、ホルモン、ファミレス,ファミリー大歓迎！落ち着いた空間、半個室や座敷。雌牛長期肥育の焼肉屋,3.19,35,922,"￥4,000～￥4,999","￥2,000～￥2,999",大阪府吹田市岸部北5-31-6,34.7858246,135.5337804,日本、〒564-0001 大阪府吹田市岸部北５丁目３１−６,,places,medium,ChIJV-hRM2bjAGARwOxwXjRMM3o,焼肉処 葡萄匠屋 吹田店,日本、〒564-0001 大阪府吹田市岸部北５丁目３１−６,34.7858246,135.5337804,57.00,,1.3
ディルクス,吹田市,インド料理、ネパール料理、カレー,,3.08,20,389,"￥1,000～￥1,999",～￥999,大阪府吹田市岸部北5-39-17-102,34.7861471,135.5333175,日本、〒564-0001 大阪府吹田市岸部北５丁目３９−１７ 1F,,places_manual_review,manual_override,ChIJA0p-_wPjAGARfsBiHTfmLDE,ディルクス岸辺店〜Dilkhus Kishibeten〜,日本、〒564-0001 大阪府吹田市岸部北５丁目３９−１７ 1F,34.7861471,135.5333175,23.25,MANUAL_PLACE_OVERRIDE,5.4
吹田サービスエリア上り線ショッピングコーナー,吹田市,その他,,3.05,14,47,-,-,大阪府吹田市岸部北4-8-1 吹田サービスエリア上り線,34.7828794,135.5258498,日本、〒564-0001 大阪府吹田市岸部北４丁目８−１,,places_manual_review,manual_override,ChIJc5wxGWDjAGARXNTCc-WV-54,吹田サービスエリア (上り),日本、〒564-0001 大阪府吹田市岸部北４丁目８−１,34.7828794,135.5258498,34.50,MANUAL_PLACE_OVERRIDE,0.0
コバラスイタ 1号機　下り線,吹田市,たこ焼き、焼きそば、揚げ物,,3.05,11,23,-,～￥999,大阪府吹田市岸部北4-7-1 吹田サービスエリア(下り線),34.7826127,135.5275101,日本、〒564-0001 大阪府吹田市岸部北４丁目８−１,,places_manual_review,manual_override,ChIJqwJGT2DjAGARmWMCG9SnPog,吹田 SA (下り),日本、〒564-0001 大阪府吹田市岸部北４丁目８−１,34.7826127,135.5275101,17.00,MANUAL_PLACE_OVERRIDE,0.0
蕎麦処 そば好,岸辺駅 871m,そば、うどん、親子丼,,3.05,12,105,-,～￥999,大阪府吹田市岸部北2-1-26,34.7769634,135.5321234,日本、〒564-0001 大阪府吹田市岸部北２丁目１−２６,,places_manual_review,manual_override,ChIJCyAM4HrjAGARJrAa1Sx3Rq4,そば好,日本、〒564-0001 大阪府吹田市岸部北２丁目１−２６,34.7769634,135.5321234,34.50,MANUAL_PLACE_OVERRIDE,7.0
ジョリーパスタ 吹田岸部店,吹田市,ファミレス、パスタ、ピザ,,3.05,33,173,"￥1,000～￥1,999","￥1,000～￥1,999",大阪府吹田市岸部北5-20-8,34.7857695,135.5349755,日本、〒564-0001 大阪府吹田市岸部北５丁目２０−８,,places,medium,ChIJ9SaFnGjjAGARv_P8Eg8D-TE,ジョリーパスタ 吹田岸部店,日本、〒564-0001 大阪府吹田市岸部北５丁目２０−８,34.7857695,135.5349755,57.00,,8.0
がんこ なにわ市場横丁,吹田市,レストラン,,3.12,32,73,-,-,大阪府吹田市岸部北4-7-1 吹田サービスエリア(下り線),34.7824872,135.5278762,日本、〒564-0001 大阪府吹田市岸部北４丁目７−１,,places_manual_review,manual_override,ChIJJeuzxyPjAGARqWHJaqg8tXM,がんこなにわ市場横丁 吹田 SA (下り),日本、〒564-0001 大阪府吹田市岸部北４丁目７−１,34.7824872,135.5278762,37.00,MANUAL_PLACE_OVERRIDE,36.2
ペンギンベーカリー 吹田店,吹田市,パン,,3.07,42,1028,-,-,大阪府吹田市岸部北5-18-9,34.7859708,135.535902,日本、〒564-0001 大阪府吹田市岸部北５丁目１８−９,,places,medium,ChIJ9xsvzOPjAGARTHaaWQZ6-B8,ペンギンベーカリー 吹田店,日本、〒564-0001 大阪府吹田市岸部北５丁目１８−９,34.7859708,135.535902,57.00,,1.0
うどん食堂太鼓亭 吹田岸部店,吹田市,うどん,,3.11,13,110,-,-,大阪府吹田市岸部北1-3-35,34.7787316,135.5270532,日本、〒564-0001 大阪府吹田市岸部北１丁目３−３５,,places,medium,ChIJAxp7UGLjAGARTIn-fIXu3Dw,うどん食堂太鼓亭 吹田岸部店,日本、〒564-0001 大阪府吹田市岸部北１丁目３−３５,34.7787316,135.5270532,57.00,,6.4
もりから,吹田市,からあげ,,3.01,1,5,-,～￥999,大阪府吹田市岸部北4-8-1 吹田サービスエリア（下り線）,34.7826127,135.5275101,日本、〒564-0001 大阪府吹田市岸部北４丁目８−１,,places_manual_review,manual_override,ChIJqwJGT2DjAGARmWMCG9SnPog,吹田 SA (下り),日本、〒564-0001 大阪府吹田市岸部北４丁目８−１,34.7826127,135.5275101,16.09,MANUAL_PLACE_OVERRIDE,0.0
台湾,岸辺駅 843m,台湾料理,,3.04,5,246,"￥2,000～￥2,999",-,大阪府吹田市岸部北3-4-27,34.7824601,135.5352,日本、〒564-0001 大阪府吹田市岸部北３丁目４−２７,,places,medium,ChIJZRr-GCjjAGARsZO4HSlvlq8,台湾,日本、〒564-0001 大阪府吹田市岸部北３丁目４−２７,34.7824601,135.5352,57.00,,3.5
petale,岸辺駅 793m,クレープ・ガレット,,3.04,2,13,-,-,大阪府吹田市岸部北2-4-12,34.7790225,135.5332929,日本、〒564-0001 大阪府吹田市岸部北２丁目４−１２,,places_manual_review,manual_override,ChIJQYxhBwDjAGARta4ZQm8QKeM,クレープペタル,日本、〒564-0001 大阪府吹田市岸部北２丁目４−１２,34.7790225,135.5332929,12.00,MANUAL_PLACE_OVERRIDE,4.4
かつアンドかつ 紫金山公園店,吹田市,とんかつ、カレーうどん、かつ丼,,3.07,48,416,"￥1,000～￥1,999","￥1,000～￥1,999",大阪府吹田市岸部北4-19-1,34.7827957,135.5317895,日本、〒564-0001 大阪府吹田市岸部北４丁目１９−１,,places,medium,ChIJQ7KPgmbjAGAR1R63RVWQioc,かつアンドかつ 紫金山公園店,日本、〒564-0001 大阪府吹田市岸部北４丁目１９−１,34.7827957,135.5317895,57.00,,6.0
COやんて,岸辺駅 985m,創作料理、居酒屋、海鮮,,3.01,4,95,-,-,大阪府吹田市岸部北5-12-13 プレゼンスハイツ　１F,34.7851375,135.537135,日本、〒564-0001 大阪府吹田市岸部北５丁目１２−１３ プレゼンスハイツ 203,,places,medium,ChIJkZks1W7jAGARsy_S_v3NP7Y,COやんて,日本、〒564-0001 大阪府吹田市岸部北５丁目１２−１３ プレゼンスハイツ 203,34.7851375,135.537135,60.00,,5.9
本家かまどや 亥子谷店,吹田市,弁当,,3,3,7,-,-,大阪府吹田市岸部北5-44-15,34.7866474,135.5325035,日本、〒564-0001 大阪府吹田市岸部北５丁目４４−１５,,places,medium,ChIJ6dufnmfjAGARLcYRU0rfCoY,本家かまどや 亥子谷店,日本、〒564-0001 大阪府吹田市岸部北５丁目４４−１５,34.7866474,135.5325035,57.00,,2.1
patisserie pazzle,吹田市,ケーキ,,3,7,48,-,-,大阪府吹田市岸部北4-15-5,34.7822334,135.5304574,日本、〒564-0001 大阪府吹田市岸部北４丁目１５−５,,places_manual_review,manual_override,ChIJQ1SIG-jjAGAR-qMDPEmRXD8,puzzle,日本、〒564-0001 大阪府吹田市岸部北４丁目１５−５,34.7822334,135.5304574,30.00,MANUAL_PLACE_OVERRIDE,4.6
ステーキ.com,岸辺駅 860m,ステーキ,,3.28,40,1542,"￥1,000～￥1,999","￥1,000～￥1,999",大阪府吹田市岸部北5-10-2-1 1F,34.7841568,135.5377989,日本、〒564-0001 大阪府吹田市岸部北５丁目１０−２,,places,medium,ChIJsfIV6W7jAGARGR6HIDlcz4Q,ステーキ.com,日本、〒564-0001 大阪府吹田市岸部北５丁目１０−２,34.7841568,135.5377989,57.00,,9.3
丸源ラーメン 吹田千里店,岸辺駅 890m,ラーメン、つけ麺、餃子,,3.07,77,298,-,～￥999,大阪府吹田市岸部北5-11-1,34.7845802,135.5381927,日本、〒564-0001 大阪府吹田市岸部北５丁目１１−１ ２Ｆ,,places,medium,ChIJpQMv6I3jAGARDW_JqNyX_Ag,丸源ラーメン 吹田千里店,日本、〒564-0001 大阪府吹田市岸部北５丁目１１−１ ２Ｆ,34.7845802,135.5381927,57.00,,28.5
ル・シュクレクール 岸部,吹田市,パン、サンドイッチ、カフェ,,3.78,891,41808,～￥999,～￥999,大阪府吹田市岸部北5-20-3,34.7858545,135.5345955,日本、〒564-0001 大阪府吹田市岸部北５丁目２０−３,,places_manual_review,manual_override,ChIJUzq3KWbjAGARWsIaMncPGIM,ル・シュクレクール キシベ,日本、〒564-0001 大阪府吹田市岸部北５丁目２０−３,34.7858545,135.5345955,40.64,MANUAL_PLACE_OVERRIDE,5.4
シャトレーゼ 千里店,岸辺駅 894m,洋菓子、ケーキ,,3.03,15,49,-,-,大阪府吹田市岸部北5-11-1,34.7846338,135.5382421,日本、〒564-0001 大阪府吹田市岸部北５丁目１１−１,,places,medium,ChIJe0IbTGLjAGARmVwe8J1Zups,シャトレーゼ 千里店,日本、〒564-0001 大阪府吹田市岸部北５丁目１１−１,34.7846338,135.5382421,57.00,,21.0
ベーカリーパルファン,吹田市,パン,,3.02,2,32,-,-,大阪府吹田市岸部北5-32-1 東千里OMパレス1F,34.785246,135.5338973,日本、〒564-0001 大阪府吹田市岸部北５丁目３２−１,,geocode_fallback,medium,ChIJ-8chMQDjAGARWOMxr1PJdFw,Vinal Haven,日本、〒564-0001 大阪府吹田市岸部北３丁目１−１,34.7797869,135.5339956,4.00,LOW_PLACE_CONFIDENCE:low,607.1
とっとこ,岸辺駅 954m,ラーメン,,3.18,43,644,～￥999,～￥999,大阪府吹田市岸部北5-12‐9,34.7849307,135.537395,日本、〒564-0001 大阪府吹田市岸部北５丁目１２−９,,places_manual_review,manual_override,ChIJO4fLKszjAGARUkkJwyspx1M,らぁ麺 とっとこ,日本、〒564-0001 大阪府吹田市岸部北５丁目１２−９,34.7849307,135.537395,34.50,MANUAL_PLACE_OVERRIDE,5.1
炭火焼鳥アカツキ,吹田市,焼き鳥,,3.02,1,38,"￥4,000～￥4,999",～￥999,大阪府吹田市岸部北5-12-15,34.7852931,135.5369244,日本、〒564-0001 大阪府吹田市岸部北５丁目１２−１５,,places_manual_review,manual_override,ChIJP-zeKibjAGAR04TnoApzXLY,アカツキ,日本、〒564-0001 大阪府吹田市岸部北５丁目１２−１５,34.7852931,135.5369244,34.50,MANUAL_PLACE_OVERRIDE,2.0
鳥べえ,岸辺駅 792m,焼き鳥,,3.07,20,393,"￥3,000～￥3,999",-,大阪府吹田市岸部北2-4-26,34.7785712,135.5331991,日本、〒564-0001 大阪府吹田市岸部北２丁目４−２６,,places_manual_review,manual_override,ChIJNWWzznrjAGAR-gI7s8jRURE,鳥ベえ,日本、〒564-0001 大阪府吹田市岸部北２丁目４−２６,34.7785712,135.5331991,34.50,MANUAL_PLACE_OVERRIDE,9.4
がんこ なにわ市場食堂,吹田市,食堂,,3.07,10,36,-,-,大阪府吹田市岸部北4-8-1 吹田サービスエリア 上り線 2F,34.7831003,135.5267419,日本、〒564-0001 大阪府吹田市岸部北４丁目８−１,,places_manual_review,manual_override,ChIJi0QrU9njAGARDNKTITDgSQI,がんこ なにわ市場食堂 吹田SA（上り）,日本、〒564-0001 大阪府吹田市岸部北４丁目８−１,34.7831003,135.5267419,37.00,MANUAL_PLACE_OVERRIDE,85.1
おやつ屋 ZAZIE,吹田市,ケーキ、洋菓子,,3.09,12,423,-,-,大阪府吹田市岸部北5-20-3 サンリッツ東千里 1F,34.7858513,135.5346101,日本、〒564-0001 大阪府吹田市岸部北５丁目２０−３ サンリッツ東千里,,places,medium,ChIJ_xx9Y5vjAGARYJhAGUhbZxI,おやつ屋 ZAZIE,日本、〒564-0001 大阪府吹田市岸部北５丁目２０−３ サンリッツ東千里,34.7858513,135.5346101,60.00,,5.6
吹田サービスエリア（下り線）スナックコーナー,吹田市,食堂、たこ焼き,,3.29,99,256,～￥999,"￥1,000～￥1,999",大阪府吹田市岸部北4-7-1 吹田サービスエリア(下り線),34.7826127,135.5275101,日本、〒564-0001 大阪府吹田市岸部北４丁目８−１,,places_manual_review,manual_override,ChIJqwJGT2DjAGARmWMCG9SnPog,吹田 SA (下り),日本、〒564-0001 大阪府吹田市岸部北４丁目８−１,34.7826127,135.5275101,20.18,MANUAL_PLACE_OVERRIDE,0.0
小路,岸辺駅 769m,お好み焼き,,3,3,27,-,-,大阪府吹田市岸部北2-5-10,34.7797297,135.5338826,日本、〒564-0001 大阪府吹田市岸部北２丁目５−１０,,places_manual_review,manual_override,ChIJTXsNT2XjAGARHnio4JYxWGw,小路（こころ）,日本、〒564-0001 大阪府吹田市岸部北２丁目５−１０,34.7797297,135.5338826,27.00,MANUAL_PLACE_OVERRIDE,4.1
コバラスイタ 吹田サービスエリア上り線店,吹田市,たこ焼き、焼きそば、からあげ,,3.06,13,45,-,～￥999,大阪府吹田市岸部北4-8-1 吹田サービスエリア(上り線),34.7828794,135.5258498,日本、〒564-0001 大阪府吹田市岸部北４丁目８−１,,places_manual_review,manual_override,ChIJc5wxGWDjAGARXNTCc-WV-54,吹田サービスエリア (上り),日本、〒564-0001 大阪府吹田市岸部北４丁目８−１,34.7828794,135.5258498,36.75,MANUAL_PLACE_OVERRIDE,0.0
びっくりドンキー 千里店,岸辺駅 902m,ファミレス、ハンバーグ,,3.08,80,345,"￥1,000～￥1,999","￥1,000～￥1,999",大阪府吹田市岸部北5丁目11-1,34.784764,135.5383968,日本、〒564-0001 大阪府吹田市岸部北５丁目１１−１,,places,medium,ChIJMwhVwG7jAGARqsOYy7mzt1M,びっくりドンキー 千里店,日本、〒564-0001 大阪府吹田市岸部北５丁目１１−１,34.784764,135.5383968,57.00,,1.2
ピザハット 吹田岸部店,吹田市,ピザ,,3.01,1,1,-,-,大阪府吹田市岸部北5-20-5,34.7857749,135.5347965,日本、〒564-0001 大阪府吹田市岸部北５丁目２０−５,,places,medium,ChIJ2bycdULjAGARytPv1mpW5RM,ピザハット 吹田岸部店,日本、〒564-0001 大阪府吹田市岸部北５丁目２０−５,34.7857749,135.5347965,57.00,,0.7
ブロンコビリー 吹田岸辺店,吹田市,ステーキ,,3.07,31,183,-,-,大阪府吹田市岸部北5-18-6,34.7857473,135.536068,日本、〒564-0001 大阪府吹田市岸部北５丁目１８−６,,places_manual_review,manual_override,ChIJgenQOgDjAGARRGOhJIfunbU,ステーキハウス ブロンコビリー吹田岸部店,日本、〒564-0001 大阪府吹田市岸部北５丁目１８−６,34.7857473,135.536068,39.50,MANUAL_PLACE_OVERRIDE,4.6
吹田サービスエリア（上り線）スナックコーナー,吹田市,その他,,3.15,102,234,～￥999,-,大阪府吹田市岸部北4-8-1 吹田サービスエリア(上り線),34.7828794,135.5258498,日本、〒564-0001 大阪府吹田市岸部北４丁目８−１,,places_manual_review,manual_override,ChIJc5wxGWDjAGARXNTCc-WV-54,吹田サービスエリア (上り),日本、〒564-0001 大阪府吹田市岸部北４丁目８−１,34.7828794,135.5258498,36.75,MANUAL_PLACE_OVERRIDE,0.0
炭火焼鶏 勝っ福,岸辺駅 812m,居酒屋,,3.03,3,148,-,-,大阪府吹田市岸部北3-6-31,34.78256220000001,135.5358046,日本、〒564-0001 大阪府吹田市岸部北３丁目６−３１,,places,medium,ChIJQVU6C2_jAGAR8-TF4Zd7xFA,炭火焼鶏 勝っ福,日本、〒564-0001 大阪府吹田市岸部北３丁目６−３１,34.78256220000001,135.5358046,57.00,,8.2
がんこなにわ市場場外,吹田市,ソフトクリーム、たこ焼き,,3,1,22,-,-,大阪府吹田市岸部北4-8-1 吹田サービスエリア (上り),34.7831003,135.5267419,日本、〒564-0001 大阪府吹田市岸部北４丁目８−１,,places_manual_review,manual_override,ChIJi0QrU9njAGARDNKTITDgSQI,がんこ なにわ市場食堂 吹田SA（上り）,日本、〒564-0001 大阪府吹田市岸部北４丁目８−１,34.7831003,135.5267419,30.95,MANUAL_PLACE_OVERRIDE,85.1
豚まんハウス BAO,吹田市,肉まん,,3,1,39,-,-,大阪府吹田市岸部北5-44-5,34.7868623,135.5321712,日本、〒564-0001 大阪府吹田市岸部北５丁目４４−５,,places,medium,ChIJkRdvve3jAGARz4ZPmTkXHmA,豚まんハウスBAO,日本、〒564-0001 大阪府吹田市岸部北５丁目４４−５,34.7868623,135.5321712,57.00,,0.0
ドリップカフェ,吹田市,カフェ、パン,,3.04,5,27,-,～￥999,大阪府吹田市岸部北4-7-1 吹田サービスエリア 下り線,34.7826127,135.5275101,日本、〒564-0001 大阪府吹田市岸部北４丁目８−１,,places_manual_review,manual_override,ChIJqwJGT2DjAGARmWMCG9SnPog,吹田 SA (下り),日本、〒564-0001 大阪府吹田市岸部北４丁目８−１,34.7826127,135.5275101,12.00,MANUAL_PLACE_OVERRIDE,0.0
吹田サービスエリア下り線,吹田市,その他,,3.04,7,23,-,-,大阪府吹田市岸部北4-8-1,34.7826127,135.5275101,日本、〒564-0001 大阪府吹田市岸部北４丁目８−１,,places_manual_review,manual_override,ChIJqwJGT2DjAGARmWMCG9SnPog,吹田 SA (下り),日本、〒564-0001 大阪府吹田市岸部北４丁目８−１,34.7826127,135.5275101,23.25,MANUAL_PLACE_OVERRIDE,98.2
カフェ　ヴァイナルヘブン,岸辺駅 773m,カフェ、パン,,3.05,6,162,-,～￥999,大阪府吹田市岸部北3-1-1,34.7797869,135.5339956,日本、〒564-0001 大阪府吹田市岸部北３丁目１−１,,places_manual_review,manual_override,ChIJ-8chMQDjAGARWOMxr1PJdFw,Vinal Haven,日本、〒564-0001 大阪府吹田市岸部北３丁目１−１,34.7797869,135.5339956,12.00,MANUAL_PLACE_OVERRIDE,5.2
レストラン&カフェ ビアンモール,岸辺駅 376m,食堂,,3.06,6,20,-,-,大阪府吹田市岸部新町5-7 吹田市民病院 2F,34.777166,135.5384632,日本、〒564-0018 大阪府吹田市岸部新町５−７,,places_manual_review,manual_override,ChIJ_R8dMGnjAGARVwX4g0vLtUw,ビアンモール,日本、〒564-0018 大阪府吹田市岸部新町５−７,34.777166,135.5384632,31.29,MANUAL_PLACE_OVERRIDE,48.0
うどん酒菜 ふうふや 岸辺店,岸辺駅 229m,うどん、居酒屋,,3.32,84,577,"￥1,000～￥1,999","￥1,000～￥1,999",大阪府吹田市岸部新町5-45 VIERRA岸辺健都 2F,34.7778248,135.5393258,日本、〒564-0018 大阪府吹田市岸部新町５−４５ JR岸辺駅ビルVIERRA岸辺建都2F,,places,medium,ChIJA4z7KMHjAGARu4ak5mmpBzg,うどん酒菜 ふうふや 岸辺店,日本、〒564-0018 大阪府吹田市岸部新町５−４５ JR岸辺駅ビルVIERRA岸辺建都2F,34.7778248,135.5393258,60.00,,23.0
カンデオホテルズ 大阪岸辺,岸辺駅 233m,ホテル,,3.06,14,79,-,"￥1,000～￥1,999",大阪府吹田市岸部新町5-45,34.7777203,135.539236,日本、〒564-0018 大阪府吹田市岸部新町５−４５,,places,medium,ChIJ7Xy5QnHjAGAROQQF_6hBwkM,カンデオホテルズ 大阪岸辺,日本、〒564-0018 大阪府吹田市岸部新町５−４５,34.7777203,135.539236,57.00,,0.0
ベーカリーカフェCAFE CORE,岸辺駅 294m,パン,,,,,-,-,大阪府吹田市岸部新町5 吹田市市民病院,34.7771422,135.538205,日本、〒564-0018 大阪府吹田市岸部新町５−７,,places_manual_review,manual_override,ChIJw12iQRfjAGARG_icUu4xrhI,カフェコア 吹田市民病院店,日本、〒564-0018 大阪府吹田市岸部新町５−７,34.7771422,135.538205,18.43,MANUAL_PLACE_OVERRIDE,43.2
Bakery labo pignon,岸辺駅 234m,パン,,3.12,14,143,-,-,大阪府吹田市岸部新町5-45 VIERRA岸辺健都 1F,34.7778989,135.5393828,日本、〒564-0018 大阪府吹田市岸部新町５−４５ JR岸辺駅ビルVIERRA岸辺建都1F,,places_manual_review,manual_override,ChIJ3wLKvsLjAGARHVinmZyG9Lo,bakery labo pignon(ベーカリーラボ ピニオン),日本、〒564-0018 大阪府吹田市岸部新町５−４５ JR岸辺駅ビルVIERRA岸辺建都1F,34.7778989,135.5393828,37.50,MANUAL_PLACE_OVERRIDE,32.8
吉野家 ビエラ岸辺健都店,岸辺駅 247m,牛丼,,3.03,24,86,-,～￥999,大阪府吹田市岸部新町5-45 VIERRA岸辺健都 1F,34.778,135.5392,日本、〒564-0018 大阪府吹田市岸部新町５−４５,,places,medium,ChIJM6puHTfjAGARyHEvqnJtNw0,吉野家 ビエラ岸辺健都店,日本、〒564-0018 大阪府吹田市岸部新町５−４５,34.778,135.5392,57.00,,40.0
B'EASE 国立循環器病研究センター店,岸辺駅 263m,食堂、カフェ,,3,5,44,-,-,大阪府吹田市岸部新町6-1 国立循環器病研究センター エントランス棟 1F,34.7783233,135.5397547,日本、〒564-0018 大阪府吹田市岸部新町６ ＪＲ岸辺北口（バス,,places,medium,ChIJwfAu4QLjAGARlWcayhw_6Ek,B’EASE 国立循環器病研究センター店,日本、〒564-0018 大阪府吹田市岸部新町６ ＪＲ岸辺北口（バス,34.7783233,135.5397547,48.26,,151.1
エ プロント ビエラ岸辺健都店,岸辺駅 233m,カフェ、パン、バー,,3.05,42,327,～￥999,～￥999,大阪府吹田市岸部新町5-45 VIERRA岸辺健都 2F,34.7777203,135.539236,日本、〒564-0018 大阪府吹田市岸部新町５−４５ ビエラ岸辺健都 2F,,places_manual_review,manual_override,ChIJoZmRkL7jAGAR6tUqvfzXIJI,È PRONTO ビエラ岸辺健都店,日本、〒564-0018 大阪府吹田市岸部新町５−４５ ビエラ岸辺健都 2F,34.7777203,135.539236,35.00,MANUAL_PLACE_OVERRIDE,9.2
カフェ・ド・クリエ ホピタル 国立循環器病研究センター店,岸辺駅 264m,カフェ,,3.01,10,42,-,～￥999,大阪府吹田市岸部新町6-1 国立循環器病研究センター 病院棟 2F,34.7793616,135.5408218,日本、〒564-8565 大阪府吹田市岸部新町６−１ 国立循環器病研究センター 病院棟 ２Ｆ 研究棟２階,,places,medium,ChIJi-D4QqD7AGAR4CiyUNXhmTk,カフェ・ド・クリエ ホスピタル国立循環器病研究センター店,日本、〒564-8565 大阪府吹田市岸部新町６−１ 国立循環器病研究センター 病院棟 ２Ｆ 研究棟２階,34.7793616,135.5408218,61.20,,0.0
Vitalezza Kitchen 吹田SST店,岸辺駅 726m,カフェ,,3.1,23,307,"￥1,000～￥1,999","￥1,000～￥1,999",大阪府吹田市岸部中5-1-1 オアシスタウン吹田SST 1F,34.7830903,135.5385004,日本、〒564-0002 大阪府吹田市岸部中５丁目１−１ オアシスタウン吹田 SST１階,,places_manual_review,manual_override,ChIJL41-yOzjAGARVSWro5hLhx0,ビタレーザキッチン 吹田SST店 - Vitalezza Kitchen,日本、〒564-0002 大阪府吹田市岸部中５丁目１−１ オアシスタウン吹田 SST１階,34.7830903,135.5385004,42.00,MANUAL_PLACE_OVERRIDE,54.2
阪急オアシス 吹田SST店,岸辺駅 762m,コンビニ・スーパー,,3,1,2,～￥999,～￥999,大阪府吹田市岸部中5-1-1 オアシスタウン吹田SST 1F,34.7833047,135.5381209,日本、〒564-0002 大阪府吹田市岸部中５丁目１−１,,places,medium,ChIJAbx1QDHjAGARCai5S1KgQYw,阪急オアシス吹田SST店,日本、〒564-0002 大阪府吹田市岸部中５丁目１−１,34.7833047,135.5381209,57.00,,16.3
憩,岸辺駅 871m,喫茶店,,,9,,-,-,大阪府吹田市岸部中2-2-27,34.7765796,135.5321656,日本、〒564-0002 大阪府吹田市岸部中２丁目２−２７,,places,medium,ChIJQ2lSAnvjAGARt2qR-6Dg3sQ,憩,日本、〒564-0002 大阪府吹田市岸部中２丁目２−２７,34.7765796,135.5321656,57.00,,2.2
やきとり 大吉 岸部店,岸辺駅 764m,焼き鳥、居酒屋,,,1,27,-,-,大阪府吹田市岸部中4-21-4,34.7816744,135.5354647,日本、〒564-0002 大阪府吹田市岸部中４丁目２１−４,,places,medium,ChIJC1cjmm_jAGARwDfz7GQiuoc,やきとり大吉 岸部店,日本、〒564-0002 大阪府吹田市岸部中４丁目２１−４,34.7816744,135.5354647,57.00,,3.3
ぶたたまや,岸辺駅 307m,お好み焼き,,3.05,11,148,"￥2,000～￥2,999","￥1,000～￥1,999",大阪府吹田市岸部中4-8-32-106,34.7788025,135.5390232,日本、〒564-0002 大阪府吹田市岸部中４丁目８−３２,,places,medium,ChIJ960tY3HjAGAREiiRB4EdgOk,ぶたたまや,日本、〒564-0002 大阪府吹田市岸部中４丁目８−３２,34.7788025,135.5390232,57.00,,13.4
ドミノ・ピザ 吹田岸部店,岸辺駅 805m,ピザ,,3,1,8,-,-,大阪府吹田市岸部中2-4-11,34.7774605,135.5328814,日本、〒564-0002 大阪府吹田市岸部中２丁目４−１１,,places,medium,ChIJJ16C6HrjAGAR1IMUVCRIl9Y,ドミノ・ピザ吹田岸部店,日本、〒564-0002 大阪府吹田市岸部中２丁目４−１１,34.7774605,135.5328814,57.00,,3.6
ドンクエディテ 吹田SST店,岸辺駅 762m,パン,,3,3,43,-,-,大阪府吹田市岸部中5-1-1 阪急オアシス吹田SST店 1F,34.7833562,135.538266,日本、〒564-0002 大阪府吹田市５丁目１−１ 阪急オアシスSST店 1階,,places,medium,ChIJ4835EwDjAGARf1HyDhoFBuY,ドンクエディテ 吹田SST店,日本、〒564-0002 大阪府吹田市５丁目１−１ 阪急オアシスSST店 1階,34.7833562,135.538266,57.00,,14.4
スシロー 岸部店,岸辺駅 716m,回転寿司,,3.06,44,204,"￥1,000～￥1,999","￥1,000～￥1,999",大阪府吹田市岸部中3-28-14,34.7806725,135.5351664,日本、〒564-0002 大阪府吹田市岸部中３丁目２８−１４,,places,medium,ChIJ0QIf8m_jAGARM3CeVtMwye8,スシロー 岸部店,日本、〒564-0002 大阪府吹田市岸部中３丁目２８−１４,34.7806725,135.5351664,57.00,,1.8
来来亭 岸部店,岸辺駅 582m,ラーメン,,3.06,96,454,"￥1,000～￥1,999","￥1,000～￥1,999",大阪府吹田市岸部中4-6-9,34.7804107,135.5367439,日本、〒564-0002 大阪府吹田市岸部中４丁目６−９,,places,medium,ChIJY9vAK3DjAGAR55eNqGdt-10,来来亭 岸部店,日本、〒564-0002 大阪府吹田市岸部中４丁目６−９,34.7804107,135.5367439,57.00,,7.7
咲蘭,岸辺駅 109m,焼肉、韓国料理、ホルモン,【岸辺駅前/全席完全個室】黒毛和牛焼肉に舌鼓…自慢の逸品料理やコース3980円(税別)～,3.09,19,528,"￥5,000～￥5,999",-,大阪府吹田市岸部南1-25-7 33番館ビル 2F,34.7761219,135.5415441,日本、〒564-0011 大阪府吹田市岸部南１丁目２５−７ 33番館ビル 2F,,places_manual_review,manual_override,ChIJZy3l3OfjAGARHNYZ5dBf6zY,焼肉・韓国ダイニング 咲蘭,日本、〒564-0011 大阪府吹田市岸部南１丁目２５−７ 33番館ビル 2F,34.7761219,135.5415441,25.50,MANUAL_PLACE_OVERRIDE,9.4
海心丸 JR岸辺店,岸辺駅 107m,居酒屋、海鮮、寿司,,3.16,26,500,"￥3,000～￥3,999",-,大阪府吹田市岸部南1-25-7 33番館 1F,34.7761473,135.5415155,日本、〒564-0011 大阪府吹田市岸部南１丁目２５−７,,places,medium,ChIJi3qAVHTjAGARVkFb9CUTZrg,海心丸 JR岸辺店,日本、〒564-0011 大阪府吹田市岸部南１丁目２５−７,34.7761473,135.5415155,57.00,,6.2
呑み食い処 鉄ちゃん,岸辺駅 245m,居酒屋、鍋、海鮮,,3,3,228,"￥2,000～￥2,999",-,大阪府吹田市岸部南1-24-8,34.7749665,135.5421812,日本、〒564-0011 大阪府吹田市岸部南１丁目２４−８,,places,medium,ChIJwbMCbnXjAGAREyLOJA_zKQw,呑み食い処 鉄ちゃん,日本、〒564-0011 大阪府吹田市岸部南１丁目２４−８,34.7749665,135.5421812,57.00,,13.7
お好み焼き・鉄板焼きのはらだ,岸辺駅 172m,お好み焼き、焼きそば,,3.12,11,232,"￥1,000～￥1,999",～￥999,大阪府吹田市岸部南2-2-2 サンハイツ岸部 1F,34.7759083,135.5404567,日本、〒564-0011 大阪府吹田市岸部南２丁目２−２ サンハイツ岸部 1F,,places,medium,ChIJ42eeAe3jAGARg_XbnnF0SC0,お好み焼き・鉄板焼きのはらだ,日本、〒564-0011 大阪府吹田市岸部南２丁目２−２ サンハイツ岸部 1F,34.7759083,135.5404567,63.00,,13.2
手打ちうどん　讃岐,正雀駅 123m,うどん,,3.19,30,752,"￥1,000～￥1,999","￥1,000～￥1,999",大阪府吹田市岸部南1-3-5 １F,34.7764483,135.5451254,日本、〒564-0011 大阪府吹田市岸部南１丁目３−５,,places,medium,ChIJOwlwvgrjAGARnBoGK0cYkHg,手打ちうどん 讃岐,日本、〒564-0011 大阪府吹田市岸部南１丁目３−５,34.7764483,135.5451254,57.00,,4.4
ジョニーのからあげ 岸辺駅前店,岸辺駅 230m,からあげ,,3.01,3,54,-,-,大阪府吹田市岸部南1-24-8,34.7751446,135.5425281,日本、〒564-0011 大阪府吹田市岸部南１丁目２４−８,,places,medium,ChIJUcWfbnXjAGAR7_r9AFv2nsI,ジョニーのからあげ 岸辺駅前店,日本、〒564-0011 大阪府吹田市岸部南１丁目２４−８,34.7751446,135.5425281,57.00,,24.2
KISHIBE CAFE YAMAGUCHI,岸辺駅 98m,カフェ、喫茶店,,,19,,-,"￥1,000～￥1,999",大阪府吹田市岸部南1-25-3 dig the osakaホテル 1F,34.7763011,135.5413567,日本、〒564-0011 大阪府吹田市岸部南１丁目２５−３ dig the osakaホテル 1F,,places,high,ChIJiWKb9THjAGARO_DnEdi92T8,KISHIBE CAFE YAMAGUCHI,日本、〒564-0011 大阪府吹田市岸部南１丁目２５−３ dig the osakaホテル 1F,34.7763011,135.5413567,69.00,,10.5
グルマンフェート洋菓子店,岸辺駅 218m,ケーキ,,3.09,14,143,-,-,大阪府吹田市岸部南1-18-7,34.7753536,135.5427966,日本、〒564-0011 大阪府吹田市岸部南１丁目１８−７,,places,medium,ChIJ-Z9danXjAGAR2uOhGCta4Ic,グルマンフェート洋菓子店,日本、〒564-0011 大阪府吹田市岸部南１丁目１８−７,34.7753536,135.5427966,57.00,,4.2
響,正雀駅 51m,チーズ料理,,,2,10,"￥1,000～￥1,999","￥1,000～￥1,999",大阪府吹田市岸部南1-5-1 正雀ビル 1F,34.775883,135.5455485,日本、〒564-0011 大阪府吹田市岸部南１丁目５−１,,places_manual_review,manual_override,ChIJpSLJfgDjAGARx8Sql6JITAk,チキチーボールのお店 響-kyo.-,日本、〒564-0011 大阪府吹田市岸部南１丁目５−１,34.775883,135.5455485,15.21,MANUAL_PLACE_OVERRIDE,0.5
宝来,岸辺駅 578m,中華料理,,3.39,66,3745,～￥999,～￥999,大阪府吹田市岸部南3-21-10,34.7721066,135.5399242,日本、〒564-0011 大阪府吹田市岸部南３丁目２１−１０,,places_manual_review,manual_override,ChIJKVRuDZ7jAGARC4-N9fdfkHY,大衆中華料理 宝来,日本、〒564-0011 大阪府吹田市岸部南３丁目２１−１０,34.7721066,135.5399242,23.25,MANUAL_PLACE_OVERRIDE,4.0
そば辰,岸辺駅 98m,そば、食堂、丼,,3.35,91,1447,"￥1,000～￥1,999","￥1,000～￥1,999",大阪府吹田市岸部南1丁目17-2,34.7763934,135.5423411,日本、〒564-0011 大阪府吹田市岸部南１丁目１７−２,,places,medium,ChIJ--i0AnXjAGARbFNWY67xfs0,そば辰,日本、〒564-0011 大阪府吹田市岸部南１丁目１７−２,34.7763934,135.5423411,57.00,,4.5
人類みな飯類 大阪学院大学店,岸辺駅 322m,学生食堂、食堂,,3.06,14,1275,"￥1,000～￥1,999","￥1,000～￥1,999",大阪府吹田市岸部南2-36-1 大阪学院大学 12号館N棟 1F,34.7742435,135.5423401,日本、〒564-0011 大阪府吹田市岸部南２丁目３６−１ 12号館N棟1階,,places_manual_review,manual_override,ChIJGb2gFS7jAGARx_MfrmRKbuA,人類みな飯類,日本、〒564-0011 大阪府吹田市岸部南２丁目３６−１ 12号館N棟1階,34.7742435,135.5423401,37.50,MANUAL_PLACE_OVERRIDE,94.1
中華 麻辣燙,岸辺駅 253m,中華料理,,,1,14,"￥1,000～￥1,999","￥1,000～￥1,999",大阪府吹田市岸部南1-24-9,34.7748823,135.5423325,日本、〒564-0011 大阪府吹田市岸部南１丁目２４−９,,places_manual_review,manual_override,ChIJt6E7LQDjAGAROYJYV47Ucyk,中華麻辣烫,日本、〒564-0011 大阪府吹田市岸部南１丁目２４−９,34.7748823,135.5423325,42.00,MANUAL_PLACE_OVERRIDE,0.0
GOOD ENOUGH DINER,岸辺駅 265m,ダイニングバー、ピザ,,,49,,"￥2,000～￥2,999",-,大阪府吹田市岸部南1-24-10 シティコープ岸辺 1F,34.7748111,135.5425326,日本、〒564-0011 大阪府吹田市岸部南１丁目２４−１０ シティコープ岸辺 1F,,places,medium,ChIJc-DrZXXjAGARqrAz7feDqW8,GOOD ENOUGH DINER,日本、〒564-0011 大阪府吹田市岸部南１丁目２４−１０ シティコープ岸辺 1F,34.7748111,135.5425326,63.00,,2.0
セブンイレブン ハートインJR岸辺駅改札口,岸辺駅 19m,コンビニ・スーパー,,3.01,3,10,"￥1,000～￥1,999",～￥999,大阪府吹田市岸部南1-16-1 駅改札外,34.7768428,135.5417044,日本、〒564-0017 大阪府吹田市岸部南１丁目１６−１,,places_manual_review,manual_override,ChIJa_bcZXTjAGARiRB_FcOJBB4,セブン-イレブン ハートインＪＲ岸辺駅改札口店,日本、〒564-0017 大阪府吹田市岸部南１丁目１６−１,34.7768428,135.5417044,43.50,MANUAL_PLACE_OVERRIDE,26.2
八角,岸辺駅 169m,居酒屋,,3.02,1,58,-,-,大阪府吹田市岸部南1-17-17,34.775743,135.542524,日本、〒564-0011 大阪府吹田市岸部南１丁目１７−１７,,places,medium,ChIJKQxdEXXjAGARDW9pOYQd7pQ,八角,日本、〒564-0011 大阪府吹田市岸部南１丁目１７−１７,34.775743,135.542524,57.00,,2.6
とん丼亭,岸辺駅 248m,丼,,3.34,93,1997,～￥999,～￥999,大阪府吹田市岸部南1-24-9,34.7749567,135.5424675,日本、〒564-0011 大阪府吹田市岸部南１丁目２４−９,,places,medium,ChIJI3MGb3XjAGAR_bouk-0guuE,とん丼亭,日本、〒564-0011 大阪府吹田市岸部南１丁目２４−９,34.7749567,135.5424675,57.00,,14.8
馬力食堂,岸辺駅 207m,居酒屋,,3.03,4,159,-,-,大阪府吹田市岸部南2-3-10,34.7756485,135.5402227,日本、〒564-0011 大阪府吹田市岸部南２丁目３−１０,,places,medium,ChIJHYCIM3TjAGARb7P-cT4wyOI,馬力食堂,日本、〒564-0011 大阪府吹田市岸部南２丁目３−１０,34.7756485,135.5402227,57.00,,3.2
まさき,岸辺駅 141m,居酒屋,,3,2,21,-,-,大阪府吹田市岸部南2-1-18,34.77609,135.540716,日本、〒564-0011 大阪府吹田市岸部南２丁目１−１８ 相互ビル,,places,medium,ChIJJegaSXTjAGARqJvoXtcXrto,まさき,日本、〒564-0011 大阪府吹田市岸部南２丁目１−１８ 相互ビル,34.77609,135.540716,57.00,,0.9
サンエトワール 大阪学院大学店,岸辺駅 364m,パン、カフェ,,,1,9,-,-,大阪府吹田市岸部南2-36-1,34.7734007,135.5429495,日本、〒564-0011 大阪府吹田市岸部南２丁目３６,,places_manual_review,manual_override,ChIJxRI3lZ_jAGAROyAeMoJBjU0,サンエトワール,日本、〒564-0011 大阪府吹田市岸部南２丁目３６,34.7734007,135.5429495,34.25,MANUAL_PLACE_OVERRIDE,121.0
からカレー屋,岸辺駅 169m,カレー,,,2,,-,-,大阪府吹田市岸部南1-17-8,34.7758535,135.5427781,日本、〒564-0011 大阪府吹田市岸部南１丁目１７−９,,places,medium,ChIJ98zcEgDjAGAR2hGeGYyavSs,からカレー屋,日本、〒564-0011 大阪府吹田市岸部南１丁目１７−９,34.7758535,135.5427781,57.00,,3.5
The Spice House,岸辺駅 168m,インドカレー,,,,,-,-,大阪府吹田市岸部南1-17-8,34.7758912,135.5428002,日本、〒564-0011 大阪府吹田市岸部南１丁目１７−８,,places_manual_review,manual_override,ChIJo470AQDjAGARb2nphs5AmOE,ザ スパイスハウス〜The spice house〜,日本、〒564-0011 大阪府吹田市岸部南１丁目１７−８,34.7758912,135.5428002,37.31,MANUAL_PLACE_OVERRIDE,2.3
粉武士 岸辺店,岸辺駅 107m,たこ焼き、明石焼き、からあげ,,3.18,28,444,"￥2,000～￥2,999",-,大阪府吹田市岸部南1-25-7 33番館 102,34.7761795,135.5414778,日本、〒564-0011 大阪府吹田市岸部南１丁目２５−７,,places_manual_review,manual_override,ChIJi3qAVHTjAGAR6b-ciJeyufI,たこ焼き居酒屋 粉武士 岸辺本店,日本、〒564-0011 大阪府吹田市岸部南１丁目２５−７,34.7761795,135.5414778,31.29,MANUAL_PLACE_OVERRIDE,4.3
BAR HI-ZUL,岸辺駅 233m,バー,,3.06,6,102,-,-,大阪府吹田市岸部南1-24-8,34.7751232,135.5424493,日本、〒564-0011 大阪府吹田市岸部南１丁目２４−８,,places,medium,ChIJx0UVRnPjAGARB9rO5rVDSGM,BAR HI-ZUL,日本、〒564-0011 大阪府吹田市岸部南１丁目２４−８,34.7751232,135.5424493,57.00,,17.3
フェロー,正雀駅 526m,喫茶店、食堂、カフェ,,3.01,1,32,-,-,大阪府吹田市岸部南2-35-1,34.7723056,135.5412636,日本、〒564-0011 大阪府吹田市岸部南２丁目３５−１,,places_manual_review,manual_override,ChIJTU_MSJ7jAGARukgqyjwToWU,Fellow,日本、〒564-0011 大阪府吹田市岸部南２丁目３５−１,34.7723056,135.5412636,12.00,MANUAL_PLACE_OVERRIDE,3.9
ほっかほっか亭 岸辺駅前,岸辺駅 216m,弁当,,3,3,24,-,-,大阪府吹田市岸部南1-18-7,34.7753729,135.5427809,日本、〒564-0011 大阪府吹田市岸部南１丁目１８−７,,places,medium,ChIJF69danXjAGARXLpwqH48DLU,ほっかほっか亭 岸辺駅前店,日本、〒564-0011 大阪府吹田市岸部南１丁目１８−７,34.7753729,135.5427809,52.00,,4.6
酒や肴　夢千代日記,岸辺駅 164m,居酒屋、海鮮,,3.11,10,486,"￥2,000～￥2,999",-,大阪府吹田市岸部南1-17-8,34.7759224,135.5427741,日本、〒564-0011 大阪府吹田市岸部南１丁目１７−８,,places_manual_review,manual_override,ChIJhS-5lJXjAGARcDeMP4azMLc,夢千代日記,日本、〒564-0011 大阪府吹田市岸部南１丁目１７−８,34.7759224,135.5427741,40.12,MANUAL_PLACE_OVERRIDE,4.2
Shisha Cafe&Bar AJITO,岸辺駅 198m,その他,,,1,4,-,-,大阪府吹田市岸部南1-25-18 第2岸部ビル 1F,34.7753848,135.5423083,日本、〒564-0011 大阪府吹田市岸部南１丁目２５−１８ 第2岸辺ビル,,places,medium,ChIJ-Qf1S9rjAGARfMAH8mFWLQM,Shisha Cafe＆Bar AJITO,日本、〒564-0011 大阪府吹田市岸部南１丁目２５−１８ 第2岸辺ビル,34.7753848,135.5423083,50.57,,0.0
焼肉 牛らく,正雀駅 125m,焼肉,,3.03,5,84,-,-,大阪府吹田市岸部南1-6-6,34.774647,135.5446113,日本、〒564-0011 大阪府吹田市岸部南１丁目６−６,,places_manual_review,manual_override,ChIJGwSXGqDjAGAR_vvFG07brQk,ホルモン焼 牛らく,日本、〒564-0011 大阪府吹田市岸部南１丁目６−６,34.774647,135.5446113,32.00,MANUAL_PLACE_OVERRIDE,3.8
庄平うどん,岸辺駅 212m,うどん、そば,,3.23,42,539,～￥999,～￥999,大阪府吹田市岸部南1-24-6,34.7752819,135.5424116,日本、〒564-0011 大阪府吹田市岸部南１丁目２４−６,,places,medium,ChIJtx4abXXjAGARIlDM3ApqRkM,庄平うどん,日本、〒564-0011 大阪府吹田市岸部南１丁目２４−６,34.7752819,135.5424116,57.00,,1.4
ニューカンパニー,正雀駅 255m,居酒屋,,,5,,-,-,大阪府吹田市岸部南1-24-22,34.7742314,135.5432036,日本、〒564-0011 大阪府吹田市岸部南１丁目２３番 ２２号,,places_manual_review,manual_override,ChIJwx4nkXjjAGARURy5TeuNp84,エイブルネットワーク 岸辺店,日本、〒564-0011 大阪府吹田市岸部南１丁目２３番 ２２号,34.7742314,135.5432036,14.50,MANUAL_PLACE_OVERRIDE,13.9
ここぺり,岸辺駅 172m,豚丼、クレープ・ガレット,,,2,,-,-,大阪府吹田市岸部南1-17-9,34.7758604,135.5428108,日本、〒564-0011 大阪府吹田市岸部南１丁目１７−９,,places_manual_review,manual_override,ChIJwe6tZefjAGARK5ftPvkQlQw,ここぺり岸辺,日本、〒564-0011 大阪府吹田市岸部南１丁目１７−９,34.7758604,135.5428108,39.00,MANUAL_PLACE_OVERRIDE,0.3
キャンパス・フード・サービス,正雀駅 327m,学生食堂,,3.02,4,28,-,-,大阪府吹田市岸部南2-36-1 大阪学院大学12号館 1F,34.7737104,135.5426936,日本、〒564-0011 大阪府吹田市岸部南２丁目３６,,places,medium,ChIJM8tRwp_jAGARyUmdBoUghFM,キャンパス・フード・サービス,日本、〒564-0011 大阪府吹田市岸部南２丁目３６,34.7737104,135.5426936,57.00,,64.8
ラーメン大王 岸部本店,正雀駅 231m,ラーメン,,3.5,255,4838,"￥1,000～￥1,999","￥1,000～￥1,999",大阪府吹田市岸部南1-19-13,34.7747143,135.54321,日本、〒564-0011 大阪府吹田市岸部南１丁目１９−１３,,places_manual_review,manual_override,ChIJxxPbWHXjAGARIlzmgYgYdDc,らーめん大王 岸部本店,日本、〒564-0011 大阪府吹田市岸部南１丁目１９−１３,34.7747143,135.54321,36.23,MANUAL_PLACE_OVERRIDE,4.7
青山,正雀駅 167m,喫茶店,,3.03,5,70,-,～￥999,大阪府吹田市岸部南1-11-3,34.7762052,135.5439762,日本、〒564-0011 大阪府吹田市岸部南１丁目１１−３,,places,medium,ChIJXd1BNXXjAGARpJ3KtXxaf2w,青山,日本、〒564-0011 大阪府吹田市岸部南１丁目１１−３,34.7762052,135.5439762,57.00,,6.3
がっつりハンバーグ JR岸辺駅前店,岸辺駅 107m,ハンバーグ,,,11,,-,-,大阪府吹田市岸部南1-25-7,34.7761502,135.5414472,日本、〒564-0011 大阪府吹田市岸部南１丁目２５−７,,geocode_fallback,medium,ChIJgenQOgDjAGARRGOhJIfunbU,ステーキハウス ブロンコビリー吹田岸部店,日本、〒564-0001 大阪府吹田市岸部北５丁目１８−６,34.7857473,135.536068,8.04,LOW_PLACE_CONFIDENCE:low,1174.8
ウノ ア オトロ,吹田（阪急）駅 507m,ヨーロッパ料理、日本料理,,,2,26,-,～￥999,大阪府吹田市寿町1-6-7,34.7560816,135.5209312,日本、〒564-0036 大阪府吹田市寿町１丁目６−７,,places_manual_review,manual_override,ChIJVVXh8HnkAGARuRafbRvL4Xw,UNO,日本、〒564-0036 大阪府吹田市寿町１丁目６−７,34.7560816,135.5209312,12.00,MANUAL_PLACE_OVERRIDE,4.8
ロンガデセオ2018,吹田（阪急）駅 341m,イタリアン、カフェ、バル,,3.09,14,361,"￥2,000～￥2,999","￥1,000～￥1,999",大阪府吹田市寿町1-4-26 悠友館 二番館 2F,34.7574713,135.5199378,日本、〒564-0036 大阪府吹田市寿町１丁目４−２６ 2F,,places_manual_review,manual_override,ChIJw98WulLlAGAREGoCF1gMr6o,LONGA DESEO 2018,日本、〒564-0036 大阪府吹田市寿町１丁目４−２６ 2F,34.7574713,135.5199378,25.00,MANUAL_PLACE_OVERRIDE,9.9
おきの寿司,吹田（阪急）駅 681m,寿司,,,6,,-,-,大阪府吹田市寿町2-15-21,34.7541745,135.5206602,日本、〒564-0036 大阪府吹田市寿町２丁目１５−２１ フローリッシュオキノ,,geocode_fallback,medium,ChIJrVoGj4fjAGARLIWFRTENeto,鮨こにし,日本、〒564-0032 大阪府吹田市内本町２丁目１−１０,34.7588127,135.525686,4.00,LOW_PLACE_CONFIDENCE:low,690.5
日本料理みやけ,吹田（阪急）駅 328m,日本料理,,3.22,17,401,"￥4,000～￥4,999","￥1,000～￥1,999",大阪府吹田市寿町1-8-17,34.7573033,135.5194854,日本、〒564-0036 大阪府吹田市寿町１丁目８−１７,,places,medium,ChIJeQjRy3vkAGARpMlEY2zP-FU,日本料理みやけ,日本、〒564-0036 大阪府吹田市寿町１丁目８−１７,34.7573033,135.5194854,57.00,,11.4
炉ばた焼山盛り,吹田（阪急）駅 285m,居酒屋、ろばた焼き,,3.03,3,35,-,-,大阪府吹田市寿町1-3-20,34.7579574,135.5194929,日本、〒564-0036 大阪府吹田市寿町１丁目３−２０,,places_manual_review,manual_override,ChIJ67sIBr_lAGARyRAc0oRKhHQ,山盛,日本、〒564-0036 大阪府吹田市寿町１丁目３−２０,34.7579574,135.5194929,24.86,MANUAL_PLACE_OVERRIDE,6.1
シャトレー洋菓子店,吹田（阪急）駅 175m,ケーキ,,3.15,22,286,-,-,大阪府吹田市寿町1丁目1-1,34.7587175,135.5188692,日本、〒564-0036 大阪府吹田市寿町１丁目１−１,,places,medium,ChIJjbkqiXvkAGARM-wh0doUuxo,シャトレー洋菓子店,日本、〒564-0036 大阪府吹田市寿町１丁目１−１,34.7587175,135.5188692,57.00,,1.4
コトブキカレー,下新庄駅 834m,カレー,,3.17,28,411,～￥999,～￥999,大阪府吹田市寿町2-4-10,34.7538771,135.5231832,日本、〒564-0036 大阪府吹田市寿町２丁目４−１０,,places,medium,ChIJL_fbUHbkAGARm3kJS4ILlo0,コトブキカレー,日本、〒564-0036 大阪府吹田市寿町２丁目４−１０,34.7538771,135.5231832,57.00,,4.0
奄人,吹田（阪急）駅 284m,郷土料理、居酒屋,,3.08,13,396,-,-,大阪府吹田市寿町1-3-20 １Ｆ,34.7578788,135.5195091,日本、〒564-0036 大阪府吹田市寿町１丁目３−２０,,places_manual_review,manual_override,ChIJL6yzxnvkAGARtrGPRi2qLSM,南国料理 奄人,日本、〒564-0036 大阪府吹田市寿町１丁目３−２０,34.7578788,135.5195091,27.00,MANUAL_PLACE_OVERRIDE,6.0
デニーズ　 吹田寿町店,吹田（阪急）駅 718m,ファミレス,,3.06,49,246,"￥1,000～￥1,999","￥1,000～￥1,999",大阪府吹田市寿町2-3-1,34.7549054,135.5225204,日本、〒564-0036 大阪府吹田市寿町２丁目３−１,,places,medium,ChIJO1lXCXfkAGARRf4RV5hyA7Q,デニーズ吹田寿町店,日本、〒564-0036 大阪府吹田市寿町２丁目３−１,34.7549054,135.5225204,57.00,,7.7
ななを,吹田（阪急）駅 187m,立ち飲み,,3.03,4,95,-,-,大阪府吹田市寿町1-1-2,34.7586493,135.5189749,日本、〒564-0036 大阪府吹田市寿町１丁目１−２,,places,medium,ChIJ-zzXjXvkAGARhfmkkFD0H6o,ななを,日本、〒564-0036 大阪府吹田市寿町１丁目１−２,34.7586493,135.5189749,57.00,,3.3
ことぶき,吹田（阪急）駅 509m,パン、洋菓子,,3.01,1,18,-,-,大阪府吹田市寿町1-6-10,34.7560585,135.5207723,日本、〒564-0036 大阪府吹田市寿町１丁目６−１０,,places_manual_review,manual_override,ChIJwTY593nkAGARUjbjh2n9MSQ,〒564-0036 大阪府吹田市寿町１丁目６−１０,日本、〒564-0036 大阪府吹田市寿町１丁目６−１０,34.7560585,135.5207723,12.00,MANUAL_PLACE_OVERRIDE,0.0
ラペティカフェ,吹田（阪急）駅 194m,カフェ、喫茶店,,,12,,-,-,大阪府吹田市寿町1-1-3,34.758602,135.5190392,日本、〒564-0036 大阪府吹田市寿町１丁目１,,places_manual_review,manual_override,ChIJV1BkjHvkAGAR1TvD2xCB2ak,Le Petit Cafe,日本、〒564-0036 大阪府吹田市寿町１丁目１,34.758602,135.5190392,12.00,MANUAL_PLACE_OVERRIDE,3.0
ヤマダ食堂,吹田（阪急）駅 300m,食堂,,3.02,1,26,-,-,大阪府吹田市寿町1-3-8 1F,34.7579572,135.5198299,日本、〒564-0036 大阪府吹田市寿町１丁目３−８ 1f,,geocode_fallback,medium,ChIJMzuRAQDjAGARb15q0BGPRko,でみちゃん食堂,日本、〒565-0823 大阪府吹田市山田南１−１,34.7883246,135.5378292,9.00,LOW_PLACE_CONFIDENCE:low,3755.6
ラーメン 池田屋 吹田店,吹田（阪急）駅 236m,ラーメン,,3.55,366,8536,～￥999,～￥999,大阪府吹田市寿町1-3-3,34.7583287,135.5193525,日本、〒564-0036 大阪府吹田市寿町１丁目３−３,,places,medium,ChIJjwg-ocTlAGARMLzOATjEBOA,ラーメン池田屋 吹田店,日本、〒564-0036 大阪府吹田市寿町１丁目３−３,34.7583287,135.5193525,57.00,,9.4
錦わらい 佐井寺店,南千里駅 997m,お好み焼き、鉄板焼き、焼きそば,,3.06,51,489,"￥1,000～￥1,999",～￥999,大阪府吹田市佐井寺3-14-36,34.7855436,135.5158979,日本、〒565-0836 大阪府吹田市佐井寺３丁目１４−３６,,places,medium,ChIJp04Ay6TkAGAR9ZWN0m3aKwM,錦わらい 佐井寺店,日本、〒565-0836 大阪府吹田市佐井寺３丁目１４−３６,34.7855436,135.5158979,57.00,,5.6
田村商店,吹田市,その他,,,4,19,-,-,大阪府吹田市佐井寺3-19-7,34.784857,135.5151621,日本、〒565-0836 大阪府吹田市佐井寺３丁目１９−６,,places,medium,ChIJJ6Kw2hblAGARgnhsYqvQG7s,田村商店,日本、〒565-0836 大阪府吹田市佐井寺３丁目１９−６,34.784857,135.5151621,57.00,,8.3
セブンイレブン 吹田佐井寺4丁目店,南千里駅 884m,コンビニ・スーパー,,3,1,4,-,-,大阪府吹田市佐井寺4-27-5,34.7856621,135.5140605,日本、〒565-0836 大阪府吹田市佐井寺４丁目２７−５,,places,medium,ChIJVVUR4JfkAGARUlWv87zi87M,セブン-イレブン 吹田佐井寺４丁目店,日本、〒565-0836 大阪府吹田市佐井寺４丁目２７−５,34.7856621,135.5140605,48.56,,5.3
サニーサイド 吹田佐井寺店,吹田市,パン,,3.16,76,1564,-,～￥999,大阪府吹田市佐井寺南ヶ丘15-3,34.7793692,135.517373,日本、〒565-0837 大阪府吹田市佐井寺南が丘１５−３,,places,medium,ChIJxdCEZ5jkAGARHAqAhPuYtKE,サニーサイド吹田佐井寺店,日本、〒565-0837 大阪府吹田市佐井寺南が丘１５−３,34.7793692,135.517373,57.00,,6.9
ミニストップ 吹田佐井寺１丁目店,吹田市,コンビニ・スーパー,,3.02,2,3,-,-,大阪府吹田市佐井寺1-29-29,34.786096,135.5202723,日本、〒565-0836 大阪府吹田市佐井寺１丁目２９−２９,,places,medium,ChIJE5vs_qPkAGARldohN69NS8k,ミニストップ 吹田佐井寺１丁目店,日本、〒565-0836 大阪府吹田市佐井寺１丁目２９−２９,34.786096,135.5202723,57.00,,0.8
ロワゾブルー,南千里駅 924m,ケーキ、洋菓子,,3,7,183,-,-,大阪府吹田市佐井寺3-21-32-T001,34.7858498,135.5151128,日本、〒565-0836 大阪府吹田市佐井寺３丁目２１−３２ T001,,places_manual_review,manual_override,ChIJgT1VjVLlAGARuDqG0hW5eDU,L’Oiseau Bleu（ロワゾブルー）,日本、〒565-0836 大阪府吹田市佐井寺３丁目２１−３２ T001,34.7858498,135.5151128,27.88,MANUAL_PLACE_OVERRIDE,28.4
町中華 光貴,吹田市,中華料理、担々麺、飲茶・点心,ふらりと立ち寄れる町の中華屋さん。“また来るね”が聞きたくて、今日も心を込めて仕込みます。,3.12,21,791,"￥3,000～￥3,999","￥1,000～￥1,999",大阪府吹田市佐井寺南が丘15-8 ヴィオラ千里 1F,34.7796346,135.5178993,日本、〒565-0837 大阪府吹田市佐井寺南が丘１５−８ ヴィオラ千里 1F,,places_manual_review,manual_override,ChIJq4Olp0vlAGAR-V8zAWWcJuA,町中華 光貴(MITUKI),日本、〒565-0837 大阪府吹田市佐井寺南が丘１５−８ ヴィオラ千里 1F,34.7796346,135.5178993,36.75,MANUAL_PLACE_OVERRIDE,10.8
たこ焼将軍 関西スーパー佐井寺店,吹田市,たこ焼き,,,3,,-,-,大阪府吹田市佐井寺南が丘17-1 関西スーパー佐井寺店,34.77868370000001,135.5173013,日本、〒565-0837 大阪府吹田市佐井寺南が丘１７−１,,places_manual_review,manual_override,ChIJpcbYTpjkAGARGxTv9duenFw,関西スーパー 佐井寺店,日本、〒565-0837 大阪府吹田市佐井寺南が丘１７−１,34.77868370000001,135.5173013,40.93,MANUAL_PLACE_OVERRIDE,0.0
関西スーパー 佐井寺店,吹田市,コンビニ・スーパー,,,9,,-,-,大阪府吹田市佐井寺南が丘17-1,34.77868370000001,135.5173013,日本、〒565-0837 大阪府吹田市佐井寺南が丘１７−１,,places,medium,ChIJpcbYTpjkAGARGxTv9duenFw,関西スーパー 佐井寺店,日本、〒565-0837 大阪府吹田市佐井寺南が丘１７−１,34.77868370000001,135.5173013,57.00,,8.3
五右衛門 吹田店,吹田市,パスタ,,3.05,29,205,"￥1,000～￥1,999","￥1,000～￥1,999",大阪府吹田市佐井寺南が丘10-3,34.7805609,135.5186413,日本、〒565-0837 大阪府吹田市佐井寺南が丘１０−３,,places_auto_review,auto_override,ChIJJZWIj5jkAGARSYeR0U41llg,洋麺屋五右衛門 吹田店,日本、〒565-0837 大阪府吹田市佐井寺南が丘１０−３,34.7805609,135.5186413,43.50,AUTO_PLACE_OVERRIDE:distance_le_50m,2.5
マクドナルド 佐井寺関西スーパー店,吹田市,ハンバーガー,,3.01,1,7,-,-,大阪府吹田市佐井寺南が丘17-1,34.7789991,135.5171172,日本、〒565-0837 大阪府吹田市佐井寺南が丘１７−１,,places,medium,ChIJVcPmTpjkAGAR7om8MiOb9YA,マクドナルド 佐井寺関西スーパー店,日本、〒565-0837 大阪府吹田市佐井寺南が丘１７−１,34.7789991,135.5171172,57.00,,32.4
星乃珈琲店 吹田店,吹田市,喫茶店,,3.06,49,563,～￥999,～￥999,大阪府吹田市佐井寺南が丘10-4,34.7804562,135.5182395,日本、〒565-0837 大阪府吹田市佐井寺南が丘１０−４,,places,medium,ChIJ3TT5iJjkAGARlLIih_hT8hs,星乃珈琲店 吹田店,日本、〒565-0837 大阪府吹田市佐井寺南が丘１０−４,34.7804562,135.5182395,57.00,,5.0
しゃぶ葉 吹田佐井寺店,吹田市,しゃぶしゃぶ,,3.05,34,521,"￥2,000～￥2,999",-,大阪府吹田市佐井寺南が丘9-2,34.7801955,135.5177816,日本、〒565-0837 大阪府吹田市佐井寺南が丘９−２,,places,medium,ChIJ__9PY5jkAGARJPEgLcEVP7Q,しゃぶ葉 吹田佐井寺店,日本、〒565-0837 大阪府吹田市佐井寺南が丘９−２,34.7801955,135.5177816,57.00,,2.3
ファミリーマート 佐井寺南が丘店,吹田市,コンビニ・スーパー,,3.02,1,4,-,-,大阪府吹田市佐井寺南が丘9-6,34.7799828,135.5174669,日本、〒565-0837 大阪府吹田市佐井寺南が丘９−６,,places,medium,ChIJcVCUb5jkAGAROxRjLMXtm_Q,ファミリーマート 佐井寺南が丘店,日本、〒565-0837 大阪府吹田市佐井寺南が丘９−６,34.7799828,135.5174669,57.00,,10.0
ミルフィーユ アンヴェール,吹田市,カフェ、ケーキ,,3.17,48,820,-,"￥1,000～￥1,999",大阪府吹田市佐井寺南が丘16-1,34.7792374,135.5174948,日本、〒565-0837 大阪府吹田市佐井寺南が丘１６−１,,places,medium,ChIJe9AwW5jkAGARdYB6WErbYPc,ミルフィーユ アンヴェール,日本、〒565-0837 大阪府吹田市佐井寺南が丘１６−１,34.7792374,135.5174948,57.00,,7.3
さたけん家,南千里駅 578m,カフェ,,3.04,4,52,-,～￥999,大阪府吹田市佐竹台2-5-5,34.7909607,135.5149126,日本、〒565-0855 大阪府吹田市佐竹台２丁目５−５,,places,medium,ChIJ3T04z7HkAGARPPcqG6aLc6A,さたけん家,日本、〒565-0855 大阪府吹田市佐竹台２丁目５−５,34.7909607,135.5149126,57.00,,8.8
ピッツェリア カローレ,南千里駅 559m,イタリアン、ピザ、バル,,3.43,145,7259,"￥3,000～￥3,999","￥1,000～￥1,999",大阪府吹田市佐竹台2丁目5-13 ルワーブル南千里 1F,34.7906193,135.5144664,日本、〒565-0855 大阪府吹田市佐竹台２丁目５−１３,,places_auto_review,auto_override,ChIJxV0Ot7HkAGARYU5XwztnqoI,PIZZERIA CALORE,日本、〒565-0855 大阪府吹田市佐竹台２丁目５−１３,34.7906193,135.5144664,12.00,AUTO_PLACE_OVERRIDE:distance_le_50m,10.6
居酒屋　大ちゃん,南千里駅 551m,居酒屋,,3.02,2,56,"￥3,000～￥3,999",-,大阪府吹田市佐竹台2-5-17,34.7911421,135.5145601,日本、〒565-0855 大阪府吹田市佐竹台２丁目５−１７,,places_auto_review,auto_override,ChIJ8YaZuLHkAGARuK2VHCMuh-Y,大ちゃん,日本、〒565-0855 大阪府吹田市佐竹台２丁目５−１７,34.7911421,135.5145601,37.71,AUTO_PLACE_OVERRIDE:distance_le_50m,10.8
いわ本,南千里駅 557m,寿司,,,2,52,"￥6,000～￥7,999",-,大阪府吹田市佐竹台2-5-14,34.7909573,135.5145749,日本、〒565-0855 大阪府吹田市佐竹台２丁目５−１４,,places_auto_review,auto_override,ChIJvW_IRDTlAGARML2xI2jrqUc,仕出し いわ本寿司,日本、〒565-0855 大阪府吹田市佐竹台２丁目５−１４,34.7909573,135.5145749,28.88,AUTO_PLACE_OVERRIDE:distance_le_50m,7.4
優行扉,吹田市,バー,,3.04,3,74,"￥2,000～￥2,999",-,大阪府吹田市五月が丘北3-15 グリーンプラザ 2F,34.7899496,135.524379,日本、〒565-0834 大阪府吹田市五月が丘北３−１５ グリーンプラザ ２F,,places_auto_review,auto_override,ChIJbx6XcafkAGARP83NKiCtCNI,ショットバー優行扉（ゆうこうと）,日本、〒565-0834 大阪府吹田市五月が丘北３−１５ グリーンプラザ ２F,34.7899496,135.524379,24.00,AUTO_PLACE_OVERRIDE:distance_le_50m,0.0
たかみ,吹田市,焼き鳥、鳥料理、居酒屋,,3.06,7,204,"￥2,000～￥2,999",-,大阪府吹田市五月が丘北2-16,34.7898458,135.526728,日本、〒565-0834 大阪府吹田市五月が丘北２−１６,,places,medium,ChIJywQHi4vjAGARm8NEAdm2WYY,たかみ,日本、〒565-0834 大阪府吹田市五月が丘北２−１６,34.7898458,135.526728,57.00,,7.1
Bar&Dining Merry Bunch,吹田市,バー,,3.03,1,31,"￥3,000～￥3,999",-,大阪府吹田市五月が丘北1-10 スカイ五月が丘北ビル 2F,34.7893497,135.5278878,日本、〒565-0834 大阪府吹田市五月が丘北１−１０ スカイ五月が丘北ビル 2階,,places,medium,ChIJyT8klyLjAGARyr9rjn1e0p8,Bar＆Dining Merry Bunch,日本、〒565-0834 大阪府吹田市五月が丘北１−１０ スカイ五月が丘北ビル 2階,34.7893497,135.5278878,54.00,,3.6
スパイスkitchen お出汁とスパイス時々ナッツ,吹田市,カレー,,3.09,16,258,-,"￥1,000～￥1,999",大阪府吹田市五月が丘北2-11,34.7899533,135.5262517,日本、〒565-0834 大阪府吹田市五月が丘北２−１１,,places,medium,ChIJ0cFDQbfjAGARVeTyerOZQJU,スパイスkitchen お出汁とスパイス時々ナッツ,日本、〒565-0834 大阪府吹田市五月が丘北２−１１,34.7899533,135.5262517,57.00,,0.2
鶏白湯そば 岸良,吹田市,ラーメン,,3.48,182,3289,"￥1,000～￥1,999",～￥999,大阪府吹田市五月が丘北2-16,34.7898475,135.5267215,日本、〒565-0834 大阪府吹田市五月が丘北２−１６ 右側号室,,places,medium,ChIJefV_-OTjAGAR3ZHgHBMomUs,鶏白湯そば 岸良,日本、〒565-0834 大阪府吹田市五月が丘北２−１６ 右側号室,34.7898475,135.5267215,57.00,,7.2
ミルフィーユ 本店,吹田市,ケーキ,,3.35,96,1541,"￥1,000～￥1,999",-,大阪府吹田市五月が丘北25-38,34.7870951,135.5261734,日本、〒565-0834 大阪府吹田市五月が丘北２５−３８,,places,medium,ChIJl4rEc1_jAGARZYnB8GMZKIc,ミルフィーユ 本店,日本、〒565-0834 大阪府吹田市五月が丘北２５−３８,34.7870951,135.5261734,57.00,,5.7
さつき珈琲,吹田市,カフェ,,3.09,17,369,-,"￥1,000～￥1,999",大阪府吹田市五月が丘北25-40 ユタカビル 1F,34.7869764,135.5258982,日本、〒565-0834 大阪府吹田市五月が丘北２５−４０,,places,medium,ChIJs-w-cV_jAGAR2pF55XYYhJs,さつき珈琲,日本、〒565-0834 大阪府吹田市五月が丘北２５−４０,34.7869764,135.5258982,57.00,,4.3
弁当いろは,吹田市,弁当,,3.04,3,15,-,-,大阪府吹田市五月が丘北1-10,34.7894325,135.5279526,日本、〒565-0834 大阪府吹田市五月が丘北１−１０,,places,medium,ChIJmSkO-HjjAGARq6vIhKr8HbY,弁当いろは,日本、〒565-0834 大阪府吹田市五月が丘北１−１０,34.7894325,135.5279526,57.00,,9.1
ファミリーマート 吹田五月が丘北店,吹田市,コンビニ・スーパー,,3.02,1,2,-,-,大阪府吹田市五月が丘北22-14,34.789038,135.5238092,日本、〒565-0834 大阪府吹田市五月が丘北２２−１４,,places,medium,ChIJDcs5PqfkAGARIdSVL30s0aY,ファミリーマート 吹田五月が丘北店,日本、〒565-0834 大阪府吹田市五月が丘北２２−１４,34.789038,135.5238092,57.00,,4.7
炭火焼肉　元喜,吹田市,焼肉、ホルモン、韓国料理,,3.04,9,361,"￥3,000～￥3,999",-,大阪府吹田市五月が丘北2-52-112 千里スカイラーク　１Ｆ,34.7897532,135.524606,日本、〒565-0834 大阪府吹田市五月が丘北2−５２−１１２ 千里スカイラーク 1F,,places,medium,ChIJW_7xZafkAGARi-TL2_0p9BQ,炭火焼肉元喜,日本、〒565-0834 大阪府吹田市五月が丘北2−５２−１１２ 千里スカイラーク 1F,34.7897532,135.524606,60.00,,23.8
焼肉阿蘇 五月が丘店,吹田市,焼肉,,3.08,15,259,"￥3,000～￥3,999",-,大阪府吹田市五月が丘北2-15,34.7898528,135.5266326,日本、〒565-0834 大阪府吹田市五月が丘北２−１５ スカイビル,,places,medium,ChIJJaA_xljjAGAR2od7qwx-tus,焼肉阿蘇 五月が丘店,日本、〒565-0834 大阪府吹田市五月が丘北２−１５ スカイビル,34.7898528,135.5266326,57.00,,3.2
サーティワンアイスクリーム　 吹田五月が丘店,吹田市,ジェラート・アイスクリーム,,3.01,13,67,-,-,大阪府吹田市五月が丘北2-2,34.7900127,135.5250341,日本、〒565-0834 大阪府吹田市五月が丘北２−２,,places,medium,ChIJdQs5YqfkAGARdRTZdWCoqHI,サーティワンアイスクリーム 吹田五月が丘店,日本、〒565-0834 大阪府吹田市五月が丘北２−２,34.7900127,135.5250341,57.00,,9.9
ヒロ珈琲 千里五月が丘店,吹田市,喫茶店,,3.05,38,327,～￥999,"￥1,000～￥1,999",大阪府吹田市五月が丘北1-10,34.7891667,135.5283333,日本、〒565-0834 大阪府吹田市五月が丘北１−１０ ハイツ五月が丘千里 1階 メロディ,,places_auto_review,auto_override,ChIJuYDGxF7jAGARCvMjuuq2JWM,ヒロコーヒー 五月ヶ丘店,日本、〒565-0834 大阪府吹田市五月が丘北１−１０ ハイツ五月が丘千里 1階 メロディ,34.7891667,135.5283333,31.29,AUTO_PLACE_OVERRIDE:distance_le_50m,42.5
LAWSON 五月ヶ丘東店,吹田市,コンビニ・スーパー,,,1,2,-,-,大阪府吹田市五月が丘東13-23,34.7881477,135.5301783,日本、〒565-0831 大阪府吹田市五月が丘東１３−２３ さんふぁいぶ五月が丘 201号,,places_auto_review,auto_override,ChIJpf80113jAGARt0DexbbcX_A,ローソン 五月ケ丘東店,日本、〒565-0831 大阪府吹田市五月が丘東１３−２３ さんふぁいぶ五月が丘 201号,34.7881477,135.5301783,25.24,AUTO_PLACE_OVERRIDE:distance_le_50m,1.4
ダイニング くった,吹田市,もつ鍋、居酒屋,,3,1,16,"￥3,000～￥3,999",-,大阪府吹田市五月が丘東13-3,34.788668,135.5292277,日本、〒565-0834 大阪府吹田市五月が丘東１３−３,,places,medium,ChIJqY21JNnjAGARLGO3SjOBsTU,ダイニング くった,日本、〒565-0834 大阪府吹田市五月が丘東１３−３,34.788668,135.5292277,57.00,,4.3
すき家 五月が丘店,吹田市,牛丼、カレー、食堂,,3.01,12,64,-,～￥999,大阪府吹田市五月が丘東13-19,34.7883513,135.5299197,日本、〒565-0831 大阪府吹田市五月が丘東１３−１９,,places,medium,ChIJD3hif17jAGARaEUkoCTkUdc,すき家 吹田五月が丘店,日本、〒565-0831 大阪府吹田市五月が丘東１３−１９,34.7883513,135.5299197,48.00,,4.6
桃花,吹田市,中華料理,,3.26,34,730,-,"￥1,000～￥1,999",大阪府吹田市五月が丘東13-2,34.7886095,135.5292555,日本、〒565-0831 大阪府吹田市五月が丘東１３−２,,places_auto_review,auto_override,ChIJeYWpj17jAGARcEOouPmtfBc,創作中国菜 桃花 TO-KA,日本、〒565-0831 大阪府吹田市五月が丘東１３−２,34.7886095,135.5292555,19.50,AUTO_PLACE_OVERRIDE:distance_le_50m,6.6
炭焼料理ちさと,吹田市,焼き鳥,,3.03,2,47,-,-,大阪府吹田市五月が丘東13-1,34.7885519,135.5291023,日本、〒565-0831 大阪府吹田市五月が丘東１３−１,,places_auto_review,auto_override,ChIJZT3zjl7jAGARDMQ20OgF8mU,ちさと,日本、〒565-0831 大阪府吹田市五月が丘東１３−１,34.7885519,135.5291023,31.29,AUTO_PLACE_OVERRIDE:distance_le_50m,2.2
音カフェ カラカラ,吹田市,カフェ、ピザ、オーガニック,,3.03,2,335,-,"￥1,000～￥1,999",大阪府吹田市五月が丘東9-9 五月が丘ハイツ辻 1F,34.7879099,135.5280743,日本、〒565-0831 大阪府吹田市五月が丘東９−９,,places_auto_review,auto_override,ChIJYaXy-V7jAGARWN-2Mgt03G8,音カフェkarakara,日本、〒565-0831 大阪府吹田市五月が丘東９−９,34.7879099,135.5280743,34.50,AUTO_PLACE_OVERRIDE:distance_le_50m,4.8
和食しゃぶしゃぶ かごの屋 吹田五月が丘店,吹田市,日本料理、しゃぶしゃぶ、ビュッフェ,,3.04,26,399,"￥2,000～￥2,999","￥1,000～￥1,999",大阪府吹田市五月が丘東1-23,34.78750240000001,135.5309895,日本、〒565-0831 大阪府吹田市五月が丘東１−２３,,places,medium,ChIJf3Kd7l3jAGARfJHD1w_CyKY,和食しゃぶしゃぶ かごの屋 吹田五月が丘店,日本、〒565-0831 大阪府吹田市五月が丘東１−２３,34.78750240000001,135.5309895,57.00,,8.1
だし自慢うどん屋柏本,吹田市,うどん、カレーうどん、親子丼,,3.26,56,1253,-,"￥1,000～￥1,999",大阪府吹田市五月が丘東13-18 102,34.7885146,135.5296804,日本、〒565-0831 大阪府吹田市五月が丘東１３−１８,,places,medium,ChIJ-9PBgF7jAGARMt3a04kFUpY,だし自慢うどん屋柏本,日本、〒565-0831 大阪府吹田市五月が丘東１３−１８,34.7885146,135.5296804,57.00,,7.5
あほや 亥の子谷店,吹田市,たこ焼き,,3,5,44,-,-,大阪府吹田市五月が丘東13-5,34.7887392,135.5293339,日本、〒565-0831 大阪府吹田市五月が丘東１３−５,,places_auto_review,auto_override,ChIJ51hfhV7jAGARMAVoH6x0NXo,たこ焼き あほや 亥の子谷店,日本、〒565-0831 大阪府吹田市五月が丘東１３−５,34.7887392,135.5293339,42.00,AUTO_PLACE_OVERRIDE:distance_le_50m,0.5
ベーカリー・ケーツー,吹田市,パン、サンドイッチ,,3.09,13,168,-,-,大阪府吹田市五月が丘東13-18 第2成和ビル103,34.7884669,135.5297504,日本、〒565-0831 大阪府吹田市五月が丘東１３−１８ 第２誠和ビル,,places_auto_review,auto_override,ChIJTddek2PjAGARTUl_9KuVin8,ベーカリーK2本店,日本、〒565-0831 大阪府吹田市五月が丘東１３−１８ 第２誠和ビル,34.7884669,135.5297504,28.36,AUTO_PLACE_OVERRIDE:distance_le_50m,2.0
すき家 吹田五月が丘店,吹田市,牛丼、カレー、食堂,,3.01,7,25,-,-,大阪府吹田市五月が丘東13-19,34.7883513,135.5299197,日本、〒565-0831 大阪府吹田市五月が丘東１３−１９,,places,medium,ChIJD3hif17jAGARaEUkoCTkUdc,すき家 吹田五月が丘店,日本、〒565-0831 大阪府吹田市五月が丘東１３−１９,34.7883513,135.5299197,57.00,,4.6
居酒屋 一歩,吹田市,居酒屋,【貸切可能】定番から日替わりまで多彩なメニューと店主が厳選した日本酒を堪能◎,3.04,4,58,"￥3,000～￥3,999","￥2,000～￥2,999",大阪府吹田市五月が丘南32-1 ハイタウン樽澤 108,34.7819292,135.5239825,日本、〒565-0832 大阪府吹田市五月が丘南３２−１ ハイタウン樽澤 108,,places,medium,ChIJl-N0VS_lAGAR-LVsJxvDuX0,居酒屋 一歩,日本、〒565-0832 大阪府吹田市五月が丘南３２−１ ハイタウン樽澤 108,34.7819292,135.5239825,63.00,,0.0
珉珉 五月が丘店,吹田市,中華料理,,3.01,5,104,-,-,大阪府吹田市五月が丘南9-5,34.78476089999999,135.5214343,日本、〒565-0832 大阪府吹田市五月が丘南９−５,,places,medium,ChIJz7s1dKHkAGARyTreTk0NR18,珉珉 五月が丘店,日本、〒565-0832 大阪府吹田市五月が丘南９−５,34.78476089999999,135.5214343,57.00,,6.8
ピザーラ 吹田店,吹田市,ピザ,,,1,1,-,-,大阪府吹田市五月が丘南18-5 五月が丘1番館 2F,34.7837162,135.5217168,日本、〒565-0832 大阪府吹田市五月が丘南１８−５ 五月が丘1番館2階,,places,medium,ChIJv1jlv6HkAGARFvAHwye84CA,ピザーラ 吹田店,日本、〒565-0832 大阪府吹田市五月が丘南１８−５ 五月が丘1番館2階,34.7837162,135.5217168,60.00,,0.4
commodity baked Nakanoya,吹田市,洋菓子,,,13,,-,-,大阪府吹田市五月が丘南18-21,34.7846578,135.5221072,日本、〒565-0832 大阪府吹田市五月が丘南１８−２１,,places_auto_review,auto_override,ChIJtW7FZ8HlAGARFvpGdU4prlk,commodity baked Nakanoya(コモディティベイクド ナカノヤ),日本、〒565-0832 大阪府吹田市五月が丘南１８−２１,34.7846578,135.5221072,32.00,AUTO_PLACE_OVERRIDE:distance_le_50m,7.8
酒肴処 たに川,吹田市,居酒屋,,3.03,3,96,-,-,大阪府吹田市五月が丘南8-37 原田ビル1F,34.785416,135.521154,日本、〒565-0832 大阪府吹田市五月が丘南８−３７,,places_auto_review,auto_override,ChIJq2vtaKHkAGARNqD4fzZ7Z4A,たに川,日本、〒565-0832 大阪府吹田市五月が丘南８−３７,34.785416,135.521154,34.50,AUTO_PLACE_OVERRIDE:distance_le_50m,3.2
かじか,吹田市,寿司,,3.05,4,148,"￥6,000～￥7,999",-,大阪府吹田市五月が丘南8-17,34.785583,135.522184,日本、〒565-0832 大阪府吹田市五月が丘南８−１７ メゾンドサンジェルマン,,places_auto_review,auto_override,ChIJq9JqEKHkAGARfTAypyTW9vw,寿司処かじか,日本、〒565-0832 大阪府吹田市五月が丘南８−１７ メゾンドサンジェルマン,34.785583,135.522184,30.00,AUTO_PLACE_OVERRIDE:distance_le_50m,7.2
台湾茶房 婉,吹田市,台湾料理,,3.15,16,843,"￥1,000～￥1,999","￥1,000～￥1,999",大阪府吹田市五月が丘南32-1 ハイタウン樽澤 105,34.7819292,135.5239825,日本、〒565-0832 大阪府吹田市五月が丘南３２−１ ハイタウン樽澤 105号,,places_auto_review,auto_override,ChIJeRWxEEHlAGARepcYCHn8Q8E,台湾茶房 -en- 婉 (タイワンサボウ エン),日本、〒565-0832 大阪府吹田市五月が丘南３２−１ ハイタウン樽澤 105号,34.7819292,135.5239825,30.50,AUTO_PLACE_OVERRIDE:distance_le_50m,0.0
茶夢,吹田市,喫茶店,,,1,3,-,-,大阪府吹田市五月が丘南8-11,34.7856992,135.5217099,日本、〒565-0832 大阪府吹田市五月が丘南８−１１,,places,medium,ChIJ_RDwLgflAGAR9t5XkIC1hS8,茶夢,日本、〒565-0832 大阪府吹田市五月が丘南８−１１,34.7856992,135.5217099,57.00,,20.5
darumaya kitchen,吹田市,沖縄料理、ドーナツ,,,17,365,-,-,大阪府吹田市五月が丘南28-23,34.783211,135.5243908,日本、〒565-0832 大阪府吹田市五月が丘南２８−２３,,places_auto_review,auto_override,ChIJ9bhR0OblAGARbqoUn246jo4,サーターアンダギー専門店 darumaya kitchen ダルマヤキッチン,日本、〒565-0832 大阪府吹田市五月が丘南２８−２３,34.783211,135.5243908,32.17,AUTO_PLACE_OVERRIDE:distance_le_50m,4.5
喫茶　モンシュシュ,吹田市,喫茶店,,3.02,1,5,-,-,大阪府吹田市五月が丘南8-3,34.7854867,135.5212375,日本、〒565-0832 大阪府吹田市五月が丘南８−３ 佐井寺KMビル,,geocode_fallback,medium,ChIJk5BUQ8mXWjURIFwS6aL3f0Y,カフェ モンシュシュ,日本、〒731-3169 広島県広島市安佐南区伴西６丁目６２４,34.4561937,132.3600139,12.00,LOW_PLACE_CONFIDENCE:low,291565.2
Roasting Spot Coffee.,吹田市,カフェ,,3,1,36,-,-,大阪府吹田市五月が丘南8-10 佐山ハイツ106,34.7856401,135.5211826,日本、〒565-0832 大阪府吹田市五月が丘南８−１０ 106号,,places,medium,ChIJY_E2p23lAGARHwJgIWpWkiE,Roasting Spot Coffee.,日本、〒565-0832 大阪府吹田市五月が丘南８−１０ 106号,34.7856401,135.5211826,57.00,,0.0
Dining Cafe&Bar ルアナ,吹田市,ダイニングバー、カフェ,,3.04,3,22,"￥1,000～￥1,999",～￥999,大阪府吹田市五月が丘南32-1 ハイタウン樽澤 1F,34.7818904,135.5239023,日本、〒565-0832 大阪府吹田市五月が丘南３２−番1号,,places_auto_review,auto_override,ChIJwbUxVeflAGAR_w0IcSgTh1I,ルアナ,日本、〒565-0832 大阪府吹田市五月が丘南３２−番1号,34.7818904,135.5239023,21.64,AUTO_PLACE_OVERRIDE:distance_le_50m,8.5
パティスリー ナツロウ,公園東口駅 1000m,ケーキ,,3.09,15,199,-,-,大阪府吹田市清水8-12 ルミエールしみず 1F,34.8021734,135.542986,日本、〒565-0805 大阪府吹田市清水８−１２ ルミエール清水 1F,,places,medium,ChIJqw7W5y37AGARJyK_g49lrio,パティスリー・ナツロウ,日本、〒565-0805 大阪府吹田市清水８−１２ ルミエール清水 1F,34.8021734,135.542986,55.91,,17.6
ミニストップ 吹田清水店,公園東口駅 971m,コンビニ・スーパー,,3.02,1,3,-,-,大阪府吹田市清水9-9,34.80237049999999,135.5429663,日本、〒565-0805 大阪府吹田市清水９−９,,places,medium,ChIJSVuSI0jjAGARUgJTFxUub3E,ミニストップ 吹田清水店,日本、〒565-0805 大阪府吹田市清水９−９,34.80237049999999,135.5429663,57.00,,29.6
寅次郎 2号店,吹田（ＪＲ）駅 299m,居酒屋、海鮮、天ぷら,吹田駅5分♪市場から仕入れる新鮮な鮪や居酒屋料理、コース、ドリンクを【驚安価格】でご提供！,3.05,5,116,"￥2,000～￥2,999",-,大阪府吹田市昭和町10-17 タイホウドウビル 201,34.7626037,135.5267924,日本、〒564-0028 大阪府吹田市昭和町１０−１７,,places,medium,ChIJTTf2BwDjAGARZmaD0Ys_VEg,寅次郎2号店,日本、〒564-0028 大阪府吹田市昭和町１０−１７,34.7626037,135.5267924,57.00,,5.1
Estate,吹田（ＪＲ）駅 257m,イタリアン、ワインバー、バー,【吹田駅3分】小皿で提供する美味しいイタリアン×ソムリエ厳選のワインを心地よい空間で◎,3.05,11,386,"￥4,000～￥4,999",-,大阪府吹田市昭和町10-3 竹国吹田駅前ビル 1F,34.7630914,135.5264693,日本、〒564-0028 大阪府吹田市昭和町１０−３ 竹国吹田駅前ビル 1F,,places_auto_review,auto_override,ChIJBePGx4DjAGARBg2YnZXldN8,エスターテ,日本、〒564-0028 大阪府吹田市昭和町１０−３ 竹国吹田駅前ビル 1F,34.7630914,135.5264693,18.00,AUTO_PLACE_OVERRIDE:distance_le_50m,1.5
一食一笑 小鉄,吹田（ＪＲ）駅 446m,居酒屋、海鮮,真心込めた手作り料理が楽しめる、アットホームな雰囲気の居酒屋◆昼飲み歓迎！各種宴会にも◎,3.04,5,105,"￥4,000～￥4,999",～￥999,大阪府吹田市昭和町14-23,34.7625239,135.5284847,日本、〒564-0027 大阪府吹田市昭和町１４−２３,,places,medium,ChIJbcM21HXjAGARpdScDa8RsGk,一食一笑小鉄,日本、〒564-0027 大阪府吹田市昭和町１４−２３,34.7625239,135.5284847,57.00,,3.8
焼鳥居酒屋 一文字 吹田店,吹田（ＪＲ）駅 200m,焼き鳥、居酒屋、串揚げ,,3.09,22,567,"￥3,000～￥3,999",-,大阪府吹田市昭和町6-14,34.7633917,135.5257882,日本、〒564-0028 大阪府吹田市昭和町６−１４,,places,medium,ChIJC2-Bl4DjAGAReZVgXq7LmKo,焼鳥居酒屋 一文字 吹田店,日本、〒564-0028 大阪府吹田市昭和町６−１４,34.7633917,135.5257882,57.00,,2.3
炭火焼鳥 晩酌 櫻,吹田（ＪＲ）駅 257m,居酒屋、焼き鳥,【吹田駅2分】淡路島産鶏使用！自慢の焼鳥と夜定食が楽しめる居酒屋◆仕事帰りやデートにも◎,,1,39,"￥3,000～￥3,999",-,大阪府吹田市昭和町10-22,34.762908,135.5264143,日本、〒564-0028 大阪府吹田市昭和町１０−２２,,places,medium,ChIJ_U1U4f7jAGARXUgp0UeDYMw,炭火焼鳥 晩酌 櫻,日本、〒564-0028 大阪府吹田市昭和町１０−２２,34.762908,135.5264143,57.00,,4.1
バー マクレーン,吹田（ＪＲ）駅 256m,バー,,,1,18,-,-,大阪府吹田市昭和町10-22,34.762908,135.5264144,日本、〒564-0028 大阪府吹田市昭和町１０−２２,,places,medium,ChIJY3pJyIDjAGAR4sNK_buwiyc,バー マクレーン,日本、〒564-0028 大阪府吹田市昭和町１０−２２,34.762908,135.5264144,57.00,,4.1
松屋 吹田店,吹田（ＪＲ）駅 287m,牛丼、カレー、食堂,,3.03,13,44,-,～￥999,大阪府吹田市昭和町10-19,34.7626773,135.5267165,日本、〒564-0028 大阪府吹田市昭和町１０−１９,,places_auto_review,auto_override,ChIJtdLc1KzjAGARIxERv77kHpE,松屋 吹田店（松のや併設）,日本、〒564-0028 大阪府吹田市昭和町１０−１９,34.7626773,135.5267165,32.45,AUTO_PLACE_OVERRIDE:distance_le_50m,11.9
ほっかほっか亭 吹田,吹田（ＪＲ）駅 446m,弁当,,3,3,15,-,-,大阪府吹田市昭和町14-23,34.762524,135.5284846,日本、〒564-0028 大阪府吹田市昭和町１４−２３,,places,medium,ChIJD97hw4bjAGARR0H4ciJPL8o,ほっかほっか亭 吹田店,日本、〒564-0028 大阪府吹田市昭和町１４−２３,34.762524,135.5284846,50.57,,3.8
ラスティネイル,吹田（ＪＲ）駅 303m,居酒屋、ダイニングバー,,3.04,4,170,-,-,大阪府吹田市昭和町10-17 2F,34.7625684,135.52687,日本、〒564-0028 大阪府吹田市昭和町１０−１７,,places,medium,ChIJS0YpM4fjAGAR-5MdtjUoW5U,ラスティ・ネイル,日本、〒564-0028 大阪府吹田市昭和町１０−１７,34.7625684,135.52687,51.38,,3.0
御菓子司　津村屋,吹田（ＪＲ）駅 497m,和菓子,,3.18,43,1380,～￥999,-,大阪府吹田市昭和町14-16,34.7627826,135.5291215,日本、〒564-0028 大阪府吹田市昭和町１４−１６,,places,medium,ChIJ4WsDvIbjAGARjWZQjZoszXI,御菓子司 津村屋,日本、〒564-0028 大阪府吹田市昭和町１４−１６,34.7627826,135.5291215,57.00,,5.8
きよちゃん家,吹田（ＪＲ）駅 378m,パン、カフェ,,3.01,2,87,-,～￥999,大阪府吹田市昭和町18-4,34.764208,135.5276161,日本、〒564-0028 大阪府吹田市昭和町１８−４,,places,medium,ChIJl6j334DjAGAReTqdMEcWaPU,きよちゃん家,日本、〒564-0028 大阪府吹田市昭和町１８−４,34.764208,135.5276161,57.00,,21.3
アイママキッチン,吹田（ＪＲ）駅 158m,食堂、弁当,,3.06,4,97,-,-,大阪府吹田市昭和町1-1 アイワステーションビル 1F,34.7640981,135.5250292,日本、〒564-0028 大阪府吹田市昭和町１−１ 1F,,places,medium,ChIJP4bhg4DjAGARxDYqQczlLMs,アイママキッチン,日本、〒564-0028 大阪府吹田市昭和町１−１ 1F,34.7640981,135.5250292,60.00,,13.7
Ani,吹田（ＪＲ）駅 248m,ピザ、イタリアン,,3.29,48,1011,-,-,大阪府吹田市昭和町10-24 竹寅ビル 1F,34.7630058,135.5263588,日本、〒564-0028 大阪府吹田市昭和町１０−２４ 竹寅ビル 1F,,places_auto_review,auto_override,ChIJW2WMovTjAGARkVnuUEonarg,ピザと石窯の小さなお店 Ani,日本、〒564-0028 大阪府吹田市昭和町１０−２４ 竹寅ビル 1F,34.7630058,135.5263588,27.64,AUTO_PLACE_OVERRIDE:distance_le_50m,1.7
居酒屋たこっちさん,吹田（ＪＲ）駅 193m,居酒屋,,3.02,4,107,-,-,大阪府吹田市昭和町6-1,34.7634138,135.5257614,日本、〒564-0028 大阪府吹田市昭和町６−１,,places,medium,ChIJwWhNQtLjAGARMezT0gapqOg,居酒屋たこっちさん,日本、〒564-0028 大阪府吹田市昭和町６−１,34.7634138,135.5257614,57.00,,3.6
松のや 吹田店,吹田（ＪＲ）駅 287m,とんかつ,,3.01,8,37,-,-,大阪府吹田市昭和町10-19,34.7626773,135.5267165,日本、〒564-0028 大阪府吹田市昭和町１０−１９,,places_auto_review,auto_override,ChIJtdLc1KzjAGARIxERv77kHpE,松屋 吹田店（松のや併設）,日本、〒564-0028 大阪府吹田市昭和町１０−１９,34.7626773,135.5267165,36.55,AUTO_PLACE_OVERRIDE:distance_le_50m,11.9
パンと雑貨のお店 はぴすま,吹田（ＪＲ）駅 275m,パン、洋菓子,,,12,,～￥999,～￥999,大阪府吹田市昭和町10-20,34.7627771,135.5265775,日本、〒564-0028 大阪府吹田市昭和町１０−２０ ヴィラボヌール,,places_auto_review,auto_override,ChIJTXN7yYDjAGARSmHO3C6Rh_0,ＨＡＰＰＹ＆ＳＭＩＬＥ,日本、〒564-0028 大阪府吹田市昭和町１０−２０ ヴィラボヌール,34.7627771,135.5265775,12.00,AUTO_PLACE_OVERRIDE:distance_le_50m,5.9
呑み処 直,吹田（ＪＲ）駅 203m,居酒屋,,,1,3,-,-,大阪府吹田市昭和町6-13,34.7633467,135.5258734,日本、〒564-0028 大阪府吹田市昭和町６−１３,,geocode_fallback,medium,ChIJPY71YX_kAGARzbjJA8zL6Eo,ななを,日本、〒564-0027 大阪府吹田市朝日町２−１１２,34.763175,135.525348,12.00,LOW_PLACE_CONFIDENCE:low,51.7
jimmy's curry,吹田（ＪＲ）駅 158m,カレー,,3.03,3,112,"￥1,000～￥1,999",-,大阪府吹田市昭和町1-1,34.7640117,135.5251051,日本、〒564-0028 大阪府吹田市昭和町１−１,,places,medium,ChIJzQVNDQDlAGARhuwFFCt19iI,jimmy's curry,日本、〒564-0028 大阪府吹田市昭和町１−１,34.7640117,135.5251051,57.00,,14.5
シンメイ麻辣燙,吹田（ＪＲ）駅 274m,中華料理,,3.07,9,220,-,-,大阪府吹田市昭和町10-20 ヴィラボヌール 1F,34.7628119,135.5266167,日本、〒564-0028 大阪府吹田市昭和町１０−２０ ヴィラボヌール 1F,,places,medium,ChIJvaBMLtHjAGAR0QZ69x0MQ7o,シンメイ麻辣烫,日本、〒564-0028 大阪府吹田市昭和町１０−２０ ヴィラボヌール 1F,34.7628119,135.5266167,51.75,,0.7
ファミリーマート 吹田栄通り商店会店,吹田（ＪＲ）駅 291m,コンビニ・スーパー,,3.02,3,46,-,-,大阪府吹田市昭和町10-18,34.762648,135.5267467,日本、〒564-0028 大阪府吹田市昭和町１０−１８,,places,medium,ChIJP2SRzIDjAGAR48JUofku6Mc,ファミリーマート 吹田栄通り商店会店,日本、〒564-0028 大阪府吹田市昭和町１０−１８,34.762648,135.5267467,57.00,,4.4
居酒屋 おはこ,吹田（ＪＲ）駅 270m,居酒屋,,3.05,8,194,"￥2,000～￥2,999",-,大阪府吹田市昭和町10-20,34.7627834,135.5265696,日本、〒564-0028 大阪府吹田市昭和町１０−２０ ヴィラボヌール ２０１,,places,medium,ChIJE5VgZJvjAGARV4gOrke79ts,居酒屋おはこ,日本、〒564-0028 大阪府吹田市昭和町１０−２０ ヴィラボヌール ２０１,34.7627834,135.5265696,57.00,,6.0
豚や,吹田（ＪＲ）駅 214m,タイ料理、鍋、焼肉,,3.11,35,3466,"￥2,000～￥2,999",-,大阪府吹田市昭和町7-17,34.7632973,135.525979,日本、〒564-0028 大阪府吹田市昭和町７−１７,,places,medium,ChIJvSO9vYDjAGARr-AvQ06zOn4,豚や,日本、〒564-0028 大阪府吹田市昭和町７−１７,34.7632973,135.525979,57.00,,2.1
バンブードール,宇野辺駅 636m,フレンチ,,3.48,32,2527,"￥4,000～￥4,999",-,大阪府吹田市新芦屋上12-12,34.80281610000001,135.5513155,日本、〒565-0804 大阪府吹田市新芦屋上１２−１２,,places_auto_review,auto_override,ChIJVWQf_jrjAGARNpSisRyDzN8,ビストロバンブードール,日本、〒565-0804 大阪府吹田市新芦屋上１２−１２,34.80281610000001,135.5513155,39.00,AUTO_PLACE_OVERRIDE:distance_le_50m,4.6
梵保庵,宇野辺駅 568m,そば,,3.64,165,8859,"￥1,000～￥1,999","￥1,000～￥1,999",大阪府吹田市新芦屋下27-5,34.8033291,135.5517969,日本、〒565-0803 大阪府吹田市新芦屋下２７−５,,places,medium,ChIJ1wnE5DrjAGARb0Jk4BxL50U,梵保庵,日本、〒565-0803 大阪府吹田市新芦屋下２７−５,34.8033291,135.5517969,57.00,,5.0
ラーメン熊きち,千里丘駅 866m,ラーメン,,3.51,277,7706,"￥1,000～￥1,999","￥1,000～￥1,999",大阪府吹田市新芦屋下9-6,34.7988481,135.5540121,日本、〒565-0803 大阪府吹田市新芦屋下９−６,,places,medium,ChIJ68PBKD3jAGAR8lkax2CXT0M,ラーメン熊きち,日本、〒565-0803 大阪府吹田市新芦屋下９−６,34.7988481,135.5540121,57.00,,0.0
らぁ麺 TORRY,吹田市,ラーメン、つけ麺、汁なし担々麺,,3.58,226,6487,"￥1,000～￥1,999","￥1,000～￥1,999",大阪府吹田市吹東町35-29,34.7666658,135.5362384,日本、〒564-0014 大阪府吹田市吹東町３５−２９,,places,medium,ChIJvwYJDhPjAGARVp8Vw9r4vLI,らぁ麺 TORRY,日本、〒564-0014 大阪府吹田市吹東町３５−２９,34.7666658,135.5362384,57.00,,0.4
山乃内本店,吹田市,喫茶店,,,2,,-,-,大阪府吹田市吹東町60-14,34.7676513,135.5381343,日本、〒564-0014 大阪府吹田市吹東町６０−１４,,places,medium,ChIJIYE-i5vjAGARD-eqS7-HguA,山乃内本店,日本、〒564-0014 大阪府吹田市吹東町６０−１４,34.7676513,135.5381343,57.00,,7.2
吉都,吹田市,カフェ、喫茶店,,,1,,-,-,大阪府吹田市吹東町37-30,34.7672227,135.5371764,日本、〒564-0014 大阪府吹田市吹東町３７−３０,,places,medium,ChIJqw49gZvjAGARefZn0kDe9YU,吉都,日本、〒564-0014 大阪府吹田市吹東町３７−３０,34.7672227,135.5371764,57.00,,1.9
居酒屋 じもと,相川駅 845m,居酒屋,気軽に過ごせるアットホームな店内◆毎日市場から仕入れる新鮮な魚介など豊富なメニューをご用意,3.06,6,162,"￥3,000～￥3,999",-,大阪府吹田市末広町21-53 1F,34.7653449,135.533522,日本、〒564-0022 大阪府吹田市末広町２１−５３ 1F,,places,medium,ChIJRWFXv9njAGARef0hn_NW0Ro,居酒屋じもと,日本、〒564-0022 大阪府吹田市末広町２１−５３ 1F,34.7653449,135.533522,60.00,,4.7
オーサムベーカリー 吹田末広店,吹田（ＪＲ）駅 726m,パン,,3.01,7,111,-,-,大阪府吹田市末広町7-21,34.7640253,135.5315343,日本、〒564-0022 大阪府吹田市末広町７−２１,,places,medium,ChIJSyMc8JzjAGARKk6NSwkoFrg,オーサムベーカリー吹田末広店,日本、〒564-0022 大阪府吹田市末広町７−２１,34.7640253,135.5315343,57.00,,14.4
サイノカレー,相川駅 847m,カレー,,3.04,8,221,-,-,大阪府吹田市末広町21-53 吉富ビル 1F,34.765306,135.5334763,日本、〒564-0022 大阪府吹田市末広町２１−５３,,places,medium,ChIJD5Z8O5TjAGARKobp_U1OyDg,サイノカレー,日本、〒564-0022 大阪府吹田市末広町２１−５３,34.765306,135.5334763,57.00,,2.7
旅する麻婆屋 えんわ,相川駅 849m,中華料理,,3.07,7,85,-,-,大阪府吹田市末広町21-53 1F,34.7653449,135.533522,日本、〒564-0022 大阪府吹田市末広町２１−５３ 1F,,places_auto_review,auto_override,ChIJRWFXv9njAGARef0hn_NW0Ro,居酒屋じもと,日本、〒564-0022 大阪府吹田市末広町２１−５３ 1F,34.7653449,135.533522,18.21,AUTO_PLACE_OVERRIDE:distance_le_50m,4.7
極麺 青二犀,相川駅 843m,ラーメン、つけ麺,,3.73,851,28331,-,～￥999,大阪府吹田市末広町21-53,34.7652754,135.5334288,日本、〒564-0022 大阪府吹田市末広町２１−５３,,places,medium,ChIJMY0ELLnjAGARnNy3h0-6uR0,極麺 青二犀,日本、〒564-0022 大阪府吹田市末広町２１−５３,34.7652754,135.5334288,57.00,,7.3
サイゼリヤ 吹田末広店,相川駅 777m,ファミレス、イタリアン、パスタ,,3.04,23,100,"￥1,000～￥1,999",～￥999,大阪府吹田市末広町20-18,34.764581,135.532238,日本、〒564-0022 大阪府吹田市末広町２０−１８,,places,medium,ChIJJXzWh4TjAGARmyXmiDnXcew,サイゼリヤ 吹田末広店,日本、〒564-0022 大阪府吹田市末広町２０−１８,34.764581,135.532238,57.00,,14.1
ちーちゃんのパン,吹田（阪急）駅 232m,パン,,3.02,2,104,-,-,大阪府吹田市清和園町3-8,34.7580277,135.5189415,日本、〒564-0039 大阪府吹田市清和園町３−８,,geocode_fallback,medium,ChIJr7jeh4fjAGARUUJw5c0lD_Y,グーチョキパン屋さん,日本、〒564-0032 大阪府吹田市内本町２丁目２−５,34.7592759,135.5254477,17.85,LOW_PLACE_CONFIDENCE:low,610.4
ガスト 千里丘店,千里丘駅 373m,ファミレス,,3.03,18,116,"￥1,000～￥1,999",～￥999,大阪府吹田市千里丘上2-20,34.7945988,135.5521481,日本、〒565-0811 大阪府吹田市千里丘上２−２０,,places,medium,ChIJHXKDoxfjAGARuLKR3u4Tfo0,ガスト 千里丘店,日本、〒565-0811 大阪府吹田市千里丘上２−２０,34.7945988,135.5521481,57.00,,9.8
ラーメン魁力屋 千里丘店,千里丘駅 314m,ラーメン,,3.24,62,343,"￥1,000～￥1,999","￥1,000～￥1,999",大阪府吹田市千里丘上1-17,34.7941051,135.5517657,日本、〒565-0811 大阪府吹田市千里丘上１−１７,,places_auto_review,auto_override,ChIJZ6yp2FjjAGARVlzNI2MbwwM,京都北白川ラーメン魁力屋 千里丘店,日本、〒565-0811 大阪府吹田市千里丘上１−１７,34.7941051,135.5517657,42.94,AUTO_PLACE_OVERRIDE:distance_le_50m,4.4
ロピア 吹田千里丘店,吹田市,コンビニ・スーパー,,3.02,4,35,-,-,大阪府吹田市千里丘北1-2,34.800918,135.542728,日本、〒565-0815 大阪府吹田市千里丘北１−２,,places,medium,ChIJUZ5VBgDjAGAR24RQJK3BPZI,ロピア 吹田千里丘店,日本、〒565-0815 大阪府吹田市千里丘北１−２,34.800918,135.542728,57.00,,54.0
ドトールコーヒーショップ スーパービバホーム吹田千里丘店,吹田市,カフェ,,3.01,3,30,-,-,大阪府吹田市千里丘北1-2,34.8006518,135.5433279,日本、〒565-0815 大阪府吹田市千里丘北１−２,,places,medium,ChIJxwmJfc7jAGARaaky7bxtYFM,ドトールコーヒー スーパービバホーム吹田千里丘店,日本、〒565-0815 大阪府吹田市千里丘北１−２,34.8006518,135.5433279,48.82,,8.3
モスバーガー 千里丘ミリカ・ヒルズ店,宇野辺駅 978m,ハンバーガー,,3.01,11,86,-,-,大阪府吹田市千里丘北1-17,34.8019948,135.5464182,日本、〒565-0815 大阪府吹田市千里丘北１−１７,,places,medium,ChIJm-ciOjjjAGAR9aG0mGU5EdY,モスバーガー千里丘ミリカ・ヒルズ店,日本、〒565-0815 大阪府吹田市千里丘北１−１７,34.8019948,135.5464182,57.00,,4.8
Brew Bakery Monmart,千里丘駅 761m,パン,,3,2,50,-,-,大阪府吹田市千里丘中10-8,34.7965345,135.5459876,日本、〒565-0812 大阪府吹田市千里丘中１０−８,,places,medium,ChIJpblUHmLjAGARgjlVEBQe9hs,BREW BAKERY MONMART,日本、〒565-0812 大阪府吹田市千里丘中１０−８,34.7965345,135.5459876,57.00,,1.4
glacier concorde,千里丘駅 666m,ジェラート・アイスクリーム,,3.21,33,1015,-,-,大阪府吹田市千里丘西8-1,34.7942632,135.5450584,日本、〒565-0814 大阪府吹田市千里丘西８−１,,places_auto_review,auto_override,ChIJxQuRXlPjAGARGwpzSWH2cP8,グラシエコンコルド,日本、〒565-0814 大阪府吹田市千里丘西８−１,34.7942632,135.5450584,12.00,AUTO_PLACE_OVERRIDE:distance_le_50m,7.4
丘の上のカフェ,吹田市,カフェ、食堂,,3.07,10,116,-,"￥1,000～￥1,999",大阪府吹田市千里丘西21-1 吹田徳州会病院 1F,34.7977187,135.5423172,日本、〒565-0814 大阪府吹田市千里丘西２１−１,,places_auto_review,auto_override,ChIJvU8yGUfjAGARZhFC5_i7RPs,丘の上のカフェ吹田徳洲会病院店,日本、〒565-0814 大阪府吹田市千里丘西２１−１,34.7977187,135.5423172,31.29,AUTO_PLACE_OVERRIDE:distance_le_50m,46.3
神楽揚処 本 串家 ららぽーとEXPOCITY店,万博記念公園駅 462m,串揚げ、居酒屋、ビュッフェ,【ららぽーとEXPOCITY 1F】揚げる楽しさ、選ぶわがまま！ すべてのメニューが食べ放題！,3.03,39,512,"￥2,000～￥2,999","￥2,000～￥2,999",大阪府吹田市千里万博公園23-17 ららぽーとEXPOCITY 1F,34.8058194,135.5350934,日本、〒565-0826 大阪府吹田市千里万博公園２−１ 三井ショッピングパークららぽーとＥＸＰＯＣＩＴＹ 1F,,places,medium,ChIJ0xlrxpboAGARDr97pCMwORU,神楽揚処 本 串家 ららぽーとEXPOCITY店,日本、〒565-0826 大阪府吹田市千里万博公園２−１ 三井ショッピングパークららぽーとＥＸＰＯＣＩＴＹ 1F,34.8058194,135.5350934,52.00,,440.8
結月庵そじ坊 ららぽーとEXPOCITY店,万博記念公園駅 462m,そば、居酒屋,店内製麺の本格信州そばと黄金色のお出汁が自慢◆生わさびで味わう一杯,3.07,80,423,"￥1,000～￥1,999","￥1,000～￥1,999",大阪府吹田市千里万博公園2-1 ららぽーとEXPOCITY 2F,34.8060992,135.5351479,日本、〒565-0826 大阪府吹田市千里万博公園２−１ 2F EXPO KITCHEN,,places,medium,ChIJ_SPMSE3jAGARNeK6wRpOwuE,信州そば処 そじ坊 ららぽーとEXPOCITY店,日本、〒565-0826 大阪府吹田市千里万博公園２−１ 2F EXPO KITCHEN,34.8060992,135.5351479,46.30,,92.1
カプリチョーザ ららぽーとEXPOCITY店,万博記念公園駅 478m,イタリアン、パスタ、ピザ,各種イタリア料理が楽しめる、陽気で明るい南イタリアのトラットリアタイプのレストラン,3.07,41,245,"￥1,000～￥1,999","￥1,000～￥1,999",大阪府吹田市千里万博公園2-1 ららぽーとEXPOCITY 1F,34.80606710000001,135.5353055,日本、〒565-0826 大阪府吹田市千里万博公園２−１,,places,medium,ChIJXXLiCgDjAGARj-ZufW3DG9c,カプリチョーザ ららぽーとEXPOCITY店,日本、〒565-0826 大阪府吹田市千里万博公園２−１,34.80606710000001,135.5353055,57.00,,100.0
BARBARA EXPO RESTAURANT,万博記念公園駅 448m,カフェ、イタリアン、洋食,【EAT LOCAL AWAJI】淡路島の食材を使ったフェアー開催中！！,3.47,287,8763,"￥1,000～￥1,999","￥1,000～￥1,999",大阪府吹田市千里万博公園2-1 ららぽーとEXPOCITY 2F,34.8061179,135.5350057,日本、〒565-0826 大阪府吹田市千里万博公園２−１ ららぽーとEXPOCITY 2F,,places,medium,ChIJHxaXaU3jAGARH7pAzgsnU9g,BARBARA EXPO RESTAURANT,日本、〒565-0826 大阪府吹田市千里万博公園２−１ ららぽーとEXPOCITY 2F,34.8061179,135.5350057,63.00,,85.5
和牛焼肉 平城苑 EXPOCITY店,万博記念公園駅 429m,焼肉、ホルモン、居酒屋,,3.08,94,960,"￥3,000～￥3,999","￥1,000～￥1,999",大阪府吹田市千里万博公園2-1 ららぽーとEXPOCITY,34.8058407,135.5347227,日本、〒565-0826 大阪府吹田市千里万博公園２−１ 三井ショッピングパークららぽーとＥＸＰＯＣＩＴＹ 2F,,places,medium,ChIJHxaXaU3jAGAR_QjHcf1nYfk,和牛焼肉 平城苑 EXPOCITY店,日本、〒565-0826 大阪府吹田市千里万博公園２−１ 三井ショッピングパークららぽーとＥＸＰＯＣＩＴＹ 2F,34.8058407,135.5347227,57.00,,45.6
おやさい山 丹ノ菜 TERAO,万博記念公園駅 463m,野菜料理、日本料理,,3.26,51,871,"￥2,000～￥2,999","￥1,000～￥1,999",大阪府吹田市千里万博公園2-1 ららぽーとEXPOCITY 1F,34.8058436,135.534701,日本、〒565-0826 大阪府吹田市千里万博公園２ ららぽーとEXPOCITY1F,,places_auto_review,auto_override,ChIJQ3Pnbk3jAGARMlwD6zYLkMU,おやさい山 丹ノ菜 TERAO ららぽーとEXPOCITY店,日本、〒565-0826 大阪府吹田市千里万博公園２ ららぽーとEXPOCITY1F,34.8058436,135.534701,43.43,AUTO_PLACE_OVERRIDE:distance_le_50m,44.9
J.S. BURGERS CAFE ららぽーとEXPOCITY店,万博記念公園駅 514m,ハンバーガー、カフェ、ダイニングバー,,3.4,217,2986,"￥1,000～￥1,999","￥1,000～￥1,999",大阪府吹田市千里万博公園2-1 ららぽーとEXPOCITY 1F,34.8048361,135.5352777,日本、〒565-0826 大阪府吹田市千里万博公園２−１ ららぽ-とEXPOCITY 1F,,places,medium,ChIJ8Ugvz6z8AGARxKi9uimDkk4,J.S. BURGERS CAFE ららぽーとEXPOCITY店,日本、〒565-0826 大阪府吹田市千里万博公園２−１ ららぽ-とEXPOCITY 1F,34.8048361,135.5352777,56.00,,103.7
アトランティック ららぽーとEXPOCITY店,万博記念公園駅 463m,洋食、ビュッフェ,,3.29,81,1758,"￥2,000～￥2,999","￥2,000～￥2,999",大阪府吹田市千里万博公園2-1 ららぽーとEXPOCITY 2F,34.8058621,135.5351041,日本、〒565-0826 大阪府吹田市千里万博公園２−１ 三井ショッピングパークららぽーとＥＸＰＯＣＩＴＹ 2F,,places_manual_review,manual_override,ChIJSdNTplLjAGARRFwE4_XF1Ic,アトランティック ららぽーとエキスポシティ,日本、〒565-0826 大阪府吹田市千里万博公園２−１ 三井ショッピングパークららぽーとＥＸＰＯＣＩＴＹ 2F,34.8058621,135.5351041,35.77,MANUAL_PLACE_OVERRIDE,71.5
epais エキスポシティ店,万博記念公園駅 413m,とんかつ、洋食、カレー,,3.47,205,2941,～￥999,～￥999,大阪府吹田市千里万博公園2-1 ららぽーとエキスポシティフードコート 3F,34.8044347,135.5336982,日本、〒565-0826 大阪府吹田市千里万博公園２−１ ＥＸＰＯＣＩＴＹ,,places_manual_review,manual_override,ChIJ6-UZ5ojjAGARHqCVDt8rGyY,エペ北新地トンカツ,日本、〒565-0826 大阪府吹田市千里万博公園２−１ ＥＸＰＯＣＩＴＹ,34.8044347,135.5336982,10.14,MANUAL_PLACE_OVERRIDE,136.6
万博食堂,万博記念公園駅 475m,洋食、創作料理,,3.24,121,1187,"￥1,000～￥1,999","￥2,000～￥2,999",大阪府吹田市千里万博公園2-1 ららぽーとEXPOCITY 1F,34.8058552,135.5352373,日本、〒565-0826 大阪府吹田市千里万博公園２−１,,places_manual_review,manual_override,ChIJHxaXaU3jAGARkfdijATDQag,万博食堂 ららぽーとEXPOCITY店,日本、〒565-0826 大阪府吹田市千里万博公園２−１,34.8058552,135.5352373,22.59,MANUAL_PLACE_OVERRIDE,81.3
KITANO ACE ONE ららぽーとEXPOCITY店,万博記念公園駅 418m,コンビニ・スーパー,,3.08,4,55,-,-,大阪府吹田市千里万博公園2-1 ららぽーとEXPOCITY 1F,34.8057099,135.5364738,日本、〒565-0826 大阪府吹田市千里万博公園２丁目１ ららぽーとEXPＯCITY 1階 10260号 Iゾーン,,places,medium,ChIJE5mYF03jAGAR8D3lbbw5m7Q,KITANO ACE ららぽーとEXPOCITY店,日本、〒565-0826 大阪府吹田市千里万博公園２丁目１ ららぽーとEXPＯCITY 1階 10260号 Iゾーン,34.8057099,135.5364738,53.00,,184.9
高槻バーガー,吹田市,ハンバーガー,,3,1,5,-,-,大阪府吹田市千里万博公園3-3 パナソニックスタジアム吹田,34.8026857,135.5381712,日本、〒565-0826 大阪府吹田市千里万博公園３−３ パナソニックスタジアム吹田,,places,medium,ChIJDXpjQgDjAGARw9iHqpdYt7s,高槻バーガー,日本、〒565-0826 大阪府吹田市千里万博公園３−３ パナソニックスタジアム吹田,34.8026857,135.5381712,60.00,,0.0
ブーランジェリ ミル・ヴィラージュ,山田駅 643m,パン、サンドイッチ,,3.36,105,5044,～￥999,-,大阪府吹田市千里万博公園14-13 BARONG 1F,34.8100808,135.516579,日本、〒565-0826 大阪府吹田市千里万博公園１４−１３ 14-13BARONG101,,places,medium,ChIJfYDAOFv7AGARZw2Gh9SvgXc,ミル・ヴィラージュ,日本、〒565-0826 大阪府吹田市千里万博公園１４−１３ 14-13BARONG101,34.8100808,135.516579,46.15,,0.9
鶏三和 ららぽーとEXPOCITY店,万博記念公園駅 466m,親子丼、鳥料理,,3.07,93,470,"￥1,000～￥1,999","￥1,000～￥1,999",大阪府吹田市千里万博公園2-1 ららぽーとEXPOCITY 3F,34.804165,135.5341615,日本、〒565-0826 大阪府吹田市千里万博公園２−１,,places,medium,ChIJOxaXaU3jAGARfEg5gDjQXQg,鶏三和 ららぽーとEXPOCITY店,日本、〒565-0826 大阪府吹田市千里万博公園２−１,34.804165,135.5341615,53.00,,149.8
鶏坊,万博記念公園駅 909m,ラーメン,,3.01,1,19,-,-,大阪府吹田市千里万博公園3-3 パナソニックスタジアム B9,34.8026857,135.5381712,日本、〒565-0826 大阪府吹田市千里万博公園３−３ 市立吹田サッカースタジアム,,places_auto_review,auto_override,ChIJm4WvuE7jAGARbdCr0f3bdcE,パナソニックスタジアム吹田,日本、〒565-0826 大阪府吹田市千里万博公園３−３ 市立吹田サッカースタジアム,34.8026857,135.5381712,12.00,AUTO_PLACE_OVERRIDE:distance_le_50m,0.0
PRAZA ららぽーとEXPOCITY店,万博記念公園駅 482m,チョコレート、その他,,3.01,2,23,-,-,大阪府吹田市千里万博公園2-1 ららぽーとEXPOCITY 1F,34.8053211,135.5351322,日本、〒565-0826 大阪府吹田市千里万博公園２−１ 三井ショッピングパークららぽーとＥＸＰＯＣＩＴＹ １階,,places,medium,ChIJg5Gp573jAGARwJRct0zBnNA,PLAZA ららぽーとEXPOCITY店,日本、〒565-0826 大阪府吹田市千里万博公園２−１ 三井ショッピングパークららぽーとＥＸＰＯＣＩＴＹ １階,34.8053211,135.5351322,51.71,,63.6
ミスタードーナツ ららぽーとEXPOCITYショップ,万博記念公園駅 505m,ドーナツ、カフェ,,3.06,41,220,～￥999,～￥999,大阪府吹田市千里万博公園2-1 ららぽーとEXPOCITY 1F,34.8056885,135.5355347,日本、〒565-0826 大阪府吹田市千里万博公園２−１,,places,medium,ChIJHxaXaU3jAGARancYf_3KGzw,ミスタードーナツ ららぽーとEXPOCITYショップ,日本、〒565-0826 大阪府吹田市千里万博公園２−１,34.8056885,135.5355347,53.00,,100.0
PROST!,万博記念公園駅 898m,その他,,3.03,7,16,-,"￥1,000～￥1,999",大阪府吹田市千里万博公園3-3 パナソニックスタジアム吹田内,34.8026857,135.5381712,日本、〒565-0826 大阪府吹田市千里万博公園３−３ 市立吹田サッカースタジアム,,places_auto_review,auto_override,ChIJm4WvuE7jAGARbdCr0f3bdcE,パナソニックスタジアム吹田,日本、〒565-0826 大阪府吹田市千里万博公園３−３ 市立吹田サッカースタジアム,34.8026857,135.5381712,12.00,AUTO_PLACE_OVERRIDE:distance_le_50m,0.0
かつ工房和幸 ららぽーとEXPOCITY店,万博記念公園駅 442m,とんかつ、日本料理,,3.34,64,508,"￥1,000～￥1,999","￥1,000～￥1,999",大阪府吹田市千里万博公園2-1 ららぽーとEXPOCITY 2F,34.8058352,135.5348626,日本、〒565-0826 大阪府吹田市千里万博公園２−１ 三井ショッピングパークららぽーとＥＸＰＯＣＩＴＹ ２Ｆ 内,,places,medium,ChIJC6FRUU3jAGARJTNRGWJtDlA,和幸 ららぽーとEXPOCITY店,日本、〒565-0826 大阪府吹田市千里万博公園２−１ 三井ショッピングパークららぽーとＥＸＰＯＣＩＴＹ ２Ｆ 内,34.8058352,135.5348626,47.53,,52.8
大起水産回転寿司 ららぽーとEXPOCITY店,万博記念公園駅 449m,回転寿司、海鮮,,3.13,99,806,"￥1,000～￥1,999","￥1,000～￥1,999",大阪府吹田市千里万博公園2-1 ららぽーとEXPOCITY 1F,34.8061352,135.535012,日本、〒565-0826 大阪府吹田市千里万博公園２−１,,places,medium,ChIJ94RIb03jAGAR8rUaeyK39BI,大起水産 回転寿司 ららぽーとEXPOCITY店,日本、〒565-0826 大阪府吹田市千里万博公園２−１,34.8061352,135.535012,57.00,,87.4
鉄板焼き門左衛門,吹田市,焼きそば,,3,2,2,-,-,大阪府吹田市千里万博公園3-3,34.8024153,135.5388778,日本、〒565-0826 大阪府吹田市千里万博公園３−３ 市立吹田サッカースタジアム,,places_manual_review,manual_override,ChIJcxPcyE7jAGARjUqjIG9hK44,なにわ 鉄板焼き 門左衛門,日本、〒565-0826 大阪府吹田市千里万博公園３−３ 市立吹田サッカースタジアム,34.8024153,135.5388778,39.50,MANUAL_PLACE_OVERRIDE,272.5
阪急ベーカリー香房 ららぽーとEXPOCITY店,万博記念公園駅 564m,パン,,3.01,6,52,～￥999,～￥999,大阪府吹田市千里万博公園2-1,34.8060633,135.5362681,日本、〒565-0826 大阪府吹田市千里万博公園２−１ 三井ショッピングパークららぽーとＥＸＰＯＣＩＴＹ,,places,medium,ChIJA-RFpV3jAGARAoXRNgdX6Fc,阪急ベーカリー香房 ららぽーとEXPOCITY店,日本、〒565-0826 大阪府吹田市千里万博公園２−１ 三井ショッピングパークららぽーとＥＸＰＯＣＩＴＹ,34.8060633,135.5362681,53.00,,171.9
乃が美 ららぽーとEXPOCITY店,万博記念公園駅 411m,パン,,3.02,9,56,-,-,大阪府吹田市千里万博公園2-1,34.8061741,135.5345737,日本、〒565-0826 大阪府吹田市千里万博公園２−１ EXPOCITY REDHORSE OSAKA WHEEL 内 Q棟2,,places,medium,ChIJMyjf7TTjAGARaViKIRAi3R8,乃が美 ららぽーとEXPOCITY販売店,日本、〒565-0826 大阪府吹田市千里万博公園２−１ EXPOCITY REDHORSE OSAKA WHEEL 内 Q棟2,34.8061741,135.5345737,48.00,,136.6
カプチーノ,万博記念公園駅 209m,カフェ,,3.02,3,17,-,～￥999,大阪府吹田市千里万博公園1-7,34.8052982,135.5275377,日本、〒565-0826 大阪府吹田市千里万博公園１−７ 千里住宅公園,,geocode_fallback,medium,ChIJyxhOHn3jAGARvHvojKOZ1gk,PEANUTS Cafe 大阪,日本、〒565-0826 大阪府吹田市千里万博公園２−１ 三井ショッピングパークららぽーとＥＸＰＯＣＩＴＹ 1F,34.8058494,135.5343487,4.00,LOW_PLACE_CONFIDENCE:low,624.9
スターバックスコーヒー ららぽーとEXPOCITY 2階店,万博記念公園駅 536m,カフェ,,3.08,75,291,～￥999,～￥999,大阪府吹田市千里万博公園2-1 ららぽーとEXPOCITY 2F,34.8060462,135.5359634,日本、〒565-0826 大阪府吹田市千里万博公園２−１ ららぽーとEXPOCITY ２階 ２０３４０(店舗番号,,places,medium,ChIJHxaXaU3jAGARnGkjkLMhDq8,スターバックス コーヒー ららぽーとEXPOCITY 2階店,日本、〒565-0826 大阪府吹田市千里万博公園２−１ ららぽーとEXPOCITY ２階 ２０３４０(店舗番号,34.8060462,135.5359634,56.00,,150.1
フィードミーオレンジ ららぽーとＥＸＰＯＣＩＴＹ,万博記念公園駅 478m,その他,,3.02,1,,-,-,大阪府吹田市千里万博公園2-1 ららぽーとEXPOCITY,34.8059289,135.5346838,日本、〒565-0826 大阪府吹田市千里万博公園２−１ ららぽーと EXPOCITY,,places_manual_review,manual_override,ChIJMa_2sqPjAGARQIGvY0JAiJ8,Feed ME Orange 生搾りオレンジジュース自動販売機,日本、〒565-0826 大阪府吹田市千里万博公園２−１ ららぽーと EXPOCITY,34.8059289,135.5346838,20.77,MANUAL_PLACE_OVERRIDE,52.8
マネケン ららぽーとEXPOCITY店,万博記念公園駅 418m,洋菓子、スイーツ,,3,15,54,-,-,大阪府吹田市千里万博公園2-1 ららぽーとEXPOCITY 1F,34.805489,135.5344665,日本、〒565-0826 大阪府吹田市千里万博公園２−１ ららぽーとEXPOCITY 1F,,places,medium,ChIJRWLkeqbjAGARLXD0qDNwld8,マネケン ららぽーとEXPOCITY店,日本、〒565-0826 大阪府吹田市千里万博公園２−１ ららぽーとEXPOCITY 1F,34.805489,135.5344665,63.00,,0.0
パークカフェ,万博記念公園駅 484m,洋食、食堂,,3.08,44,270,-,"￥1,000～￥1,999",大阪府吹田市千里万博公園10 自然文化園,34.8111863,135.5300836,日本、〒565-0826 大阪府吹田市千里万博公園１０−２,,places_manual_review,manual_override,ChIJ3W4E-aj8AGARI7Y0Pw_yOaA,レストラン Park Cafe,日本、〒565-0826 大阪府吹田市千里万博公園１０−２,34.8111863,135.5300836,8.00,MANUAL_PLACE_OVERRIDE,217.1
ノイ カフェ 万博入口前店,万博記念公園駅 288m,カフェ、ソフトクリーム,,3.28,52,756,-,～￥999,大阪府吹田市千里万博公園1-1 中央入口前,34.8080639,135.53282,日本、〒565-0826 大阪府吹田市千里万博公園１−１ 中央入口前,,places,medium,ChIJF7jTpZvjAGAR1IKdgUjTypI,ノイカフェ 万博入口前店,日本、〒565-0826 大阪府吹田市千里万博公園１−１ 中央入口前,34.8080639,135.53282,56.00,,168.6
BARBARA CREPERIE,万博記念公園駅 444m,クレープ・ガレット,,,34,,-,-,大阪府吹田市千里万博公園2-1 ららぽーとEXPOCITY 2F,34.8060856,135.534955,日本、〒565-0826 大阪府吹田市千里万博公園２−１ 三井ショッピングパークららぽーとＥＸＰＯＣＩＴＹ 2F,,places_manual_review,manual_override,ChIJrzZG7kzjAGARMJYLILcN6b8,BARBARA CREPERIE（バルバラ クレープリー）万博公園ららぽーとEXPO CITY,日本、〒565-0826 大阪府吹田市千里万博公園２−１ 三井ショッピングパークららぽーとＥＸＰＯＣＩＴＹ 2F,34.8060856,135.534955,26.25,MANUAL_PLACE_OVERRIDE,79.9
モロゾフ 窯だしチーズケーキ ららぽーとEXPOCITY店,万博記念公園駅 549m,ケーキ,,3.08,64,427,～￥999,-,大阪府吹田市千里万博公園2-1 ららぽーとEXPOCITY,34.8059243,135.536079,日本、〒565-0826 大阪府吹田市千里万博公園２丁目１ ららぽーとEXPOCITY,,places,medium,ChIJHxaXaU3jAGARNMDmyGle5aM,モロゾフ 窯だしチーズケーキ ららぽーとEXPOCITY店,日本、〒565-0826 大阪府吹田市千里万博公園２丁目１ ららぽーとEXPOCITY,34.8059243,135.536079,56.00,,155.0
北極星 ららぽーとEXPOCITY店,万博記念公園駅 506m,オムライス、洋食,,3.08,90,1090,～￥999,～￥999,大阪府吹田市千里万博公園2-1 ららぽーとEXPOCITY 3F,34.80414,135.5341047,日本、〒565-0826 大阪府吹田市千里万博公園２−１ 三井ショッピングパークららぽーとＥＸＰＯＣＩＴＹ ３F,,places_manual_review,manual_override,ChIJAQAAbE3jAGARMJUJt2mGhP8,北極星 ららぽーとＥＸＰＯＣＩＴＹ店,日本、〒565-0826 大阪府吹田市千里万博公園２−１ 三井ショッピングパークららぽーとＥＸＰＯＣＩＴＹ ３F,34.80414,135.5341047,23.00,MANUAL_PLACE_OVERRIDE,153.6
国立民族学博物館 ミュージアム・ショップ,阪大病院前駅 625m,その他,,3.03,4,58,-,-,大阪府吹田市千里万博公園10-1 国立民族学博物館 本館 1F,34.8129508,135.5303814,日本、〒565-8511 大阪府吹田市千里万博公園１０−１,,places,medium,ChIJ41HMA6b8AGAR2ok8e9CPBdU,国立民族学博物館 ミュージアム・ショップ,日本、〒565-8511 大阪府吹田市千里万博公園１０−１,34.8129508,135.5303814,57.00,,18.1
タブレス キッチン ららぽーとEXPOCITY店,万博記念公園駅 468m,カフェ、イタリアン、ケーキ,,3.35,108,1616,"￥1,000～￥1,999","￥1,000～￥1,999",大阪府吹田市千里万博公園2-1 ららぽーとEXPOCITY,34.8045372,135.5345113,日本、〒565-0826 大阪府吹田市千里万博公園２−１ ららぽーとEXPOCITY2F,,places_manual_review,manual_override,ChIJHxaXaU3jAGARo64T6A5H11M,TABLES KITCHEN タブレス キッチン,日本、〒565-0826 大阪府吹田市千里万博公園２−１ ららぽーとEXPOCITY2F,34.8045372,135.5345113,30.29,MANUAL_PLACE_OVERRIDE,105.9
GAMBA BEERSTREAM,吹田市,ビアバー,,,1,2,-,-,大阪府吹田市千里万博公園3-3 パナソニックスタジアム吹田 ロートWell-beingパーク グルメエリア,34.803633,135.5377116,日本、〒565-0826 大阪府吹田市千里万博公園３−３ 市立吹田サッカースタジアム,,places_manual_review,manual_override,ChIJxWY-JUzjAGARYPyohHvtMFE,ガンバ大阪オフィシャルショップ ブルスパジオ,日本、〒565-0826 大阪府吹田市千里万博公園３−３ 市立吹田サッカースタジアム,34.803633,135.5377116,8.00,MANUAL_PLACE_OVERRIDE,113.4
フレンチ洋食 YOKOO,万博記念公園駅 917m,サンドイッチ,,3.08,8,859,-,"￥1,000～￥1,999",大阪府吹田市千里万博公園3-3 Panasonic Stadium,34.8018347,135.5382098,日本、〒565-0826 大阪府吹田市千里万博公園３−３ 市立吹田サッカースタジアム のれん めぐり,,places,medium,ChIJ_Qi8wk7jAGARQiVwb8t-gt4,フレンチ洋食 YOKOO,日本、〒565-0826 大阪府吹田市千里万博公園３−３ 市立吹田サッカースタジアム のれん めぐり,34.8018347,135.5382098,57.00,,94.7
たこ家道頓堀くくる 万博記念公園駅店,万博記念公園駅 41m,たこ焼き,,3.1,84,503,～￥999,～￥999,大阪府吹田市千里万博公園 大阪モノレール万博記念公園駅コンコース,34.8066948,135.530603,日本、〒565-0826 大阪府吹田市千里万博公園１ 駅 万博記念公園,,places,medium,ChIJqzPVYqz8AGARyQYw22rKYew,たこ家道頓堀くくる万博記念公園駅店,日本、〒565-0826 大阪府吹田市千里万博公園１ 駅 万博記念公園,34.8066948,135.530603,60.00,,54.4
デイリーカナート イズミヤ ららぽーとEXPOCITY店,公園東口駅 563m,コンビニ・スーパー,,3.03,8,39,-,-,大阪府吹田市千里万博公園2-1 ららぽーとEXPOCITY 1F,34.80498,135.5349255,日本、〒565-0826 大阪府吹田市千里万博公園２−１ ららぽーと EXPOCITY1階,,places,medium,ChIJHxaXaU3jAGARzlRwu9sobkQ,デイリーカナートイズミヤららぽーとEXPOCITY店,日本、〒565-0826 大阪府吹田市千里万博公園２−１ ららぽーと EXPOCITY1階,34.80498,135.5349255,60.00,,70.4
TAG COFFEE STAN(D) 109シネマズ大阪エキスポシティ,万博記念公園駅 407m,カフェ,,3,3,75,-,-,大阪府吹田市千里万博公園2-1 109シネマズ大阪エキスポシティ,34.8052847,135.5345203,日本、〒565-0826 大阪府吹田市千里万博公園２−１ EXPOCITY内,,places_auto_review,auto_override,ChIJM8-mdU3jAGARuVWghuV5GPo,１０９シネマズ 大阪エキスポシティ,日本、〒565-0826 大阪府吹田市千里万博公園２−１ EXPOCITY内,34.8052847,135.5345203,30.00,AUTO_PLACE_OVERRIDE:distance_le_50m,23.2
SAGUN 山田店,山田駅 631m,インド料理、インドカレー,,3.26,26,262,"￥1,000～￥1,999",～￥999,大阪府吹田市千里万博公園12-1,34.8098168,135.5175108,日本、〒565-0826 大阪府吹田市千里万博公園１２−１,,places_auto_review,auto_override,ChIJST0e8Tv7AGARITv_Byl7bXY,インド・ネパールレストラン SAGUN 山田店,日本、〒565-0826 大阪府吹田市千里万博公園１２−１,34.8098168,135.5175108,30.00,AUTO_PLACE_OVERRIDE:distance_le_50m,6.4
ワールドグルメ タコス エル ノパル,公園東口駅 849m,売店,,3,3,10,-,-,大阪府吹田市千里万博公園3-3 C16ブロック付近,34.803003,135.5390989,日本、〒565-0826 大阪府吹田市千里万博公園３−３ 市立吹田サッカースタジアム,,places,medium,ChIJ_fz3s07jAGAR7r0xc1QG0VY,ワールドグルメ タコス エル ノパル,日本、〒565-0826 大阪府吹田市千里万博公園３−３ 市立吹田サッカースタジアム,34.803003,135.5390989,49.00,,337.7
吉たこ,万博記念公園駅 254m,たこ焼き,,3.26,27,217,-,-,大阪府吹田市千里万博公園1-1,34.8082624,135.5322778,日本、〒565-0826 大阪府吹田市千里万博公園１−１,,places,medium,ChIJ9-YBHab9AGAR89FU_yQFylQ,吉たこ,日本、〒565-0826 大阪府吹田市千里万博公園１−１,34.8082624,135.5322778,53.00,,142.6
どうとんぼり神座 ららぽーとEXPOCITY店,万博記念公園駅 448m,ラーメン,,3.06,82,334,"￥1,000～￥1,999","￥1,000～￥1,999",大阪府吹田市千里万博公園2-1 ららぽーとEXPOCITY,34.8041335,135.5338806,日本、〒565-0826 大阪府吹田市千里万博公園２−１ ららぽーとEXPOCITY3F,,places,medium,ChIJl9b1kYnjAGAR6b1gVH5caZA,どうとんぼり神座 ららぽーとEXPOCITY店,日本、〒565-0826 大阪府吹田市千里万博公園２−１ ららぽーとEXPOCITY3F,34.8041335,135.5338806,56.00,,159.9
五郎っぺ食堂 ららぽーとEXPOCITY店,万博記念公園駅 461m,鉄板焼き、お好み焼き、ラーメン,,3.26,108,907,～￥999,～￥999,大阪府吹田市千里万博公園2-1,34.8061129,135.5351468,日本、〒565-0826 大阪府吹田市千里万博公園２−１ ららぽーとEXPOCITY,,places,medium,ChIJHxaXaU3jAGARByV5KcCxkA4,五郎っペ食堂 ららぽーとEXPOCITY店,日本、〒565-0826 大阪府吹田市千里万博公園２−１ ららぽーとEXPOCITY,34.8061129,135.5351468,48.50,,127.6
つじ田 ららぽーとEXPOCITY店,万博記念公園駅 471m,つけ麺、ラーメン,,3.19,380,3795,"￥1,000～￥1,999","￥1,000～￥1,999",大阪府吹田市千里万博公園2-1 ららぽーとEXPOCITY 3F,34.8042157,135.5342764,日本、〒565-0826 大阪府吹田市千里万博公園２−１ ららぽーと EXPOCITY3階,,places,medium,ChIJCW3XhlLjAGAR_or9syh3tlc,つじ田 大阪ららぽーとEXPOCITY店,日本、〒565-0826 大阪府吹田市千里万博公園２−１ ららぽーと EXPOCITY3階,34.8042157,135.5342764,51.00,,142.6
森の洋食 グリルみんぱく,万博記念公園駅 626m,洋食、ファミレス、カフェ,,3.22,34,311,-,"￥1,000～￥1,999",大阪府吹田市千里万博公園10-1 国立民族学博物館 1F,34.812405,135.5304806,日本、〒565-0826 大阪府吹田市千里万博公園４丁目１０−１ 国立民族学博物館 1階,,places,medium,ChIJyYOdT6_8AGAR2V0qX9Z7Z-g,森の洋食 グリルみんぱく,日本、〒565-0826 大阪府吹田市千里万博公園４丁目１０−１ 国立民族学博物館 1階,34.812405,135.5304806,60.00,,52.0
クリスピー・クリーム・ドーナツ ららぽーとEXPOCITY店,万博記念公園駅 423m,ドーナツ,,3.05,27,76,-,-,大阪府吹田市千里万博公園2-1 ららぽーとEXPOCITY 1F,34.8051041,135.5333115,日本、〒90032 大阪府吹田市千里万博公園２−１ ららぽーとEXPOCITY 1階 JP 565-0826,,places,medium,ChIJUTegUwDjAGARelnBpvwfdCg,クリスピー・クリーム・ドーナツ ららぽーとEXPOCITY店,日本、〒90032 大阪府吹田市千里万博公園２−１ ららぽーとEXPOCITY 1階 JP 565-0826,34.8051041,135.5333115,56.00,,113.8
台湾甜商店 ららぽーとEXPOCITY店,万博記念公園駅 427m,台湾料理,,3.06,53,274,"￥1,000～￥1,999",-,大阪府吹田市千里万博公園2-1,34.8043174,135.5337686,日本、〒565-0826 大阪府吹田市千里万博公園２−１ ららぽーと EXPOCITY３階フードパビリオン内,,places,medium,ChIJ9SGv53njAGAR2kB_XNl9-5E,台湾甜商店 ららぽーとEXPOCITY店,日本、〒565-0826 大阪府吹田市千里万博公園２−１ ららぽーと EXPOCITY３階フードパビリオン内,34.8043174,135.5337686,53.00,,128.8
久世福商店 エキスポシティ店,万博記念公園駅 564m,その他,,3.06,26,204,-,-,大阪府吹田市千里万博公園2-1 ららぽーとEXPOCITY 10730 Iゾーン,34.8057076,135.5362017,日本、〒565-0826 大阪府吹田市千里万博公園２−１ 三井ショッピングパークららぽーとＥＸＰＯＣＩＴＹ オレンジサイド １階,,places,medium,ChIJOxaXaU3jAGARe4x3j2JMpNY,久世福商店 エキスポシティ店,日本、〒565-0826 大阪府吹田市千里万博公園２−１ 三井ショッピングパークららぽーとＥＸＰＯＣＩＴＹ オレンジサイド １階,34.8057076,135.5362017,53.00,,160.3
クアアイナ ららぽーとEXPOCITY店,万博記念公園駅 409m,ハンバーガー、サンドイッチ、パンケーキ,,3.11,122,1115,"￥1,000～￥1,999","￥1,000～￥1,999",大阪府吹田市千里万博公園2-1 ららぽーとEXPOCITY 3F,34.8044661,135.533666,日本、〒565-0826 大阪府吹田市千里万博公園２−１ ららぽーとEXPOCITY 3F,,places_manual_review,manual_override,ChIJHxaXaU3jAGAREEL85a9fktY,KUA`AINA ららぽーとEXPOCITY店,日本、〒565-0826 大阪府吹田市千里万博公園２−１ ららぽーとEXPOCITY 3F,34.8044661,135.533666,40.59,MANUAL_PLACE_OVERRIDE,135.2
ごはんとわたし ららぽーとEXPOCITY,万博記念公園駅 465m,食堂,,3.42,230,4629,"￥2,000～￥2,999","￥2,000～￥2,999",大阪府吹田市千里万博公園2-1 ららぽーとEXPOCITY 2F,34.8061228,135.5351894,日本、〒565-0826 大阪府吹田市千里万博公園２−１,,places,medium,ChIJI0oYTk3jAGARWmkWvnsIu-M,ごはんとわたし ららぽーとEXPOCITY店,日本、〒565-0826 大阪府吹田市千里万博公園２−１,34.8061228,135.5351894,54.63,,96.6
鶴亀,山田駅 713m,食堂,,3.09,23,115,"￥1,000～￥1,999","￥1,000～￥1,999",大阪府吹田市千里万博公園11-11 源気温泉 万博おゆば,34.8101158,135.5190829,日本、〒565-0826 大阪府吹田市千里万博公園１１−１１ 源気温泉万博おゆば,,places_auto_review,auto_override,ChIJz97cSlr7AGAR-YZrOQgJRJI,お食事処 鶴亀 （万博おゆば）,日本、〒565-0826 大阪府吹田市千里万博公園１１−１１ 源気温泉万博おゆば,34.8101158,135.5190829,25.50,AUTO_PLACE_OVERRIDE:distance_le_50m,7.1
RHC CAFE 大阪店,万博記念公園駅 382m,カフェ、カリフォルニア料理,Cozy Cafe,3.24,163,4302,"￥2,000～￥2,999","￥1,000～￥1,999",大阪府吹田市千里万博公園2-1 ららぽーとEXPOCITY,34.8054159,135.5339774,日本、〒565-0826 大阪府吹田市千里万博公園２−１ 三井ショッピングパークららぽーとＥＸＰＯＣＩＴＹ 1階,,places_auto_review,auto_override,ChIJodbiodzjAGARTN0fckiJ2Rk,RHC カフェ大阪店,日本、〒565-0826 大阪府吹田市千里万博公園２−１ 三井ショッピングパークららぽーとＥＸＰＯＣＩＴＹ 1階,34.8054159,135.5339774,34.50,AUTO_PLACE_OVERRIDE:distance_le_50m,45.4
モスバーガー ららぽーとEXPOCITY店,万博記念公園駅 557m,ハンバーガー,,3.05,29,136,-,～￥999,大阪府吹田市千里万博公園2-1 ららぽーとEXPOCITY 2F,34.8058929,135.5361575,日本、〒565-0826 大阪府吹田市千里万博公園２−１ ららぽーとＥＸＰＯＣＩＴＹ２ 階２０７９０Ｑゾーン,,places,medium,ChIJHxaXaU3jAGAROyHVSvpTI88,モスバーガーららぽーとEXPOCITY店,日本、〒565-0826 大阪府吹田市千里万博公園２−１ ららぽーとＥＸＰＯＣＩＴＹ２ 階２０７９０Ｑゾーン,34.8058929,135.5361575,53.00,,160.8
讃岐 うどん まごころ ららぽーとEXPOCITY店,万博記念公園駅 459m,うどん、天ぷら,,3.29,74,588,～￥999,～￥999,大阪府吹田市千里万博公園2-1 ららぽーとEXPOCITY 3F,34.8040843,135.5339884,日本、〒565-0826 大阪府吹田市千里万博公園２−１ ららぽーとEXPOCITY区画FC308,,places_manual_review,manual_override,ChIJ8VZthlLjAGAR1k9F1yxNdc0,讃岐うどん まごころ ららぽーとＥＸＰＯＣＩＴＹ店,日本、〒565-0826 大阪府吹田市千里万博公園２−１ ららぽーとEXPOCITY区画FC308,34.8040843,135.5339884,32.00,MANUAL_PLACE_OVERRIDE,162.2
肉うどん 杜都商店,万博記念公園駅 945m,うどん,,,2,6,-,-,大阪府吹田市千里万博公園3-3 パナソニック スタジアム 吹田,34.8020511,135.5387636,日本、〒565-0826 大阪府吹田市千里万博公園３−３ 市立吹田サッカースタジアム,,places_manual_review,manual_override,ChIJ2y6Zwr_jAGART4ZVT59k6sw,肉うどん 杜都商店 パナソニックスタジアム吹田3F,日本、〒565-0826 大阪府吹田市千里万博公園３−３ 市立吹田サッカースタジアム,34.8020511,135.5387636,33.65,MANUAL_PLACE_OVERRIDE,88.9
REDEEカフェ,万博記念公園駅 388m,カフェ,,3.02,1,5,-,-,大阪府吹田市千里万博公園2-1,34.80498,135.5349255,日本、〒565-0826 大阪府吹田市千里万博公園２−１ 三井ショッピングパークららぽーとＥＸＰＯＣＩＴＹ,,geocode_fallback,medium,ChIJ2V6WaU3jAGAR0poxSAlsd4w,EAT EAT EAT,日本、〒565-0826 大阪府吹田市千里万博公園２−１ ＮＩＦＲＥＬ 2F,34.8062445,135.5338103,13.62,LOW_PLACE_CONFIDENCE:low,173.6
日本橋 天丼 金子半之助 大阪ららぽーと　EXPOCITY店,万博記念公園駅 468m,天丼,,3.24,276,5424,"￥1,000～￥1,999","￥1,000～￥1,999",大阪府吹田市千里万博公園2-1 ららぽーとEXPOCITY 3F,34.8041965,135.5342193,日本、〒565-0826 大阪府吹田市千里万博公園２−１ ららぽーと EXPOCITY3階,,places,medium,ChIJHxaXaU3jAGARnsXH4ihvHYU,日本橋 天丼 金子半之助 大阪ららぽーとEXPOCITY店,日本、〒565-0826 大阪府吹田市千里万博公園２−１ ららぽーと EXPOCITY3階,34.8041965,135.5342193,56.00,,145.5
WEST,万博記念公園駅 651m,カフェ,,,112,,-,"￥1,000～￥1,999",大阪府吹田市千里万博公園10-16 万博記念公園自然文化園せせらぎ広場 LIVING PARK,34.8116594,135.5265901,日本、〒565-0826 大阪府吹田市千里万博公園１−１,,places_auto_review,auto_override,ChIJ4dD5lqf8AGARx-FgeoRDuRI,自然文化園,日本、〒565-0826 大阪府吹田市千里万博公園１−１,34.8116594,135.5265901,12.00,AUTO_PLACE_OVERRIDE:distance_le_50m,45.4
迎賓館,阪大病院前駅 400m,結婚式場,,3.11,8,69,-,-,大阪府吹田市千里万博公園9-1,34.8157818,135.5269621,日本、〒565-0826 大阪府吹田市千里万博公園９−１,,places,medium,ChIJZWJbLqf8AGARPs2nGwyX7Wk,迎賓館,日本、〒565-0826 大阪府吹田市千里万博公園９−１,34.8157818,135.5269621,57.00,,10.8
GODIVA ららぽーとEXPOCITY店,万博記念公園駅 524m,チョコレート,,3.08,74,271,～￥999,～￥999,大阪府吹田市千里万博公園2-1 ららぽーとEXPOCITY 1F,34.8057705,135.5357649,日本、〒565-0826 大阪府吹田市千里万博公園２−１ ららぽｰとEXPOCITY1F,,places_manual_review,manual_override,ChIJHxaXaU3jAGARA7C82OKUNE0,ゴディバ ららぽーとEXPOCITY,日本、〒565-0826 大阪府吹田市千里万博公園２−１ ららぽｰとEXPOCITY1F,34.8057705,135.5357649,36.71,MANUAL_PLACE_OVERRIDE,122.6
炭火焼肉たむら パナソニックスタジアム吹田店,万博記念公園駅 882m,弁当,,3.07,7,31,-,-,大阪府吹田市千里万博公園3-3,34.8026857,135.5381712,日本、〒565-0826 大阪府吹田市千里万博公園３−３ 市立吹田サッカースタジアム,,places_manual_review,manual_override,ChIJm4WvuE7jAGARbdCr0f3bdcE,パナソニックスタジアム吹田,日本、〒565-0826 大阪府吹田市千里万博公園３−３ 市立吹田サッカースタジアム,34.8026857,135.5381712,31.86,MANUAL_PLACE_OVERRIDE,311.9
辻利兵衛本店 エキスポ万博店,万博記念公園駅 556m,和菓子、甘味処,,3.06,38,195,-,-,大阪府吹田市千里万博公園2-1 ららぽーとEXPOCITY,34.8059177,135.5361525,日本、〒565-0826 大阪府吹田市千里万博公園２−１ 三井ショッピングパークららぽーとＥＸＰＯＣＩＴＹ,,places,medium,ChIJLfv05yfjAGARaBNMk774DMw,辻利兵衛本店 エキスポ万博店,日本、〒565-0826 大阪府吹田市千里万博公園２−１ 三井ショッピングパークららぽーとＥＸＰＯＣＩＴＹ,34.8059177,135.5361525,53.00,,161.1
THE ALLEY ららぽーとEXPOCITY,万博記念公園駅 404m,カフェ、ティースタンド、タピオカ,,3.01,4,21,-,-,大阪府吹田市千里万博公園2-1 三井ショッピングパークららぽーとＥＸＰＯＣＩＴＹ 1F,34.8058316,135.5344343,日本、〒565-0826 大阪府吹田市千里万博公園２−１ ららぽーとEXPOCITY 1F,,places,medium,ChIJ30_nVl3jAGARUhr3eCkYo5s,THE ALLEY ららぽーとEXPOCITY店,日本、〒565-0826 大阪府吹田市千里万博公園２−１ ららぽーとEXPOCITY 1F,34.8058316,135.5344343,53.19,,104.8
1ポンドのステーキハンバーグ タケル ららぽーとEXPOCITY店,万博記念公園駅 436m,ステーキ、ハンバーグ、カレー,,3.08,43,541,"￥2,000～￥2,999","￥1,000～￥1,999",大阪府吹田市千里万博公園2-1 ららぽーとEXPOCITY店 3F,34.8042399,135.5338121,日本、〒565-0826 大阪府吹田市千里万博公園２−１ 3F,,places,medium,ChIJX2JQ4P7jAGARlVnEayRwTg4,1ポンドの ステーキ ハンバーグ タケル ららぽーとEXPOCITY店,日本、〒565-0826 大阪府吹田市千里万博公園２−１ 3F,34.8042399,135.5338121,56.00,,219.6
テキサスBBQ&ステーキ Re DINER,公園東口駅 927m,丼,,,3,9,-,-,大阪府吹田市千里万博公園3-3 パナソニックスタジアム吹田,34.8026857,135.5381712,日本、〒565-0826 大阪府吹田市千里万博公園３−３ 市立吹田サッカースタジアム,,places_auto_review,auto_override,ChIJm4WvuE7jAGARbdCr0f3bdcE,パナソニックスタジアム吹田,日本、〒565-0826 大阪府吹田市千里万博公園３−３ 市立吹田サッカースタジアム,34.8026857,135.5381712,13.80,AUTO_PLACE_OVERRIDE:distance_le_50m,0.0
LIVING PARK,万博記念公園駅 460m,バーベキュー、焼肉,,,1,11,-,-,大阪府吹田市千里万博公園10-16 万博記念公園自然文化園せせらぎ広場,34.8124016,135.5265411,日本、〒565-0826 大阪府吹田市千里万博公園１０,,places_manual_review,manual_override,ChIJlaxGEan9AGAR8udwtYGNscY,LIVING PARK リビングパーク,日本、〒565-0826 大阪府吹田市千里万博公園１０,34.8124016,135.5265411,37.31,MANUAL_PLACE_OVERRIDE,90.1
STARBUCKS ららぽーとEXPOCITY 1階店,万博記念公園駅 510m,カフェ,,3.07,48,152,-,-,大阪府吹田市千里万博公園2-1 ららぽーとEXPOCITY 1F,34.8060462,135.5359634,日本、〒565-0826 大阪府吹田市千里万博公園２−１ ららぽーとEXPOCITY ２階 ２０３４０(店舗番号,,places_manual_review,manual_override,ChIJHxaXaU3jAGARnGkjkLMhDq8,スターバックス コーヒー ららぽーとEXPOCITY 2階店,日本、〒565-0826 大阪府吹田市千里万博公園２−１ ららぽーとEXPOCITY ２階 ２０３４０(店舗番号,34.8060462,135.5359634,32.72,MANUAL_PLACE_OVERRIDE,150.1
しゃぶ菜 ららぽーとEXPOCITY店,万博記念公園駅 463m,しゃぶしゃぶ,,3.03,15,136,-,"￥1,000～￥1,999",大阪府吹田市千里万博公園2-1 ららぽーとEXPOCITY 2F,34.805799,135.5349592,日本、〒565-0826 大阪府吹田市千里万博公園２−１,,places,medium,ChIJS-1E_yjjAGAR4e05ATIyQ1w,しゃぶ菜 ららぽーとEXPOCITY,日本、〒565-0826 大阪府吹田市千里万博公園２−１,34.805799,135.5349592,54.35,,56.7
ロキストア,万博記念公園駅 288m,ソフトクリーム、揚げ物,,3.05,6,37,-,～￥999,大阪府吹田市千里万博公園1-1,34.8095409,135.5324042,日本、〒565-0826 大阪府吹田市千里万博公園１−１ 太陽の塔地下,,geocode_fallback,medium,ChIJUTgoL1PjAGAR5HkIVRQ9N58,EXPO GOODS STORE,日本、〒565-0826 大阪府吹田市千里万博公園１−１,34.8065812,135.5327866,4.00,LOW_PLACE_CONFIDENCE:low,331.0
ファミリーマート 大阪万博公園店,山田駅 676m,コンビニ・スーパー,,3,2,5,-,-,大阪府吹田市千里万博公園13-9,34.8103396,135.5169198,日本、〒565-0826 大阪府吹田市千里万博公園１３−９,,places,medium,ChIJBcvTQ1v7AGARDvfxzNan-Vk,ファミリーマート 大阪万博公園店,日本、〒565-0826 大阪府吹田市千里万博公園１３−９,34.8103396,135.5169198,57.00,,6.5
EAT EAT EAT,万博記念公園駅 338m,カフェ,,3.29,86,636,"￥1,000～￥1,999","￥1,000～￥1,999",大阪府吹田市千里万博公園2-1 ニフレル 2F,34.8062445,135.5338103,日本、〒565-0826 大阪府吹田市千里万博公園２−１ ＮＩＦＲＥＬ 2F,,places,medium,ChIJ2V6WaU3jAGAR0poxSAlsd4w,EAT EAT EAT,日本、〒565-0826 大阪府吹田市千里万博公園２−１ ＮＩＦＲＥＬ 2F,34.8062445,135.5338103,60.00,,15.6
109シネマズ 大阪エキスポシティ,万博記念公園駅 407m,その他,,3.05,7,32,-,-,大阪府吹田市千里万博公園2-1 EXPOCITY内,34.8052847,135.5345203,日本、〒565-0826 大阪府吹田市千里万博公園２−１ EXPOCITY内,,places,medium,ChIJM8-mdU3jAGARuVWghuV5GPo,１０９シネマズ 大阪エキスポシティ,日本、〒565-0826 大阪府吹田市千里万博公園２−１ EXPOCITY内,34.8052847,135.5345203,45.00,,23.2
インフォメーションセンター エキスポ グッズ ストア,万博記念公園駅 240m,その他,,3.01,1,8,-,-,大阪府吹田市千里万博公園1-1,34.8065812,135.5327866,日本、〒565-0826 大阪府吹田市千里万博公園１−１,,places_manual_review,manual_override,ChIJUTgoL1PjAGAR5HkIVRQ9N58,EXPO GOODS STORE,日本、〒565-0826 大阪府吹田市千里万博公園１−１,34.8065812,135.5327866,4.00,MANUAL_PLACE_OVERRIDE,331.0
フルーツバーAOKI ららぽーとEXPOCITY店,万博記念公園駅 454m,ジューススタンド,,3.06,36,175,～￥999,～￥999,大阪府吹田市千里万博公園2-1 ららぽーとEXPOCITY 3F,34.8043435,135.5341716,日本、〒565-0826 大阪府吹田市千里万博公園２−１,,places,medium,ChIJndIyH9X9AGARpGGQtWWgGuA,フルーツバーAOKI ららぽーとEXPOCITY店,日本、〒565-0826 大阪府吹田市千里万博公園２−１,34.8043435,135.5341716,53.00,,130.2
EXPO BAR,吹田市,ビアバー,,3.02,1,1,-,-,大阪府吹田市千里万博公園3-3 パナソニックスタジアム吹田 第1ゲート,34.8038068,135.5385943,日本、〒565-0826 大阪府吹田市千里万博公園３,,places,medium,ChIJkzuiUgDjAGARljtoYZV7qEE,EXPO BAR,日本、〒565-0826 大阪府吹田市千里万博公園３,34.8038068,135.5385943,53.00,,130.5
町村農場 ららぽーとEXPOCITY店,万博記念公園駅 465m,ソフトクリーム,,3.07,52,562,～￥999,～￥999,大阪府吹田市千里万博公園2-1 ららぽーとEXPOCITY 3F,34.8043675,135.5343296,日本、〒565-0826 大阪府吹田市千里万博公園２−１,,places,medium,ChIJHxaXaU3jAGARlBLofAtwpV8,町村農場 ららぽーとEXPOCITY店,日本、〒565-0826 大阪府吹田市千里万博公園２−１,34.8043675,135.5343296,53.00,,125.3
エッグスンシングス ららぽーとEXPOCITY店,万博記念公園駅 506m,ハワイ料理、パンケーキ、アメリカ料理,,3.2,267,2466,"￥1,000～￥1,999","￥1,000～￥1,999",大阪府吹田市千里万博公園2-1 ららぽーとEXPOCITY　エキスポキッチン 2F,34.8058562,135.5353513,"日本、〒565-0826 大阪府吹田市千里万博公園２−１ ららぽーとEXPOCITY, 2階",,places_manual_review,manual_override,ChIJc6YYRU3jAGARY0ljpomRHr8,Eggs ’n Things ららぽーとEXPOCITY店,"日本、〒565-0826 大阪府吹田市千里万博公園２−１ ららぽーとEXPOCITY, 2階",34.8058562,135.5353513,39.38,MANUAL_PLACE_OVERRIDE,90.5
マンゴツリーカフェ EXPOCITY,万博記念公園駅 502m,タイ料理、カレー、アジア・エスニック,,3.17,159,1374,"￥1,000～￥1,999","￥1,000～￥1,999",大阪府吹田市千里万博公園2-1 ららぽーとEXPOCITY 1F,34.8059216,135.5364605,日本、〒565-0826 大阪府吹田市千里万博公園２−１ ららぽーとEXPOCITY1F,,places,medium,ChIJYWUyJU3jAGARPt6FT_LJXEI,マンゴツリーカフェEXPOCITY,日本、〒565-0826 大阪府吹田市千里万博公園２−１ ららぽーとEXPOCITY1F,34.8059216,135.5364605,59.00,,188.3
GAMBAR,公園東口駅 820m,売店,,,1,2,-,-,大阪府吹田市千里万博公園3-3,34.7999669,135.5390095,日本、〒565-0826 大阪府吹田市千里万博公園３−３,,geocode_fallback,medium,ChIJJ996orT8AGARtNKA2hzqoGY,万博記念公園,日本、〒565-0826 大阪府吹田市千里万博公園,34.8083595,135.5323812,0.00,LOW_PLACE_CONFIDENCE:low,1112.3
薪窯 PIZZA・CAFE NORTH GARDEN 万博公園店,万博記念公園駅 618m,ピザ、カフェ、パスタ,,3.43,139,3662,-,"￥1,000～￥1,999",大阪府吹田市千里万博公園10-3,34.8121965,135.5316742,日本、〒565-0826 大阪府吹田市千里万博公園１０−３,,places,medium,ChIJz9ZkU4j9AGARmlL9OFmzH_Q,薪窯 PIZZA・CAFE NORTH GARDEN 万博公園店,日本、〒565-0826 大阪府吹田市千里万博公園１０−３,34.8121965,135.5316742,57.00,,47.7
ケンタッキーフライドチキン ららぽーとEXPOCITY店,万博記念公園駅 448m,レストラン、からあげ、肉料理,,3.16,166,2742,"￥2,000～￥2,999",-,大阪府吹田市千里万博公園2-1,34.8059562,135.5350015,日本、〒565-0826 大阪府吹田市千里万博公園２−１,,places,medium,ChIJIUhgqTjjAGARs7xWlfQQFEM,ケンタッキーフライドチキンららぽーとEXPOCITY店,日本、〒565-0826 大阪府吹田市千里万博公園２−１,34.8059562,135.5350015,53.00,,108.8
ジェラフル 万博記念公園店,万博記念公園駅 234m,クレープ・ガレット、ソフトクリーム、スイーツ,,3.01,13,82,-,-,大阪府吹田市千里万博公園10-13,34.8082447,135.5319957,日本、〒565-0826 大阪府吹田市千里万博公園１０−１３,,places_auto_review,auto_override,ChIJZRznXtL9AGARm9GdnqZJa2U,GelaFru 万博記念公園店,日本、〒565-0826 大阪府吹田市千里万博公園１０−１３,34.8082447,135.5319957,28.58,AUTO_PLACE_OVERRIDE:distance_le_50m,0.2
ティーズスターダイナー ガンバスタジアム店,万博記念公園駅 882m,ハンバーガー,,3.04,4,44,-,-,大阪府吹田市千里万博公園3-3,34.7999669,135.5390095,日本、〒565-0826 大阪府吹田市千里万博公園３−３,,geocode_fallback,medium,ChIJm4WvuE7jAGARbdCr0f3bdcE,パナソニックスタジアム吹田,日本、〒565-0826 大阪府吹田市千里万博公園３−３ 市立吹田サッカースタジアム,34.8026857,135.5381712,15.74,LOW_PLACE_CONFIDENCE:low,311.9
ファミリーマート 万博記念公園店,万博記念公園駅 219m,コンビニ・スーパー,,3.03,7,18,-,-,大阪府吹田市千里万博公園1-20,34.8059568,135.5323923,日本、〒565-0826 大阪府吹田市千里万博公園１−２０ ファミリーマート,,places,medium,ChIJZzaRfKDjAGARpB_KdF3uaY0,ファミリーマート 万博記念公園店,日本、〒565-0826 大阪府吹田市千里万博公園１−２０ ファミリーマート,34.8059568,135.5323923,57.00,,3.8
焼肉でん,吹田市,売店,,3,1,3,-,-,大阪府吹田市千里万博公園3-3 パナソニック スタジアム 吹田,34.8026857,135.5381712,日本、〒565-0826 大阪府吹田市千里万博公園３−３ 市立吹田サッカースタジアム,,geocode_fallback,medium,ChIJnd4TaEXjAGARC6kBK84e97o,内臓専門 デンスケ,日本、〒565-0806 大阪府吹田市樫切山１８−８ 第2清涼マンション,34.7973137,135.5358734,7.00,LOW_PLACE_CONFIDENCE:low,633.1
治一郎 ららぽーとEXPOCITY店,万博記念公園駅 585m,バームクーヘン,,3.07,53,376,～￥999,～￥999,大阪府吹田市千里万博公園2-1 ららぽーとEXPOCITY 1F,34.8057757,135.5364489,日本、〒565-0826 大阪府吹田市千里万博公園２−１ 三井ショッピングパークららぽーとＥＸＰＯＣＩＴＹ 1F,,places,medium,ChIJYR5Xtd3jAGARrQz4vtVc-DY,治一郎 ららぽーとEXPOCITY店,日本、〒565-0826 大阪府吹田市千里万博公園２−１ 三井ショッピングパークららぽーとＥＸＰＯＣＩＴＹ 1F,34.8057757,135.5364489,56.00,,183.8
仙臺たんや利久 ららぽーとEXPOCITY店,万博記念公園駅 473m,牛タン,,3.05,68,449,"￥1,000～￥1,999","￥1,000～￥1,999",大阪府吹田市千里万博公園2-1 ららぽーとEXPOCITY 3F,34.80424259999999,135.5343371,日本、〒565-0826 大阪府吹田市千里万博公園２−１,,places_manual_review,manual_override,ChIJOxaXaU3jAGAR5vsAQA-5Kqw,肉丼 利久 ららぽーとEXPOCITY店,日本、〒565-0826 大阪府吹田市千里万博公園２−１,34.80424259999999,135.5343371,38.68,MANUAL_PLACE_OVERRIDE,139.1
OSAKA WHEEL,万博記念公園駅 426m,その他,,3.04,6,17,-,～￥999,大阪府吹田市千里万博公園2-1 EXPOCITY,34.8063356,135.5347949,日本、〒565-0826 大阪府吹田市千里万博公園２−１,,places_manual_review,manual_override,ChIJ09Yoq7L8AGAR15_PjFOs_tE,OSAKA WHEEL オオサカホイール,日本、〒565-0826 大阪府吹田市千里万博公園２−１,34.8063356,135.5347949,36.00,MANUAL_PLACE_OVERRIDE,98.8
VEGEGOオヌレシクタン ららぽーとEXPOCITY,万博記念公園駅 421m,韓国料理,,3.1,74,435,"￥2,000～￥2,999","￥1,000～￥1,999",大阪府吹田市千里万博公園2-1 ららぽーとEXPOCITY 3F フードコート,34.8043672,135.5337338,日本、〒565-0826 大阪府吹田市千里万博公園２−１ ららぽーとEXPOCITY,,places,medium,ChIJ4fSBLprjAGAR5c_vVfkkxcM,VEGEGOオヌレシクタン ららぽーとEXPOCITY,日本、〒565-0826 大阪府吹田市千里万博公園２−１ ららぽーとEXPOCITY,34.8043672,135.5337338,56.00,,141.5
はす庵,阪大病院前駅 553m,日本料理、うどん、甘味処,,3.03,6,47,-,"￥1,000～￥1,999",大阪府吹田市千里万博公園,34.8130218,135.5353792,日本、〒565-0826 大阪府吹田市千里万博公園９,,places_manual_review,manual_override,ChIJ7zdtV6v8AGARtnYzF6vYSa4,季節料理 はす庵,日本、〒565-0826 大阪府吹田市千里万博公園９,34.8130218,135.5353792,22.29,MANUAL_PLACE_OVERRIDE,1059.9
カントリーマアム FACTORY ららぽーとEXPOCITY店,万博記念公園駅 506m,ケーキ,,3.35,130,1382,～￥999,-,大阪府吹田市千里万博公園2-1 ららぽーとEXPOCITY 1F,34.80559210000001,135.5357755,日本、〒10870 大阪府吹田市千里万博公園２−１ 三井ショッピングパークららぽーとＥＸＰＯＣＩＴＹ 1F JP 565-0826,,places,medium,ChIJHxaXaU3jAGARmhYncNXa30w,不二家 カントリーマアムFACTORY ららぽーとEXPOCITY店,日本、〒10870 大阪府吹田市千里万博公園２−１ 三井ショッピングパークららぽーとＥＸＰＯＣＩＴＹ 1F JP 565-0826,34.80559210000001,135.5357755,50.81,,120.1
bbase,公園東口駅 321m,バーベキュー,,3.05,6,18,-,-,大阪府吹田市千里万博公園1-10,34.8108733,135.5360582,日本、〒532-0011 大阪府吹田市千里万博公園１−１０,,places_auto_review,auto_override,ChIJCaBAI7L8AGARC7vPT_43Vpw,万博バーベキューコーナー B-Base,日本、〒532-0011 大阪府吹田市千里万博公園１−１０,34.8108733,135.5360582,24.86,AUTO_PLACE_OVERRIDE:distance_le_50m,10.1
ドンク・ミニワン ららぽーとEXPOCITY店,万博記念公園駅 564m,パン、サンドイッチ,,3.06,37,180,～￥999,～￥999,大阪府吹田市千里万博公園2-1 ららぽーとEXPOCITY 1F,34.8058785,135.5362333,日本、〒565-0826 大阪府吹田市千里万博公園２−１ 1Ｆ ららぽーとEXPOCITY店,,places,medium,ChIJm5G6O03jAGARbXbOh8-l9aY,ドンク ららぽーとEXPOCITY店,日本、〒565-0826 大阪府吹田市千里万博公園２−１ 1Ｆ ららぽーとEXPOCITY店,34.8058785,135.5362333,47.00,,167.0
ニフレルショップ,万博記念公園駅 506m,洋菓子,,3.02,7,82,-,-,大阪府吹田市千里万博公園2-1 ららぽーとEXPOCITY ニフレル 1F,34.8061087,135.5339594,日本、〒565-0826 大阪府吹田市千里万博公園２−１ ＮＩＦＲＥＬ 2F,,places_auto_review,auto_override,ChIJPbWyPgn9AGAR9YEEfmzOAqQ,ミュージアムショップ NIFREL×NIFREL,日本、〒565-0826 大阪府吹田市千里万博公園２−１ ＮＩＦＲＥＬ 2F,34.8061087,135.5339594,20.57,AUTO_PLACE_OVERRIDE:distance_le_50m,35.6
サーティワンアイスクリーム ららぽーとEXPOCITY店,万博記念公園駅 505m,ジェラート・アイスクリーム,,3.02,14,78,～￥999,～￥999,大阪府吹田市千里万博公園2-1 ららぽーとEXPOCITY 3F,34.8055073,135.5345208,日本、〒565-0826 大阪府吹田市千里万博公園２−１,,places,medium,ChIJHxaXaU3jAGARLDMP4t-GfBc,サーティワンアイスクリーム ららぽーとEXPOCITY店,日本、〒565-0826 大阪府吹田市千里万博公園２−１,34.8055073,135.5345208,57.00,,5.4
ルピシア ららぽーとEXPOCITY店,万博記念公園駅 567m,カフェ,,,3,31,-,-,大阪府吹田市千里万博公園2-1 ららぽーとEXPOCITY 1F,34.8057721,135.5362488,日本、〒565-0826 大阪府吹田市千里万博公園２−１ ららぽーとexpocity 1F,,places,medium,ChIJnWeKn1LjAGARHUje0eHWCfA,ルピシア ららぽーとEXPOCITY店,日本、〒565-0826 大阪府吹田市千里万博公園２−１ ららぽーとexpocity 1F,34.8057721,135.5362488,59.00,,165.7
淡路屋,吹田市,弁当,,3.02,1,,-,-,大阪府吹田市千里万博公園3-3,34.7999669,135.5390095,日本、〒565-0826 大阪府吹田市千里万博公園３−３,,geocode_fallback,medium,ChIJJ996orT8AGARtNKA2hzqoGY,万博記念公園,日本、〒565-0826 大阪府吹田市千里万博公園,34.8083595,135.5323812,0.00,LOW_PLACE_CONFIDENCE:low,1112.3
たこ家道頓堀くくる パナソニックスタジアム吹田店,万博記念公園駅 782m,たこ焼き,,3.04,22,81,～￥999,～￥999,大阪府吹田市千里万博公園3-3 パナソニックスタジアム吹田 3F,34.8031273,135.5374811,日本、〒565-0826 大阪府吹田市千里万博公園３−３ パナソニック スタジアム吹田,,places,medium,ChIJ87okKEzjAGARgkviAnkCpjY,たこ家道頓堀くくるパナソニックスタジアム吹田店,日本、〒565-0826 大阪府吹田市千里万博公園３−３ パナソニック スタジアム吹田,34.8031273,135.5374811,60.00,,79.9
大阪玉出 会津屋 ららぽーとEXPOCITY店,万博記念公園駅 461m,たこ焼き,,3.08,88,732,～￥999,～￥999,大阪府吹田市千里万博公園2-1 ららぽーとEXPOCITY 3F,34.80411550000001,135.534049,日本、〒565-0826 大阪府吹田市千里万博公園２−１,,places_manual_review,manual_override,ChIJARCmkVLjAGARZ3PAaipgxgM,元祖たこ焼き 会津屋 ららぽーとEXPOCITY店,日本、〒565-0826 大阪府吹田市千里万博公園２−１,34.80411550000001,135.534049,35.69,MANUAL_PLACE_OVERRIDE,157.4
AT THE 21,公園東口駅 834m,お好み焼き,,3.05,6,262,-,-,大阪府吹田市千里万博公園3-3 パナソニックスタジアム吹田,34.7999748,135.4724615,日本、〒560-0013 大阪府豊中市上野東３丁目１８−１９,,places_manual_review,manual_override,ChIJj2mACez6AGAR8xX1aA3d_qY,ＡＴ ＴＨＥ ２１,日本、〒560-0013 大阪府豊中市上野東３丁目１８−１９,34.7999748,135.4724615,-8.00,MANUAL_PLACE_OVERRIDE,6007.3
国立民族学博物館特別展示館ミュージアムショップ,阪大病院前駅 625m,その他,,3.01,1,24,-,-,大阪府吹田市千里万博公園10-1 国立民族学博物館特別展示館 B1F・1F,34.8129508,135.5303814,日本、〒565-8511 大阪府吹田市千里万博公園１０−１,,places,medium,ChIJ41HMA6b8AGAR2ok8e9CPBdU,国立民族学博物館 ミュージアム・ショップ,日本、〒565-8511 大阪府吹田市千里万博公園１０−１,34.8129508,135.5303814,47.22,,78.5
シアトルズ・ベスト・コーヒー 万博記念公園店,公園東口駅 395m,カフェ,,3.04,27,155,-,～￥999,大阪府吹田市千里万博公園10,34.8101141,135.5352744,日本、〒565-0826 大阪府吹田市千里万博公園９−２,,places,medium,ChIJxRqQbGz9AGARMXXWCcPaQCc,シアトルズベストコーヒー万博記念公園店,日本、〒565-0826 大阪府吹田市千里万博公園９−２,34.8101141,135.5352744,46.50,,371.4
いっぷく屋,山田駅 721m,カフェ、レストラン,,3,3,12,-,-,大阪府吹田市千里万博公園11-11 万博　おゆば施設内,34.8101427,135.5191538,日本、〒565-0826 大阪府吹田市千里万博公園１１−１１,,places_auto_review,auto_override,ChIJEXDpSlr7AGAR5-1V8sPbTms,源気温泉 万博おゆば,日本、〒565-0826 大阪府吹田市千里万博公園１１−１１,34.8101427,135.5191538,15.00,AUTO_PLACE_OVERRIDE:distance_le_50m,0.0
和み,阪大病院前駅 613m,カフェ,,3.09,12,79,-,～￥999,大阪府吹田市千里万博公園9-2,34.8134249,135.5325948,日本、〒565-0826 大阪府吹田市千里万博公園９−３,,places,medium,ChIJeQtv-n39AGAReZrjOW8Kd-U,和み,日本、〒565-0826 大阪府吹田市千里万博公園９−３,34.8134249,135.5325948,53.00,,271.0
静屋 ららぽーとEXPOCITY店,万博記念公園駅 455m,スイーツ,,3.02,2,40,～￥999,～￥999,大阪府吹田市千里万博公園2-1 ららぽーとEXPOCITY 3F,34.8044536,135.5342666,日本、〒565-0826 大阪府吹田市千里万博公園２−１,,places,medium,ChIJHxaXaU3jAGAR82hm50PCGOU,静屋 ららぽーとEXPOCITY店,日本、〒565-0826 大阪府吹田市千里万博公園２−１,34.8044536,135.5342666,53.00,,116.6
クンテープ 吹田スタジアム店,万博記念公園駅 864m,タイ料理,,3.06,8,65,～￥999,～￥999,大阪府吹田市千里万博公園3-3 吹田スタジアム D4ブロック付近,34.803549,135.5385783,日本、〒565-0826 大阪府吹田市千里万博公園３−３ 市立吹田サッカースタジアム,,places_manual_review,manual_override,ChIJa21yp07jAGARnMuvxqY8Joo,タイ料理クンテープ 吹田スタジアム店,日本、〒565-0826 大阪府吹田市千里万博公園３−３ 市立吹田サッカースタジアム,34.803549,135.5385783,44.56,MANUAL_PLACE_OVERRIDE,102.9
ミツケ キッチン,万博記念公園駅 506m,洋食,,3.31,102,1035,"￥1,000～￥1,999","￥1,000～￥1,999",大阪府吹田市千里万博公園2-1 ららぽーとEXPOCITY,34.8061228,135.5350035,日本、〒565-0826 大阪府吹田市千里万博公園２−１ ２階,,places_manual_review,manual_override,ChIJHxaXaU3jAGARUY6DtvS4rxA,MITSUKE KITCHEN ららぽーとEXPOCITY店,日本、〒565-0826 大阪府吹田市千里万博公園２−１ ２階,34.8061228,135.5350035,12.00,MANUAL_PLACE_OVERRIDE,85.9
ナナズ グリーンティー ららぽーとEXPOCITY店,万博記念公園駅 506m,カフェ、甘味処,,3.08,75,382,～￥999,～￥999,大阪府吹田市千里万博公園2-1 ららぽーとEXPOCITY 3F,34.8058632,135.5351097,日本、〒565-0826 大阪府吹田市千里万博公園２−１,,places_manual_review,manual_override,ChIJvUmSN03jAGARS-hy41V6n2k,nana's green tea ららぽーとEXPOCITY店（matcha cafe）,日本、〒565-0826 大阪府吹田市千里万博公園２−１,34.8058632,135.5351097,30.87,MANUAL_PLACE_OVERRIDE,72.0
万博豚汁 ピッグマン,公園東口駅 208m,豚料理,,3.02,2,43,-,-,大阪府吹田市千里万博公園5-2 1F,34.8110008,135.5418706,日本、〒565-0826 大阪府吹田市千里万博公園５−２,,places,medium,ChIJm25RPRT9AGARUalt1HGwkPo,万博豚汁ピッグマン,日本、〒565-0826 大阪府吹田市千里万博公園５−２,34.8110008,135.5418706,53.00,,126.3
マクドナルド ららぽーとEXPOCITY店,万博記念公園駅 406m,ハンバーガー,,3.04,24,70,～￥999,～￥999,大阪府吹田市千里万博公園2-1 ららぽーとEXPOCITY,34.805815,135.5344526,日本、〒565-0826 大阪府吹田市千里万博公園２−１,,places,medium,ChIJydIYVIjjAGARXMflY8mso5I,マクドナルド ららぽーとEXPOCITY店,日本、〒565-0826 大阪府吹田市千里万博公園２−１,34.805815,135.5344526,57.00,,36.3
ナゲット ナゲット,万博記念公園駅 392m,鳥料理,,3.1,29,267,-,"￥1,000～￥1,999",大阪府吹田市千里万博公園10 お祭り広場横,34.8101366,135.5314637,日本、〒565-0826 大阪府吹田市千里万博公園１０−１６ 万博記念公園,,places,medium,ChIJ5y00Zdz9AGARvGiJv_4Bg-g,ナゲット ナゲット,日本、〒565-0826 大阪府吹田市千里万博公園１０−１６ 万博記念公園,34.8101366,135.5314637,57.00,,91.6
PEANUTS Cafe 大阪,万博記念公園駅 396m,カフェ,,3.26,135,1300,"￥2,000～￥2,999","￥1,000～￥1,999",大阪府吹田市千里万博公園2-1 ららぽーとEXPOCITY 1F,34.8058494,135.5343487,日本、〒565-0826 大阪府吹田市千里万博公園２−１ 三井ショッピングパークららぽーとＥＸＰＯＣＩＴＹ 1F,,places,medium,ChIJyxhOHn3jAGARvHvojKOZ1gk,PEANUTS Cafe 大阪,日本、〒565-0826 大阪府吹田市千里万博公園２−１ 三井ショッピングパークららぽーとＥＸＰＯＣＩＴＹ 1F,34.8058494,135.5343487,60.00,,41.5
セブンイレブン モノウェル万博記念公園店,万博記念公園駅 43m,コンビニ・スーパー,,3.01,3,5,-,-,大阪府吹田市千里万博公園1-1 千里万博公園内,34.8066906,135.5306265,日本、〒565-0826 大阪府吹田市千里万博公園１ 内,,places,medium,ChIJb7QiY6z8AGARKb5PcilE6ZI,セブン-イレブン モノウェル万博記念公園店,日本、〒565-0826 大阪府吹田市千里万博公園１ 内,34.8066906,135.5306265,50.50,,245.2
ファントエス ららぽーとEXPOCITY店,万博記念公園駅 478m,カフェ,,3.01,2,6,-,-,大阪府吹田市千里万博公園2-1 ららぽーとEXPOCITY 3F,34.80498,135.5349255,日本、〒565-0826 大阪府吹田市千里万博公園２−１ 三井ショッピングパークららぽーとＥＸＰＯＣＩＴＹ 3F,,places,medium,ChIJeZsJ_NvjAGAR8j7MroQQqkM,ファントエス ららぽーとEXPOCITY店,日本、〒565-0826 大阪府吹田市千里万博公園２−１ 三井ショッピングパークららぽーとＥＸＰＯＣＩＴＹ 3F,34.80498,135.5349255,60.00,,70.4
タリーズコーヒー ららぽーとEXPOCITY店,万博記念公園駅 468m,カフェ,,3.06,40,178,～￥999,～￥999,大阪府吹田市千里万博公園2-1 ららぽーとEXPOCITY 3F,34.8045386,135.5345097,日本、〒565-0826 大阪府吹田市千里万博公園2−1−３ 階 30620,,places,medium,ChIJHxaXaU3jAGARvK4UaFPuQSA,タリーズコーヒー ららぽーとEXPOCITY店,日本、〒565-0826 大阪府吹田市千里万博公園2−1−３ 階 30620,34.8045386,135.5345097,53.00,,105.8
源気温泉万博おゆば,山田駅 718m,その他,,3.07,6,19,-,-,大阪府吹田市千里万博公園11-11,34.8101427,135.5191538,日本、〒565-0826 大阪府吹田市千里万博公園１１−１１,,places,medium,ChIJEXDpSlr7AGAR5-1V8sPbTms,源気温泉 万博おゆば,日本、〒565-0826 大阪府吹田市千里万博公園１１−１１,34.8101427,135.5191538,57.00,,1.1
カルビープラス ららぽーとEXPOCITY店,万博記念公園駅 510m,スイーツ,,3.11,123,655,～￥999,～￥999,大阪府吹田市千里万博公園2-1 ららぽーとEXPOCITY 1F,34.8057733,135.5356142,日本、〒565-0826 大阪府吹田市千里万博公園２−１ ららぽーと ＥＸＰＯＣＩＴＹ１F,,places_manual_review,manual_override,ChIJ9aPQDk3jAGARIHMDuEAzg6E,カルビープラス（Calbee+） ららぽーとEXPOCITY店,日本、〒565-0826 大阪府吹田市千里万博公園２−１ ららぽーと ＥＸＰＯＣＩＴＹ１F,34.8057733,135.5356142,42.20,MANUAL_PLACE_OVERRIDE,109.5
G DOG STAND,吹田市,サンドイッチ,,3,1,,-,-,大阪府吹田市千里万博公園3-3 パナソニック スタジアム吹田 D3ブロック付近,34.8035324,135.5386448,日本、〒565-0826 大阪府吹田市千里万博公園３−３ 市立吹田サッカースタジアム,,places_manual_review,manual_override,ChIJe7wYIVbjAGARJipNy7x3ZJg,Ｇドックスタンド,日本、〒565-0826 大阪府吹田市千里万博公園３−３ 市立吹田サッカースタジアム,34.8035324,135.5386448,8.00,MANUAL_PLACE_OVERRIDE,103.6
プチプランス クグロフ ららぽーとEXPOCITY店,万博記念公園駅 535m,ケーキ、カフェ,,3.13,83,745,～￥999,～￥999,大阪府吹田市千里万博公園2-1 ららぽーとEXPOCITY,34.8058788,135.5359144,日本、〒565-0826 大阪府吹田市千里万博公園２−１,,places_manual_review,manual_override,ChIJD8yZQE3jAGAR4Dl8dUaGy5E,プチプランス・クグロフ,日本、〒565-0826 大阪府吹田市千里万博公園２−１,34.8058788,135.5359144,25.61,MANUAL_PLACE_OVERRIDE,139.1
マルトメ・ザ・ジューサリー パフェテリア ららぽーとEXPOCITY店,万博記念公園駅 496m,フルーツパーラー、クレープ・ガレット、洋菓子,,3.08,37,299,～￥999,～￥999,大阪府吹田市千里万博公園2-1 三井ショッピングパークららぽーとEXPOCITY 2F,34.8053619,135.5353109,日本、〒565-0826 大阪府吹田市千里万博公園２−１ ２階,,places_manual_review,manual_override,ChIJSd-4lonjAGARtHiN5lf--GI,マルトメ・ザ・ジューサリー パフェテリア ららぽーとエキスポシティ店,日本、〒565-0826 大阪府吹田市千里万博公園２−１ ２階,34.8053619,135.5353109,38.47,MANUAL_PLACE_OVERRIDE,55.1
阪急ベーカリー香房 千里山店,千里山駅 79m,パン,,3.01,1,11,-,-,大阪府吹田市千里山霧が丘22-1 BiVi 千里山 1F,34.7790354,135.5062421,日本、〒565-0844 大阪府吹田市千里山霧が丘２２−１ ＢｉＶｉ千里山,,places_auto_review,auto_override,ChIJp9DbpcDkAGARKsa3_kti1jo,BiVi 千里山,日本、〒565-0844 大阪府吹田市千里山霧が丘２２−１ ＢｉＶｉ千里山,34.7790354,135.5062421,24.00,AUTO_PLACE_OVERRIDE:distance_le_50m,0.0
高砂,千里山駅 445m,和菓子,,3,5,35,-,-,大阪府吹田市千里山高塚2-3,34.7808535,135.5094488,日本、〒565-0848 大阪府吹田市千里山高塚２−３,,places,medium,ChIJB54Nz77kAGARcx6cWX0uRYQ,高砂,日本、〒565-0848 大阪府吹田市千里山高塚２−３,34.7808535,135.5094488,57.00,,12.1
MAISON NAKAKO,千里山駅 505m,フレンチ,千里山の閑静な住宅街に佇むフレンチダイニング,3.33,41,2116,"￥8,000～￥9,999","￥4,000～￥4,999",大阪府吹田市千里山竹園1-21-4 メリーヒル緑地公園,34.7799983,135.5000151,日本、〒565-0852 大阪府吹田市千里山竹園１丁目２１−４ メリーヒル緑地公園 b2₋2,,places_auto_review,auto_override,ChIJy67EevblAGAR7sohbGgGSFE,メゾンナカコ,日本、〒565-0852 大阪府吹田市千里山竹園１丁目２１−４ メリーヒル緑地公園 b2₋2,34.7799983,135.5000151,15.00,AUTO_PLACE_OVERRIDE:distance_le_50m,5.7
おぼや,南千里駅 600m,丼、焼肉、弁当,,3.37,138,3931,"￥1,000～￥1,999","￥1,000～￥1,999",大阪府吹田市千里山竹園2-25-5,34.7874185,135.5058133,日本、〒565-0852 大阪府吹田市千里山竹園２丁目２５−５,,places,medium,ChIJ-07r58nkAGARTkkTup6H0-4,おぼや,日本、〒565-0852 大阪府吹田市千里山竹園２丁目２５−５,34.7874185,135.5058133,57.00,,8.3
快活クラブ 千里本店,緑地公園駅 590m,その他,,3.02,2,11,-,-,大阪府吹田市千里山竹園1-5-1 ＡＯＫＩ大阪千里総本店 3F,34.7801684,135.4974191,日本、〒565-0852 大阪府吹田市千里山竹園１丁目５−１ 3F,,places_auto_review,auto_override,ChIJh00K-M_kAGAR1vTMSMsZEcw,快活CLUB 千里本店,日本、〒565-0852 大阪府吹田市千里山竹園１丁目５−１ 3F,34.7801684,135.4974191,35.77,AUTO_PLACE_OVERRIDE:distance_le_50m,8.3
ガスト 吹田千里山店,桃山台駅 772m,ファミレス,,3.03,20,112,"￥1,000～￥1,999",～￥999,大阪府吹田市千里山竹園2-17-35 ノア・インドアステージ南千里　２Ｆ,34.7866816,135.5039713,"２Ｆ, 吹田市千里山竹園２丁目１７−３５ノア・イン ドアステージ南千里, 大阪府 565-0852 日本",,places,medium,ChIJ86k2nsnkAGARmtXc8QZgmus,ガスト 吹田千里山店,"２Ｆ, 吹田市千里山竹園２丁目１７−３５ノア・イン ドアステージ南千里, 大阪府 565-0852 日本",34.7866816,135.5039713,63.00,,0.0
阪急OASIS 千里山竹園店,緑地公園駅 455m,コンビニ・スーパー,,,3,7,-,-,大阪府吹田市千里山竹園1-1-1,34.7797645,135.4973123,日本、〒565-0852 大阪府吹田市千里山竹園１丁目１−１,,places_auto_review,auto_override,ChIJCWcOTMXkAGARbzTIbn9BlmE,阪急オアシス千里山竹園店,日本、〒565-0852 大阪府吹田市千里山竹園１丁目１−１,34.7797645,135.4973123,34.50,AUTO_PLACE_OVERRIDE:distance_le_50m,0.0
広島お好み焼・鉄板焼 かん吉,南千里駅 532m,お好み焼き,,3.17,42,1068,"￥2,000～￥2,999","￥1,000～￥1,999",大阪府吹田市千里山西6-60-9,34.787827,135.506523,日本、〒565-0851 大阪府吹田市千里山西６丁目６０−９ 山田マンション,,places_auto_review,auto_override,ChIJdVcXH7bkAGARcMycp81ifxI,かん吉,日本、〒565-0851 大阪府吹田市千里山西６丁目６０−９ 山田マンション,34.787827,135.506523,23.25,AUTO_PLACE_OVERRIDE:distance_le_50m,13.2
八剣伝 阪急千里山駅前店,千里山駅 51m,居酒屋、焼き鳥、鳥料理,【千里山駅徒歩1分】本格炭火焼鳥が自慢！グループでもお一人様でも大歓迎です♪,3.01,11,169,"￥2,000～￥2,999",-,大阪府吹田市千里山西5丁目2-5 第１加藤ビル１F,34.7787404,135.5047976,日本、〒565-0851 大阪府吹田市千里山西５丁目２−５ 千里山S2ビル １Ｆ,,places,medium,ChIJG0WYzsDkAGARh0KIMBoB7Bs,八剣伝 阪急千里山駅前店,日本、〒565-0851 大阪府吹田市千里山西５丁目２−５ 千里山S2ビル １Ｆ,34.7787404,135.5047976,57.00,,11.1
鴨と醸し 鼓道,緑地公園駅 325m,そば、鳥料理、親子丼,お昼はお蕎麦と名物親子丼・夜は鴨鍋や鴨料理、発酵料理。,3.62,588,28595,"￥6,000～￥7,999","￥1,000～￥1,999",大阪府吹田市千里山西4-37-3 1F,34.7779747,135.4966187,日本、〒565-0851 大阪府吹田市千里山西４丁目３７−３ 1F,,places_auto_review,auto_override,ChIJC8F11NrkAGARVhK-zm7cAVY,鴨と醸し 鼓道 緑地公園店,日本、〒565-0851 大阪府吹田市千里山西４丁目３７−３ 1F,34.7779747,135.4966187,39.55,AUTO_PLACE_OVERRIDE:distance_le_50m,3.1
ブティックノーム,緑地公園駅 499m,ケーキ,,,1,10,-,-,大阪府吹田市千里山西4-30-8 ヴェルタ千里山　１Ｆ,34.7779434,135.4996825,日本、〒565-0851 大阪府吹田市千里山西４丁目３０−８ ヴェルタ千里山,,places,medium,ChIJQWOBZ8TkAGARQZhnr5caXFA,ブティック・ノーム,日本、〒565-0851 大阪府吹田市千里山西４丁目３０−８ ヴェルタ千里山,34.7779434,135.4996825,55.00,,3.7
ドク ホリディ,千里山駅 79m,喫茶店,,3.07,7,247,-,-,大阪府吹田市千里山西1-39-15,34.7784724,135.504527,日本、〒565-0851 大阪府吹田市千里山西１丁目３９−１５,,places,medium,ChIJNw3qxMDkAGAR7RTivtJ-J8o,ドク ホリディ,日本、〒565-0851 大阪府吹田市千里山西１丁目３９−１５,34.7784724,135.504527,57.00,,16.3
あほや 阪急千里山店,千里山駅 116m,たこ焼き,,3.02,11,114,-,-,大阪府吹田市千里山西4-9-27,34.7786888,135.5040912,日本、〒565-0851 大阪府吹田市千里山西４丁目９−２７,,places_auto_review,auto_override,ChIJY3Sl1cDkAGAR2RhqzXtMfuY,たこやきあほや千里山店,日本、〒565-0851 大阪府吹田市千里山西４丁目９−２７,34.7786888,135.5040912,38.25,AUTO_PLACE_OVERRIDE:distance_le_50m,2.8
千,千里山駅 150m,居酒屋,,3,1,26,-,-,大阪府吹田市千里山西4-9-22,34.7787985,135.5037255,日本、〒565-0851 大阪府吹田市千里山西４丁目９−２２,,places,medium,ChIJj65i08bkAGARYTclAzRVYPU,千,日本、〒565-0851 大阪府吹田市千里山西４丁目９−２２,34.7787985,135.5037255,57.00,,5.4
KOHYO 南千里店,南千里駅 759m,コンビニ・スーパー,,,5,,-,-,大阪府吹田市千里山西6-56-1,34.785897,135.5056761,日本、〒565-0851 大阪府吹田市千里山西６丁目５６−１,,places,medium,ChIJ9zj9X07lAGAR8dNIuocYO4A,KOHYO 南千里店,日本、〒565-0851 大阪府吹田市千里山西６丁目５６−１,34.785897,135.5056761,57.00,,3.2
パティスリー・シャンピェール 阪急千里山店,千里山駅 43m,ケーキ、洋菓子,,3.2,24,389,-,-,大阪府吹田市千里山西5-1-3,34.7785337,135.5057888,日本、〒565-0851 大阪府吹田市千里山西５丁目１−３,,places_auto_review,auto_override,ChIJm_rMZs3lAGARJycVN-EFhFI,シャンピェール,日本、〒565-0851 大阪府吹田市千里山西５丁目１−３,34.7785337,135.5057888,24.86,AUTO_PLACE_OVERRIDE:distance_le_50m,6.2
千里山パン工房 エメ ラ ヴィ,千里山駅 112m,パン,,3.06,8,159,-,-,大阪府吹田市千里山西1丁目41-24 フジハイツ1階,34.778325,135.504225,日本、〒565-0851 大阪府吹田市千里山西１丁目４１−２４,,places,medium,ChIJY_bl2cDkAGAR9NoPtjV1Eu4,千里山パン工房 エメ・ラ・ヴィ,日本、〒565-0851 大阪府吹田市千里山西１丁目４１−２４,34.778325,135.504225,53.54,,4.5
凛,千里山駅 56m,そば、居酒屋,,3.1,12,304,-,-,大阪府吹田市千里山西5-2-5 加藤ビル 2F,34.7787456,135.5047801,日本、〒565-0851 大阪府吹田市千里山西５丁目２−４,,places_auto_review,auto_override,ChIJqwUnycDkAGARUCRSaYubg6s,そば居酒屋 凛,日本、〒565-0851 大阪府吹田市千里山西５丁目２−４,34.7787456,135.5047801,19.50,AUTO_PLACE_OVERRIDE:distance_le_50m,10.1
ラーメン つけ麺 熱く勢ろ,関大前駅 301m,ラーメン、つけ麺,,3.18,55,2022,～￥999,～￥999,大阪府吹田市千里山西1-15-29,34.7736536,135.5055503,日本、〒565-0851 大阪府吹田市千里山西１丁目１５−２９,,places_auto_review,auto_override,ChIJdzu0xOrkAGARnXwRtWwCI1A,熱く勢ろ,日本、〒565-0851 大阪府吹田市千里山西１丁目１５−２９,34.7736536,135.5055503,28.36,AUTO_PLACE_OVERRIDE:distance_le_50m,2.7
ぜんもん堂,千里山駅 748m,カフェ,,3.09,13,310,-,"￥1,000～￥1,999",大阪府吹田市千里山西6-53-2,34.7854253,135.5047657,日本、〒565-0851 大阪府吹田市千里山西６丁目５３−２,,places_auto_review,auto_override,ChIJtzC5KgDlAGARfF-XDx_b4sQ,喫茶ぜんもん堂,日本、〒565-0851 大阪府吹田市千里山西６丁目５３−２,34.7854253,135.5047657,42.00,AUTO_PLACE_OVERRIDE:distance_le_50m,4.1
ヘイズパントリー,千里山駅 150m,パン、洋菓子,,3.03,7,309,-,～￥999,大阪府吹田市千里山西4-7-26 ラヴィール千里山 103,34.7780879,135.503895,日本、〒565-0851 大阪府吹田市千里山西４丁目７−２６ ラヴィール千里山 103,,places_auto_review,auto_override,ChIJH_u8McjlAGARBSG3FQdv78U,HEAYS PANTRY ヘイズパントリー 吹田千里山工房,日本、〒565-0851 大阪府吹田市千里山西４丁目７−２６ ラヴィール千里山 103,34.7780879,135.503895,33.00,AUTO_PLACE_OVERRIDE:distance_le_50m,4.1
200円カレー 関大前店,関大前駅 299m,カレー,,3.05,12,974,-,～￥999,大阪府吹田市千里山西1-15-30,34.7736373,135.5055496,日本、〒565-0851 大阪府吹田市千里山西１丁目１５−３０,,places_auto_review,auto_override,ChIJz6lvioDlAGARc_lVEeeuqPo,200円カレー,日本、〒565-0851 大阪府吹田市千里山西１丁目１５−３０,34.7736373,135.5055496,39.00,AUTO_PLACE_OVERRIDE:distance_le_50m,4.1
英國屋 南千里店,南千里駅 718m,喫茶店,,3.08,11,108,-,-,大阪府吹田市千里山西6-56-1 トナリエ 南千里アネックス 1F,34.7863622,135.5054915,日本、〒565-0851 大阪府吹田市千里山西６丁目５６−１,,places_auto_review,auto_override,ChIJ_78Gd0blAGARg5PBCgyVcWE,カフェ英國屋 南千里店,日本、〒565-0851 大阪府吹田市千里山西６丁目５６−１,34.7863622,135.5054915,43.50,AUTO_PLACE_OVERRIDE:distance_le_50m,43.6
ファミリーマート 吹田千里山西店,緑地公園駅 422m,コンビニ・スーパー,,,1,3,-,-,大阪府吹田市千里山西4-38-10,34.7786875,135.4972782,日本、〒565-0851 大阪府吹田市千里山西４丁目３８−１０,,places,medium,ChIJde8vN8XkAGAR_D4x-Kr7h8k,ファミリーマート 吹田千里山西店,日本、〒565-0851 大阪府吹田市千里山西４丁目３８−１０,34.7786875,135.4972782,57.00,,1.4
シラス,関大前駅 257m,串揚げ,,3.08,15,560,-,-,大阪府吹田市千里山西1-15-34,34.7732272,135.5055226,日本、〒565-0851 大阪府吹田市千里山西１丁目１５−３４,,places_manual_review,manual_override,ChIJ7VwC3erkAGARzpjJw9Lm7TY,串カツ SHIRASU,日本、〒565-0851 大阪府吹田市千里山西１丁目１５−３４,34.7732272,135.5055226,12.00,MANUAL_PLACE_OVERRIDE,54.2
わがまま仲仁志,千里山駅 95m,居酒屋,,,7,,-,-,大阪府吹田市千里山西1-41-35,34.7784389,135.5043858,日本、〒565-0851 大阪府吹田市千里山西１丁目４１−３５,,places,medium,ChIJefnEz8DkAGAR-RNzc_pbljo,わがまま仲仁志,日本、〒565-0851 大阪府吹田市千里山西１丁目４１−３５,34.7784389,135.5043858,57.00,,0.5
割烹 音羽鮨 千里山店,千里山駅 39m,寿司,,3.05,18,255,"￥2,000～￥2,999","￥1,000～￥1,999",大阪府吹田市千里山西5‐2‐17,34.7789117,135.5050947,日本、〒565-0851 大阪府吹田市千里山西５丁目２−１７,,places,medium,ChIJC6KmycDkAGARQn5xIhL9kXo,割烹音羽鮨 千里山店,日本、〒565-0851 大阪府吹田市千里山西５丁目２−１７,34.7789117,135.5050947,57.00,,6.2
千里山ラプソディー,千里山駅 155m,ラーメン、立ち飲み,,3.07,13,359,"￥2,000～￥2,999",～￥999,大阪府吹田市千里山西4-9-22,34.778801,135.5036703,日本、〒565-0851 大阪府吹田市千里山西４丁目９−２２,,places,medium,ChIJd4jiDDzlAGAR0I6hmkDRxDo,千里山ラプソディー,日本、〒565-0851 大阪府吹田市千里山西４丁目９−２２,34.778801,135.5036703,57.00,,2.0
レコンフォルテ,千里山駅 208m,フレンチ,,3.3,55,2559,"￥8,000～￥9,999","￥4,000～￥4,999",大阪府吹田市千里山西1-37-1,34.7768396,135.5055592,日本、〒565-0851 大阪府吹田市千里山西１丁目３７−１,,places,medium,ChIJpY2eZcDkAGARjkFCIi9gva4,レコンフォルテ,日本、〒565-0851 大阪府吹田市千里山西１丁目３７−１,34.7768396,135.5055592,57.00,,3.9
洋食 おかもと,緑地公園駅 494m,洋食,,3.22,31,1641,"￥1,000～￥1,999","￥1,000～￥1,999",大阪府吹田市千里山西4-30-8 ヴェルタ千里山,34.7778915,135.4996687,日本、〒565-0851 大阪府吹田市千里山西４丁目３０−８ 103,,places,medium,ChIJA1QHYPDkAGARu9J5MfsOTiE,洋食おかもと,日本、〒565-0851 大阪府吹田市千里山西４丁目３０−８ 103,34.7778915,135.4996687,57.00,,9.4
クック チャム 千里山店,千里山駅 101m,惣菜・デリ、弁当,,3.01,3,24,-,-,大阪府吹田市千里山西1-41-27,34.7786068,135.5042106,日本、〒565-0851 大阪府吹田市千里山西１丁目４１−２７,,places,medium,ChIJu_Cw1sDkAGAR-31Q21o__Aw,クックチャム 千里山店,日本、〒565-0851 大阪府吹田市千里山西１丁目４１−２７,34.7786068,135.5042106,57.00,,4.4
葉山珈琲 千里山駅前店,千里山駅 36m,カフェ,,3.04,31,443,-,"￥1,000～￥1,999",大阪府吹田市千里山西1-40-13 千里山駅前ビル1F,34.7784983,135.5050855,日本、〒565-0851 大阪府吹田市千里山西１丁目４０−１３ 千里山駅前ビル1,,places_manual_review,manual_override,ChIJCR5Fx8DkAGARBqJF99AgeTc,葉山珈琲店,日本、〒565-0851 大阪府吹田市千里山西１丁目４０−１３ 千里山駅前ビル1,34.7784983,135.5050855,33.00,MANUAL_PLACE_OVERRIDE,133.5
サンミッシェル,千里山駅 79m,パン、ケーキ,,3.01,1,23,-,-,大阪府吹田市千里山西1-41-31,34.7786951,135.5045072,日本、〒565-0851 大阪府吹田市千里山西１丁目４１−３１,,places,medium,ChIJa3rH0cDkAGARnfJsJuU5mbI,サン・ミッシェル,日本、〒565-0851 大阪府吹田市千里山西１丁目４１−３１,34.7786951,135.5045072,51.38,,7.6
ブラッスリーモジャ,千里山駅 115m,居酒屋、ビストロ、洋食,,3.07,10,365,"￥4,000～￥4,999",-,大阪府吹田市千里山西4-9-27,34.7786692,135.5041053,日本、〒565-0851 大阪府吹田市千里山西４丁目９−２７,,places_auto_review,auto_override,ChIJ__-61cDkAGARSJUWBFCw9QI,BRASSERIE MOJA,日本、〒565-0851 大阪府吹田市千里山西４丁目９−２７,34.7786692,135.5041053,12.00,AUTO_PLACE_OVERRIDE:distance_le_50m,5.3
らふれーず 千里山店,千里山駅 27m,ケーキ,,3.14,27,308,-,-,大阪府吹田市千里山西1-38-21 アルス千里山西 1F,34.7784665,135.5052751,日本、〒565-0851 大阪府吹田市千里山西１丁目３８−２１ アルス千里山西 1F,,places,medium,ChIJb6BmlcDkAGARA_7W8YCzxzQ,らふれーず 千里山店,日本、〒565-0851 大阪府吹田市千里山西１丁目３８−２１ アルス千里山西 1F,34.7784665,135.5052751,63.00,,24.3
てんすい,千里山駅 41m,焼き鳥,【千里山駅西口より徒歩20秒】厳選された鶏肉を使用した焼鳥や、お酒が楽しめる！,3.05,5,70,"￥4,000～￥4,999",-,大阪府吹田市千里山西1-40-12,34.7785422,135.5049488,日本、〒565-0851 大阪府吹田市千里山西１丁目４０−１２,,places_auto_review,auto_override,ChIJ7U2-u4DlAGARDjQqIMMhkE4,串焼き鶏一品てんすい,日本、〒565-0851 大阪府吹田市千里山西１丁目４０−１２,34.7785422,135.5049488,30.00,AUTO_PLACE_OVERRIDE:distance_le_50m,7.8
かんてんぱぱショップ 千里山店,千里山駅 522m,その他,,3.01,2,41,-,-,大阪府吹田市千里山西4-33-33,34.778745,135.4996622,日本、〒565-0851 大阪府吹田市千里山西４丁目３３−３３,,places,medium,ChIJeWh8UcTkAGARA8ZGGW14Px0,かんてんぱぱショップ 千里山店,日本、〒565-0851 大阪府吹田市千里山西４丁目３３−３３,34.778745,135.4996622,57.00,,1.7
ファミリーマート 阪急千里山駅前店,千里山駅 13m,コンビニ・スーパー,,3,1,3,-,-,大阪府吹田市千里山西5-1-1,34.7785825,135.5053961,日本、〒565-0851 大阪府吹田市千里山西５丁目１−１,,places,medium,ChIJ6YNCzA7lAGARK07AfYiUAA8,ファミリーマート 阪急千里山駅前店,日本、〒565-0851 大阪府吹田市千里山西５丁目１−１,34.7785825,135.5053961,57.00,,13.1
おやつのusamame,千里山駅 58m,スイーツ,,3,3,23,-,-,大阪府吹田市千里山西5-2-5 アクネビル 1F,34.7788377,135.5047404,日本、〒565-0851 大阪府吹田市千里山西５丁目２−５ 阿久根ビル 1階,,places,medium,ChIJz2S6IgDlAGARXKZ1K-_1TjY,おやつのusamame,日本、〒565-0851 大阪府吹田市千里山西５丁目２−５ 阿久根ビル 1階,34.7788377,135.5047404,57.00,,1.2
柏屋 大阪千里山,関大前駅 454m,日本料理,,4.07,209,20729,"￥15,000～￥19,999","￥10,000～￥14,999",大阪府吹田市千里山西2-5-18,34.7703153,135.501178,日本、〒565-0851 大阪府吹田市千里山西２丁目５−１８,,places,medium,ChIJqfvZeunkAGAR_NKRUEtRPXE,柏屋 大阪千里山,日本、〒565-0851 大阪府吹田市千里山西２丁目５−１８,34.7703153,135.501178,57.00,,1.5
きゃべつはうす,関大前駅 405m,お好み焼き,,3.01,4,117,-,-,大阪府吹田市千里山西2-5-9 ビラ千里 1F,34.7705272,135.5016756,日本、〒565-0851 大阪府吹田市千里山西２丁目５−９,,places,medium,ChIJhddiLOvkAGARok9ZQ5gu7e4,きゃべつはうす,日本、〒565-0851 大阪府吹田市千里山西２丁目５−９,34.7705272,135.5016756,57.00,,10.7
ちゃんこ 時つ,千里山駅 706m,ちゃんこ鍋,,3.18,19,943,"￥3,000～￥3,999",～￥999,大阪府吹田市千里山西6-32-8,34.7848549,135.5028374,日本、〒565-0851 大阪府吹田市千里山西６丁目３２−５,,places_auto_review,auto_override,ChIJsY4n4MjkAGARBWlylUfn6vQ,時つ,日本、〒565-0851 大阪府吹田市千里山西６丁目３２−５,34.7848549,135.5028374,27.00,AUTO_PLACE_OVERRIDE:distance_le_50m,15.7
味むら,千里山駅 102m,日本料理,,3.06,6,264,-,-,大阪府吹田市千里山西1-41-28,34.7786676,135.5042497,日本、〒565-0851 大阪府吹田市千里山西１丁目４１−２８,,places,medium,ChIJ77xL8yvlAGARO8ehoIevkig,味むら,日本、〒565-0851 大阪府吹田市千里山西１丁目４１−２８,34.7786676,135.5042497,57.00,,2.2
原商店,千里山駅 69m,お好み焼き、たこ焼き、天ぷら,,,4,,-,-,大阪府吹田市千里山西1-40-7,34.778633,135.504616,日本、〒565-0851 大阪府吹田市千里山西１丁目４０−７,,places,medium,ChIJbw7dz8DkAGAR7KaWWlghfPk,原商店,日本、〒565-0851 大阪府吹田市千里山西１丁目４０−７,34.778633,135.504616,57.00,,4.9
七輪焼肉 安安 関大前店,関大前駅 111m,焼肉、居酒屋、ホルモン,「安い・旨い・お腹いっぱい」の限界突破！！土日祝も元気に営業しています♪,3.05,8,80,"￥2,000～￥2,999","￥1,000～￥1,999",大阪府吹田市千里山東1-4-12 興亜殖産関大前ビル 2F,34.7719849,135.5061964,日本、〒565-0842 大阪府吹田市千里山東１丁目４−１２ 関大前ビル 2F 興亜殖産,,places,medium,ChIJ3Q9iVuPlAGARmZ_BQdko46Y,七輪焼肉安安関大前店,日本、〒565-0842 大阪府吹田市千里山東１丁目４−１２ 関大前ビル 2F 興亜殖産,34.7719849,135.5061964,60.00,,8.0
DEARBROS.,関大前駅 265m,アメリカ料理、ハンバーグ、ダイニングバー,【阪急関大前駅3分】昼から食べて飲める！本格アメリカ料理を気軽に楽しめるダイニングバー,3.09,37,1853,"￥2,000～￥2,999",～￥999,大阪府吹田市千里山東1-7-28,34.773309,135.506669,日本、〒565-0842 大阪府吹田市千里山東１丁目７−２８,,places_auto_review,auto_override,ChIJwWQN1pTkAGARSkT3PX8Z-CU,DEARBROS.ディアブロ,日本、〒565-0842 大阪府吹田市千里山東１丁目７−２８,34.773309,135.506669,39.69,AUTO_PLACE_OVERRIDE:distance_le_50m,2.5
パリワール 関大前店,関大前駅 329m,インド料理、インドカレー、ビュッフェ,,3.07,31,452,"￥1,000～￥1,999",～￥999,大阪府吹田市千里山東1-14-5 パティオ千里山　１Ｆ,34.7736176,135.5076839,日本、〒565-0842 大阪府吹田市千里山東１丁目１４−１４−５ パティオ千里山,,places,medium,ChIJSaqt4ZTkAGARxyfIEBwyusk,パリワール 関大前店,日本、〒565-0842 大阪府吹田市千里山東１丁目１４−１４−５ パティオ千里山,34.7736176,135.5076839,60.00,,0.9
ニュータージマハルエベレスト 関大前店,関大前駅 320m,インド料理、ビュッフェ、インドカレー,関大前駅3分◆インド直送のスパイスで仕上げる本格カレー◎学生ランチは破格の780円！！,3.05,18,277,"￥1,000～￥1,999","￥1,000～￥1,999",大阪府吹田市千里山東1-17-48,34.7738596,135.5059364,日本、〒565-0842 大阪府吹田市千里山東１丁目１７−４８,,places_auto_review,auto_override,ChIJ8Tsuz-rkAGARpg5C1gO9Ru8,ニュータージマハルエベレスト関大前店〜New Taj Mahal Everest Kandaimaeten〜,日本、〒565-0842 大阪府吹田市千里山東１丁目１７−４８,34.7738596,135.5059364,35.18,AUTO_PLACE_OVERRIDE:distance_le_50m,6.8
天ぷら酒場マコト屋,関大前駅 398m,居酒屋、天ぷら,,,1,33,"￥3,000～￥3,999",-,大阪府吹田市千里山東1-10-20 コスモビル,34.7737482,135.5088899,日本、〒565-0842 大阪府吹田市千里山東１丁目１０−２０ コスモビル,,places,medium,ChIJuW2p8BXlAGAR24o04n2OgxM,天ぷら居酒屋 マコト屋,日本、〒565-0842 大阪府吹田市千里山東１丁目１０−２０ コスモビル,34.7737482,135.5088899,51.00,,6.7
十割蕎麦ハレニチ 千里山店,千里山駅 117m,そば、天ぷら,千里山駅3分◆北海道産石臼挽き粉の十割蕎麦をお手頃価格で。そば粉・そば茶の限定スイーツも◎,3.05,7,120,-,"￥1,000～￥1,999",大阪府吹田市千里山東2-27-14 阪急千里山駅前ウェルビーイングテラス 1F,34.7787081,135.5066432,日本、〒565-0842 大阪府吹田市千里山東２丁目２７−１４ 阪急千里山駅前ウェルビーイングテラス 1階,,places,medium,ChIJ_ykSFxrlAGARYrZC61oi8kQ,十割蕎麦ハレニチ 千里山店,日本、〒565-0842 大阪府吹田市千里山東２丁目２７−１４ 阪急千里山駅前ウェルビーイングテラス 1階,34.7787081,135.5066432,60.00,,10.3
グリーンハウス,関大前駅 282m,インドカレー、インド料理、カレー,,3.03,5,60,～￥999,"￥1,000～￥1,999",大阪府吹田市千里山東1-16-6,34.7735077,135.5062469,日本、〒565-0842 大阪府吹田市千里山東１丁目１６−６,,places_auto_review,auto_override,ChIJQamQ6vzlAGAR4A2ZL_6fLYI,グリーンハウス関大前店,日本、〒565-0842 大阪府吹田市千里山東１丁目１６−６,34.7735077,135.5062469,40.64,AUTO_PLACE_OVERRIDE:distance_le_50m,1.8
プティラプティ 千里山店,千里山駅 134m,パン,,3.07,10,245,-,-,大阪府吹田市千里山東2-27-18,34.7787912,135.5067998,日本、〒565-0842 大阪府吹田市千里山東２丁目２７−１８,,places,medium,ChIJ__9jZr_kAGARRKzy5oyl3mM,プティ•ラプティ千里山店,日本、〒565-0842 大阪府吹田市千里山東２丁目２７−１８,34.7787912,135.5067998,52.00,,4.6
マイカリー食堂 関大前店,関大前駅 165m,カレー,,3.01,1,4,-,-,大阪府吹田市千里山東1-7-13 カンゾービル 1F,34.772464,135.505928,日本、〒565-0842 大阪府吹田市千里山東１丁目７−１３ カンゾービル 1F,,places,medium,ChIJnc5PGW7lAGARtf8qlYP3nmk,松のや 関大前店（マイカリー食堂併設）,日本、〒565-0842 大阪府吹田市千里山東１丁目７−１３ カンゾービル 1F,34.772464,135.505928,45.50,,10.8
カフェ ギャラリー ナーズ,関大前駅 358m,カフェ,,,2,15,-,-,大阪府吹田市千里山東1-14-26 前杉ビル 1F,34.7737006,135.5081447,日本、〒565-0842 大阪府吹田市千里山東１丁目１４−２６,,places_auto_review,auto_override,ChIJNQo3-5TkAGAR9s7lkULqlXY,Cafe & Gallery NAZ （ナーズ）,日本、〒565-0842 大阪府吹田市千里山東１丁目１４−２６,34.7737006,135.5081447,17.87,AUTO_PLACE_OVERRIDE:distance_le_50m,2.6
BECCI CHICKEN,関大前駅 277m,韓国料理、鳥料理,,,12,,-,-,大阪府吹田市千里山東1-16-6,34.7734629,135.5062921,日本、〒565-0842 大阪府吹田市千里山東１丁目１６−６,,places,medium,ChIJOcmMUQDlAGARrN_9EOSfvqM,BECCI CHICKEN,日本、〒565-0842 大阪府吹田市千里山東１丁目１６−６,34.7734629,135.5062921,57.00,,4.8
フォージュロン,関大前駅 342m,喫茶店,,3.04,6,183,-,-,大阪府吹田市千里山東1-14-23,34.7737574,135.5078286,日本、〒565-0842 大阪府吹田市千里山東１丁目１４,,places,medium,ChIJxW3U45TkAGARPSzvmv_oA04,フォージュロン,日本、〒565-0842 大阪府吹田市千里山東１丁目１４,34.7737574,135.5078286,57.00,,11.7
PALLONE GONFIATO,関大前駅 363m,カフェ,,3.02,1,2,-,-,大阪府吹田市千里山東1-13-4,34.773996,135.5076095,日本、〒565-0842 大阪府吹田市千里山東１丁目１３−４ 1f,,places_auto_review,auto_override,ChIJLSmHIMnlAGAROzSW2Gf1yb0,PALLONE GONFIATO (パローネゴンフィアート),日本、〒565-0842 大阪府吹田市千里山東１丁目１３−４ 1f,34.773996,135.5076095,32.45,AUTO_PLACE_OVERRIDE:distance_le_50m,0.7
ラボ カカポ,千里山駅 762m,洋菓子,,3.09,15,662,-,-,大阪府吹田市千里山東4-30-6,34.7774324,135.5135411,日本、〒565-0842 大阪府吹田市千里山東４丁目３０−６,,places_auto_review,auto_override,ChIJq0VxtJfkAGAR15Nx-3eQQKU,LABO.KAKAPO,日本、〒565-0842 大阪府吹田市千里山東４丁目３０−６,34.7774324,135.5135411,12.00,AUTO_PLACE_OVERRIDE:distance_le_50m,8.3
SOLAYA SWEETS,関大前駅 225m,ジェラート・アイスクリーム、和菓子,,3.02,3,71,-,-,大阪府吹田市千里山東1-6-16 1F,34.7730048,135.5058142,日本、〒565-0842 大阪府吹田市千里山東１丁目６−１６ THレジャービル 1階,,places_auto_review,auto_override,ChIJ01WPnxblAGARWFvP5KrMxfY,SOLAYA SWEETS 関大前店,日本、〒565-0842 大阪府吹田市千里山東１丁目６−１６ THレジャービル 1階,34.7730048,135.5058142,42.00,AUTO_PLACE_OVERRIDE:distance_le_50m,0.0
餃子の王将 関大前店,関大前駅 293m,中華料理、餃子,,3.05,35,249,～￥999,～￥999,大阪府吹田市千里山東1-16-1,34.7735375,135.5068274,日本、〒565-0842 大阪府吹田市千里山東１丁目１６−１,,places,medium,ChIJIXX2KJXkAGARvoD0AXhLuY4,餃子の王将 関大前店,日本、〒565-0842 大阪府吹田市千里山東１丁目１６−１,34.7735375,135.5068274,57.00,,6.8
海鮮居酒屋 波千里,千里山駅 68m,居酒屋、海鮮,,3.03,2,73,-,-,大阪府吹田市千里山東2-28-7 千里山東駅前ビル B1F,34.778273,135.5058885,日本、〒565-0842 大阪府吹田市千里山東２丁目２８−７ 駅前ビル,,places,medium,ChIJUWYsmsDkAGARNL3elmWSrCQ,海鮮居酒屋・波千里,日本、〒565-0842 大阪府吹田市千里山東２丁目２８−７ 駅前ビル,34.778273,135.5058885,52.00,,4.8
長城,千里山駅 126m,中華料理、餃子,,3.34,66,1826,"￥2,000～￥2,999",～￥999,大阪府吹田市千里山東2-22-18,34.777836,135.506263,日本、〒565-0842 大阪府吹田市千里山東２丁目２２−１８ 富士ビル ２F（T,,places,medium,ChIJ7fy_gcDkAGARjdKJCRNlf00,長城,日本、〒565-0842 大阪府吹田市千里山東２丁目２２−１８ 富士ビル ２F（T,34.777836,135.506263,57.00,,3.1
豆の蔵元 千里山店,千里山駅 971m,その他,,3.05,13,198,-,-,大阪府吹田市千里山東4-6-6,34.7793973,135.5159297,日本、〒565-0842 大阪府吹田市千里山東４丁目６−６,,places_auto_review,auto_override,ChIJ5_PxGSTlAGARtHSxb1IONCA,豆の蔵元・千里山直売所,日本、〒565-0842 大阪府吹田市千里山東４丁目６−６,34.7793973,135.5159297,38.25,AUTO_PLACE_OVERRIDE:distance_le_50m,2.6
イチリキ,関大前駅 288m,居酒屋、イタリアン,,3.08,25,373,～￥999,"￥1,000～￥1,999",大阪府吹田市千里山東1-16-3 アズビー千里山 1F,34.7734692,135.5065506,日本、〒565-0842 大阪府吹田市千里山東１丁目１６−３,,places_auto_review,auto_override,ChIJfXKUK5XkAGARlzJBF9qBDRE,ICHIRIKI,日本、〒565-0842 大阪府吹田市千里山東１丁目１６−３,34.7734692,135.5065506,12.00,AUTO_PLACE_OVERRIDE:distance_le_50m,4.5
ももやきジェット 関大前店,関大前駅 271m,居酒屋,,3.04,4,34,-,-,大阪府吹田市千里山東1-7-31,34.7733172,135.506912,日本、〒565-0842 大阪府吹田市千里山東１丁目７−３１ アペックスシティ V201,,places,medium,ChIJlYHfVWvlAGARwxdNZ2xe3dg,もも焼きジェット関大前店,日本、〒565-0842 大阪府吹田市千里山東１丁目７−３１ アペックスシティ V201,34.7733172,135.506912,49.50,,7.7
カフェグランディール,関大前駅 411m,喫茶店,,,4,,-,-,大阪府吹田市千里山東1-98-4,34.7746794,135.5061165,日本、〒565-0842 大阪府吹田市千里山東１丁目１８−４ FERRA4番館,,places,medium,ChIJVVVVVYzkAGAR2jIdR8bSvRo,カフェグランディール,日本、〒565-0842 大阪府吹田市千里山東１丁目１８−４ FERRA4番館,34.7746794,135.5061165,53.00,,109.9
ボンクラ 2号店,千里山駅 143m,ホルモン,,3.02,1,12,-,-,大阪府吹田市千里山東2-22-20,34.7777772,135.5063576,日本、〒565-0842 大阪府吹田市千里山東２丁目２２−２０,,places_auto_review,auto_override,ChIJx39ANgDlAGARXCX1SwKMrLA,ホルモンボンクラ 2号店,日本、〒565-0842 大阪府吹田市千里山東２丁目２２−２０,34.7777772,135.5063576,43.50,AUTO_PLACE_OVERRIDE:distance_le_50m,3.2
ル・パルク,千里山駅 215m,カフェ、喫茶店,,,5,,-,-,大阪府吹田市千里山東2-21-27,34.7768945,135.5061568,日本、〒565-0842 大阪府吹田市千里山東２丁目２１−２７,,places_auto_review,auto_override,ChIJwVyJMCnlAGARQ2_kuH-HJU8,画廊 ル・パルク,日本、〒565-0842 大阪府吹田市千里山東２丁目２１−２７,34.7768945,135.5061568,42.00,AUTO_PLACE_OVERRIDE:distance_le_50m,3.1
じゅじゅ庵 関大前店,関大前駅 265m,焼肉,,3.01,4,77,"￥2,000～￥2,999",-,大阪府吹田市千里山東1-7-31 アペックスシティーV 3F,34.7732574,135.5069098,日本、〒565-0842 大阪府吹田市千里山東１丁目７−３１ アペックスシティーＶ ３０１,,places_auto_review,auto_override,ChIJoUfSEiblAGAR_Tw_mraxcTU,ジュジュアン 関大前店,日本、〒565-0842 大阪府吹田市千里山東１丁目７−３１ アペックスシティーＶ ３０１,34.7732574,135.5069098,28.36,AUTO_PLACE_OVERRIDE:distance_le_50m,4.9
カフエゲリラ,関大前駅 338m,喫茶店,,3.03,7,155,-,～￥999,大阪府吹田市千里山東1-9-16,34.773362,135.508355,日本、〒565-0842 大阪府吹田市千里山東１丁目９−１６,,places_auto_review,auto_override,ChIJ71RE8ZTkAGARO-Y6qwP_yVw,カフェゲリラ,日本、〒565-0842 大阪府吹田市千里山東１丁目９−１６,34.773362,135.508355,44.14,AUTO_PLACE_OVERRIDE:distance_le_50m,4.4
390そば,関大前駅 394m,そば,,3,1,3,-,-,大阪府吹田市千里山東1-18-3 FERRA3番館 1F,34.7745389,135.5061176,日本、〒565-0842 大阪府吹田市千里山東１丁目１８−３ 番館 1f,,geocode_fallback,medium,ChIJqfIdsHjkAGARrdfQfKUOqn0,そば処 万両,日本、〒564-0031 大阪府吹田市元町６−８ 万両ビル,34.7611307,135.5247769,11.25,LOW_PLACE_CONFIDENCE:low,2264.5
バルベラ,関大前駅 371m,イタリアン、パスタ、ワインバー,,3.26,47,2382,"￥6,000～￥7,999",-,大阪府吹田市千里山東1-10-1,34.7735218,135.5086873,日本、〒565-0842 大阪府吹田市千里山東１丁目１０−１,,places,medium,ChIJiXDzWJTkAGARxR8dgNk2Lfg,バルベラ,日本、〒565-0842 大阪府吹田市千里山東１丁目１０−１,34.7735218,135.5086873,57.00,,17.4
ディノア,関大前駅 676m,学生食堂,,3.08,20,146,-,～￥999,大阪府吹田市千里山東3-10-1 関西大学千里山キャンパス 凛風館 2F,34.774621,135.5119801,日本、〒565-0842 大阪府吹田市千里山東３丁目１０−１,,places_auto_review,auto_override,ChIJf7hQA5TkAGARKS878vK0RqQ,ダイニングホール ディノア,日本、〒565-0842 大阪府吹田市千里山東３丁目１０−１,34.774621,135.5119801,27.00,AUTO_PLACE_OVERRIDE:distance_le_50m,37.2
横浜家系ラーメン 憲兵家,関大前駅 280m,ラーメン、つけ麺、油そば・まぜそば,,3.19,49,403,～￥999,～￥999,大阪府吹田市千里山東1-16-7,34.7734188,135.5060983,日本、〒565-0842 大阪府吹田市千里山東１丁目１６−７,,places,medium,ChIJRUM5pQjlAGARBz7P60CALP4,横浜家系ラーメン 憲兵家,日本、〒565-0842 大阪府吹田市千里山東１丁目１６−７,34.7734188,135.5060983,57.00,,4.0
チルコロ,関大前駅 375m,食堂,,3.06,12,166,-,～￥999,大阪府吹田市千里山東3-10-1 新関西大学会館南棟,34.7730952,135.5092569,日本、〒565-0842 大阪府吹田市千里山東３丁目１０−１,,places_auto_review,auto_override,ChIJj1ghnpbkAGARBUFCRG2w-lc,関西大学 生活協同組合 レストランチルコロ (Circolo),日本、〒565-0842 大阪府吹田市千里山東３丁目１０−１,34.7730952,135.5092569,18.92,AUTO_PLACE_OVERRIDE:distance_le_50m,4.6
サンドウィッチハウスグランディール,関大前駅 411m,サンドイッチ,,3.03,3,50,-,-,大阪府吹田市千里山東1-18-4 FERRA4番館,34.7746794,135.5061165,日本、〒565-0842 大阪府吹田市千里山東１丁目１８−４ FERRA4番館,,places_auto_review,auto_override,ChIJVVVVVYzkAGAR2jIdR8bSvRo,カフェグランディール,日本、〒565-0842 大阪府吹田市千里山東１丁目１８−４ FERRA4番館,34.7746794,135.5061165,33.53,AUTO_PLACE_OVERRIDE:distance_le_50m,2.5
新時代 大阪関大前店,関大前駅 254m,居酒屋、焼き鳥、鳥料理,,3.09,22,400,"￥1,000～￥1,999",-,大阪府吹田市千里山東1-7-22,34.7732641,135.5060513,日本、〒565-0842 大阪府吹田市千里山東１丁目７−２２,,places,medium,ChIJJWo9LjrlAGAR7FkGsWRZXRY,新時代 大阪関大前店,日本、〒565-0842 大阪府吹田市千里山東１丁目７−２２,34.7732641,135.5060513,57.00,,1.8
やまや,関大前駅 282m,居酒屋,,3.02,3,49,-,-,大阪府吹田市千里山東1-17-50,34.7735063,135.5058277,日本、〒565-0842 大阪府吹田市千里山東１丁目１７−５０,,places,medium,ChIJvyTIz-rkAGAR7YLgGaMO814,やまや,日本、〒565-0842 大阪府吹田市千里山東１丁目１７−５０,34.7735063,135.5058277,57.00,,14.8
鳥貴族 関大前店,関大前駅 281m,焼き鳥、鳥料理、居酒屋,,3.01,8,140,"￥2,000～￥2,999",-,大阪府吹田市千里山東1-16-6,34.7735077,135.5062469,日本、〒565-0842 大阪府吹田市千里山東１丁目１６−６ ２F,,places,medium,ChIJiypz0-rkAGARu3gShTweDQY,鳥貴族 関大前店,日本、〒565-0842 大阪府吹田市千里山東１丁目１６−６ ２F,34.7735077,135.5062469,57.00,,1.8
HAKUBI COFFEE,関大前駅 283m,コーヒースタンド、カフェ,,3.1,9,362,-,～￥999,大阪府吹田市千里山東1-17-51 1F,34.7735158,135.5058053,日本、〒565-0842 大阪府吹田市千里山東１丁目１７−５１ 1F,,places_auto_review,auto_override,ChIJC_pd8pLlAGARrhRpLcy7KB0,HAKUBI COFFEE (ハクビコーヒー),日本、〒565-0842 大阪府吹田市千里山東１丁目１７−５１ 1F,34.7735158,135.5058053,40.00,AUTO_PLACE_OVERRIDE:distance_le_50m,2.2
Cafe mogu mogu,関大前駅 421m,カフェ、パスタ、ケーキ,,3.09,11,236,～￥999,～￥999,大阪府吹田市千里山東1-11-17,34.7739885,135.5088583,日本、〒565-0842 大阪府吹田市千里山東１丁目１１−１７,,places,medium,ChIJ9Q1bVpTkAGARSyBwGudgci8,Cafe mogu mogu,日本、〒565-0842 大阪府吹田市千里山東１丁目１１−１７,34.7739885,135.5088583,57.00,,7.9
スターバックス コーヒー 関西大学 千里山店,関大前駅 568m,カフェ,,3.01,19,128,-,～￥999,大阪府吹田市千里山東3-10-1,34.7740646,135.5110053,日本、〒565-0842 大阪府吹田市千里山東３丁目１０−１,,places,medium,ChIJf7hQA5TkAGARjUroHwM8HEk,スターバックス コーヒー 関西大学 千里山店,日本、〒565-0842 大阪府吹田市千里山東３丁目１０−１,34.7740646,135.5110053,53.00,,165.1
麺屋 こころ 関大前店,関大前駅 204m,台湾まぜそば,,3.01,13,164,-,-,大阪府吹田市千里山東1-6-16,34.7728065,135.5058598,日本、〒565-0842 大阪府吹田市千里山東１丁目６−１６ THプラザビル 101,,places,medium,ChIJu-nROBHlAGARv_1TCKRzKt8,麺屋 こころ 関大前店,日本、〒565-0842 大阪府吹田市千里山東１丁目６−１６ THプラザビル 101,34.7728065,135.5058598,57.00,,22.4
うまから本舗 関大前店,関大前駅 332m,からあげ、食堂,,3.04,6,125,～￥999,～￥999,大阪府吹田市千里山東1-9-13,34.7733252,135.5081082,日本、〒565-0842 大阪府吹田市千里山東１丁目９−１３ 誠ハイツ,,geocode_fallback,medium,ChIJm7gCHADlAGARNKT4ypbX_hE,から揚げ丼持ち帰り専門店,日本、〒565-0842 大阪府吹田市千里山東１丁目９−２１ 中通ハイツ,34.7732296,135.508845,19.11,LOW_PLACE_CONFIDENCE:low,68.1
知るcafe 関西大学前店,関大前駅 335m,カフェ,,,1,14,-,-,大阪府吹田市千里山東1-9-16,34.7733391,135.5083862,日本、〒565-0842 大阪府吹田市千里山東１丁目９−１６ 佐藤関大前ビル 1F,,places_auto_review,auto_override,ChIJOw8l8ZTkAGARbvu1QIZuYGc,知るカフェ関西大学前店,日本、〒565-0842 大阪府吹田市千里山東１丁目９−１６ 佐藤関大前ビル 1F,34.7733391,135.5083862,36.00,AUTO_PLACE_OVERRIDE:distance_le_50m,7.4
コミックパーク 関大前店,関大前駅 203m,その他,,,2,,-,-,大阪府吹田市千里山東1-7-18,34.7727121,135.5059679,日本、〒565-0842 大阪府吹田市千里山東１丁目７−１８,,geocode_fallback,medium,ChIJrVg13pTkAGARIPmTk5FC2RE,マイブックス関大前店,日本、〒565-0842 大阪府吹田市千里山東１丁目１−９−１４ ソレイユ関大前 1F,34.7734141,135.5082201,27.29,LOW_PLACE_CONFIDENCE:low,220.0
パネテリア フラゴラ,関大前駅 404m,パン,,3.11,16,406,-,-,大阪府吹田市千里山東1-17-39,34.7746199,135.5059802,日本、〒565-0842 大阪府吹田市千里山東１丁目１７−３９,,places_auto_review,auto_override,ChIJ0-afserkAGAR8nItml1Ia-g,フラゴラ,日本、〒565-0842 大阪府吹田市千里山東１丁目１７−３９,34.7746199,135.5059802,28.88,AUTO_PLACE_OVERRIDE:distance_le_50m,2.5
ガスト 関大前店,関大前駅 194m,ファミレス,,3.01,13,106,-,～￥999,大阪府吹田市千里山東1-7-18,34.7727251,135.506163,日本、〒565-0842 大阪府吹田市千里山東１丁目７−１８,,places,medium,ChIJb76BLOvkAGARotaXrAV0-f4,ガスト 関大前店,日本、〒565-0842 大阪府吹田市千里山東１丁目７−１８,34.7727251,135.506163,57.00,,17.9
ラーメン 豚福,関大前駅 297m,ラーメン,,3.05,14,239,"￥1,000～￥1,999","￥1,000～￥1,999",大阪府吹田市千里山東1-14-12,34.7735647,135.506985,日本、〒565-0842 大阪府吹田市千里山東１丁目１４−１２,,places_auto_review,auto_override,ChIJYy_F4uHlAGARP5LssjtNNbU,ラーメン 豚福 関大前,日本、〒565-0842 大阪府吹田市千里山東１丁目１４−１２,34.7735647,135.506985,42.00,AUTO_PLACE_OVERRIDE:distance_le_50m,2.9
リポーズプラス,関大前駅 456m,カフェ,,3.02,2,127,-,-,大阪府吹田市千里山東1-12-1,34.7743505,135.5088824,日本、〒565-0842 大阪府吹田市千里山東１丁目１２−１,,geocode_fallback,medium,ChIJgUCbPgDlAGARgEt0H_eHFGg,カフェ ラ ポーズ,日本、〒565-0842 大阪府吹田市千里山東１丁目１６−１,34.7736939,135.5060901,26.00,LOW_PLACE_CONFIDENCE:low,265.3
crepe&jelato FUN TIME CAFE,関大前駅 387m,カフェ,,3,2,30,-,-,大阪府吹田市千里山東1-10-1 ブルーム関大前 1F,34.7736001,135.5088525,日本、〒565-0842 大阪府吹田市千里山東１丁目１０−１ ブルーム関大前 1階,,places,medium,ChIJC0xNWTPlAGARYXJ5--FHcu0,crepe&jelato FUN TIME CAFE 関大前,日本、〒565-0842 大阪府吹田市千里山東１丁目１０−１ ブルーム関大前 1階,34.7736001,135.5088525,52.50,,0.0
麺屋 蝉 関大前店,関大前駅 269m,ラーメン、つけ麺,,3.43,164,2851,～￥999,"￥1,000～￥1,999",大阪府吹田市千里山東1-7-29 中村ビル 1F,34.7733484,135.5067591,日本、〒565-0842 大阪府吹田市千里山東１丁目７−２９ 中村ビル 1F,,places,medium,ChIJgy8x1pTkAGARUWhd49taOoE,蝉 関大前店,日本、〒565-0842 大阪府吹田市千里山東１丁目７−２９ 中村ビル 1F,34.7733484,135.5067591,50.14,,1.1
生わんたんらぁめん専門店 赤黄緑 関大前店,関大前駅 151m,ラーメン,,3.12,22,185,"￥1,000～￥1,999","￥1,000～￥1,999",大阪府吹田市千里山東1-5-11,34.7722032,135.5058897,日本、〒565-0842 大阪府吹田市千里山東１丁目５−１１,,places_auto_review,auto_override,ChIJ8ctbOQDlAGAR__74UMYENZI,人類みな麺類系列 生わんたんらぁめん専門店 赤黄緑 関大前店,日本、〒565-0842 大阪府吹田市千里山東１丁目５−１１,34.7722032,135.5058897,43.30,AUTO_PLACE_OVERRIDE:distance_le_50m,6.8
ゲイトマウスカフェ,関大前駅 434m,カフェ,,3.06,6,83,-,-,大阪府吹田市千里山東1-11-16,34.7740883,135.5089514,日本、〒565-0842 大阪府吹田市千里山東１丁目１１−１６,,places,medium,ChIJx2jBVpTkAGARBZIweADGQg0,ゲイトマウスカフェ,日本、〒565-0842 大阪府吹田市千里山東１丁目１１−１６,34.7740883,135.5089514,57.00,,21.8
海鮮屋台まいこ 関大前店,関大前駅 271m,居酒屋、海鮮,,3.05,7,76,"￥2,000～￥2,999",-,大阪府吹田市千里山東1-7-31,34.773323,135.5068684,日本、〒565-0842 大阪府吹田市千里山東１丁目７−３１,,places,medium,ChIJy9j7ODXlAGARGIE52JNkT7s,海鮮屋台 まいこ 関大前店,日本、〒565-0842 大阪府吹田市千里山東１丁目７−３１,34.773323,135.5068684,57.00,,9.6
大阪王将 関大前店,関大前駅 244m,中華料理、ラーメン,,3.03,10,92,～￥999,～￥999,大阪府吹田市千里山東1-7-20,34.7731709,135.5060024,日本、〒565-0842 大阪府吹田市千里山東１丁目７,,places,medium,ChIJy3F7AIvlAGARPuM4KcZM-dI,大阪王将 関大前店,日本、〒565-0842 大阪府吹田市千里山東１丁目７,34.7731709,135.5060024,57.00,,6.2
ラム白湯専門店 羊羊羊,関大前駅 254m,ラーメン,,3.33,50,934,"￥1,000～￥1,999","￥1,000～￥1,999",大阪府吹田市千里山東1-7-22,34.7732641,135.5060513,日本、〒565-0842 大阪府吹田市千里山東１丁目７−２２,,places,medium,ChIJd-U4XFPlAGARdYW5H-h1hSA,ラム白湯専門店 羊羊羊,日本、〒565-0842 大阪府吹田市千里山東１丁目７−２２,34.7732641,135.5060513,57.00,,1.8
サンモリッツ,関大前駅 345m,喫茶店,,3.05,5,184,-,～￥999,大阪府吹田市千里山東1-14-1,34.76267,135.4762504,日本、〒561-0853 大阪府豊中市服部南町１丁目３−３３ 服部サンコーポ,,places,medium,ChIJU5W6cj3lAGAReq5UnQLdzKs,サンモリッツ,日本、〒561-0853 大阪府豊中市服部南町１丁目３−３３ 服部サンコーポ,34.76267,135.4762504,45.00,,3156.4
コハマ,関大前駅 315m,イタリアン、パスタ,,3.17,17,677,"￥3,000～￥3,999","￥1,000～￥1,999",大阪府吹田市千里山東1-17-48,34.77381099999999,135.505871,日本、〒565-0842 大阪府吹田市千里山東１丁目１７−４８,,places_auto_review,auto_override,ChIJ528vz-rkAGARpv0slKmT000,ＣＯＨＡＭＡ,日本、〒565-0842 大阪府吹田市千里山東１丁目１７−４８,34.77381099999999,135.505871,12.00,AUTO_PLACE_OVERRIDE:distance_le_50m,1.4
つけ麺 雀 関大前店,関大前駅 346m,つけ麺,,3.04,8,84,-,-,大阪府吹田市千里山東1-14-1,34.7736283,135.5081728,日本、〒565-0842 大阪府吹田市千里山東１丁目１４−１,,places,medium,ChIJKciCOQDlAGARuWTwlD_3I4U,つけ麺 雀 関大前店,日本、〒565-0842 大阪府吹田市千里山東１丁目１４−１,34.7736283,135.5081728,57.00,,4.2
やみつき唐揚げ丼,関大前駅 355m,弁当、からあげ,,3.02,3,60,～￥999,～￥999,大阪府吹田市千里山東1-9-21,34.7733659,135.5088314,日本、〒565-0842 大阪府吹田市千里山東１丁目９−２１,,places,medium,ChIJ-40GFwDlAGARLT0I-xu5zKw,やみつき唐揚げ丼,日本、〒565-0842 大阪府吹田市千里山東１丁目９−２１,34.7733659,135.5088314,57.00,,4.7
Mr.GREEK,関大前駅 332m,スイーツ、カフェ,,,7,,-,-,大阪府吹田市千里山東1-14-4 MAX'S関大 前1F,34.7736077,135.5077943,日本、〒565-0842 大阪府吹田市千里山東１丁目１４ MAX'S関大 前1階,,places,medium,ChIJU5z4AazlAGARlPx-rZI3OnI,Mr.GREEK,日本、〒565-0842 大阪府吹田市千里山東１丁目１４ MAX'S関大 前1階,34.7736077,135.5077943,60.00,,3.6
まる,関大前駅 356m,韓国料理、居酒屋、焼肉,,3.03,8,334,"￥2,000～￥2,999",～￥999,大阪府吹田市千里山東1-13-2,34.7738361,135.5078046,日本、〒565-0842 大阪府吹田市千里山東１丁目１３−２,,places,medium,ChIJF0TZHZXkAGARF7vtcilp_fk,まる,日本、〒565-0842 大阪府吹田市千里山東１丁目１３−２,34.7738361,135.5078046,57.00,,1.6
ぼんべる,千里山駅 194m,たこ焼き、お好み焼き,,3.05,6,315,～￥999,～￥999,大阪府吹田市千里山東2-26,34.7790836,135.5074516,日本、〒565-0842 大阪府吹田市千里山東２丁目２６−１７,,places,medium,ChIJA1BBa7_kAGARiIHM9N2xBc4,ぼんべる,日本、〒565-0842 大阪府吹田市千里山東２丁目２６−１７,34.7790836,135.5074516,57.00,,59.3
麺処 とりとん,関大前駅 363m,ラーメン,,3.05,22,126,-,～￥999,大阪府吹田市千里山東1-9-21 中通りハイツ 1F,34.773282,135.5088551,日本、〒565-0842 大阪府吹田市千里山東１丁目９−２１ 中通りハイツ 1階,,places,medium,ChIJaaIo5R3lAGARBx4gxM02o-c,麺処 とりとん,日本、〒565-0842 大阪府吹田市千里山東１丁目９−２１ 中通りハイツ 1階,34.773282,135.5088551,60.00,,14.1
笑菓,千里山駅 349m,洋菓子,,,6,,-,-,大阪府吹田市千里山東1-17-28,34.7755872,135.5059477,日本、〒565-0842 大阪府吹田市千里山東１丁目１７−２８,,places,medium,ChIJVZVuBMDkAGAR8EQCqBCnEFQ,笑菓,日本、〒565-0842 大阪府吹田市千里山東１丁目１７−２８,34.7755872,135.5059477,57.00,,2.7
ライト兄弟,千里山駅 68m,サンドイッチ、パン、カフェ,,3.15,25,1029,-,～￥999,大阪府吹田市千里山東2-28-7,34.7782938,135.5059233,日本、〒565-0842 大阪府吹田市千里山東２丁目２８−７ 駅前ビル,,places_auto_review,auto_override,ChIJzWcsmsDkAGARjjWL_bxunM8,カツサンド ライト兄弟,日本、〒565-0842 大阪府吹田市千里山東２丁目２８−７ 駅前ビル,34.7782938,135.5059233,34.50,AUTO_PLACE_OVERRIDE:distance_le_50m,2.9
松のや 関大前店,関大前駅 166m,とんかつ,,3.02,7,38,-,～￥999,大阪府吹田市千里山東1-7-13 カンゾービル 1F,34.7725551,135.505969,日本、〒565-0842 大阪府吹田市千里山東１丁目７−１３ カンゾービル 1f,,geocode_fallback,medium,ChIJEfN64JTkAGARbzSkYas5kJo,松屋 関大前店,日本、〒565-0842 大阪府吹田市千里山東１丁目１４−５ 吉本マンション 1F,34.77359500000001,135.5075751,39.12,LOW_PLACE_CONFIDENCE:low,186.8
PATRA,関大前駅 240m,バー,,,4,,-,-,大阪府吹田市千里山東1-7-20,34.7731452,135.5060628,日本、〒565-0842 大阪府吹田市千里山東１丁目７−２０,,geocode_fallback,medium,ChIJ0-afserkAGAR8nItml1Ia-g,フラゴラ,日本、〒565-0842 大阪府吹田市千里山東１丁目１７−３９,34.7746199,135.5059802,8.00,LOW_PLACE_CONFIDENCE:low,164.2
セブン-イレブン 吹田関大前店,関大前駅 259m,コンビニ・スーパー,,3.02,1,3,-,-,大阪府吹田市千里山東1-7-28,34.7733134,135.5065818,日本、〒565-0842 大阪府吹田市千里山東１丁目７−２８,,places,medium,ChIJpdTt1ZTkAGAR3wEiOvK_88g,セブン-イレブン 吹田関大前店,日本、〒565-0842 大阪府吹田市千里山東１丁目７−２８,34.7733134,135.5065818,57.00,,9.7
米粉シフォンケーキ工房 Balon,千里山駅 67m,洋菓子,,3,2,138,-,"￥1,000～￥1,999",大阪府吹田市千里山東2-28-7 千里山東駅前ビル 3F,34.7782969,135.5059032,日本、〒565-0842 大阪府吹田市千里山東２丁目２８−７ 駅前ビル 3F,,places,medium,ChIJ01qhhLH7AGARFRYoS_pjNsE,米粉シフォンケーキ工房 Balon,日本、〒565-0842 大阪府吹田市千里山東２丁目２８−７ 駅前ビル 3F,34.7782969,135.5059032,60.00,,4.4
社会店カフェ ソシオ,関大前駅 321m,学生食堂,,3,1,2,-,-,大阪府吹田市千里山東3-10-1 社会学舎内 1F,34.7724916,135.5083158,日本、〒565-0842 大阪府吹田市千里山東１丁目１ 第3学舎4号館,,places_manual_review,manual_override,ChIJhetNWQDlAGAREyd43nYr7xo,カフェソシオ,日本、〒565-0842 大阪府吹田市千里山東１丁目１ 第3学舎4号館,34.7724916,135.5083158,38.00,MANUAL_PLACE_OVERRIDE,298.6
#acai BOWL,関大前駅 428m,スイーツ,,3.07,7,49,-,-,大阪府吹田市千里山東1-18-14,34.7746992,135.5061161,日本、〒565-0842 大阪府吹田市千里山東１丁目１８−１４,,places_auto_review,auto_override,ChIJ7aI0SQDlAGARi1GvzxEQPTc,アサイーボウル Hashtag 吹田店,日本、〒565-0842 大阪府吹田市千里山東１丁目１８−１４,34.7746992,135.5061161,14.05,AUTO_PLACE_OVERRIDE:distance_le_50m,15.7
あんことおはぎのお店 くりこ,千里山駅 430m,和菓子,,3.14,17,1470,-,-,大阪府吹田市千里山東3-11-6 みのりハイツ 1F,34.7771146,135.5096588,日本、〒565-0842 大阪府吹田市千里山東３丁目１１−６ 1 階,,places,medium,ChIJNXvuIL7kAGARyHrYmLE5o_k,あんことおはぎのお店 くりこ,日本、〒565-0842 大阪府吹田市千里山東３丁目１１−６ 1 階,34.7771146,135.5096588,57.00,,6.5
手羽助 関大前店,関大前駅 192m,焼き鳥、居酒屋,,3.04,4,56,"￥2,000～￥2,999",-,大阪府吹田市千里山東1-7-18 パレ フタバビル 1F,34.7727166,135.5060458,日本、〒565-0842 大阪府吹田市千里山東１丁目７−１８,,places_auto_review,auto_override,ChIJzXPbIgDlAGARAhrPCQMUWiI,元祖スパイシー手羽先 手羽助,日本、〒565-0842 大阪府吹田市千里山東１丁目７−１８,34.7727166,135.5060458,21.00,AUTO_PLACE_OVERRIDE:distance_le_50m,7.1
きりん寺 関大前店,関大前駅 337m,油そば・まぜそば、つけ麺,,3.03,55,1163,～￥999,～￥999,大阪府吹田市千里山東1-14-23,34.7736197,135.5078846,日本、〒565-0842 大阪府吹田市千里山東１丁目１４−２３ みきハウス 2階,,places,medium,ChIJi7qM45TkAGARgqx4s7_vMv8,きりん寺 関大前店,日本、〒565-0842 大阪府吹田市千里山東１丁目１４−２３ みきハウス 2階,34.7736197,135.5078846,57.00,,5.0
ホルモン ボンクラ,千里山駅 155m,ホルモン、もつ鍋、居酒屋,,3.16,34,1452,"￥3,000～￥3,999",-,大阪府吹田市千里山東2-24-13,34.7777287,135.5065852,日本、〒565-0842 大阪府吹田市千里山東２丁目２４−１３,,places_auto_review,auto_override,ChIJXzrmsEoRIBUReKtgrODvnDw,ボンクラ,日本、〒565-0842 大阪府吹田市千里山東２丁目２４−１３,34.7777287,135.5065852,37.71,AUTO_PLACE_OVERRIDE:distance_le_50m,10.0
Crescent,関大前駅 277m,パン、サンドイッチ、カフェ,,,5,,-,-,大阪府吹田市千里山東1-16-6,34.773464,135.5062864,日本、〒565-0842 大阪府吹田市千里山東１丁目１６−６,,places_auto_review,auto_override,ChIJN90EEUTlAGARjWa6snBeEGc,Crescent（くれせんと）,日本、〒565-0842 大阪府吹田市千里山東１丁目１６−６,34.773464,135.5062864,32.77,AUTO_PLACE_OVERRIDE:distance_le_50m,4.3
cafe le pause,関大前駅 300m,カフェ、洋食,,3.04,4,106,-,"￥1,000～￥1,999",大阪府吹田市千里山東1-16-12 1F,34.7736939,135.5060901,日本、〒565-0842 大阪府吹田市千里山東１丁目１６−１,,places_auto_review,auto_override,ChIJgUCbPgDlAGARgEt0H_eHFGg,カフェ ラ ポーズ,日本、〒565-0842 大阪府吹田市千里山東１丁目１６−１,34.7736939,135.5060901,12.00,AUTO_PLACE_OVERRIDE:distance_le_50m,0.8
スコーン屋 つむぎ,千里山駅 347m,スイーツ,,3.09,11,374,-,-,大阪府吹田市千里山東1-17-28,34.775607,135.5059247,日本、〒565-0842 大阪府吹田市千里山東１丁目１７−２８,,places_auto_review,auto_override,ChIJifJNYuHlAGAR6qg47rBDB14,つむぎ,日本、〒565-0842 大阪府吹田市千里山東１丁目１７−２８,34.775607,135.5059247,28.88,AUTO_PLACE_OVERRIDE:distance_le_50m,0.8
笑顔ノキラメキ,関大前駅 270m,ラーメン、台湾まぜそば,,3.38,119,2078,～￥999,～￥999,大阪府吹田市千里山東1-16-8,34.7734106,135.5060203,日本、〒565-0842 大阪府吹田市千里山東１丁目１６−８,,places,medium,ChIJPf0pMCflAGARQReyBgJo0j0,笑顔ノキラメキ,日本、〒565-0842 大阪府吹田市千里山東１丁目１６−８,34.7734106,135.5060203,57.00,,4.1
松屋 関大前店,関大前駅 329m,牛丼、カレー、食堂,,3.03,12,74,-,～￥999,大阪府吹田市千里山東1-14-5 吉本マンション1F,34.77359500000001,135.5075751,日本、〒565-0842 大阪府吹田市千里山東１丁目１４−５ 吉本マンション 1F,,places,medium,ChIJEfN64JTkAGARbzSkYas5kJo,松屋 関大前店,日本、〒565-0842 大阪府吹田市千里山東１丁目１４−５ 吉本マンション 1F,34.77359500000001,135.5075751,60.00,,6.1
あみ焼き GYOGYO,関大前駅 110m,焼肉、海鮮、居酒屋,,3.09,14,299,"￥2,000～￥2,999",-,大阪府吹田市千里山東1-4-12 興亜殖産関大前ビル 2F,34.7719769,135.5062185,日本、〒565-0842 大阪府吹田市千里山東１丁目４−１２ 関大前ビル 2F 興亜殖産,,places,medium,ChIJDzU-R0flAGARugb3jfhbL4c,あみ焼きGYOGYO 関大前,日本、〒565-0842 大阪府吹田市千里山東１丁目４−１２ 関大前ビル 2F 興亜殖産,34.7719769,135.5062185,46.50,,5.9
らーめん 武双家,関大前駅 220m,ラーメン、つけ麺、餃子,,3.59,331,7411,"￥1,000～￥1,999","￥1,000～￥1,999",大阪府吹田市千里山東1-6-16,34.7729531,135.5058472,日本、〒565-0842 大阪府吹田市千里山東１丁目６−１６,,places_auto_review,auto_override,ChIJZaSY1-rkAGARtx3ft1bnepA,横浜家系ラーメン 武双家,日本、〒565-0842 大阪府吹田市千里山東１丁目６−１６,34.7729531,135.5058472,25.85,AUTO_PLACE_OVERRIDE:distance_le_50m,6.5
ケープコッド,関大前駅 363m,カフェ、インドネシア料理、創作料理,,3.28,64,1259,"￥2,000～￥2,999","￥1,000～￥1,999",大阪府吹田市千里山東1-10-4,34.773571,135.5084737,日本、〒565-0842 大阪府吹田市千里山東１丁目１０−４,,places,medium,ChIJd-eYXU_lAGARYuFiv6T4L1A,ケープコッド,日本、〒565-0842 大阪府吹田市千里山東１丁目１０−４,34.773571,135.5084737,57.00,,5.7
ウッドビレッジ,関大前駅 335m,居酒屋、ハンバーグ、バー,,3.04,6,201,-,-,大阪府吹田市千里山東1-9-16,34.7737482,135.5088899,日本、〒565-0842 大阪府吹田市千里山東１丁目１０−２０ 101,,places,medium,ChIJ71RE8ZTkAGARuObIFm4kGLg,ウッドビレッジ,日本、〒565-0842 大阪府吹田市千里山東１丁目１０−２０ 101,34.7737482,135.5088899,57.00,,61.9
焼肉ホルモン レーサーズ,関大前駅 287m,焼肉、ホルモン,,3.06,9,169,"￥2,000～￥2,999",-,大阪府吹田市千里山東1-17-51 田中ビル 1F,34.7735622,135.5058163,日本、〒565-0842 大阪府吹田市千里山東１丁目１７−５１,,places_auto_review,auto_override,ChIJLwXnz-rkAGAR1DNwzgsM7t4,レーサーズ,日本、〒565-0842 大阪府吹田市千里山東１丁目１７−５１,34.7735622,135.5058163,30.00,AUTO_PLACE_OVERRIDE:distance_le_50m,3.7
串松,関大前駅 307m,居酒屋,食べ飲み放題や飲み放題付きの宴会プランが充実。みんなでワイワイ、楽しいひととき,3.01,3,129,"￥2,000～￥2,999",-,大阪府吹田市千里山東1-7-37,34.7734615,135.5075822,日本、〒565-0842 大阪府吹田市千里山東１丁目７−３７,,places,medium,ChIJgQtc15TkAGARjHYZHxoyXNw,串松,日本、〒565-0842 大阪府吹田市千里山東１丁目７−３７,34.7734615,135.5075822,57.00,,3.2
麺商 ゴリマツ,関大前駅 201m,ラーメン,,3.07,24,218,～￥999,～￥999,大阪府吹田市千里山東1-6-17,34.7727721,135.5058291,日本、〒565-0842 大阪府吹田市千里山東１丁目６−１７,,places_auto_review,auto_override,ChIJTX5y0lrlAGAR9ol9kCuqiNw,ゴリマツ,日本、〒565-0842 大阪府吹田市千里山東１丁目６−１７,34.7727721,135.5058291,42.00,AUTO_PLACE_OVERRIDE:distance_le_50m,0.8
GB'S CAFE AREA1,関大前駅 399m,洋食、カフェ、ダイニングバー,,3.09,34,2072,"￥2,000～￥2,999",～￥999,大阪府吹田市千里山東1-10-20 コスモビル B1F,34.773759,135.5088215,日本、〒565-0842 大阪府吹田市千里山東１丁目１０−２０,,places,medium,ChIJ20MxWJTkAGARkUUdpEfeV58,GB'S CAFE AREA1,日本、〒565-0842 大阪府吹田市千里山東１丁目１０−２０,34.773759,135.5088215,57.00,,0.3
お好み焼 ヤネ,関大前駅 348m,お好み焼き,,3.06,4,53,～￥999,～￥999,大阪府吹田市千里山東1-9-17,34.7733921,135.5084422,日本、〒565-0842 大阪府吹田市千里山東１丁目９−１７,,places,medium,ChIJW02Z9pTkAGARqeKD07Mv0iU,お好み焼 ヤネ,日本、〒565-0842 大阪府吹田市千里山東１丁目９−１７,34.7733921,135.5084422,57.00,,3.8
拉麺ノスゝメ 諭吉,関大前駅 340m,ラーメン、つけ麺、油そば・まぜそば,,3.36,126,2510,～￥999,～￥999,大阪府吹田市千里山東1-14-4,34.7736261,135.5079426,日本、〒565-0842 大阪府吹田市千里山東１丁目１４−４,,places,medium,ChIJp1UB5JTkAGARPZd8cockjCI,拉麺ノスゝメ諭吉,日本、〒565-0842 大阪府吹田市千里山東１丁目１４−４,34.7736261,135.5079426,57.00,,16.0
吉鳥 関大駅前店,関大前駅 253m,居酒屋、焼き鳥、鳥料理,,3.03,3,121,"￥2,000～￥2,999",-,大阪府吹田市千里山東1-7-22,34.7732562,135.5060718,日本、〒565-0842 大阪府吹田市千里山東１丁目７−２２,,places,medium,ChIJM4gu1OrkAGARrUv--It_Ir0,吉鳥 関大前店,日本、〒565-0842 大阪府吹田市千里山東１丁目７−２２,34.7732562,135.5060718,50.57,,1.7
ビック マウンテン エクスプレス,関大前駅 360m,弁当,,3.03,4,110,-,～￥999,大阪府吹田市千里山東1-9-21 中通ハイツ 1F,34.773315,135.5088412,日本、〒565-0842 大阪府吹田市千里山東１丁目９−２１,,places,medium,ChIJ7fQ9yoblAGARo8THKomn8OI,ビック マウンテン エクスプレス,日本、〒565-0842 大阪府吹田市千里山東１丁目９−２１,34.773315,135.5088412,57.00,,5.0
AGOO,関大前駅 285m,ハワイ料理、パンケーキ、カフェ,,3.07,14,332,"￥2,000～￥2,999",～￥999,大阪府吹田市千里山東1-7-33 1F,34.773376,135.5071676,日本、〒565-0842 大阪府吹田市千里山東１丁目７−３３ １F,,places_auto_review,auto_override,ChIJXQBC2ZTkAGARobv0__mf3LM,CAFE&BAR AGOO,日本、〒565-0842 大阪府吹田市千里山東１丁目７−３３ １F,34.773376,135.5071676,27.00,AUTO_PLACE_OVERRIDE:distance_le_50m,1.7
たこっ娘。,関大前駅 151m,バー、たこ焼き,,3.01,1,11,-,-,大阪府吹田市千里山東1-5-11,34.7722626,135.5059062,日本、〒565-0842 大阪府吹田市千里山東１丁目５−１１,,geocode_fallback,medium,ChIJaaIo5R3lAGARBx4gxM02o-c,麺処 とりとん,日本、〒565-0842 大阪府吹田市千里山東１丁目９−２１ 中通りハイツ 1階,34.773282,135.5088551,8.00,LOW_PLACE_CONFIDENCE:low,292.2
ローソンストア100 関大前,関大前駅 354m,コンビニ・スーパー,,3,2,4,-,-,大阪府吹田市千里山東1-9-19,34.7733178,135.5086597,日本、〒565-0842 大阪府吹田市千里山東１丁目９−１９,,places,medium,ChIJdWiO9ZTkAGARQaU4r2LH4yA,ローソンストア100 関大前店,日本、〒565-0842 大阪府吹田市千里山東１丁目９−１９,34.7733178,135.5086597,53.54,,1.4
ハッケン酒場 関大前店,関大前駅 254m,居酒屋、焼き鳥,,3.01,7,42,-,-,大阪府吹田市千里山東1-7-25,34.773298,135.5063305,日本、〒565-0842 大阪府吹田市千里山東１丁目７−２５,,places,medium,ChIJi6xS1erkAGARGfEx0YDPyJc,ハッケン酒場 関大前店,日本、〒565-0842 大阪府吹田市千里山東１丁目７−２５,34.773298,135.5063305,57.00,,8.0
犬カフェ COCOMO,千里山駅 418m,その他,,3.05,6,251,-,"￥1,000～￥1,999",大阪府吹田市千里山東1-18-8 Uni House DOI 1F,34.774987,135.5061095,日本、〒565-0842 大阪府吹田市千里山東１丁目１８−８,,places_auto_review,auto_override,ChIJSfRBrOrkAGARMUA4eQhXmB8,犬カフェＣＯＣＯＭＯ,日本、〒565-0842 大阪府吹田市千里山東１丁目１８−８,34.774987,135.5061095,30.00,AUTO_PLACE_OVERRIDE:distance_le_50m,6.0
一品料理みか,吹田（ＪＲ）駅 441m,居酒屋,,3.02,1,10,"￥3,000～￥3,999",-,大阪府吹田市高城町1-8,34.7621411,135.5283535,日本、〒564-0024 大阪府吹田市高城町１,,places_auto_review,auto_override,ChIJn-286YbjAGAR7kc-orW7yxw,みか,日本、〒564-0024 大阪府吹田市高城町１,34.7621411,135.5283535,27.00,AUTO_PLACE_OVERRIDE:distance_le_50m,4.5
まつむら,相川駅 525m,居酒屋,,,4,,-,-,大阪府吹田市高城町18-34,34.7616215,135.5304525,日本、〒564-0024 大阪府吹田市高城町１８−３４,,places_auto_review,auto_override,ChIJZZv9IDPjAGAR0lKMyZaenS0,喫酒まつむら🍶,日本、〒564-0024 大阪府吹田市高城町１８−３４,34.7616215,135.5304525,37.71,AUTO_PLACE_OVERRIDE:distance_le_50m,2.8
あほや 吹田高城店,吹田（ＪＲ）駅 534m,たこ焼き,,3,1,22,-,-,大阪府吹田市高城町15-10,34.7626823,135.5294723,日本、〒564-0024 大阪府吹田市高城町１５−１０,,places_auto_review,auto_override,ChIJ7SuvebzjAGARKQVsbMTvU9s,たこ焼き あほや 吹田高城店,日本、〒564-0024 大阪府吹田市高城町１５−１０,34.7626823,135.5294723,42.00,AUTO_PLACE_OVERRIDE:distance_le_50m,6.1
旬菜 神その,南千里駅 760m,日本料理、海鮮,,3.07,13,572,"￥4,000～￥4,999","￥1,000～￥1,999",大阪府吹田市高野台1-6-11 高野台近隣センター内,34.7947381,135.5164503,日本、〒565-0861 大阪府吹田市高野台１丁目６−１１,,places,medium,ChIJA00_kq3kAGARtzuIM6szbe8,旬菜 神その,日本、〒565-0861 大阪府吹田市高野台１丁目６−１１,34.7947381,135.5164503,57.00,,54.5
連の小屋,南千里駅 757m,食堂,,,6,,-,-,大阪府吹田市高野台1-6-9 高野台近隣センター,34.7946316,135.5164636,日本、〒565-0861 大阪府吹田市高野台１丁目６−９,,places,medium,ChIJ82dbVTjlAGARFcbxsl_fRxk,連の小屋,日本、〒565-0861 大阪府吹田市高野台１丁目６−９,34.7946316,135.5164636,57.00,,63.8
手打ち蕎麦処 あき津,南千里駅 610m,そば,,3.34,61,3588,-,"￥1,000～￥1,999",大阪府吹田市高野台2-6-7-1,34.7971285,135.5119076,日本、〒565-0861 大阪府吹田市高野台２丁目６−７−１,,places_auto_review,auto_override,ChIJkcoEkUz7AGARZ1Y9KbdwdcI,あき津,日本、〒565-0861 大阪府吹田市高野台２丁目６−７−１,34.7971285,135.5119076,27.00,AUTO_PLACE_OVERRIDE:distance_le_50m,9.2
野口製麺所,吹田（ＪＲ）駅 448m,うどん、そば,,3.38,82,3294,-,～￥999,大阪府吹田市高浜町7-9,34.7604089,135.5271813,日本、〒564-0026 大阪府吹田市高浜町７−９,,places,medium,ChIJ3b8em-7jAGARWoJG6SfnGwA,野口製麺所,日本、〒564-0026 大阪府吹田市高浜町７−９,34.7604089,135.5271813,57.00,,3.4
サンスーシ,吹田（ＪＲ）駅 388m,フレンチ,,3.2,22,569,"￥2,000～￥2,999",-,大阪府吹田市高浜町9-2 中央ビル 1F,34.7609989,135.5269308,日本、〒564-0026 大阪府吹田市高浜町９−２ 中央ビル 1階,,places,medium,ChIJh0G6Z_fkAGAR2uhGllGwHPw,サンスーシ,日本、〒564-0026 大阪府吹田市高浜町９−２ 中央ビル 1階,34.7609989,135.5269308,60.00,,2.7
ビストロサンゴ,吹田（ＪＲ）駅 494m,イタリアン、ワインバー,,3.06,10,342,-,-,大阪府吹田市高浜町6-8 サンラウンド 1F,34.7600388,135.5274513,日本、〒564-0026 大阪府吹田市高浜町６−８ サンラウンド 1F,,places_auto_review,auto_override,ChIJk1pbrofjAGARNZfuTX4LRjw,bistro Sango,日本、〒564-0026 大阪府吹田市高浜町６−８ サンラウンド 1F,34.7600388,135.5274513,18.00,AUTO_PLACE_OVERRIDE:distance_le_50m,9.7
ウインド ベル,吹田（ＪＲ）駅 451m,カフェ,,3.04,4,44,-,～￥999,大阪府吹田市高浜町1-14,34.7596091,135.5259209,日本、〒564-0026 大阪府吹田市高浜町１−１４,,places_auto_review,auto_override,ChIJ-egAm4fjAGARiwePGCWVfmw,Wind Bell（ウインドベル）,日本、〒564-0026 大阪府吹田市高浜町１−１４,34.7596091,135.5259209,30.00,AUTO_PLACE_OVERRIDE:distance_le_50m,4.8
パイン ヴィレッジ,吹田（ＪＲ）駅 448m,バー、カフェ,,3.02,1,47,-,-,大阪府吹田市高浜町10-10 ジャルダン　１Ｆ,34.7612225,135.5279497,日本、〒564-0026 大阪府吹田市高浜町１０−１０ ジャルダン,,places,medium,ChIJO-lY-YbjAGARI0eAQoGhfl0,パイン・ヴィレッジ,日本、〒564-0026 大阪府吹田市高浜町１０−１０ ジャルダン,34.7612225,135.5279497,55.00,,5.8
ふつうの居酒屋,吹田（ＪＲ）駅 394m,居酒屋、食堂、弁当,,3.05,5,128,"￥3,000～￥3,999",～￥999,大阪府吹田市高浜町8-6 パラジュール高浜 1F,34.7606973,135.5266811,日本、〒564-0026 大阪府吹田市高浜町８−６ パラジュール高浜 1F,,places,medium,ChIJc4vZD3LjAGARGx0GIZREJss,ふつうの居酒屋,日本、〒564-0026 大阪府吹田市高浜町８−６ パラジュール高浜 1F,34.7606973,135.5266811,63.00,,1.3
いちまずし,吹田（ＪＲ）駅 439m,寿司,,,2,,-,-,大阪府吹田市高浜町9-17,34.7612856,135.5278847,日本、〒564-0026 大阪府吹田市高浜町９−１７,,geocode_fallback,medium,ChIJq0bbSWjjAGAR2lDV1ik6bRg,三駒寿司,日本、〒565-0823 大阪府吹田市山田南２１−７ コーポ樋口,34.7882096,135.5364683,0.00,LOW_PLACE_CONFIDENCE:low,3094.8
ふぐ釜,吹田（ＪＲ）駅 455m,ふぐ,,3.04,8,217,-,-,大阪府吹田市高浜町1-13,34.7596154,135.5260301,日本、〒564-0026 大阪府吹田市高浜町１−１３,,places,medium,ChIJzWmbm4fjAGARB9qWflPX36E,ふぐ釜,日本、〒564-0026 大阪府吹田市高浜町１−１３,34.7596154,135.5260301,57.00,,9.0
安達酒販,吹田（ＪＲ）駅 498m,バー,,3.01,1,21,-,-,大阪府吹田市高浜町4-7,34.7593766,135.526437,日本、〒564-0026 大阪府吹田市高浜町４−７,,places,medium,ChIJ5yVsvofjAGAR4sbuj26-weg,安達酒販,日本、〒564-0026 大阪府吹田市高浜町４−７,34.7593766,135.526437,57.00,,3.4
すぎむら,吹田（ＪＲ）駅 495m,レストラン,,3.02,1,17,-,-,大阪府吹田市高浜町5-1,34.7597169,135.5269377,日本、〒564-0026 大阪府吹田市高浜町５−２,,places,medium,ChIJcZ0iuofjAGARMPW8tCG6e9w,すぎむら,日本、〒564-0026 大阪府吹田市高浜町５−２,34.7597169,135.5269377,57.00,,8.0
palette,吹田（ＪＲ）駅 498m,ケーキ,,3,3,78,-,-,大阪府吹田市高浜町10-36,34.7601016,135.5275709,日本、〒564-0026 大阪府吹田市高浜町１０−３６ セシール高浜 101,,places,medium,ChIJB1o2xHDjAGARfyZ7ldxq1uI,palette,日本、〒564-0026 大阪府吹田市高浜町１０−３６ セシール高浜 101,34.7601016,135.5275709,57.00,,3.3
Bogey,吹田（ＪＲ）駅 499m,立ち飲み,,,,,-,-,大阪府吹田市高浜町4-7,34.7593726,135.5264737,日本、〒564-0026 大阪府吹田市高浜町４−７,,geocode_fallback,medium,,,,,,,NO_PLACE_CANDIDATE,
ぺんぺん草 吹田店,吹田（ＪＲ）駅 581m,洋菓子、ケーキ,,3,4,102,-,-,大阪府吹田市高浜町4-33,34.7584597,135.5263342,日本、〒564-0026 大阪府吹田市高浜町４−３４,,places,medium,ChIJB8-nvgPjAGARxNTLsMARjR4,ぺんぺん草 吹田店,日本、〒564-0026 大阪府吹田市高浜町４−３４,34.7584597,135.5263342,57.00,,57.4
旬菜山﨑 竹谷店,吹田市,日本料理,熟練の職人が丁寧に作る、季節の移ろいを映したコース料理と選りすぐりの美酒に舌鼓。特別な日に,3.6,51,3221,"￥10,000～￥14,999","￥6,000～￥7,999",大阪府吹田市竹谷町36-17,34.7795717,135.5213034,日本、〒565-0835 大阪府吹田市竹谷町３６−１７,,places,medium,ChIJSU2c0Z7kAGARw9GGOKkxTCA,旬菜 山﨑 竹谷店,日本、〒565-0835 大阪府吹田市竹谷町３６−１７,34.7795717,135.5213034,57.00,,2.5
生成,吹田市,日本料理,,,1,51,-,-,大阪府吹田市竹谷町3-5,34.7821969,135.523143,日本、〒565-0835 大阪府吹田市竹谷町３−５,,places,medium,ChIJU44rn5_kAGARb8iDvAmRD6Q,生成,日本、〒565-0835 大阪府吹田市竹谷町３−５,34.7821969,135.523143,57.00,,2.0
酒と肴 麦々,桃山台駅 362m,居酒屋,,3.02,1,69,-,-,大阪府吹田市竹見台3-6-1 アベニュースクウェア 1F,34.7938682,135.5010903,日本、〒565-0863 大阪府吹田市竹見台３丁目６−１,,places_auto_review,auto_override,ChIJA3q3LwD7AGAR22VF82UJg0I,酒と肴 麦々,日本、〒565-0863 大阪府吹田市竹見台３丁目６−１,34.7938682,135.5010903,57.00,AUTO_PLACE_OVERRIDE:distance_le_50m,4.6
小西食品,桃山台駅 375m,売店,,,2,8,-,-,大阪府吹田市竹見台3-6-6,34.794307,135.5009496,日本、〒565-0863 大阪府吹田市竹見台３丁目６−６ マーケット 内,,places,medium,ChIJfWbywx_7AGAROzMqXgrJYdQ,小西食品,日本、〒565-0863 大阪府吹田市竹見台３丁目６−６ マーケット 内,34.794307,135.5009496,57.00,,3.8
佳肴の厨,桃山台駅 416m,弁当,,3,3,27,-,-,大阪府吹田市竹見台3-6-19,34.7942977,135.5014964,日本、〒565-0863 大阪府吹田市竹見台３丁目６−１９,,places_auto_review,auto_override,ChIJwy4PTgD7AGAR67R7OyNpr8w,佳肴の厨-かこうのくりや-,日本、〒565-0863 大阪府吹田市竹見台３丁目６−１９,34.7942977,135.5014964,28.36,AUTO_PLACE_OVERRIDE:distance_le_50m,1.4
竹見台の食卓 光之助,桃山台駅 392m,洋食,,3.02,3,35,-,-,大阪府吹田市竹見台3-6-11,34.79440659999999,135.5013776,日本、〒565-0863 大阪府吹田市竹見台３丁目６−９,,places_auto_review,auto_override,ChIJB6kWLfv7AGAR1ry12FuGFX8,光之助,日本、〒565-0863 大阪府吹田市竹見台３丁目６−９,34.79440659999999,135.5013776,27.00,AUTO_PLACE_OVERRIDE:distance_le_50m,23.2
キッチン ほそみ,桃山台駅 378m,その他,,3,1,9,-,-,大阪府吹田市竹見台3-6-6,34.79440659999999,135.5013776,日本、〒565-0863 大阪府吹田市竹見台３丁目６−９,,places_auto_review,auto_override,ChIJB6kWLfv7AGAR1ry12FuGFX8,光之助,日本、〒565-0863 大阪府吹田市竹見台３丁目６−９,34.79440659999999,135.5013776,12.00,AUTO_PLACE_OVERRIDE:distance_le_50m,38.2
とり新,桃山台駅 377m,その他,,3.02,1,8,-,-,大阪府吹田市竹見台3-6-6 竹見台マーケット,34.79434,135.50098,日本、〒565-0863 大阪府吹田市竹見台３丁目６−６ マーケット内 1F,,places,medium,ChIJ80zh7TP7AGAReWMqYwEdfzw,とり新,日本、〒565-0863 大阪府吹田市竹見台３丁目６−６ マーケット内 1F,34.79434,135.50098,57.00,,0.0
中華料理 哲ちゃん,桃山台駅 412m,中華料理,,3.09,23,454,-,-,大阪府吹田市竹見台3-6-9,34.7944856,135.5013971,日本、〒565-0863 大阪府吹田市竹見台３丁目６−９,,places_auto_review,auto_override,ChIJZZ5z9DP7AGARJ2s0wRhVZA4,哲ちゃん,日本、〒565-0863 大阪府吹田市竹見台３丁目６−９,34.7944856,135.5013971,34.50,AUTO_PLACE_OVERRIDE:distance_le_50m,6.0
らんまん,桃山台駅 375m,パン,,,10,,-,-,大阪府吹田市竹見台3-6-6,34.7943559,135.5009691,日本、〒565-0863 大阪府吹田市竹見台３丁目６−６,,places,medium,ChIJf-mlHwD7AGARK0OyG2ctvyQ,らんまん,日本、〒565-0863 大阪府吹田市竹見台３丁目６−６,34.7943559,135.5009691,57.00,,2.0
B.B. CURRY,桃山台駅 379m,カレー、つけ麺,,3.22,49,1538,"￥1,000～￥1,999","￥1,000～￥1,999",大阪府吹田市竹見台3-6-6 竹見台マーケット 1F,34.7943523,135.5010029,日本、〒565-0863 大阪府吹田市竹見台３丁目６−６ マーケット内 1F,,places_auto_review,auto_override,ChIJA2JYLfT7AGARqNp9ncmwXSI,B.B.CURRY（ビービーカレー）,日本、〒565-0863 大阪府吹田市竹見台３丁目６−６ マーケット内 1F,34.7943523,135.5010029,37.50,AUTO_PLACE_OVERRIDE:distance_le_50m,2.5
焼肉冷麺 呉家 吹田竹見店,桃山台駅 366m,焼肉、冷麺、居酒屋,,3.07,11,244,"￥5,000～￥5,999",-,大阪府吹田市竹見台3-6-1 201,34.7938805,135.5011245,日本、〒565-0863 大阪府吹田市竹見台３丁目６−１ 2F,,places,medium,ChIJJ1KMtg_7AGARyjt87pZiqx4,焼肉 冷麺 呉家 吹田竹見台店,日本、〒565-0863 大阪府吹田市竹見台３丁目６−１ 2F,34.7938805,135.5011245,53.25,,8.0
おいしい生ビールのお店 黒日果,江坂駅 448m,居酒屋,ビール好き必見！レンガ調のお洒落空間でアサヒ「マルエフ樽生」と特製おつまみを堪能◆,3.32,52,1396,"￥3,000～￥3,999",～￥999,大阪府吹田市垂水町3-24-14 1F,34.7598061,135.50173,日本、〒564-0062 大阪府吹田市垂水町３丁目２４−１４,,places,medium,ChIJYWD0DCTlAGARk5q_2QHTVhY,おいしい生ビールのお店 黒日果,日本、〒564-0062 大阪府吹田市垂水町３丁目２４−１４,34.7598061,135.50173,57.00,,8.6
マイード ドゥエーベ,江坂駅 358m,イタリアン、パスタ,,3.36,116,4518,"￥5,000～￥5,999","￥1,000～￥1,999",大阪府吹田市垂水町3-30-13 ライブビルディング 101,34.7587379,135.5009672,日本、〒564-0062 大阪府吹田市垂水町３丁目３０−１３,,places_auto_review,auto_override,ChIJZctphPnkAGARPn3Tk3ogWoA,マイードドゥエーベ Maiido Due B,日本、〒564-0062 大阪府吹田市垂水町３丁目３０−１３,34.7587379,135.5009672,33.00,AUTO_PLACE_OVERRIDE:distance_le_50m,7.0
ヒマラヤ,江坂駅 514m,ネパール料理、居酒屋、カレー,【江坂駅6分】本場のネパール料理や本格インドカレーを満喫◎お得な食べ飲み放題コース有り！,3.2,45,835,"￥2,000～￥2,999","￥1,000～￥1,999",大阪府吹田市垂水町3-25-25,34.7601533,135.5021638,日本、〒564-0062 大阪府吹田市垂水町３丁目２５−２５,,places,medium,ChIJS8hnCPTkAGAR_GY3cqv-ogc,ヒマラヤ,日本、〒564-0062 大阪府吹田市垂水町３丁目２５−２５,34.7601533,135.5021638,57.00,,15.6
あらい,江坂駅 431m,日本料理、居酒屋、その他,江坂駅5分◆アットホームな空間で旬の鮮魚や日替わりのおばんざいを楽しむ◎座敷個室は宴会にも,3.21,51,1028,"￥3,000～￥3,999",～￥999,大阪府吹田市垂水町3-24-14,34.7598743,135.5014579,日本、〒564-0062 大阪府吹田市垂水町３丁目２４−１４,,places_auto_review,auto_override,ChIJHxJEUvHkAGARikMlAndkJcg,季節料理あらい,日本、〒564-0062 大阪府吹田市垂水町３丁目２４−１４,34.7598743,135.5014579,31.29,AUTO_PLACE_OVERRIDE:distance_le_50m,31.0
炭火焼鳥 百星,豊津駅 672m,焼き鳥,,3.25,65,2851,"￥3,000～￥3,999","￥1,000～￥1,999",大阪府吹田市垂水町1-40-5,34.7641474,135.5020245,日本、〒564-0062 大阪府吹田市垂水町１丁目４０−５ マンションアルブル 105号,,places,medium,ChIJr1zkrdXlAGARkrGOyow6Vek,炭火焼鳥 百星,日本、〒564-0062 大阪府吹田市垂水町１丁目４０−５ マンションアルブル 105号,34.7641474,135.5020245,57.00,,5.4
讃岐うどん四八,江坂駅 436m,うどん、うどんすき、天ぷら,,3.53,276,8703,～￥999,～￥999,大阪府吹田市垂水町3-29-2 チサンマンション第５江坂１Ｆ １F,34.7592387,135.5017577,日本、〒564-0062 大阪府吹田市垂水町３丁目２９−２ チサンマンション第五江坂１０５,,places,medium,ChIJF24SHfTkAGAREf-l-tpVkTk,讃岐うどん 四八,日本、〒564-0062 大阪府吹田市垂水町３丁目２９−２ チサンマンション第五江坂１０５,34.7592387,135.5017577,57.00,,10.1
36CHOPPERS,江坂駅 580m,カフェ、バル、弁当,,3.43,78,2620,-,"￥1,000～￥1,999",大阪府吹田市垂水町3-17 第一田中マンション 1F,34.7619532,135.5019608,日本、〒564-0062 大阪府吹田市垂水町３丁目１７,,places_auto_review,auto_override,ChIJuZBJIG7lAGARstiV-ndiLgI,36CHOPPERS(サブロクチョッパーズ),日本、〒564-0062 大阪府吹田市垂水町３丁目１７,34.7619532,135.5019608,31.29,AUTO_PLACE_OVERRIDE:distance_le_50m,13.0
すみれ,豊津駅 677m,居酒屋,,3.01,3,53,-,-,大阪府吹田市垂水町3-4-33,34.7640167,135.5019796,日本、〒564-0062 大阪府吹田市垂水町３丁目４−３３,,places,medium,ChIJS9a6BPLkAGARH-qUCemqEGg,すみれ,日本、〒564-0062 大阪府吹田市垂水町３丁目４−３３,34.7640167,135.5019796,57.00,,0.0
島唄,豊津駅 480m,居酒屋、食堂、沖縄料理,,3.03,5,85,-,～￥999,大阪府吹田市垂水町3-15-4,34.76161570000001,135.5051543,日本、〒564-0062 大阪府吹田市垂水町２丁目２０,,places,medium,ChIJ4zUJYPPkAGARCJIlmvftk4E,島唄,日本、〒564-0062 大阪府吹田市垂水町２丁目２０,34.76161570000001,135.5051543,57.00,,14.1
おかず処 うえむら,豊津駅 154m,惣菜・デリ、弁当,,3,1,23,-,～￥999,大阪府吹田市垂水町1-7-2,34.7640471,135.50769,日本、〒564-0062 大阪府吹田市垂水町１丁目７−２,,places,medium,ChIJm8DR64zkAGARjFVZpTzw1ZE,おかず処 うえむら,日本、〒564-0062 大阪府吹田市垂水町１丁目７−２,34.7640471,135.50769,57.00,,2.3
La Pizzeria di Tutti,豊津駅 65m,ピザ,,3.05,5,120,"￥3,000～￥3,999","￥1,000～￥1,999",大阪府吹田市垂水町1-2-18,34.7643159,135.5086775,日本、〒564-0062 大阪府吹田市垂水町１丁目２−１８,,places_auto_review,auto_override,ChIJiYlnK2nlAGARBEHBarMzD7E,La Pizzeria di Tutti（ラ ピッツェリア ディ ツッチ）,日本、〒564-0062 大阪府吹田市垂水町１丁目２−１８,34.7643159,135.5086775,32.45,AUTO_PLACE_OVERRIDE:distance_le_50m,0.0
Cafe&Bal Magis,江坂駅 621m,カフェ,,3.17,25,799,"￥1,000～￥1,999",～￥999,大阪府吹田市垂水町3-10-20 1F,34.7621713,135.5022696,日本、〒564-0062 大阪府吹田市垂水町３丁目１０−２０ １F,,places,medium,ChIJn_R6UKLlAGAR_txILaId-Yg,Cafe＆Bal Magis,日本、〒564-0062 大阪府吹田市垂水町３丁目１０−２０ １F,34.7621713,135.5022696,49.50,,3.1
からあげ専門店 ＦＵＪＩ 江坂豊津店,豊津駅 664m,からあげ、手羽先、立ち飲み,,3.08,11,403,"￥1,000～￥1,999",-,大阪府吹田市垂水町1-29-19 1F,34.7649349,135.5022162,日本、〒564-0062 大阪府吹田市垂水町１丁目１−２９−１９−１０２,,places_auto_review,auto_override,ChIJ8UlU9-3kAGARFlzw00caSmQ,からあげ専門店FUJI,日本、〒564-0062 大阪府吹田市垂水町１丁目１−２９−１９−１０２,34.7649349,135.5022162,28.58,AUTO_PLACE_OVERRIDE:distance_le_50m,1.5
スギ薬局,豊津駅 202m,その他,,3.03,2,5,-,-,大阪府吹田市垂水町2-4-37,34.7636813,135.5072542,日本、〒564-0062 大阪府吹田市垂水町２丁目４−３７ ＩＢ豊津 １階,,places_auto_review,auto_override,ChIJvW0fwYzkAGARSGJ_d6q4wC0,スギ薬局 豊津店,日本、〒564-0062 大阪府吹田市垂水町２丁目４−３７ ＩＢ豊津 １階,34.7636813,135.5072542,37.71,AUTO_PLACE_OVERRIDE:distance_le_50m,0.5
ワイン食堂 ココロナ,江坂駅 688m,ワインバー、パスタ、ダイニングバー,,3.2,28,2806,"￥2,000～￥2,999",-,大阪府吹田市垂水町1-41-13 エスポワール江坂 1F,34.7642047,135.5002261,日本、〒564-0062 大阪府吹田市垂水町１丁目４１,,places_auto_review,auto_override,ChIJVVVAI-7kAGARps93MutVO_4,大衆洋酒COCOLONA,日本、〒564-0062 大阪府吹田市垂水町１丁目４１,34.7642047,135.5002261,12.00,AUTO_PLACE_OVERRIDE:distance_le_50m,23.2
栄すし,豊津駅 67m,寿司,,3.06,17,2112,"￥6,000～￥7,999",-,大阪府吹田市垂水町1-2-18,34.7643255,135.5087334,日本、〒564-0062 大阪府吹田市垂水町１丁目２−１８ 岡本ハイツ,,places,medium,ChIJq_Ja9YzkAGARVBqiIQFRoEA,栄すし,日本、〒564-0062 大阪府吹田市垂水町１丁目２−１８ 岡本ハイツ,34.7643255,135.5087334,57.00,,5.2
焼肉ダイニング幸の蔵,豊津駅 675m,焼肉,,3.18,13,484,"￥3,000～￥3,999",-,大阪府吹田市垂水町3-4-34,34.764036,135.5019972,日本、〒564-0062 大阪府吹田市垂水町３丁目４−３４,,places,medium,ChIJWz0lrx_lAGAR2Y1m16giu90,焼肉ダイニング幸の蔵,日本、〒564-0062 大阪府吹田市垂水町３丁目４−３４,34.764036,135.5019972,57.00,,5.7
ペーパームーン,豊津駅 232m,バー,,,42,,-,-,大阪府吹田市垂水町1-8-3 2F,34.7640916,135.5068367,日本、〒564-0062 大阪府吹田市垂水町１丁目８−３ プロスペリティ 2F,,places_auto_review,auto_override,ChIJZaAnhCnlAGARN9ZKqB7RXps,PAPER MOON,日本、〒564-0062 大阪府吹田市垂水町１丁目８−３ プロスペリティ 2F,34.7640916,135.5068367,15.00,AUTO_PLACE_OVERRIDE:distance_le_50m,4.4
魚神,豊津駅 13m,海鮮、居酒屋,,3.03,5,59,-,-,大阪府吹田市垂水町1-1-6,34.764155,135.509224,日本、〒564-0062 大阪府吹田市垂水町１丁目１−６,,places,medium,ChIJ72GXZYzkAGARR5bxtMKmLfQ,魚神,日本、〒564-0062 大阪府吹田市垂水町１丁目１−６,34.764155,135.509224,57.00,,16.5
浜,江坂駅 461m,居酒屋、そば、寿司,,3.18,36,575,"￥2,000～￥2,999",-,大阪府吹田市垂水町3-24-14-124,34.7598066,135.5018731,日本、〒564-0062 大阪府吹田市垂水町３丁目２４−１４,,places,medium,ChIJG2enU_HkAGARiqoL04fiK4w,浜,日本、〒564-0062 大阪府吹田市垂水町３丁目２４−１４,34.7598066,135.5018731,57.00,,9.2
らーめん樹希,江坂駅 647m,ラーメン,,3.54,373,10165,～￥999,～￥999,大阪府吹田市垂水町1-55-9,34.7643202,135.4982756,日本、〒564-0062 大阪府吹田市垂水町１丁目５５−９,,places,medium,ChIJc4tFvO_kAGARfCKFrZnXsRs,らーめん樹希,日本、〒564-0062 大阪府吹田市垂水町１丁目５５−９,34.7643202,135.4982756,57.00,,2.2
彩雲,江坂駅 537m,日本料理,,3.12,16,295,"￥4,000～￥4,999",-,大阪府吹田市垂水町3-17-10 アルバ・トルナトーレ 1F,34.7615349,135.5016602,日本、〒564-0062 大阪府吹田市垂水町３丁目１７−１０ アルバ．トルナトーレ 1階,,places,medium,ChIJ9ds_BgjlAGARuYTCLejQkKs,彩雲,日本、〒564-0062 大阪府吹田市垂水町３丁目１７−１０ アルバ．トルナトーレ 1階,34.7615349,135.5016602,57.00,,6.2
日本酒Cafe CHOCOTTO,江坂駅 442m,日本酒バー,,3.03,2,133,-,-,大阪府吹田市垂水町3-29-2 1F,34.7592411,135.5018098,日本、〒564-0062 大阪府吹田市垂水町３丁目２９−２ チサンマンション第5江坂 106号,,places,medium,ChIJoyzpagDlAGAR6-lP7UJnarY,日本酒Cafe CHOCOTTO,日本、〒564-0062 大阪府吹田市垂水町３丁目２９−２ チサンマンション第5江坂 106号,34.7592411,135.5018098,57.00,,11.7
三楽,江坂駅 520m,居酒屋,,3.07,10,456,"￥3,000～￥3,999",-,大阪府吹田市垂水町3-31-31,34.7590444,135.5027182,日本、〒564-0062 大阪府吹田市垂水町３丁目３１−３１ ドゥーエ江坂II,,places,medium,ChIJbx2_OPTkAGAROq5mR80_mf4,三楽,日本、〒564-0062 大阪府吹田市垂水町３丁目３１−３１ ドゥーエ江坂II,34.7590444,135.5027182,57.00,,4.7
クレヨンハウス,江坂駅 340m,オーガニック,,3.06,17,683,～￥999,～￥999,大阪府吹田市垂水町3-34-24,34.758476,135.5007784,日本、〒564-0062 大阪府吹田市垂水町３丁目３４−２４,,places_auto_review,auto_override,ChIJi4nnvfbkAGAR86cVPuiL8Ms,クレヨンハウス江坂（大阪店）,日本、〒564-0062 大阪府吹田市垂水町３丁目３４−２４,34.758476,135.5007784,34.50,AUTO_PLACE_OVERRIDE:distance_le_50m,5.3
居酒屋ひろちゃん,豊津駅 225m,居酒屋,,,8,,"￥3,000～￥3,999",-,大阪府吹田市垂水町1-8-22 メゾン垂水 1F,34.7646365,135.5071099,日本、〒564-0062 大阪府吹田市垂水町１丁目８,,places_auto_review,auto_override,ChIJUfGO2IzkAGARnHdEmIm70I0,ひろちゃん,日本、〒564-0062 大阪府吹田市垂水町１丁目８,34.7646365,135.5071099,40.12,AUTO_PLACE_OVERRIDE:distance_le_50m,14.4
餃子の王将 豊津店,豊津駅 674m,中華料理、餃子,,3.03,29,220,～￥999,"￥1,000～￥1,999",大阪府吹田市垂水町1-40-5,34.7641485,135.5019995,日本、〒564-0062 大阪府吹田市垂水町１丁目４０−５,,places,medium,ChIJlzNBBPLkAGAReuzVo1YYC64,餃子の王将 豊津店,日本、〒564-0062 大阪府吹田市垂水町１丁目４０−５,34.7641485,135.5019995,57.00,,5.8
赤六 丼丸 豊津店,豊津駅 162m,海鮮丼,,3.01,1,34,-,-,大阪府吹田市垂水町2-3-26 アールズコート 1F,34.7639409,135.5076253,日本、〒564-0062 大阪府吹田市垂水町２丁目３−２６,,places,medium,ChIJhRekTCrlAGARHckgMx9RE1s,赤六 丼丸 豊津店,日本、〒564-0062 大阪府吹田市垂水町２丁目３−２６,34.7639409,135.5076253,57.00,,0.0
momomo DONUT & COFFEE,豊津駅 36m,ドーナツ,,3.12,10,236,-,-,大阪府吹田市垂水町2-1-3,34.763901,135.5091915,日本、〒564-0062 大阪府吹田市垂水町２丁目１−３,,places,medium,ChIJfcRA_CflAGARNdeX1oBYwYc,momomo DONUT & COFFEE,日本、〒564-0062 大阪府吹田市垂水町２丁目１−３,34.763901,135.5091915,57.00,,0.0
玄米赤飯゜井上家,豊津駅 213m,パン,,3,13,303,-,-,大阪府吹田市垂水町1-8-26,34.7642271,135.5070443,日本、〒564-0062 大阪府吹田市垂水町１丁目８−２６,,places_auto_review,auto_override,ChIJH3rTECDlAGARDd_tBmyH1wg,玄米赤飯゜（げんまいせきぱん） 井上家,日本、〒564-0062 大阪府吹田市垂水町１丁目８−２６,34.7642271,135.5070443,33.18,AUTO_PLACE_OVERRIDE:distance_le_50m,2.3
たこべえ,豊津駅 48m,お好み焼き,,3.02,1,5,-,-,大阪府吹田市垂水町2-1-24,34.7639235,135.5091995,日本、〒564-0062 大阪府吹田市垂水町２丁目１−３,,places,medium,ChIJP_tZOtblAGARSs1Y_SIPLL0,たこべえ,日本、〒564-0062 大阪府吹田市垂水町２丁目１−３,34.7639235,135.5091995,57.00,,18.4
ばってんや長衛,豊津駅 80m,和菓子,,3.06,10,132,-,-,大阪府吹田市垂水町1-2-3,34.7640337,135.5085035,日本、〒564-0062 大阪府吹田市垂水町１丁目２−３,,places,medium,ChIJobCg_K_lAGARihLKv8ZF7hk,ばってんや長衛,日本、〒564-0062 大阪府吹田市垂水町１丁目２−３,34.7640337,135.5085035,57.00,,3.8
麺房 豚くらふと,江坂駅 349m,ラーメン,,3.09,57,540,"￥1,000～￥1,999","￥1,000～￥1,999",大阪府吹田市垂水町3-35-25 江坂第一レジャービル 1F,34.7580268,135.5008242,日本、〒564-0062 大阪府吹田市垂水町３丁目３５−２５,,places,medium,ChIJAXC7QgDlAGARv3VRSJxyQQY,麺房 豚くらふと,日本、〒564-0062 大阪府吹田市垂水町３丁目３５−２５,34.7580268,135.5008242,57.00,,0.0
レストランかもしま,江坂駅 523m,食堂,,3.08,16,436,-,～￥999,大阪府吹田市垂水町3-22-20 ２Ｆ,34.7604362,135.5023182,日本、〒564-0062 大阪府吹田市垂水町３丁目２２−２０,,places,medium,ChIJ5do79_PkAGAR1M6KYi6i9XU,レストランかもしま,日本、〒564-0062 大阪府吹田市垂水町３丁目２２−２０,34.7604362,135.5023182,57.00,,6.3
颯,江坂駅 657m,洋菓子,,,10,,-,-,大阪府吹田市垂水町1-55-2 メゾンワタナベ,34.7642941,135.4991031,日本、〒564-0062 大阪府吹田市垂水町１丁目５５−２ メゾンワタナベ 103,,places_auto_review,auto_override,ChIJpatPzTblAGARY2_yxCeVs4Q,颯~SATSUKI~,日本、〒564-0062 大阪府吹田市垂水町１丁目５５−２ メゾンワタナベ 103,34.7642941,135.4991031,20.62,AUTO_PLACE_OVERRIDE:distance_le_50m,4.6
ピッツエリア カプリコルノ,江坂駅 571m,ピザ,,3.32,45,1691,"￥4,000～￥4,999","￥1,000～￥1,999",大阪府吹田市垂水町3-17 第一田中マンション 1F,34.7618372,135.5020161,日本、〒564-0062 大阪府吹田市垂水町３丁目１７,,places,medium,ChIJAQDQ2_PkAGARW8SklcIeuec,ピッツェリア カプリコルノ,日本、〒564-0062 大阪府吹田市垂水町３丁目１７,34.7618372,135.5020161,49.50,,4.9
江坂ふぐCRAB,江坂駅 496m,ふぐ,,3.12,13,418,"￥8,000～￥9,999",-,大阪府吹田市垂水町3-25-25,34.7600853,135.502162,日本、〒564-0062 大阪府垂水町３丁目２５−２５,,places,medium,ChIJDR0xHG_lAGARKpnT077CR74,江坂ふぐCRAB,日本、〒564-0062 大阪府垂水町３丁目２５−２５,34.7600853,135.502162,57.00,,18.1
TERRA COFFEE ROASTERS 江坂公園roastery店,江坂駅 413m,カフェ,,3.12,15,716,～￥999,～￥999,大阪府吹田市垂水町3–30-9,34.7587748,135.5016259,日本、〒564-0062 大阪府吹田市垂水町３丁目３０−８,,places,medium,ChIJcwt7FVPlAGARsEkUsDshlo0,TERRA COFFEE ROASTERS 江坂公園ROASTERY,日本、〒564-0062 大阪府吹田市垂水町３丁目３０−８,34.7587748,135.5016259,53.79,,10.2
多幸や,豊津駅 659m,たこ焼き,,3.02,5,144,～￥999,～￥999,大阪府吹田市垂水町1-29-19,34.7649636,135.502225,日本、〒564-0062 大阪府吹田市垂水町１丁目２９−１９,,places,medium,ChIJ8UlU9-3kAGARcRwfu4_IRsg,多幸や,日本、〒564-0062 大阪府吹田市垂水町１丁目２９−１９,34.7649636,135.502225,57.00,,4.3
エスポア,江坂駅 648m,その他,,3.01,1,49,-,-,大阪府吹田市垂水町1-55-8,34.7643162,135.4983673,日本、〒564-0062 大阪府吹田市垂水町１丁目５５−８,,places_auto_review,auto_override,ChIJOdCKu-_kAGARnJd6IphLAVk,直輸入ワインショップエスポア,日本、〒564-0062 大阪府吹田市垂水町１丁目５５−８,34.7643162,135.4983673,24.86,AUTO_PLACE_OVERRIDE:distance_le_50m,0.8
カフェ エイト,江坂駅 465m,カフェ,,3.31,56,937,-,"￥1,000～￥1,999",大阪府吹田市垂水町3-24-14,34.759865,135.5019082,日本、〒564-0062 大阪府吹田市垂水町３丁目２４−１４,,places,medium,ChIJF6w_AfTkAGARK_BBhWro9DI,カフェエイト,日本、〒564-0062 大阪府吹田市垂水町３丁目２４−１４,34.759865,135.5019082,57.00,,10.2
ORDER,江坂駅 581m,カレー、喫茶店、バー,,3.09,16,199,-,-,大阪府吹田市垂水町3-17 第一田中マンション102,34.7618815,135.5019835,日本、〒564-0062 大阪府吹田市垂水町３丁目１７−７ 第一田中マンション 102,,places,medium,ChIJ6R9_GIflAGARSwppX8JMZEQ,ORDER,日本、〒564-0062 大阪府吹田市垂水町３丁目１７−７ 第一田中マンション 102,34.7618815,135.5019835,60.00,,5.3
ゆめの庵,豊津駅 273m,カレー、洋食、食堂,,3.08,14,245,-,～￥999,大阪府吹田市垂水町1丁目14番2号,34.7640606,135.5063914,日本、〒564-0062 大阪府吹田市垂水町１丁目１４−２,,places,medium,ChIJt6u71IzkAGART_sXycpY4bo,ゆめの庵,日本、〒564-0062 大阪府吹田市垂水町１丁目１４−２,34.7640606,135.5063914,57.00,,6.5
千房 江坂店,江坂駅 477m,お好み焼き、焼きそば、鉄板焼き,,3.05,37,542,"￥1,000～￥1,999","￥1,000～￥1,999",大阪府吹田市垂水町3-28-17,34.7593942,135.5021354,日本、〒564-0062 大阪府吹田市垂水町３丁目２８−１７,,places,medium,ChIJ4XjEQfTkAGARo18B63ruSyk,千房 江坂店,日本、〒564-0062 大阪府吹田市垂水町３丁目２８−１７,34.7593942,135.5021354,57.00,,3.7
BAR AVANTI,江坂駅 476m,バー,,3.05,5,89,-,-,大阪府吹田市垂水町3-24-12 エレガントビジネス江坂　６Ｆ,34.7601975,135.5018736,日本、〒564-0062 大阪府吹田市垂水町３丁目２４−１２ ６階,,places,medium,ChIJS2Bm_vPkAGARo5C4X19eIgY,BAR AVANTI,日本、〒564-0062 大阪府吹田市垂水町３丁目２４−１２ ６階,34.7601975,135.5018736,57.00,,12.5
ハオハオ,豊津駅 30m,中華料理、ラーメン,,3.05,11,169,～￥999,-,大阪府吹田市垂水町2-1-4,34.7639209,135.5093613,日本、〒564-0062 大阪府吹田市垂水町２丁目１−４,,places_auto_review,auto_override,ChIJLRHWdozkAGARZdGAnNn8HHo,中国料理ハオハオ,日本、〒564-0062 大阪府吹田市垂水町２丁目１−４,34.7639209,135.5093613,27.00,AUTO_PLACE_OVERRIDE:distance_le_50m,23.5
麺創　麺魂,江坂駅 422m,ラーメン、つけ麺、餃子,,3.52,438,9548,～￥999,～￥999,大阪府吹田市垂水町3-24-14 グリーンコーポ江坂第2 118号,34.7598918,135.5013935,日本、〒564-0062 大阪府吹田市垂水町３丁目２４−１４,,places_auto_review,auto_override,ChIJG2enU_HkAGAR9jvfvdF9Bb8,麺創 麺魂 江坂本店,日本、〒564-0062 大阪府吹田市垂水町３丁目２４−１４,34.7598918,135.5013935,31.29,AUTO_PLACE_OVERRIDE:distance_le_50m,47.5
お多福,豊津駅 30m,食堂,,3.04,5,156,-,～￥999,大阪府吹田市垂水町1-1-8,34.764175,135.5090434,日本、〒564-0062 大阪府吹田市垂水町１丁目１−８,,places,medium,ChIJgxyOZozkAGARz3gMYGTiU6c,お多福,日本、〒564-0062 大阪府吹田市垂水町１丁目１−８,34.764175,135.5090434,57.00,,9.2
炭酒屋 よしお,江坂駅 331m,居酒屋,,3.06,9,213,-,-,大阪府吹田市垂水町3-35-25 タケダビルT1 1F,34.7580356,135.5006323,日本、〒564-0062 大阪府吹田市垂水町３丁目３５−２４,,places_auto_review,auto_override,ChIJLVo_42XlAGAREtjlMKTyujE,よしお,日本、〒564-0062 大阪府吹田市垂水町３丁目３５−２４,34.7580356,135.5006323,34.50,AUTO_PLACE_OVERRIDE:distance_le_50m,17.6
TRIP ROOM,江坂駅 330m,カフェ,,3.25,41,1276,-,"￥1,000～￥1,999",大阪府吹田市垂水町3-34-22 2F,34.758555,135.5006652,日本、〒564-0062 大阪府吹田市垂水町３丁目３４−２２ 2階,,places_auto_review,auto_override,ChIJ36VRzTXlAGARJ3hTBpaqW10,TRIP ROOM CAFE,日本、〒564-0062 大阪府吹田市垂水町３丁目３４−２２ 2階,34.758555,135.5006652,39.00,AUTO_PLACE_OVERRIDE:distance_le_50m,0.0
サル・ド・レーブ,豊津駅 235m,喫茶店,,,4,,-,-,大阪府吹田市垂水町1-9-22,34.7654352,135.5072795,日本、〒564-0062 大阪府吹田市垂水町１丁目９−２２,,geocode_fallback,medium,,,,,,,NO_PLACE_CANDIDATE,
豊津ファミリーショップ・ハース,豊津駅 49m,その他,,3.01,1,6,-,-,大阪府吹田市垂水町2-1-24,34.763738,135.509338,日本、〒564-0062 大阪府吹田市垂水町２丁目１−２４,,places,medium,ChIJvUNfd4zkAGARt7TLK4ZhaHU,豊津ファミリーショップ・ハース,日本、〒564-0062 大阪府吹田市垂水町２丁目１−２４,34.763738,135.509338,57.00,,8.6
江坂 酒蔵,江坂駅 355m,居酒屋、ふぐ,,3.35,37,1029,"￥3,000～￥3,999",-,大阪府吹田市垂水町3-35-18 １Ｆ,34.757591,135.5007624,日本、〒564-0062 大阪府吹田市垂水町３丁目３５−１８ 成晃,,places,medium,ChIJd-0kjPbkAGARTe3X4ecc2UI,江坂酒蔵,日本、〒564-0062 大阪府吹田市垂水町３丁目３５−１８ 成晃,34.757591,135.5007624,57.00,,9.1
うえむら惣菜店,豊津駅 197m,弁当,,3.01,1,11,-,-,大阪府吹田市垂水町2-4-37 シンコー店内,34.7640471,135.50769,日本、〒564-0062 大阪府吹田市垂水町１丁目７−２,,places_manual_review,manual_override,ChIJm8DR64zkAGARjFVZpTzw1ZE,おかず処 うえむら,日本、〒564-0062 大阪府吹田市垂水町１丁目７−２,34.7640471,135.50769,28.36,MANUAL_PLACE_OVERRIDE,56.6
サンタモニカ,江坂駅 615m,喫茶店、洋食、居酒屋,,,2,9,-,-,大阪府吹田市垂水町3-25-3 吉田マンション 1F,34.7601034,135.5035546,日本、〒564-0062 大阪府吹田市垂水町３丁目２５−３ 吉田 1f,,geocode_fallback,medium,,,,,,,NO_PLACE_CANDIDATE,
せんなり,豊津駅 82m,日本料理、食堂,,3,1,10,-,-,大阪府吹田市垂水町1-4-3,34.7644778,135.5085578,日本、〒564-0062 大阪府吹田市垂水町１丁目４−２,,places_auto_review,auto_override,ChIJ___M9YzkAGAR3Fnkb3sN41c,お食事処せんなり,日本、〒564-0062 大阪府吹田市垂水町１丁目４−２,34.7644778,135.5085578,34.50,AUTO_PLACE_OVERRIDE:distance_le_50m,2.0
ファミリーマート 吹田垂水町一丁目店,豊津駅 198m,コンビニ・スーパー,,3.02,1,3,-,-,大阪府吹田市垂水町1-7-6,34.7642821,135.5072089,日本、〒564-0062 大阪府吹田市垂水町１丁目７−６,,places,medium,ChIJmeJ824zkAGARdhcWYZiQSL8,ファミリーマート 吹田垂水町一丁目店,日本、〒564-0062 大阪府吹田市垂水町１丁目７−６,34.7642821,135.5072089,57.00,,1.5
ダイニングキッチン ミライエル,江坂駅 661m,カフェ、食堂,,3.03,5,106,-,～￥999,大阪府吹田市垂水町3-5-22,34.7635599,135.5010228,日本、〒564-0062 大阪府吹田市垂水町３丁目５−２２ 中土 １Ｆ マンション,,places_auto_review,auto_override,ChIJp4vF317lAGAR2lQslHtj-Kg,ミライエル,日本、〒564-0062 大阪府吹田市垂水町３丁目５−２２ 中土 １Ｆ マンション,34.7635599,135.5010228,30.75,AUTO_PLACE_OVERRIDE:distance_le_50m,10.4
渡鳥 本店,江坂駅 463m,居酒屋、焼き鳥,,3.06,10,515,"￥3,000～￥3,999",-,大阪府吹田市垂水町3-23-30,34.7607991,135.5014026,日本、〒564-0062 大阪府吹田市垂水町３丁目２３−３０ 江坂レジデンス,,places_auto_review,auto_override,ChIJubu-XvHkAGARxcTDLn_4nU0,焼き鳥渡鳥本店,日本、〒564-0062 大阪府吹田市垂水町３丁目２３−３０ 江坂レジデンス,34.7607991,135.5014026,42.00,AUTO_PLACE_OVERRIDE:distance_le_50m,11.5
うるま島,江坂駅 332m,沖縄料理,,3.07,22,984,"￥2,000～￥2,999",-,大阪府吹田市垂水町3-35-25 タケダビル 1F,34.7580356,135.5006323,日本、〒564-0062 大阪府吹田市垂水町３丁目３５−２４ 1F,,places_auto_review,auto_override,ChIJl7qDk_bkAGARZ5SWHSzz1BI,美味奏うるま島,日本、〒564-0062 大阪府吹田市垂水町３丁目３５−２４ 1F,34.7580356,135.5006323,40.71,AUTO_PLACE_OVERRIDE:distance_le_50m,17.6
BAR 18 江坂,江坂駅 344m,バー,,,4,,-,-,大阪府吹田市垂水町3-35-25 レジャービルT&T 4F,34.7579912,135.5007559,日本、〒564-0062 大阪府吹田市垂水町３丁目３５−２５,,places,medium,ChIJsZ07PwXlAGARrNsqIHKfHgw,Bar18 江坂,日本、〒564-0062 大阪府吹田市垂水町３丁目３５−２５,34.7579912,135.5007559,57.00,,7.4
旬の環,江坂駅 514m,日本料理,,3.04,6,230,-,-,大阪府吹田市垂水町3-25-6,34.7598474,135.5024567,日本、〒564-0062 大阪府吹田市垂水町３丁目２５−１６,,places,medium,ChIJs8BrDvTkAGARTH4zx-nJ5Fs,旬の環,日本、〒564-0062 大阪府吹田市垂水町３丁目２５−１６,34.7598474,135.5024567,57.00,,19.8
めはり屋文在ヱ門 江坂店,豊津駅 249m,おにぎり、からあげ,,3.01,4,227,"￥1,000～￥1,999","￥1,000～￥1,999",大阪府吹田市垂水町1-8-14,34.7648478,135.5067678,日本、〒564-0062 大阪府吹田市垂水町１丁目８−１４,,places,medium,ChIJGT0OjRLlAGARzPBHaNXV_Ds,めはり屋文在ヱ門 江坂店,日本、〒564-0062 大阪府吹田市垂水町１丁目８−１４,34.7648478,135.5067678,57.00,,6.5
ミュージック パブ キュー,豊津駅 67m,バー,,3.01,2,30,-,-,大阪府吹田市垂水町1-2-18 岡本ハイツ 208,34.7643324,135.5086662,日本、〒564-0062 大阪府吹田市垂水町１丁目２−１８ 岡本ハイツ,,places,medium,ChIJq_Ja9YzkAGARj5tFp0iO1ZU,ミュージックパブキュー,日本、〒564-0062 大阪府吹田市垂水町１丁目２−１８ 岡本ハイツ,34.7643324,135.5086662,60.00,,2.1
パリワール 江坂店,江坂駅 351m,インドカレー、インド料理,,3.05,21,338,-,～￥999,大阪府吹田市垂水町3-35-25 江坂第一レジャービルT&T 1F,34.7580484,135.5008449,日本、〒564-0062 大阪府吹田市垂水町３丁目３５−２５,,places,medium,ChIJya-nkfbkAGARbPT2QL6gtw0,パリワール 江坂店,日本、〒564-0062 大阪府吹田市垂水町３丁目３５−２５,34.7580484,135.5008449,57.00,,3.1
薩摩,豊津駅 67m,焼肉,,3.02,4,144,-,-,大阪府吹田市垂水町1-2-18,34.7643256,135.5087335,日本、〒564-0062 大阪府吹田市垂水町１丁目２−１８ 岡本ハイツ,,places,medium,ChIJ8R1R9YzkAGARCcvT1FWVzLU,薩摩,日本、〒564-0062 大阪府吹田市垂水町１丁目２−１８ 岡本ハイツ,34.7643256,135.5087335,57.00,,5.2
member's輪舞曲,江坂駅 344m,バー,,,,,"￥2,000～￥2,999","￥1,000～￥1,999",大阪府吹田市垂水町3-35-25 江坂第一レジャービル 3F,34.7580327,135.5007624,日本、〒564-0062 大阪府吹田市垂水町３丁目３５−２５ 江坂第一レジャービル 3F,,places,medium,ChIJY02S_b5hGGARDfzOzLpYFUw,member's輪舞曲,日本、〒564-0062 大阪府吹田市垂水町３丁目３５−２５ 江坂第一レジャービル 3F,34.7580327,135.5007624,63.00,,5.7
麺や マルショウ 江坂店,江坂駅 453m,ラーメン、台湾まぜそば,,3.5,577,15047,"￥1,000～￥1,999","￥1,000～￥1,999",大阪府吹田市垂水町3-29-2,34.7593257,135.5019571,日本、〒564-0062 大阪府吹田市垂水町３丁目２９−２ チサンマンション第5江坂,,places,medium,ChIJ9fAHHfTkAGARfaji11TO2dM,麺や マルショウ 江坂店,日本、〒564-0062 大阪府吹田市垂水町３丁目２９−２ チサンマンション第5江坂,34.7593257,135.5019571,57.00,,20.2
喫茶ポピー,豊津駅 213m,喫茶店,,3.01,2,67,-,-,大阪府吹田市垂水町2-4-35,34.7639831,135.5070591,日本、〒564-0062 大阪府吹田市垂水町２丁目４−３５,,places,medium,ChIJcy7RpNvlAGARVx-9LLfLq3E,喫茶ポピー,日本、〒564-0062 大阪府吹田市垂水町２丁目４−３５,34.7639831,135.5070591,57.00,,4.7
オールドブルー,豊津駅 154m,バー,,,29,,"￥3,000～￥3,999",-,大阪府吹田市垂水町2-3-26 若村ビル 1F,34.7639349,135.507537,日本、〒564-0062 大阪府吹田市垂水町２丁目３−２６ 若村ビル 1F,,places_auto_review,auto_override,ChIJgWLXwYzkAGARwHaU_fuJZ1c,BAR Old Blue,日本、〒564-0062 大阪府吹田市垂水町２丁目３−２６ 若村ビル 1F,34.7639349,135.507537,18.00,AUTO_PLACE_OVERRIDE:distance_le_50m,8.1
壺天,江坂駅 543m,串揚げ,,3.33,62,2952,"￥5,000～￥5,999",-,大阪府吹田市垂水町3-9-10,34.7622868,135.5009416,日本、〒564-0062 大阪府吹田市垂水町３丁目９−１０ 101,,places_auto_review,auto_override,ChIJ47BFm_HkAGARUkPmEYwDW6E,串かつ・ふらい専門店 壺天江坂本店,日本、〒564-0062 大阪府吹田市垂水町３丁目９−１０ 101,34.7622868,135.5009416,18.00,AUTO_PLACE_OVERRIDE:distance_le_50m,8.3
花凛屋,豊津駅 50m,寿司,,,1,,-,-,大阪府吹田市垂水町2-1-24 豊津ファミリーハースB1F,34.763738,135.509338,日本、〒564-0062 大阪府吹田市垂水町２丁目１−２４,,places_auto_review,auto_override,ChIJvUNfd4zkAGARt7TLK4ZhaHU,豊津ファミリーショップ・ハース,日本、〒564-0062 大阪府吹田市垂水町２丁目１−２４,34.763738,135.509338,12.00,AUTO_PLACE_OVERRIDE:distance_le_50m,0.0
馳走三昧 河野,豊津駅 663m,居酒屋,,3.04,3,88,-,-,大阪府吹田市垂水町3-4-34,34.7640296,135.5021441,日本、〒564-0062 大阪府吹田市垂水町３丁目４−３４,,places,medium,ChIJgYVS9pDlAGARNFvFUsM-vro,馳走三昧そば河野,日本、〒564-0062 大阪府吹田市垂水町３丁目４−３４,34.7640296,135.5021441,45.75,,9.0
らふれーず 豊津店,豊津駅 51m,ケーキ、スイーツ,,3.23,46,493,～￥999,-,大阪府吹田市垂水町1-2-21,34.764068,135.508827,日本、〒564-0062 大阪府吹田市垂水町１丁目２−２１,,places,medium,ChIJTUosYozkAGARXWxAR3iJGpI,らふれーず豊津店,日本、〒564-0062 大阪府吹田市垂水町１丁目２−２１,34.764068,135.508827,57.00,,2.7
pine farm,江坂駅 350m,バー,,3.01,1,37,-,-,大阪府吹田市垂水町3-35-25 Ｔ＆Ｔビル　B1F,34.7580556,135.5008333,日本、〒564-0062 大阪府吹田市垂水町３丁目３５−２５ 第一レジャービル江坂T&T B1F,,places,medium,ChIJU_HTk_bkAGARUCPR9jdGLOQ,江坂pine farm,日本、〒564-0062 大阪府吹田市垂水町３丁目３５−２５ 第一レジャービル江坂T&T B1F,34.7580556,135.5008333,51.00,,3.3
とよつ壱や,豊津駅 307m,お好み焼き,,3.09,23,483,"￥1,000～￥1,999",～￥999,大阪府吹田市垂水町1-15-1,34.7640873,135.5060209,日本、〒564-0062 大阪府吹田市垂水町１丁目１５−１,,places,medium,ChIJL_i8ESflAGARPTFbtEFdx_k,とよつ壱や,日本、〒564-0062 大阪府吹田市垂水町１丁目１５−１,34.7640873,135.5060209,57.00,,2.8
紅葉庵,江坂駅 444m,うどん、うどんすき、天ぷら,,3.57,319,10965,"￥2,000～￥2,999","￥1,000～￥1,999",大阪府吹田市垂水町3-18-7,34.7609584,135.5009907,日本、〒564-0062 大阪府吹田市垂水町３丁目１８−７ チサンマンション第6江坂,,places_auto_review,auto_override,ChIJLxrsbvHkAGARioK7l0L57nQ,手打ちうどん 紅葉庵,日本、〒564-0062 大阪府吹田市垂水町３丁目１８−７ チサンマンション第6江坂,34.7609584,135.5009907,27.00,AUTO_PLACE_OVERRIDE:distance_le_50m,16.4
高田水産,豊津駅 44m,その他,,3.01,1,10,-,-,大阪府吹田市垂水町2-1-24 豊津ファミリーショップ・ハース B1F,34.763738,135.509338,日本、〒564-0062 大阪府吹田市垂水町２丁目１−２４,,places_auto_review,auto_override,ChIJvUNfd4zkAGARt7TLK4ZhaHU,豊津ファミリーショップ・ハース,日本、〒564-0062 大阪府吹田市垂水町２丁目１−２４,34.763738,135.509338,12.00,AUTO_PLACE_OVERRIDE:distance_le_50m,0.0
珉宝,江坂駅 654m,中華料理,,3.45,191,6606,"￥1,000～￥1,999","￥1,000～￥1,999",大阪府吹田市垂水町1丁目55-3,34.7643002,135.4989068,日本、〒564-0062 大阪府吹田市垂水町１丁目５５−３,,places_auto_review,auto_override,ChIJc6TRtu_kAGARcAH54s49PEg,中華料理 珉宝,日本、〒564-0062 大阪府吹田市垂水町１丁目５５−３,34.7643002,135.4989068,27.00,AUTO_PLACE_OVERRIDE:distance_le_50m,48.3
大,豊津駅 27m,焼肉、串焼き,,3.09,16,419,"￥2,000～￥2,999",-,大阪府吹田市垂水町1-1-8 足立ビル 1F,34.7641746,135.5090767,日本、〒564-0062 大阪府吹田市垂水町１丁目１−８,,places_auto_review,auto_override,ChIJLbbSHBPlAGARjZNl9GrbtTQ,足立ビル,日本、〒564-0062 大阪府吹田市垂水町１丁目１−８,34.7641746,135.5090767,12.00,AUTO_PLACE_OVERRIDE:distance_le_50m,9.4
遊食中華 吃飯,豊津駅 497m,飲茶・点心,,3.34,113,2474,"￥3,000～￥3,999","￥1,000～￥1,999",大阪府吹田市垂水町3-3-1 ラックスリービル　１Ｆ,34.7639841,135.5039505,日本、〒564-0062 大阪府吹田市垂水町３丁目３−１,,places_auto_review,auto_override,ChIJi52PWPLkAGARKD26Yrq6gmI,シャポン,日本、〒564-0062 大阪府吹田市垂水町３丁目３−１,34.7639841,135.5039505,12.00,AUTO_PLACE_OVERRIDE:distance_le_50m,2.8
サラダボウル,豊津駅 581m,洋菓子,,3,1,9,-,-,大阪府吹田市垂水町1丁目28-10 507,34.7643572,135.5030389,日本、〒564-0062 大阪府吹田市垂水町１丁目２８−１０,,places_manual_review,manual_override,ChIJ1-fLbfLkAGARPeHRZFx_YYc,有限 会社 サラダ ボウル,日本、〒564-0062 大阪府吹田市垂水町１丁目２８−１０,34.7643572,135.5030389,39.00,MANUAL_PLACE_OVERRIDE,62.2
長崎軒,豊津駅 26m,中華料理,,3.25,35,1623,"￥1,000～￥1,999",-,大阪府吹田市垂水町1-1-8,34.7641745,135.5090921,日本、〒564-0062 大阪府吹田市垂水町１丁目１−８,,places_auto_review,auto_override,ChIJgxyOZozkAGARxZgysg3Y3Rs,中華料理 長崎軒,日本、〒564-0062 大阪府吹田市垂水町１丁目１−８,34.7641745,135.5090921,31.29,AUTO_PLACE_OVERRIDE:distance_le_50m,6.1
肉そば はっち,豊津駅 211m,ラーメン、油そば・まぜそば,,3.36,78,975,～￥999,～￥999,大阪府吹田市垂水町1-8-26,34.764217,135.5070797,日本、〒564-0062 大阪府吹田市垂水町１丁目８−２６,,places,medium,ChIJg-hoQmTlAGAR615QDrfa8M0,肉そばはっち,日本、〒564-0062 大阪府吹田市垂水町１丁目８−２６,34.764217,135.5070797,57.00,,2.1
パインズ ハート,豊津駅 673m,洋食,,3.17,33,1364,"￥1,000～￥1,999","￥1,000～￥1,999",大阪府吹田市垂水町1-40-5 マンションアルブル,34.7641631,135.5020135,日本、〒564-0062 大阪府吹田市垂水町１丁目４０−５,,places,medium,ChIJBYhABPLkAGARKYUvmktUNY8,パインズハート,日本、〒564-0062 大阪府吹田市垂水町１丁目４０−５,34.7641631,135.5020135,57.00,,3.8
おでん田八,江坂駅 503m,おでん、居酒屋、日本料理,【江坂】なごみ空間で、35種のおでんをショットバー感覚でお楽しみ下さい♪♪,3.16,32,1836,"￥2,000～￥2,999",-,大阪府吹田市垂水町3-25-6,34.7598497,135.5023431,日本、〒564-0062 大阪府吹田市垂水町３丁目２５−６ 第3 チサンマンション １０３号,,places,medium,ChIJhetRD_TkAGARMqHVZ9QDZHc,おでん田八,日本、〒564-0062 大阪府吹田市垂水町３丁目２５−６ 第3 チサンマンション １０３号,34.7598497,135.5023431,57.00,,11.1
トリッチ,江坂駅 361m,焼き鳥,,3.06,11,185,"￥3,000～￥3,999",-,大阪府吹田市垂水町3-35-18 成晃ビル 1F,34.7575895,135.5008234,日本、〒564-0062 大阪府吹田市垂水町３丁目３５−１８,,places_auto_review,auto_override,ChIJZdCabxnlAGARmASRLQ7Zhyo,鶏っち!,日本、〒564-0062 大阪府吹田市垂水町３丁目３５−１８,34.7575895,135.5008234,12.00,AUTO_PLACE_OVERRIDE:distance_le_50m,12.2
炉端焼 榎坂の蔵,江坂駅 541m,居酒屋、ろばた焼き,,3.2,31,724,"￥2,000～￥2,999",～￥999,大阪府吹田市垂水町3-9-10 チサンマンション第1江坂 1F,34.7622519,135.5009461,日本、〒564-0062 大阪府吹田市垂水町３丁目９−１０ チサンマンション第一江坂 1階,,places,medium,ChIJu6tDm_HkAGAR4HsarZOINiI,炉端焼 榎坂の蔵,日本、〒564-0062 大阪府吹田市垂水町３丁目９−１０ チサンマンション第一江坂 1階,34.7622519,135.5009461,57.00,,12.1
BAR DAY IN THE LIFE,江坂駅 650m,バー、カフェ、レストラン,,3.05,7,393,"￥1,000～￥1,999",-,大阪府吹田市垂水町3-26-15 1F,34.7597563,135.5040136,日本、〒564-0062 大阪府吹田市垂水町３丁目２６−１５,,places,medium,ChIJnwOO9fTkAGARaXtbdR-Y9fE,BAR DAY IN THE LIFE,日本、〒564-0062 大阪府吹田市垂水町３丁目２６−１５,34.7597563,135.5040136,57.00,,5.0
セブンイレブン 江坂公園前店,江坂駅 342m,コンビニ・スーパー,,3.01,2,7,-,-,大阪府吹田市垂水町3-34-15,34.7582699,135.5007254,日本、〒564-0062 大阪府吹田市垂水町３丁目３４−１５,,places,medium,ChIJN9KSlvbkAGARI3n1_JdPhLQ,セブン-イレブン 江坂公園前店,日本、〒564-0062 大阪府吹田市垂水町３丁目３４−１５,34.7582699,135.5007254,53.25,,12.1
やきとりうえ田,豊津駅 231m,焼き鳥,,3.04,6,235,-,-,大阪府吹田市垂水町1-8-3,34.7641442,135.5068446,日本、〒564-0062 大阪府吹田市垂水町１丁目８−３,,places_auto_review,auto_override,ChIJGwJf0IzkAGARkRF8dOFPPNU,うえ田,日本、〒564-0062 大阪府吹田市垂水町１丁目８−３,34.7641442,135.5068446,31.29,AUTO_PLACE_OVERRIDE:distance_le_50m,7.3
アルモニア江坂,江坂駅 655m,その他,,3.02,6,95,-,-,大阪府吹田市垂水町1-55-2 メゾンワタナベ 1F,34.7642963,135.4990294,日本、〒564-0062 大阪府吹田市垂水町１丁目５５−２ メゾンワタナベ 103,,places,medium,ChIJ5frsLaHlAGARbkGLRwxSaaI,アルモニア江坂,日本、〒564-0062 大阪府吹田市垂水町１丁目５５−２ メゾンワタナベ 103,34.7642963,135.4990294,60.00,,3.4
Woody,豊津駅 258m,洋食、ハンバーグ,,3.09,20,247,-,～￥999,大阪府吹田市垂水町1-14-1,34.7640678,135.5065543,日本、〒564-0062 大阪府吹田市垂水町１丁目１４−１,,places_auto_review,auto_override,ChIJeVOB1IzkAGAR7N6TtOtdQM0,ウッディー,日本、〒564-0062 大阪府吹田市垂水町１丁目１４−１,34.7640678,135.5065543,12.00,AUTO_PLACE_OVERRIDE:distance_le_50m,11.6
酒スタンド 魚蔵,江坂駅 344m,立ち飲み,,3.26,36,1091,"￥3,000～￥3,999",～￥999,大阪府吹田市垂水町3-35-25 T&Tレジャービル 1F,34.7580596,135.5007683,日本、〒564-0062 大阪府吹田市垂水町３丁目３５−２５ T&Tレジャービル 1F,,places,medium,ChIJR4N8ATblAGARqp5IemTLKSU,酒スタンド 魚蔵,日本、〒564-0062 大阪府吹田市垂水町３丁目３５−２５ T&Tレジャービル 1F,34.7580596,135.5007683,63.00,,6.3
居酒屋 まえもと,江坂駅 649m,居酒屋,,3.27,28,1279,"￥3,000～￥3,999",-,大阪府吹田市垂水町3-26-15 藤光ビル　１Ｆ,34.7597983,135.5040326,日本、〒564-0062 大阪府吹田市垂水町３丁目２６−１５ イーズプラザ江坂,,places_auto_review,auto_override,ChIJl7d59fTkAGARQZCFX2UGtwY,まえもと,日本、〒564-0062 大阪府吹田市垂水町３丁目２６−１５ イーズプラザ江坂,34.7597983,135.5040326,37.71,AUTO_PLACE_OVERRIDE:distance_le_50m,0.0
あびる寿司,江坂駅 623m,寿司,,3.18,30,610,"￥4,000～￥4,999",-,大阪府吹田市垂水町3-10-20 雅ビル　１Ｆ,34.7622133,135.502227,日本、〒564-0062 大阪府吹田市垂水町３丁目１０−２０ ミヤビ第一ビル,,places,medium,ChIJh2IJzvPkAGARRNFY8vCvfwE,あびる寿司,日本、〒564-0062 大阪府吹田市垂水町３丁目１０−２０ ミヤビ第一ビル,34.7622133,135.502227,57.00,,9.0
三麺流 武者麺 江坂店,江坂駅 619m,ラーメン、つけ麺,,3.56,417,10090,"￥1,000～￥1,999","￥1,000～￥1,999",大阪府吹田市垂水町3-10-20,34.76215740000001,135.5022245,日本、〒564-0062 大阪府吹田市垂水町３丁目１０−２０,,places_auto_review,auto_override,ChIJh2IJzvPkAGARj8VkHsXEb2s,武者麺 江坂本店,日本、〒564-0062 大阪府吹田市垂水町３丁目１０−２０,34.76215740000001,135.5022245,42.00,AUTO_PLACE_OVERRIDE:distance_le_50m,6.8
ソウルキッチン,豊津駅 586m,洋食、創作料理、ダイニングバー,,3.03,7,112,"￥2,000～￥2,999",-,大阪府吹田市垂水町3-10-2 チサンマンション第二江阪 1F,34.7621227,135.5035614,日本、〒564-0062 大阪府吹田市垂水町３丁目１０−２,,places_manual_review,manual_override,ChIJ2SGUtoPlAGARC4wCFmLWkSw,Soul Kitchen,日本、〒564-0062 大阪府吹田市垂水町３丁目１０−２,34.7621227,135.5035614,8.00,MANUAL_PLACE_OVERRIDE,240.6
満里湖,豊津駅 211m,居酒屋、ろばた焼き、冷麺,,3,3,97,"￥2,000～￥2,999",-,大阪府吹田市垂水町1-8-26,34.7642543,135.5070809,日本、〒564-0062 大阪府吹田市垂水町１丁目８−２６,,places,medium,ChIJz5pW2ozkAGAR5gRIlFkeMjY,満里湖,日本、〒564-0062 大阪府吹田市垂水町１丁目８−２６,34.7642543,135.5070809,57.00,,5.4
カフェ チャクラ,江坂駅 520m,カフェ,,3.13,20,311,-,"￥1,000～￥1,999",大阪府吹田市垂水町3-17-13 アスール江坂　1F,34.7617602,135.5013831,日本、〒564-0062 大阪府吹田市垂水町３丁目１７−１３ アスール江坂 １F北側,,places_auto_review,auto_override,ChIJcyDfzfXlAGAROkukzLice30,CAFE CHAKURA（カフェチャクラ）,日本、〒564-0062 大阪府吹田市垂水町３丁目１７−１３ アスール江坂 １F北側,34.7617602,135.5013831,33.53,AUTO_PLACE_OVERRIDE:distance_le_50m,15.9
粉もん屋とん平 江坂公園店,江坂駅 469m,お好み焼き、もんじゃ焼き、鉄板焼き,,3.07,53,1034,"￥2,000～￥2,999",～￥999,大阪府吹田市垂水町3‐24‐14 グリーンコーポ江坂第2　127,34.7599883,135.5019522,日本、〒564-0062 大阪府吹田市垂水町３丁目２４−２ 1F,,places,medium,ChIJHxJEUvHkAGARehPyK_TKirU,粉もん屋 とん平 江坂公園店,日本、〒564-0062 大阪府吹田市垂水町３丁目２４−２ 1F,34.7599883,135.5019522,57.00,,4.7
ビタレーザ キッチン,山田駅 231m,カフェ、イタリアン、パスタ,【山田駅5分】心も身体も満たすヘルシーな一皿♪アフタヌーンティーや限定ディナーもお気軽に◎,3.23,58,1531,"￥2,000～￥2,999","￥1,000～￥1,999",大阪府吹田市津雲台5-11-2 グローバルビレッジ津雲台 つくもスクエア 1F,34.8031343,135.5136442,日本、〒565-0862 大阪府吹田市津雲台５丁目１１−２ グローバルビレッジ つくもスクエア1F,,places_auto_review,auto_override,ChIJBf4j69T7AGARIQe5_LuBpzg,Vitalezza Kitchen(ビタレーザキッチン) 津雲台店,日本、〒565-0862 大阪府吹田市津雲台５丁目１１−２ グローバルビレッジ つくもスクエア1F,34.8031343,135.5136442,33.58,AUTO_PLACE_OVERRIDE:distance_le_50m,33.9
フォルクス 中環千里店,山田駅 801m,ファミレス、ステーキ、ハンバーグ,どなたにもお気軽にお楽しみいただけるごちそう☆★ステーキを食べるなら断然【VOLKS】,3.08,74,661,"￥2,000～￥2,999","￥1,000～￥1,999",大阪府吹田市津雲台7-66-12,34.8062035,135.5072479,日本、〒565-0862 大阪府吹田市津雲台７丁目６６−１２,,places_auto_review,auto_override,ChIJwyn3Rkf7AGARsRifV6SYG5U,ステーキハウス フォルクス 中環千里店,日本、〒565-0862 大阪府吹田市津雲台７丁目６６−１２,34.8062035,135.5072479,42.00,AUTO_PLACE_OVERRIDE:distance_le_50m,12.4
Bonne humeur,山田駅 702m,ビストロ,,3.18,22,1112,"￥4,000～￥4,999","￥2,000～￥2,999",大阪府吹田市津雲台7-5-11,34.8059966,135.5082915,日本、〒565-0862 大阪府吹田市津雲台７丁目５−１１,,places_auto_review,auto_override,ChIJCx-AEgD7AGARbGnsvcWW9kA,Bonne humeur ボンヌ ユムール,日本、〒565-0862 大阪府吹田市津雲台７丁目５−１１,34.8059966,135.5082915,36.00,AUTO_PLACE_OVERRIDE:distance_le_50m,3.2
しゃぶ庵 南千里店,南千里駅 204m,しゃぶしゃぶ、すき焼き、かに,【南千里駅直結】沖縄直送のパイとんや厳選黒毛和牛のしゃぶしゃぶ・すき焼きを堪能！貸切宴会可,3.05,3,96,"￥4,000～￥4,999","￥1,000～￥1,999",大阪府吹田市津雲台1-2-D9 南千里クリスタルホテル 4F,34.7941082,135.5084404,日本、〒565-0862 大阪府吹田市津雲台１丁目２−D9 南千里クリスタルホテル 4F,,places,medium,ChIJaz-JJwDlAGARSw0NBS5zmjw,しゃぶ庵 南千里店,日本、〒565-0862 大阪府吹田市津雲台１丁目２−D9 南千里クリスタルホテル 4F,34.7941082,135.5084404,63.00,,12.0
バードツリー 千里南公園,南千里駅 379m,イタリアン、ピザ、バーベキュー,さぁ、深呼吸。 都会の喧騒を忘れ、北摂の自然を体いっぱいに感じるイタリアンパークレストラン,3.49,494,22281,"￥3,000～￥3,999","￥1,000～￥1,999",大阪府吹田市津雲台1-3-5 千里南公園,34.7955591,135.5075728,日本、〒565-0862 大阪府吹田市津雲台１丁目３−５ 千里南公園内,,places,medium,ChIJCY_p0UD7AGARd-Wn8Luo-e8,バードツリー 千里南公園,日本、〒565-0862 大阪府吹田市津雲台１丁目３−５ 千里南公園内,34.7955591,135.5075728,56.00,,146.9
サンキョー 菜鮮果,南千里駅 141m,コンビニ・スーパー,,3.04,4,16,-,-,大阪府吹田市津雲台1-1-30 トナリエ南千里内,34.7935177,135.5090227,日本、〒565-0862 大阪府吹田市津雲台１丁目１−３０,,places,medium,ChIJVVWF57TkAGARytA-057DCpA,スーパー サンキョー 菜鮮果,日本、〒565-0862 大阪府吹田市津雲台１丁目１−３０,34.7935177,135.5090227,48.00,,66.9
無添くら寿司 トナリエ南千里店,南千里駅 194m,回転寿司,,3.06,44,237,"￥1,000～￥1,999","￥1,000～￥1,999",大阪府吹田市津雲台1-1-30 トナリエ南千里店 2F,34.7938366,135.5096535,日本、〒565-0862 大阪府吹田市津雲台１丁目１−３０ トナリエ南千里 2F,,places,medium,ChIJ1QVKx7TkAGARC7lO11XXEEg,くら寿司 トナリエ南千里店,日本、〒565-0862 大阪府吹田市津雲台１丁目１−３０ トナリエ南千里 2F,34.7938366,135.5096535,53.57,,0.0
KOHYO 津雲台店,山田駅 806m,コンビニ・スーパー,,3.01,1,5,～￥999,～￥999,大阪府吹田市津雲台4-1-21,34.8003001,135.5083736,日本、〒565-0862 大阪府吹田市津雲台４丁目１−２１,,places,medium,ChIJVe_4pUn7AGARE126AJznX4o,KOHYO津雲台店,日本、〒565-0862 大阪府吹田市津雲台４丁目１−２１,34.8003001,135.5083736,57.00,,13.4
カフェプレンティ 南千里店,南千里駅 228m,喫茶店、洋食,,3.08,11,112,-,～￥999,大阪府吹田市津雲台1-1-1,34.7932336,135.5086734,日本、〒565-0855 大阪府吹田市津雲台１丁目１,,places,medium,ChIJ4-V6vrTkAGAREJkvob30GZ4,カフェ プレンティ 阪急南千里店,日本、〒565-0855 大阪府吹田市津雲台１丁目１,34.7932336,135.5086734,46.57,,195.9
家族亭 南千里店,南千里駅 194m,そば、うどん、日本料理,,3.03,21,94,"￥1,000～￥1,999","￥1,000～￥1,999",大阪府吹田市津雲台1-1-30 トナリエ南千里 2F,34.7938366,135.5096535,日本、〒565-0862 大阪府吹田市津雲台１丁目１−３０ トナリエ南千里 2階,,places,medium,ChIJiTDGwrTkAGARCPeDWWg34sI,家族亭 南千里店,日本、〒565-0862 大阪府吹田市津雲台１丁目１−３０ トナリエ南千里 2階,34.7938366,135.5096535,60.00,,4.1
洋食 curilu,山田駅 705m,洋食,,3.09,17,365,-,～￥999,大阪府吹田市津雲台7-5-10,34.8059885,135.5082741,日本、〒565-0862 大阪府吹田市津雲台７丁目５−１０ １０１,,places,medium,ChIJ5Ve1G0f7AGARq87w_CWO0bg,洋食 curilu,日本、〒565-0862 大阪府吹田市津雲台７丁目５−１０ １０１,34.8059885,135.5082741,57.00,,7.4
LAWSON HA 阪急南千里店,南千里駅 94m,コンビニ・スーパー,,3.07,1,4,-,-,大阪府吹田市津雲台1-1-1,34.7931231,135.5087111,日本、〒565-0855 大阪府吹田市津雲台１丁目１−１,,places_manual_review,manual_override,ChIJhQUVw3_lAGARZkKaC9hok5Q,ローソン ＨＡ 阪急南千里店,日本、〒565-0855 大阪府吹田市津雲台１丁目１−１,34.7931231,135.5087111,22.21,MANUAL_PLACE_OVERRIDE,196.4
立ち飲み かど屋,南千里駅 144m,立ち飲み、焼き鳥,,3.26,24,437,"￥1,000～￥1,999","￥1,000～￥1,999",大阪府吹田市津雲台1-1-30 トナリエ南千里 2F,34.7935524,135.5089488,日本、〒565-0862 大阪府吹田市津雲台１丁目１−３０ トナリエ南千里 2F,,places_manual_review,manual_override,ChIJG2OoE57lAGARX-1aNI_mHzA,かど屋,日本、〒565-0862 大阪府吹田市津雲台１丁目１−３０ トナリエ南千里 2F,34.7935524,135.5089488,37.29,MANUAL_PLACE_OVERRIDE,70.5
あほや 津雲台店,山田駅 703m,たこ焼き,,3.01,2,28,-,-,大阪府吹田市津雲台7-5-10,34.8060032,135.5083055,日本、〒565-0862 大阪府吹田市津雲台７丁目５−１１,,places,medium,ChIJ4Ze6Izb7AGARPjDPiA2mI2c,あほや 津雲台店,日本、〒565-0862 大阪府吹田市津雲台７丁目５−１１,34.8060032,135.5083055,57.00,,10.0
カフヴィラ キートス,山田駅 312m,カフェ,,3.05,4,347,-,～￥999,大阪府吹田市津雲台6-17 D26-6号室,34.80392260000001,135.512332,日本、〒565-0862 大阪府吹田市津雲台６丁目,,places_manual_review,manual_override,ChIJYd13gnL7AGARGgOJu-tPAx4,kahvila kiitos,日本、〒565-0862 大阪府吹田市津雲台６丁目,34.80392260000001,135.512332,12.00,MANUAL_PLACE_OVERRIDE,53.9
ミルフィーユ ヴォージュ,南千里駅 219m,ケーキ、洋菓子,,3.09,10,117,-,-,大阪府吹田市津雲台1-1-30 トナリエ南千里 1F,34.7939534,135.5099479,日本、〒565-0862 大阪府吹田市津雲台１丁目１−３０,,places,medium,ChIJvRReWVPlAGARJVYyvd-kxKI,ミルフィーユ ヴォージュ,日本、〒565-0862 大阪府吹田市津雲台１丁目１−３０,34.7939534,135.5099479,57.00,,31.4
雅たこ,南千里駅 196m,たこ焼き,,3.07,13,103,-,～￥999,大阪府吹田市津雲台1-1-30 ガーデンモール南千里 2F,34.793863,135.509622,日本、〒565-0862 大阪府吹田市津雲台１丁目１−３０ トナリエ南千里 2F,,places_auto_review,auto_override,ChIJL-_pTOflAGARe7WyO0WqbJo,たこ焼き 雅たこ,日本、〒565-0862 大阪府吹田市津雲台１丁目１−３０ トナリエ南千里 2F,34.793863,135.509622,42.00,AUTO_PLACE_OVERRIDE:distance_le_50m,0.0
阪急OASIS 南千里店,南千里駅 217m,コンビニ・スーパー,,3.02,2,16,-,-,大阪府吹田市津雲台1-1-30,34.7938683,135.510075,日本、〒565-0862 大阪府吹田市津雲台１丁目１−３０ トナリエ南千里 1F,,places_auto_review,auto_override,ChIJn7QtwbTkAGARJ-cGe5EgBiA,阪急オアシスマルシェ南千里店,日本、〒565-0862 大阪府吹田市津雲台１丁目１−３０ トナリエ南千里 1F,34.7938683,135.510075,27.88,AUTO_PLACE_OVERRIDE:distance_le_50m,38.7
Crêperie Onze.,山田駅 671m,カフェ,,3.09,15,563,-,"￥1,000～￥1,999",大阪府吹田市津雲台7-5-17 1F,34.8060784,135.5086877,日本、〒5680862 大阪府吹田市津雲台７丁目５−１７ 1階,,places_auto_review,auto_override,ChIJ43610Bn7AGAR_-JhqcWZznE,crêperie onze クレープリー オーンズ,日本、〒5680862 大阪府吹田市津雲台７丁目５−１７ 1階,34.8060784,135.5086877,34.50,AUTO_PLACE_OVERRIDE:distance_le_50m,6.0
木下名酒店,南千里駅 213m,その他,,3.02,5,99,-,-,大阪府吹田市津雲台1-1-30 阪急南千里駅前トナリエ 1F,34.79384,135.50964,日本、〒565-0862 大阪府吹田市津雲台１丁目１−３０−１０２ 阪急南千里駅前トナリエ1F,,places_manual_review,manual_override,ChIJ1QVKx7TkAGARmauXlBMvQ80,木下名酒店 株式会社,日本、〒565-0862 大阪府吹田市津雲台１丁目１−３０−１０２ 阪急南千里駅前トナリエ1F,34.79384,135.50964,39.00,MANUAL_PLACE_OVERRIDE,197.7
焼肉 倉屋,南千里駅 194m,焼肉、ホルモン,,3.2,52,546,"￥4,000～￥4,999","￥1,000～￥1,999",大阪府吹田市津雲台1-1-30 ガーデンモール南千里,34.7938366,135.5096535,日本、〒565-0862 大阪府吹田市津雲台１丁目１−３０ トナリエ南千里内,,places_auto_review,auto_override,ChIJ1QVKx7TkAGARCGgHVFDzW2U,焼肉 倉屋 南千里店,日本、〒565-0862 大阪府吹田市津雲台１丁目１−３０ トナリエ南千里内,34.7938366,135.5096535,34.50,AUTO_PLACE_OVERRIDE:distance_le_50m,4.1
済生会千里病院 職員食堂,南千里駅 298m,社員食堂,,3.02,1,21,-,-,大阪府吹田市津雲台1-1-6 災害管理棟 3F,34.7948407,135.5096516,日本、〒565-0862 大阪府吹田市津雲台１丁目１−６,,places_manual_review,manual_override,ChIJA1bcyrTkAGAREto9lMqVtqI,大阪府済生会千里病院,日本、〒565-0862 大阪府吹田市津雲台１丁目１−６,34.7948407,135.5096516,34.50,MANUAL_PLACE_OVERRIDE,89.4
らーめん亀王 南千里店,南千里駅 176m,ラーメン,,3.18,37,161,"￥1,000～￥1,999",～￥999,大阪府吹田市津雲台1-1-30,34.7936253,135.509724,日本、〒565-0862 大阪府吹田市津雲台１丁目１−３０,,places_auto_review,auto_override,ChIJA9qCLADlAGAR6dOpVi2xs9k,九州らーめん亀王 阪急南千里駅店,日本、〒565-0862 大阪府吹田市津雲台１丁目１−３０,34.7936253,135.509724,42.00,AUTO_PLACE_OVERRIDE:distance_le_50m,24.4
FARMAN KITCHEN MARKET,山田駅 679m,その他,,3.02,2,112,-,-,大阪府吹田市津雲台7-5-16,34.806065,135.5085904,日本、〒565-0862 大阪府吹田市津雲台７丁目５−１６,,places,medium,ChIJr6evHUf7AGAR2WhLId8rL34,FARMAN KITCHEN MARKET,日本、〒565-0862 大阪府吹田市津雲台７丁目５−１６,34.806065,135.5085904,57.00,,2.2
松阪牛麺 吹田店,山田駅 690m,ラーメン、麺類、丼,,3.55,475,15690,"￥1,000～￥1,999","￥1,000～￥1,999",大阪府吹田市津雲台7-5-14,34.8060582,135.5084596,日本、〒565-0862 大阪府吹田市津雲台７丁目５−１４,,places,medium,ChIJAQATHEf7AGARiAghIt55EY4,松阪牛麺 吹田店,日本、〒565-0862 大阪府吹田市津雲台７丁目５−１４,34.8060582,135.5084596,57.00,,5.2
日本のいいもの食堂 ハレとケ,山田駅 254m,食堂、寿司、カフェ,,3.38,90,2519,"￥3,000～￥3,999","￥1,000～￥1,999",大阪府吹田市津雲台5-11-1-3,34.8025861,135.5139306,日本、〒565-0862 大阪府吹田市津雲台５丁目１１−１ 3,,places,medium,ChIJjX7hW0b7AGAREZBhg7asCE0,日本のいいもの食堂 ハレとケ,日本、〒565-0862 大阪府吹田市津雲台５丁目１１−１ 3,34.8025861,135.5139306,57.00,,71.2
スターバックスコーヒー 阪急南千里店,南千里駅 140m,カフェ,,3.06,37,101,-,～￥999,大阪府吹田市津雲台1-1-2 アーバス南千里 1F,34.7930296,135.5094936,日本、〒565-0862 大阪府吹田市津雲台１丁目１−２,,places,medium,ChIJSamOkrTkAGAR0lZXKWEWNrY,スターバックス コーヒー 阪急南千里店,日本、〒565-0862 大阪府吹田市津雲台１丁目１−２,34.7930296,135.5094936,57.00,,32.4
サニーサイド 吹田南千里本店,南千里駅 167m,パン、サンドイッチ、カフェ,,3.33,170,5643,～￥999,～￥999,大阪府吹田市津雲台1-1-30 トナリエ南千里 1F,34.7936021,135.5095429,日本、〒565-0862 大阪府吹田市津雲台１丁目１−３０ トナリエ南千里 １Ｆ,,places,medium,ChIJ-67o6bTkAGARqkDGnfMgTpg,サニーサイド吹田南千里本店,日本、〒565-0862 大阪府吹田市津雲台１丁目１−３０ トナリエ南千里 １Ｆ,34.7936021,135.5095429,60.00,,29.9
CAFE&BAR PAVOT,南千里駅 215m,洋食、カフェ、バー,,3.07,18,158,-,～￥999,大阪府吹田市津雲台1丁目1-30 tonarie 2F,34.793489,135.5090025,日本、〒565-0862 大阪府吹田市津雲台１丁目１−３０−１０２,,places_manual_review,manual_override,ChIJh7E9wbTkAGARkKOk3nKY4b4,パボット,日本、〒565-0862 大阪府吹田市津雲台１丁目１−３０−１０２,34.793489,135.5090025,12.00,MANUAL_PLACE_OVERRIDE,70.2
カレーハウスCoCo壱番屋 トナリエ南千里,南千里駅 150m,カレー,,3.05,26,71,-,～￥999,大阪府吹田市津雲台1-1-30 トナリエ南千里 2F,34.7935622,135.5091999,日本、〒565-0862 大阪府吹田市津雲台１丁目１−３０ ２Ｆ,,places,medium,ChIJ1QVKx7TkAGARj5_u1GbjOQQ,カレーハウス CoCo壱番屋 トナリエ南千里店,日本、〒565-0862 大阪府吹田市津雲台１丁目１−３０ ２Ｆ,34.7935622,135.5091999,54.63,,51.0
立ち呑みスバル,南千里駅 143m,立ち飲み,,3.07,7,129,-,-,大阪府吹田市津雲台1-1-30 トナリエ南千里 2F,34.793863,135.509622,日本、〒565-0862 大阪府吹田市津雲台１丁目１−１ トナリエ南千里,,places,medium,ChIJ8z7qJgDlAGAR1MaigxQYTi0,立ち呑みスバル,日本、〒565-0862 大阪府吹田市津雲台１丁目１−１ トナリエ南千里,34.793863,135.509622,60.00,,0.0
若菜そば 阪急南千里店,南千里駅 107m,そば,,3.02,11,95,-,-,大阪府吹田市津雲台1-1-1,34.7932363,135.508707,日本、〒565-0855 大阪府吹田市津雲台１丁目１,,places,medium,ChIJ4-V6vrTkAGARf8bKdbBVHgE,若菜そば 阪急南千里店,日本、〒565-0855 大阪府吹田市津雲台１丁目１,34.7932363,135.508707,53.00,,192.9
ミスタードーナツ 南千里駅前ショップ,南千里駅 134m,ドーナツ,,3.03,18,92,-,-,大阪府吹田市津雲台1-1-2,34.7932637,135.5095416,日本、〒565-0862 大阪府吹田市津雲台１丁目１−２,,places,medium,ChIJvy6e7rTkAGAREr1sYUOVA9k,ミスタードーナツ 南千里駅前ショップ,日本、〒565-0862 大阪府吹田市津雲台１丁目１−２,34.7932637,135.5095416,57.00,,55.6
喫茶 あざれ,南千里駅 97m,喫茶店,,3.03,3,10,-,-,大阪府吹田市津雲台1-2-1 千里ニュータウンプラザ 2F,34.79315,135.5083678,日本、〒565-0862 大阪府吹田市津雲台１丁目２−１ 2F,,places,medium,ChIJ33PjYQDlAGARZCrzZoBTLgk,喫茶 あざれ,日本、〒565-0862 大阪府吹田市津雲台１丁目２−１ 2F,34.79315,135.5083678,60.00,,0.0
ラーメン北斗 吹田本店,千里中央駅 938m,ラーメン、餃子、中華料理,,3.3,111,1403,"￥1,000～￥1,999",～￥999,大阪府吹田市津雲台7-1,34.8031269,135.5040717,日本、〒565-0862 大阪府吹田市津雲台７丁目２０−７４,,places,medium,ChIJcSlF2jj7AGARJUyA5DRk80U,ラーメン北斗 吹田本店,日本、〒565-0862 大阪府吹田市津雲台７丁目２０−７４,34.8031269,135.5040717,53.00,,113.3
ファミリーマート 吹田津雲台七丁目店,山田駅 800m,コンビニ・スーパー,,3,3,7,-,-,大阪府吹田市津雲台7-7-20,34.8058822,135.5072131,日本、〒565-0862 大阪府吹田市津雲台７丁目７−２０,,places,medium,ChIJTXJIQkf7AGARZfPpJGXD0c0,ファミリーマート 吹田津雲台七丁目店,日本、〒565-0862 大阪府吹田市津雲台７丁目７−２０,34.8058822,135.5072131,57.00,,5.3
阪急ベーカリーショップ 南千里店,南千里駅 214m,パン、サンドイッチ,,3.06,7,35,-,-,大阪府吹田市津雲台1-1-30 阪急オアシス南千里店内,34.7938683,135.510075,日本、〒565-0862 大阪府吹田市津雲台１丁目１−３０ トナリエ南千里 1F,,places_auto_review,auto_override,ChIJn7QtwbTkAGARJ-cGe5EgBiA,阪急オアシスマルシェ南千里店,日本、〒565-0862 大阪府吹田市津雲台１丁目１−３０ トナリエ南千里 1F,34.7938683,135.510075,27.75,AUTO_PLACE_OVERRIDE:distance_le_50m,0.0
聚楽,南千里駅 162m,中華料理,,3.15,33,282,"￥1,000～￥1,999",-,大阪府吹田市津雲台1-1-30,34.7936465,135.5093012,日本、〒565-0862 大阪府吹田市津雲台１丁目１−３０,,places,medium,ChIJ1QVKx7TkAGARgnSdQksTTfI,聚楽,日本、〒565-0862 大阪府吹田市津雲台１丁目１−３０,34.7936465,135.5093012,57.00,,38.5
バーガーキング トナリエ南千里店,南千里駅 204m,サンドイッチ,,3.04,15,80,-,-,大阪府吹田市津雲台1-1-30 1F,34.7936351,135.5101985,日本、〒565-0862 大阪府吹田市津雲台１丁目１−３０ 1F,,places,medium,ChIJnb2M-zXlAGAR14XDNF_k1yk,バーガーキング トナリエ南千里店,日本、〒565-0862 大阪府吹田市津雲台１丁目１−３０ 1F,34.7936351,135.5101985,60.00,,54.6
ファミリーマート グローバルビレッジ津雲台店,山田駅 265m,コンビニ・スーパー,,3.03,2,5,-,-,大阪府吹田市津雲台5-11-2,34.8029661,135.5133285,日本、〒565-0862 大阪府吹田市津雲台５丁目１１−３,,places,medium,ChIJR-oVISL7AGARovdmpJWp5tE,ファミリーマート グローバルビレッジ津雲台店,日本、〒565-0862 大阪府吹田市津雲台５丁目１１−３,34.8029661,135.5133285,57.00,,36.6
LAWSON 済生会千里病院店,南千里駅 269m,コンビニ・スーパー,,3,2,6,-,-,大阪府吹田市津雲台1-1-6,34.7945724,135.5096124,日本、〒565-0862 大阪府吹田市津雲台１丁目１−６,,places_auto_review,auto_override,ChIJ_zxWM0v7AGARf9TXDLG2pBM,ローソン 済生会千里病院店,日本、〒565-0862 大阪府吹田市津雲台１丁目１−６,34.7945724,135.5096124,32.00,AUTO_PLACE_OVERRIDE:distance_le_50m,25.3
業務スーパー TAKENOKO 津雲台店,千里中央駅 878m,その他,,,3,6,-,-,大阪府吹田市津雲台7-8-1,34.806466,135.5047437,日本、〒565-0862 大阪府吹田市津雲台７丁目８−１,,places,medium,ChIJfZqzcK77AGAR0Lv4Qo3qKtE,業務スーパー TAKENOKO 津雲台店,日本、〒565-0862 大阪府吹田市津雲台７丁目８−１,34.806466,135.5047437,57.00,,19.5
スパゲッテリアマッキー di Hayashida,南千里駅 160m,パスタ、イタリアン、ワインバー,,3.37,104,2774,"￥2,000～￥2,999","￥1,000～￥1,999",大阪府吹田市津雲台1-1-30 トナリエ南千里 2F,34.7935861,135.5094139,日本、〒565-0862 大阪府吹田市津雲台１丁目１−３０ トナリエ南千里 2F,,places,medium,ChIJ1QVKx7TkAGARKwhXPWcvnMw,スパゲッテリア マッキー di HAYASHIDA,日本、〒565-0862 大阪府吹田市津雲台１丁目１−３０ トナリエ南千里 2F,34.7935861,135.5094139,63.00,,36.2
nord ノルド,山田駅 361m,バー,,3.04,4,373,"￥1,000～￥1,999","￥1,000～￥1,999",大阪府吹田市津雲台6-22-3 トレックビル 1F,34.805742,135.5121377,日本、〒565-0862 大阪府吹田市津雲台６丁目２２−３,,places_auto_review,auto_override,ChIJm6eU-Wz7AGARRFjFqCXEsSI,Nord wine store,日本、〒565-0862 大阪府吹田市津雲台６丁目２２−３,34.805742,135.5121377,27.00,AUTO_PLACE_OVERRIDE:distance_le_50m,5.6
焼肉 翔,吹田（ＪＲ）駅 986m,焼肉、ホルモン、居酒屋,,3.05,3,54,"￥5,000～￥5,999",-,大阪府吹田市天道町15-6,34.7710804,135.5286435,日本、〒564-0003 大阪府吹田市天道町１５−６,,places,medium,ChIJRT1_MQDjAGAR6pJCyvTOKx0,焼肉 翔,日本、〒564-0003 大阪府吹田市天道町１５−６,34.7710804,135.5286435,57.00,,4.3
九州長浜ラーメン 南州屋,吹田（ＪＲ）駅 972m,ラーメン,,3.55,209,4103,"￥1,000～￥1,999",～￥999,大阪府吹田市天道町13-7,34.7709689,135.5286245,日本、〒564-0003 大阪府吹田市天道町１３−７,,places,medium,ChIJCeaH6X7jAGARVz_CAldbMB0,九州長浜ラーメン南州屋,日本、〒564-0003 大阪府吹田市天道町１３−７,34.7709689,135.5286245,57.00,,3.1
南大門 吹田天道店,吹田（ＪＲ）駅 983m,焼肉、ホルモン,,3.03,5,271,"￥4,000～￥4,999",-,大阪府吹田市天道町15-6,34.7710721,135.5286731,日本、〒564-0003 大阪府吹田市天道町１５−６,,places_auto_review,auto_override,ChIJsyUS6n7jAGARCB3ZNxwNeGs,黒毛和牛焼肉 南大門 吹田天道店,日本、〒564-0003 大阪府吹田市天道町１５−６,34.7710721,135.5286731,37.71,AUTO_PLACE_OVERRIDE:distance_le_50m,3.1
浪花食堂,吹田（ＪＲ）駅 990m,食堂,,3.05,12,240,-,-,大阪府吹田市天道町15-6,34.7711221,135.5287088,日本、〒564-0003 大阪府吹田市天道町１５−６,,places,medium,ChIJRzYK6n7jAGARQr3cKBpejJw,浪花食堂,日本、〒564-0003 大阪府吹田市天道町１５−６,34.7711221,135.5287088,57.00,,3.4
LIFE 豊津店,豊津駅 226m,コンビニ・スーパー,,3.01,1,5,-,-,大阪府吹田市出口町26-29,34.7642445,135.5118383,日本、〒564-0072 大阪府吹田市出口町２６−２９,,places_auto_review,auto_override,ChIJVZwGT4nkAGARNTxTKgEF6Rg,ライフ豊津店,日本、〒564-0072 大阪府吹田市出口町２６−２９,34.7642445,135.5118383,25.50,AUTO_PLACE_OVERRIDE:distance_le_50m,8.9
Delight coffee&bake,豊津駅 307m,カフェ,,3.09,11,271,-,"￥1,000～￥1,999",大阪府吹田市出口町22-4,34.7637593,135.5126958,日本、〒564-0072 大阪府吹田市出口町２２−４,,places,medium,ChIJVf-_tn3lAGARIEi8GhHQ5c4,delight coffee&bake,日本、〒564-0072 大阪府吹田市出口町２２−４,34.7637593,135.5126958,57.00,,27.2
小麦の郷 ライフ豊津店,豊津駅 225m,パン,,,5,,-,-,大阪府吹田市出口町26-29 ライフ豊津店,34.7642445,135.5118383,日本、〒564-0072 大阪府吹田市出口町２６−２９,,places_auto_review,auto_override,ChIJVZwGT4nkAGARNTxTKgEF6Rg,ライフ豊津店,日本、〒564-0072 大阪府吹田市出口町２６−２９,34.7642445,135.5118383,39.00,AUTO_PLACE_OVERRIDE:distance_le_50m,0.0
八剣伝 豊津店,豊津駅 129m,居酒屋、焼き鳥、海鮮,,3.01,6,50,"￥2,000～￥2,999",-,大阪府吹田市出口町28-2,34.7640912,135.5107703,日本、〒564-0072 大阪府吹田市出口町２８−２,,places,medium,ChIJG7dT_4vkAGARm2itKIbS9RQ,八剣伝 豊津店,日本、〒564-0072 大阪府吹田市出口町２８−２,34.7640912,135.5107703,57.00,,4.6
パン工房　アンジュリーク,豊津駅 288m,パン,,3.08,13,295,-,-,大阪府吹田市出口町30-16,34.7652622,135.5122327,日本、〒564-0072 大阪府吹田市出口町３０−１６,,places,medium,ChIJy3LcyY7kAGAR6Sxhy5f6RAA,パン工房 アンジュリーク,日本、〒564-0072 大阪府吹田市出口町３０−１６,34.7652622,135.5122327,57.00,,18.5
けーきはうす 天使のたまご,豊津駅 289m,ケーキ,,3.05,4,114,-,-,大阪府吹田市出口町30-16 入江マンション 1F,34.765265,135.5122385,日本、〒564-0072 大阪府吹田市出口町３０−１６,,places_auto_review,auto_override,ChIJM7LUyY7kAGARjZkFHLy3lE4,天使のたまご,日本、〒564-0072 大阪府吹田市出口町３０−１６,34.765265,135.5122385,34.50,AUTO_PLACE_OVERRIDE:distance_le_50m,18.0
ドミノ・ピザ 豊津店,豊津駅 338m,ピザ,,3.01,7,12,-,-,大阪府吹田市出口町22-4,34.7636448,135.5130036,日本、〒564-0072 大阪府吹田市出口町２２−４ パーラム豊津,,places,medium,ChIJCcvPf6blAGARl25fiXdPkn4,ドミノ・ピザ豊津店,日本、〒564-0072 大阪府吹田市出口町２２−４ パーラム豊津,34.7636448,135.5130036,57.00,,3.7
地鶏・和食 個室居酒屋 鶏心 江坂本店,江坂駅 102m,居酒屋、ダイニングバー、海鮮,【個室完備】◆歓送迎会宴会大歓迎◆喫煙可(個室のみに分煙にてOK)紙たばこOK）,3.06,43,1632,"￥3,000～￥3,999",-,大阪府吹田市豊津町9-15 光進ビル 7F,34.75779,135.496497,日本、〒564-0051 大阪府吹田市豊津町９−１５ 光進ビル 7F,,places_auto_review,auto_override,ChIJiWRWjTblAGARpYJOZjYf4EI,鶏心 江坂本店,日本、〒564-0051 大阪府吹田市豊津町９−１５ 光進ビル 7F,34.75779,135.496497,36.00,AUTO_PLACE_OVERRIDE:distance_le_50m,3.8
個室居酒屋 和食郷土料理 玄屋 江坂駅前店,江坂駅 105m,居酒屋、ダイニングバー、鳥料理,【個室完備】【大人数宴会も◎】【当店分煙の為、お席にて紙たばこ・電子たばこ吸えます】,3.06,20,1042,"￥3,000～￥3,999",-,大阪府吹田市豊津町9-15 光進ビル 7F,34.7576908,135.4964899,日本、〒564-0051 大阪府吹田市豊津町９−１５ 光進ビル 7F,,places_auto_review,auto_override,ChIJlzQXbMTlAGARncYxkfvsA0w,玄屋 江坂駅前店,日本、〒564-0051 大阪府吹田市豊津町９−１５ 光進ビル 7F,34.7576908,135.4964899,36.53,AUTO_PLACE_OVERRIDE:distance_le_50m,7.5
えさか堂 江坂本店,江坂駅 100m,居酒屋、焼き鳥、寿司,個室完備☆『寿司』『肉寿司』『炭火焼鳥』『肉汁餃子』『和食料理』全200種食べ飲み放題！！,3.09,36,770,"￥3,000～￥3,999","￥3,000～￥3,999",大阪府吹田市豊津町9-15 光進ビル 8F-B,34.7577582,135.4964807,日本、〒564-0051 大阪府吹田市豊津町９−１５ 光進ビル 8F,,places,medium,ChIJfzKv75XlAGAR_DMb6DwOkoA,えさか堂 江坂本店,日本、〒564-0051 大阪府吹田市豊津町９−１５ 光進ビル 8F,34.7577582,135.4964807,60.00,,0.0
あたぼうや 江坂店,江坂駅 100m,居酒屋、焼き鳥、海鮮,江坂駅0分★個室居酒屋 2名～170名様まで個室完備！,3.16,67,877,"￥3,000～￥3,999","￥3,000～￥3,999",大阪府吹田市豊津町9-15 光進ビル 8F-B,34.7577582,135.4964807,日本、〒564-0051 大阪府吹田市豊津町９−１５ 光進ビル 8F,,places_auto_review,auto_override,ChIJj7XGTgDlAGARphkjn-upvKs,焼き鳥 肉寿司 鍋 和牛しゃぶしゃぶ 食べ飲み放題 個室居酒屋 あたぼうや 江坂本店,日本、〒564-0051 大阪府吹田市豊津町９−１５ 光進ビル 8F,34.7577582,135.4964807,26.25,AUTO_PLACE_OVERRIDE:distance_le_50m,0.0
花菱,江坂駅 84m,居酒屋、鉄板焼き、馬肉料理,江坂 駅スグ！特選食材を鉄板料理で味わえる居酒屋。多種多様な 完全個室 は密をさけるのに最適。,3.08,24,1946,"￥4,000～￥4,999",～￥999,大阪府吹田市豊津町9-44 ハートランド江坂ビル ２F,34.7589772,135.4962862,日本、〒564-0051 大阪府吹田市豊津町９−４４ ハートランド江坂 2F,,places,medium,ChIJCT9IbvrkAGAREDhWz25QnoY,花菱,日本、〒564-0051 大阪府吹田市豊津町９−４４ ハートランド江坂 2F,34.7589772,135.4962862,57.00,,0.0
宮崎地鶏炭火焼 車 江坂店,江坂駅 84m,焼き鳥、居酒屋、鳥料理,"▪️ 新年会受付中 2H飲み放題付コース「5,000円〜」小〜大人数の個室充実の老舗の地鶏料理",3.11,125,3529,"￥4,000～￥4,999",-,大阪府吹田市豊津町9-44 ハートランド江坂 2Ｆ,34.7590039,135.4963085,日本、〒564-0051 大阪府吹田市豊津町９−４４ ハートランド江坂 2階,,places,medium,ChIJCT9IbvrkAGARrW2mKvWltOg,宮崎地鶏炭火焼 車 江坂店,日本、〒564-0051 大阪府吹田市豊津町９−４４ ハートランド江坂 2階,34.7590039,135.4963085,60.00,,3.6
天に昇るudon dining 江坂本店,江坂駅 489m,うどん、天ぷら、居酒屋,旨み凝縮のダシと国産小麦自家製うどん！居心地良い空間で一品やお酒も楽しめるうどんダイニング,3.4,79,2197,"￥1,000～￥1,999",～￥999,大阪府吹田市豊津町17-19 グリーンハイム江坂 104,34.7578514,135.4916713,日本、〒564-0051 大阪府吹田市豊津町１７−１９ 江坂グリーンハイム 1F,,places_auto_review,auto_override,ChIJM6Hwg_zkAGARs-L3McugBWg,天に昇る,日本、〒564-0051 大阪府吹田市豊津町１７−１９ 江坂グリーンハイム 1F,34.7578514,135.4916713,24.86,AUTO_PLACE_OVERRIDE:distance_le_50m,4.1
あか瀬,江坂駅 55m,居酒屋、鍋、韓国料理,《江坂エリアで注目のコスパ◎》江坂駅すぐ！雰囲気自慢の完全個室■鍋とチキンの食べ放題専門店,3.04,7,516,"￥3,000～￥3,999",-,大阪府吹田市豊津町9-16 第1ロンヂェビル 2F,34.7582617,135.4966007,日本、〒564-0051 大阪府吹田市豊津町９−１６ 第1ロンチェビル 2F,,places,medium,ChIJ4aAwD_rkAGARgty24kKs9Uo,あか瀬,日本、〒564-0051 大阪府吹田市豊津町９−１６ 第1ロンチェビル 2F,34.7582617,135.4966007,60.00,,2.7
しゃぶしゃぶすき焼どん亭 江坂店,江坂駅 120m,しゃぶしゃぶ、すき焼き、日本料理,牛肉を和風に楽しめるお店★シンプルで奥深い「しゃぶしゃぶ」と「すき焼き」の楽しみを当店で。,3.06,65,1028,"￥2,000～￥2,999",～￥999,大阪府吹田市豊津町10-11 池上ビル　２Ｆ,34.7588691,135.4958628,日本、〒564-0051 大阪府吹田市豊津町１０−１１ 池上ビル ２Ｆ,,places,medium,ChIJERUPaPrkAGAR-IF0yqgmqEs,しゃぶしゃぶどん亭江坂店,日本、〒564-0051 大阪府吹田市豊津町１０−１１ 池上ビル ２Ｆ,34.7588691,135.4958628,51.75,,1.4
RESTAURANT BAR Down-D,江坂駅 92m,ダイニングバー、イタリアン、バー,≪江坂駅8番出口すぐ≫雰囲気抜群の老舗ダイニングbarでパーティ・二次会◆VIPルーム有◆,3.08,23,829,"￥3,000～￥3,999",-,大阪府吹田市豊津町9-22 　Ｂ１Ｆ,34.7578161,135.4966619,日本、〒564-0051 大阪府吹田市豊津町９−２２,,places_auto_review,auto_override,ChIJ9dpwAfrkAGARuCh1AWKVliU,DOWN−D ダウン・ディー,日本、〒564-0051 大阪府吹田市豊津町９−２２,34.7578161,135.4966619,21.00,AUTO_PLACE_OVERRIDE:distance_le_50m,2.6
海鮮居酒屋 赤富士,江坂駅 55m,居酒屋、海鮮、寿司,江坂駅徒歩１分 個室 海鮮とお寿司 喫煙席・禁煙席あり,3.18,54,1609,"￥3,000～￥3,999",-,大阪府吹田市豊津町9-16 第一ロンヂェビル B1F,34.7582796,135.4965808,日本、〒564-0051 大阪府吹田市豊津町９−１６ 第一ロンジェビル B1F,,places,medium,ChIJ-WGtIRLlAGARBsJ4w3DEacI,海鮮居酒屋 赤富士,日本、〒564-0051 大阪府吹田市豊津町９−１６ 第一ロンジェビル B1F,34.7582796,135.4965808,60.00,,0.0
磯一 江坂店,江坂駅 278m,居酒屋、海鮮、鍋,紀州・串本他全国各地から直送の朝獲れ鮮魚を堪能！掘り炬燵席の大小個室完備◎ご宴会は磯一で◎,3.4,150,5615,"￥3,000～￥3,999",-,大阪府吹田市豊津町15-17 ライオンズマンション第６江坂　１Ｆ,34.7577192,135.4942171,日本、〒564-0051 大阪府吹田市豊津町１５−１７ ライオンズマンション第6江坂 1F,,places_auto_review,auto_override,ChIJy3cQsfvkAGARBHS_Y42qCzY,旬魚菜 磯一 江坂店,日本、〒564-0051 大阪府吹田市豊津町１５−１７ ライオンズマンション第6江坂 1F,34.7577192,135.4942171,40.12,AUTO_PLACE_OVERRIDE:distance_le_50m,39.9
TRICOLORE,江坂駅 504m,イタリアン,【貸切可】フラっと気軽に立ち寄れるイタリア料理店！こだわりのイタリアンとワインを堪能◎,3.21,25,803,"￥4,000～￥4,999",～￥999,大阪府吹田市豊津町18-21 月見ハウス,34.7582459,135.491558,日本、〒564-0051 大阪府吹田市豊津町１８−２１ 月見ハウス,,places,medium,ChIJFaRkyerlAGARt2rLUf21_7o,TRICOLORE江坂,日本、〒564-0051 大阪府吹田市豊津町１８−２１ 月見ハウス,34.7582459,135.491558,50.00,,13.3
ボッチデビッラ,江坂駅 347m,イタリアン、パスタ、居酒屋,昼は街のパスタ屋さん、夜はおうちのイタリアン♪会社帰りのサク飲みも歓迎のアットホームな空間,3.39,146,6390,"￥5,000～￥5,999","￥1,000～￥1,999",大阪府吹田市豊津町12-26 サクセス江坂 1F,34.7590558,135.4932443,日本、〒564-0051 大阪府吹田市豊津町１２−２６ 103,,places,medium,ChIJteDrbPvkAGAR1Yph2M_HdsY,ボッチデビッラ,日本、〒564-0051 大阪府吹田市豊津町１２−２６ 103,34.7590558,135.4932443,57.00,,5.0
鶴橋風月 江坂店,江坂駅 45m,お好み焼き、焼きそば、居酒屋,【宴会利用も◎】鶴橋発祥の老舗の味！人気の「チーたまぶたモダン」やお酒に合う逸品料理の数々,3.04,50,758,"￥2,000～￥2,999","￥1,000～￥1,999",大阪府吹田市豊津町9-16 第一ロンヂェビル 2F,34.7582778,135.4967281,日本、〒564-0051 大阪府吹田市豊津町９−６ 2F,,places,medium,ChIJwfsmD_rkAGARRpv5HpiyZn0,鶴橋風月 江坂店,日本、〒564-0051 大阪府吹田市豊津町９−６ 2F,34.7582778,135.4967281,60.00,,13.5
目利きの銀次 江坂駅前店,江坂駅 76m,居酒屋、海鮮、創作料理,磯の香りと活気あふれる楽しい空間◆新鮮な海の幸と充実のドリンクをリーズナブルに満喫♪,3.03,30,509,"￥2,000～￥2,999",-,大阪府吹田市豊津町9-2 香川平安ステーションビル 2F,34.7591573,135.4966111,日本、〒564-0051 大阪府吹田市豊津町９−２ 香川平安ステーションビル 2階,,places,medium,ChIJexPFcPrkAGARs0ImMce45kc,目利きの銀次 江坂駅前店,日本、〒564-0051 大阪府吹田市豊津町９−２ 香川平安ステーションビル 2階,34.7591573,135.4966111,60.00,,0.7
焼肉あさだ,江坂駅 506m,焼肉、ホルモン、居酒屋,【厳選和牛と八代目儀兵衛の特選米】 お得なセットや飲み放題付き宴会メニュー有り！ 喫煙可◎,3.15,43,2211,"￥5,000～￥5,999","￥1,000～￥1,999",大阪府吹田市豊津町17-24 1F,34.7581413,135.4916018,日本、〒564-0051 大阪府吹田市豊津町１７−２４,,places,medium,ChIJtU9YhfzkAGAR4Tf2nQHnNR4,焼肉あさだ,日本、〒564-0051 大阪府吹田市豊津町１７−２４,34.7581413,135.4916018,57.00,,2.4
李朝園 江坂店,江坂駅 87m,韓国料理、焼肉、居酒屋,,3.09,117,1804,"￥4,000～￥4,999",～￥999,大阪府吹田市豊津町9-40 江坂東急ビル B1F,34.7580458,135.4961692,"日本、〒564-0051 大阪府吹田市豊津町９−４０ 江坂東急ビル, B1",,places_manual_review,manual_override,ChIJmYlrcPrkAGARFVCTexJXv6g,コリアンダイニング李朝園 江坂店,"日本、〒564-0051 大阪府吹田市豊津町９−４０ 江坂東急ビル, B1",34.7580458,135.4961692,34.29,MANUAL_PLACE_OVERRIDE,60.2
大同門 江坂店,江坂駅 95m,焼肉、居酒屋、韓国料理,【江坂駅1分】ご奉仕価格でご提供中！黒毛和牛A5雌牛カルビが680円(税込748円)♪,3.31,215,4061,"￥4,000～￥4,999","￥1,000～￥1,999",大阪府吹田市豊津町9-22 大同門本部ビル　２・３Ｆ,34.7577969,135.496645,日本、〒564-0051 大阪府吹田市豊津町９−２２ 大同門本部ビル 2～3F,,places,medium,ChIJSWh4AfrkAGAR6Q4zKEW0tFI,大同門 江坂店,日本、〒564-0051 大阪府吹田市豊津町９−２２ 大同門本部ビル 2～3F,34.7577969,135.496645,60.00,,0.0
串カツ もんじゃ ひまわり 江坂店,江坂駅 76m,居酒屋、串揚げ、もんじゃ焼き,江坂駅直結！大阪名物串カツと東京名物もんじゃが食べられるお店！喫煙専用室有り！,3.14,58,1163,"￥2,000～￥2,999",～￥999,大阪府吹田市豊津町9-15 3F,34.7579505,135.4966849,日本、〒564-0051 大阪府吹田市豊津町９−１５ 3F,,places,medium,ChIJY7e9A_rkAGARKPIcdyzFNDI,串カツ もんじゃ ひまわり 江坂店,日本、〒564-0051 大阪府吹田市豊津町９−１５ 3F,34.7579505,135.4966849,60.00,,21.4
Delicious Kitchen EMONDEL,江坂駅 76m,ビュッフェ、ステーキ、イタリアン,【江坂駅9番出口 徒歩1分】メイン料理を選んでサラダ、スープ、パン食べ放題が楽しめるランチ,3.39,108,4047,-,"￥1,000～￥1,999",大阪府吹田市豊津町9-6 新大阪江坂東急ＲＥＩホテル 2F,34.7583664,135.496278,日本、〒564-0051 大阪府吹田市豊津町９−６ 新大阪江坂東急REIホテル 2F,,places,medium,ChIJpUJ-bfrkAGARrN6JmNlXL1o,Delicious Kitchen EMONDEL,日本、〒564-0051 大阪府吹田市豊津町９−６ 新大阪江坂東急REIホテル 2F,34.7583664,135.496278,60.00,,24.1
焼肉・冷麺 豊味園,江坂駅 187m,焼肉、ホルモン、居酒屋,豊味園 江坂店へようこそ。,3.35,155,6093,"￥4,000～￥4,999",-,大阪府吹田市豊津町13-1,34.7586297,135.4950281,日本、〒564-0051 大阪府吹田市豊津町１３−１,,places,medium,ChIJkfhPUPrkAGAR4KByPdHJN9c,焼肉・冷麺 豊味園,日本、〒564-0051 大阪府吹田市豊津町１３−１,34.7586297,135.4950281,57.00,,5.1
江坂プランタン,江坂駅 334m,喫茶店,,3.07,15,304,-,～￥999,大阪府吹田市豊津町1-46-10,34.76155120000001,135.4964146,日本、〒564-0051 大阪府吹田市豊津町１−１０,,places,medium,ChIJO3alr_rkAGARVGTh8xetWqM,江坂プランタン,日本、〒564-0051 大阪府吹田市豊津町１−１０,34.76155120000001,135.4964146,57.00,,7.7
味ごころ 僖楽,江坂駅 305m,ちゃんこ鍋,,3.13,26,1338,"￥4,000～￥4,999",-,大阪府吹田市豊津町12-19,34.7588479,135.4937636,日本、〒564-0051 大阪府吹田市豊津町１２−１９ 1F,,places,medium,ChIJuSx0DvvkAGARn1neLh8B7Gc,味ごころ僖楽,日本、〒564-0051 大阪府吹田市豊津町１２−１９ 1F,34.7588479,135.4937636,57.00,,11.0
ガスト カリーノ江坂店,江坂駅 79m,ファミレス,,3.03,11,36,"￥1,000～￥1,999",-,大阪府吹田市豊津町9-40 カリーノ江坂 B1F,34.7581003,135.4963267,日本、〒564-0051 大阪府吹田市豊津町９−４０ カリーノ江坂,,places,medium,ChIJt69IQiXlAGARHmoTE6ic9mI,ガスト カリーノ江坂店,日本、〒564-0051 大阪府吹田市豊津町９−４０ カリーノ江坂,34.7581003,135.4963267,60.00,,15.7
豊。,江坂駅 367m,居酒屋,,3.26,45,4649,"￥3,000～￥3,999",-,大阪府吹田市豊津町18-1,34.7586856,135.4930626,日本、〒564-0051 大阪府吹田市豊津町１８−１,,places,medium,ChIJFRupYiLlAGARJx-RVCehHEQ,豊。,日本、〒564-0051 大阪府吹田市豊津町１８−１,34.7586856,135.4930626,57.00,,7.3
梅澤,江坂駅 362m,焼き鳥、鳥料理、居酒屋,,3.32,52,2744,"￥3,000～￥3,999",-,大阪府吹田市豊津町1-50,34.761844,135.4964594,日本、〒564-0051 大阪府吹田市豊津町１−５０ 香川花園ハイツ,,places,medium,ChIJP1gzrPrkAGARg2iM4LnrkKc,梅澤,日本、〒564-0051 大阪府吹田市豊津町１−５０ 香川花園ハイツ,34.761844,135.4964594,57.00,,6.3
サントリー・オールドバー,江坂駅 129m,バー、ピザ、お好み焼き,,3.18,31,797,"￥3,000～￥3,999",-,大阪府吹田市豊津町9-40 江坂東急ビル　Ｂ１Ｆ,34.757712,135.4961223,"日本、〒564-0051 大阪府吹田市豊津町９−４０ カリーノ江坂, B1F",,places,medium,ChIJsxT8EfrkAGARkLqocK34Oz0,サントリー・オールド・バー・江坂店,"日本、〒564-0051 大阪府吹田市豊津町９−４０ カリーノ江坂, B1F",34.757712,135.4961223,46.62,,96.6
イルミナ,江坂駅 268m,洋食,,3.06,10,88,-,～￥999,大阪府吹田市豊津町1-40 クライトンホテル１Ｆ,34.7609358,135.4963922,日本、〒564-0051 大阪府吹田市豊津町１−４０,,places,medium,ChIJU_GNovrkAGARP0DCBkGSGY8,イルミナ,日本、〒564-0051 大阪府吹田市豊津町１−４０,34.7609358,135.4963922,57.00,,7.1
烏,江坂駅 422m,郷土料理、居酒屋,,3.07,12,320,-,～￥999,大阪府吹田市豊津町5-17,34.7609545,135.4934598,日本、〒564-0051 大阪府吹田市豊津町５−１７,,places,medium,ChIJrdywyeTkAGARFBp-su1JVeg,烏,日本、〒564-0051 大阪府吹田市豊津町５−１７,34.7609545,135.4934598,57.00,,5.7
ドンブリ アサダ,江坂駅 502m,丼、ラーメン,,3.31,78,3149,"￥1,000～￥1,999","￥1,000～￥1,999",大阪府吹田市豊津町17-24,34.7581413,135.4916018,日本、〒564-0051 大阪府吹田市豊津町１７−２４,,places_auto_review,auto_override,ChIJtU9YhfzkAGAR4Tf2nQHnNR4,焼肉あさだ,日本、〒564-0051 大阪府吹田市豊津町１７−２４,34.7581413,135.4916018,12.00,AUTO_PLACE_OVERRIDE:distance_le_50m,2.4
CAFE de Azur,江坂駅 151m,カフェ、バー,,,10,,-,-,大阪府吹田市豊津町10-15 ライブプラザブーミン4F,34.7588468,135.495612,日本、〒564-0051 大阪府吹田市豊津町１０−１５ モアイビル 5F,,places_auto_review,auto_override,ChIJa3NiXPrkAGARFRvvOWpdNic,ESAKA MUSE,日本、〒564-0051 大阪府吹田市豊津町１０−１５ モアイビル 5F,34.7588468,135.495612,24.27,AUTO_PLACE_OVERRIDE:distance_le_50m,14.9
BAR Cradle,江坂駅 79m,バー,,3.07,8,317,-,-,大阪府吹田市豊津町9-44 ハートランド江坂 4Ｆ,34.7589856,135.4963553,日本、〒564-0051 大阪府吹田市豊津町９−４４,,places,medium,ChIJtYejvxzlAGARq0NN0AtGLxc,BAR Cradle,日本、〒564-0051 大阪府吹田市豊津町９−４４,34.7589856,135.4963553,57.00,,6.4
創作キッチン シャンティ,江坂駅 525m,居酒屋,,3,3,47,-,-,大阪府吹田市豊津町54-1 タカラマンション1F,34.7581804,135.4914349,日本、〒564-0051 大阪府吹田市豊津町５４−１,,places_auto_review,auto_override,ChIJg0gNkfzkAGARCjFykkKD_AQ,創作キッチン Shanti,日本、〒564-0051 大阪府吹田市豊津町５４−１,34.7581804,135.4914349,28.88,AUTO_PLACE_OVERRIDE:distance_le_50m,6.3
すし松 江坂店,江坂駅 198m,寿司,,3.07,49,469,"￥2,000～￥2,999","￥2,000～￥2,999",大阪府吹田市豊津町15-30 東明マンション江坂,34.7580111,135.4950933,日本、〒564-0051 大阪府吹田市豊津町１５−３０ 東明マンション江坂,,places,medium,ChIJpYQ-CwDlAGARBKwWxpV-f5c,すし松 江坂店,日本、〒564-0051 大阪府吹田市豊津町１５−３０ 東明マンション江坂,34.7580111,135.4950933,60.00,,11.0
オステリア エ バール ジェノ,江坂駅 352m,スペイン料理,,3.6,124,11763,"￥6,000～￥7,999",-,大阪府吹田市豊津町5-5,34.760946,135.4944712,日本、〒564-0051 大阪府吹田市豊津町５−５,,places,medium,ChIJrTFZKvvkAGARtMg6h4L0QfA,オステリア エ バール ジェノ,日本、〒564-0051 大阪府吹田市豊津町５−５,34.760946,135.4944712,57.00,,3.8
らーめん鱗 江坂店,江坂駅 312m,ラーメン,,3.48,467,8918,"￥1,000～￥1,999","￥1,000～￥1,999",大阪府吹田市豊津町16-5,34.7577069,135.4938303,日本、〒564-0051 大阪府吹田市豊津町１６−５,,places,medium,ChIJAbvku_vkAGARal5wS6qUa4Q,らーめん鱗 江坂店,日本、〒564-0051 大阪府吹田市豊津町１６−５,34.7577069,135.4938303,57.00,,9.0
ダイニングバー アンビシャス,江坂駅 52m,ダイニングバー、ワインバー,,3.01,1,38,-,-,大阪府吹田市豊津町9-44 ハートランド江坂 301,34.7589856,135.4963553,日本、〒564-0051 大阪府吹田市豊津町９−４４,,places_auto_review,auto_override,ChIJtYejvxzlAGARq0NN0AtGLxc,BAR Cradle,日本、〒564-0051 大阪府吹田市豊津町９−４４,34.7589856,135.4963553,12.00,AUTO_PLACE_OVERRIDE:distance_le_50m,6.4
いきなりステーキ カリーノ江坂店,江坂駅 96m,ステーキ、ハンバーグ,,3.06,44,284,"￥2,000～￥2,999","￥1,000～￥1,999",大阪府吹田市豊津町9-40 カリーノ江坂 B1F,34.7579728,135.4963088,日本、〒564-0051 大阪府吹田市豊津町９−４０,,places,medium,ChIJ0cs3Si_lAGAR2kseKpQUDdA,いきなりステーキ カリーノ江坂店,日本、〒564-0051 大阪府吹田市豊津町９−４０,34.7579728,135.4963088,57.00,,29.1
びっくりドンキー 江坂店,江坂駅 131m,ファミレス、ハンバーグ,,3.08,108,535,"￥1,000～￥1,999","￥1,000～￥1,999",大阪府吹田市豊津町14-8 江坂オッツ B1F,34.7580914,135.4957571,日本、〒564-0051 大阪府吹田市豊津町１４−８ 江坂オッツ B1F,,places,medium,ChIJF_1nPvrkAGARKAU2YpKw-zE,びっくりドンキー 江坂店,日本、〒564-0051 大阪府吹田市豊津町１４−８ 江坂オッツ B1F,34.7580914,135.4957571,63.00,,19.2
Crepe Shop SARU 江坂駅前店,江坂駅 125m,クレープ・ガレット,,,14,,-,-,大阪府吹田市豊津町10-7 アカツキハイツ 1F,34.7592526,135.4959464,日本、〒564-0051 大阪府吹田市豊津町１０−７,,places_auto_review,auto_override,ChIJqVEaE8_lAGARmBN7sjfjy5U,クレープショップSARU 江坂駅前店,日本、〒564-0051 大阪府吹田市豊津町１０−７,34.7592526,135.4959464,31.29,AUTO_PLACE_OVERRIDE:distance_le_50m,17.3
そば重,江坂駅 182m,そば,,3.09,49,393,-,"￥1,000～￥1,999",大阪府吹田市豊津町13-2,34.7585908,135.4950822,日本、〒564-0051 大阪府吹田市豊津町１３−２,,places,medium,ChIJTaQ2UPrkAGARceI-ULfJwt0,そば重,日本、〒564-0051 大阪府吹田市豊津町１３−２,34.7585908,135.4950822,57.00,,3.7
ほっかほっか亭 江坂豊津,江坂駅 366m,弁当,,3.01,2,15,-,-,大阪府吹田市豊津町1-50,34.7618492,135.4965278,日本、〒564-0051 大阪府吹田市豊津町１−５０ 香川花園ハイツ,,places,medium,ChIJP1gzrPrkAGAR--2MdB1w5vE,ほっかほっか亭 江坂豊津店,日本、〒564-0051 大阪府吹田市豊津町１−５０ 香川花園ハイツ,34.7618492,135.4965278,52.00,,6.4
LE COCON 江坂店,江坂駅 79m,カフェ,,3,3,65,-,-,大阪府吹田市豊津町9-40,34.7585586,135.4965895,日本、〒564-0051 大阪府吹田市豊津町９−４０ カリーノ江坂 1F,,places_auto_review,auto_override,ChIJkV2yXC_lAGARQRD8MzGzHVM,ルココン江坂店,日本、〒564-0051 大阪府吹田市豊津町９−４０ カリーノ江坂 1F,34.7585586,135.4965895,24.27,AUTO_PLACE_OVERRIDE:distance_le_50m,37.5
Live&Bar GARO,江坂駅 55m,バー,,3.02,2,80,"￥2,000～￥2,999",-,大阪府吹田市豊津町9-16 ロンヂェビル　２Ｆ,34.7582796,135.4965808,日本、〒564-0051 大阪府吹田市豊津町９−１６ 2F,,places,medium,ChIJ4aAwD_rkAGARCPJ4MenabZU,Live&Bar GARO,日本、〒564-0051 大阪府吹田市豊津町９−１６ 2F,34.7582796,135.4965808,57.00,,0.0
沖縄料理　居酒屋　こずえ,江坂駅 392m,居酒屋,,3.03,4,116,-,-,大阪府吹田市豊津町5-28,34.7612299,135.4941307,日本、〒564-0051 大阪府吹田市豊津町５−２８,,places_auto_review,auto_override,ChIJdWF70eTkAGARlfyPcUao45Y,酒処こずえ,日本、〒564-0051 大阪府吹田市豊津町５−２８,34.7612299,135.4941307,28.36,AUTO_PLACE_OVERRIDE:distance_le_50m,27.8
やまと蔵人,江坂駅 500m,おでん、海鮮,,3.08,16,624,"￥4,000～￥4,999",-,大阪府吹田市豊津町17-19 中谷ハイツ 1F,34.7578059,135.4916823,日本、〒564-0051 大阪府吹田市豊津町１７−１９ 江坂グリーンハイム 1F,,places,medium,ChIJ7e3ihvzkAGAR0Ud16LWElAE,やまと蔵人,日本、〒564-0051 大阪府吹田市豊津町１７−１９ 江坂グリーンハイム 1F,34.7578059,135.4916823,60.00,,12.9
関西スーパー 江坂店,江坂駅 222m,コンビニ・スーパー,,,1,11,-,-,大阪府吹田市豊津町11-5,34.7597631,135.4951119,日本、〒564-0051 大阪府吹田市豊津町１１−５,,places,medium,ChIJTe04-_rkAGARFWL7FC1vsxo,関西スーパー江坂店,日本、〒564-0051 大阪府吹田市豊津町１１−５,34.7597631,135.4951119,57.00,,27.9
オー・ガラージュ,江坂駅 375m,フレンチ、創作料理、ビストロ,,3.52,228,10882,"￥2,000～￥2,999","￥1,000～￥1,999",大阪府吹田市豊津町18-1 Ｅ－ＧＡＴＥ　１Ｆ,34.7586863,135.4929705,日本、〒564-0051 大阪府吹田市豊津町１８−１,,places,medium,ChIJ_RjPcfvkAGARkZziKUzSYZg,オー・ガラージュ,日本、〒564-0051 大阪府吹田市豊津町１８−１,34.7586863,135.4929705,57.00,,2.2
純生食パン工房 ハレパン 江坂店,江坂駅 79m,パン,,3,3,44,～￥999,-,大阪府吹田市豊津町9-40 カリーノ 1F 東急ハンズ北側出入り口前,34.7586439,135.4963046,日本、〒564-0051 大阪府吹田市豊津町９−４０,,places_auto_review,auto_override,ChIJUcZkXT7lAGARRdlLNifWnUg,純生食パン工房 HARE/PAN,日本、〒564-0051 大阪府吹田市豊津町９−４０,34.7586439,135.4963046,28.58,AUTO_PLACE_OVERRIDE:distance_le_50m,30.9
シェ・ナカツカ 江坂店,江坂駅 209m,ケーキ,,3.25,40,1005,-,-,大阪府吹田市豊津町15-4,34.7578008,135.4949899,日本、〒564-0051 大阪府吹田市豊津町１５−４,,places,medium,ChIJHxAToi7lAGAR8W3amoTJ8HE,シェ・ナカツカ 江坂店,日本、〒564-0051 大阪府吹田市豊津町１５−４,34.7578008,135.4949899,57.00,,3.8
エサカイタリアン オカムー,江坂駅 388m,イタリアン、ピザ,,3.36,85,4507,"￥6,000～￥7,999","￥1,000～￥1,999",大阪府吹田市豊津町23-5,34.7599575,135.4931751,日本、〒564-0051 大阪府吹田市豊津町２３−５,,places_auto_review,auto_override,ChIJ_WKP4rHlAGARs4Wp2Ctb1e8,Esaka's Italian OKAMU,日本、〒564-0051 大阪府吹田市豊津町２３−５,34.7599575,135.4931751,12.00,AUTO_PLACE_OVERRIDE:distance_le_50m,1.3
家族亭 江坂店,江坂駅 93m,そば、うどん,,3.04,34,187,"￥1,000～￥1,999",-,大阪府吹田市豊津町9-40 東急プラザ江坂 B1F,34.7582151,135.4961443,日本、〒564-0051 大阪府吹田市豊津町９−４０ カリーノ江坂 Ｂ1階,,places,medium,ChIJsxT8EfrkAGARZLwMp1fK-JM,家族亭 江坂店,日本、〒564-0051 大阪府吹田市豊津町９−４０ カリーノ江坂 Ｂ1階,34.7582151,135.4961443,57.00,,46.0
お弁当物語 江坂店,江坂駅 350m,弁当,,3.03,16,144,-,～￥999,大阪府吹田市豊津町2-1 第2中田ビル 1F,34.7616612,135.4959565,日本、〒564-0051 大阪府吹田市豊津町２−１,,places,medium,ChIJqd5otPrkAGARwuagG8mWnzw,お弁当物語江坂店,日本、〒564-0051 大阪府吹田市豊津町２−１,34.7616612,135.4959565,57.00,,9.0
湊や磯吉食堂 江坂店,江坂駅 148m,居酒屋,,,9,,"￥1,000～￥1,999","￥1,000～￥1,999",大阪府吹田市豊津町14-31 由谷エムワイビル 1F,34.7586041,135.4953496,日本、〒564-0051 大阪府吹田市豊津町１４−３１ 由谷エムワイビル ホーム 1,,places,medium,ChIJB0EregDlAGARbJjbQHV8OLw,湊や磯吉食堂 江坂店,日本、〒564-0051 大阪府吹田市豊津町１４−３１ 由谷エムワイビル ホーム 1,34.7586041,135.4953496,60.00,,0.0
PISOLA 吹田江坂店,江坂駅 656m,パスタ、イタリアン、ピザ,,3.4,108,3674,"￥2,000～￥2,999","￥1,000～￥1,999",大阪府吹田市豊津町56-10,34.7577681,135.489966,日本、〒564-0051 大阪府吹田市豊津町５６−１０,,places,medium,ChIJH6KIf-vlAGAR07h67k0FHSQ,PISOLA 吹田江坂店,日本、〒564-0051 大阪府吹田市豊津町５６−１０,34.7577681,135.489966,57.00,,2.0
たこたまや 江坂店,江坂駅 131m,たこ焼き,,3.05,3,103,-,-,大阪府吹田市豊津町10-11,34.758835,135.4957441,日本、〒564-0051 大阪府吹田市豊津町１０−１０,,places_auto_review,auto_override,ChIJd-WjQvrkAGARCaO_IfxyW6Y,たこたまや,日本、〒564-0051 大阪府吹田市豊津町１０−１０,34.758835,135.4957441,37.71,AUTO_PLACE_OVERRIDE:distance_le_50m,10.3
鰻の成瀬 江坂店,江坂駅 394m,うなぎ,,3.08,70,1560,"￥2,000～￥2,999","￥2,000～￥2,999",大阪府吹田市豊津町17-8 RFコンフォール 1F,34.7577235,135.492887,日本、〒564-0051 大阪府吹田市豊津町１７−８ RFコンフォール 1F,,places,medium,ChIJGemD6q7lAGARXbaiQrXAYUk,鰻の成瀬 江坂店,日本、〒564-0051 大阪府吹田市豊津町１７−８ RFコンフォール 1F,34.7577235,135.492887,63.00,,16.9
松屋 江坂駅前店,江坂駅 147m,牛丼、食堂,,3.03,25,104,-,～￥999,大阪府吹田市豊津町14-31 由谷エムワイビル 1F,34.7586556,135.495453,日本、〒564-0051 大阪府吹田市豊津町１４−３１ 由谷エムワイビル,,places,medium,ChIJ4-L8fsPlAGARzIRYEolDKvE,松屋 江坂駅前店,日本、〒564-0051 大阪府吹田市豊津町１４−３１ 由谷エムワイビル,34.7586556,135.495453,60.00,,11.0
カリー・ブラウン,江坂駅 484m,カレー,,3.37,81,2721,"￥5,000～￥5,999","￥1,000～￥1,999",大阪府吹田市豊津町29-20,34.7607958,135.4925174,日本、〒564-0051 大阪府吹田市豊津町２９−２０,,places,medium,ChIJnTRjaF7kAGARoCLhBZZ_L08,カリー・ブラウン,日本、〒564-0051 大阪府吹田市豊津町２９−２０,34.7607958,135.4925174,57.00,,2.2
新大阪江坂 東急REIホテル,江坂駅 58m,ホテル,,3.19,36,144,-,-,大阪府吹田市豊津町9-6,34.7585433,135.4964297,日本、〒564-0051 大阪府吹田市豊津町９−６,,places,medium,ChIJz9IQDfrkAGAR3N0UtGziEK0,新大阪江坂東急REIホテル,日本、〒564-0051 大阪府吹田市豊津町９−６,34.7585433,135.4964297,57.00,,24.1
モスバーガー 江坂店,江坂駅 142m,ハンバーガー,,3.06,47,231,～￥999,"￥1,000～￥1,999",大阪府吹田市豊津町14-31,34.7586822,135.4955139,日本、〒564-0051 大阪府吹田市豊津町１４−３１,,places,medium,ChIJC85_RPrkAGARul6_cmgsbIo,モスバーガー江坂店,日本、〒564-0051 大阪府吹田市豊津町１４−３１,34.7586822,135.4955139,57.00,,9.2
さぬきうどん職人 めりけんや 江坂店,江坂駅 91m,うどん,,3.17,111,1786,～￥999,～￥999,大阪府吹田市豊津町9-40,34.7582924,135.4961332,日本、〒564-0051 大阪府吹田市豊津町９−４０,,places,medium,ChIJsxT8EfrkAGARSyLVvgJeEU8,本場さぬきうどん めりけんや 江坂店,日本、〒564-0051 大阪府吹田市豊津町９−４０,34.7582924,135.4961332,46.41,,13.7
スターバックスコーヒー 江坂オッツ店,江坂駅 120m,カフェ,,3.09,73,356,～￥999,-,大阪府吹田市豊津町14-8,34.758185,135.4958496,日本、〒564-0051 大阪府吹田市豊津町１４−８ 江坂オッツ,,places,medium,ChIJz4RgPvrkAGAR4UPc8QkEcyQ,スターバックス コーヒー 江坂オッツ店,日本、〒564-0051 大阪府吹田市豊津町１４−８ 江坂オッツ,34.758185,135.4958496,57.00,,21.7
牛タン侍,江坂駅 84m,居酒屋、牛タン、ホルモン,,,110,,"￥4,000～￥4,999",-,大阪府吹田市豊津町9-44 ハートランド江坂 B1F,34.7589772,135.4962862,日本、〒564-0051 大阪府吹田市豊津町９ ハートランド江坂 b1f,,geocode_fallback,medium,ChIJ_yg3cOXkAGARamAVKpXBMoA,精肉卸問屋直営焼肉店 牛次郎 江坂店,日本、〒564-0063 大阪府吹田市江坂町２丁目２−９ 清洲江坂ビル １F,34.7636512,135.4961452,6.65,LOW_PLACE_CONFIDENCE:low,519.9
Pizzeria e Osteria Codino,江坂駅 329m,イタリアン、ピザ、パスタ,,3.46,167,9801,"￥4,000～￥4,999","￥1,000～￥1,999",大阪府吹田市豊津町1-46 エクシード江坂ビル 1F,34.7614825,135.4963516,日本、〒564-0051 大阪府吹田市豊津町１−４６ エクシード江坂ビル 1F,,places_auto_review,auto_override,ChIJU_rsQOHlAGAR4-cJ7fO1kp4,コディーノ,日本、〒564-0051 大阪府吹田市豊津町１−４６ エクシード江坂ビル 1F,34.7614825,135.4963516,18.00,AUTO_PLACE_OVERRIDE:distance_le_50m,15.6
かぶら屋 江坂店,江坂駅 116m,居酒屋,,3.07,44,374,"￥2,000～￥2,999",-,大阪府吹田市豊津町10-11 池上ビル 1F 103,34.7588701,135.495848,日本、〒564-0051 大阪府吹田市豊津町１０−１１ 池上ビル 103号室,,places,medium,ChIJ_5-Kv57lAGAR_UEuaK8Kwbo,大衆酒場かぶら屋 江坂店,日本、〒564-0051 大阪府吹田市豊津町１０−１１ 池上ビル 103号室,34.7588701,135.495848,46.64,,0.0
讃岐うどん 秀,江坂駅 348m,うどん,,3.2,36,943,～￥999,～￥999,大阪府吹田市豊津町12-24,34.7588483,135.4932802,日本、〒564-0051 大阪府吹田市豊津町１２−２４,,places_auto_review,auto_override,ChIJB9xhbfvkAGARvb0Ba7djfgo,秀,日本、〒564-0051 大阪府吹田市豊津町１２−２４,34.7588483,135.4932802,19.50,AUTO_PLACE_OVERRIDE:distance_le_50m,6.1
蜀王府,江坂駅 95m,中華料理、担々麺、四川料理,,3.35,93,2041,"￥2,000～￥2,999","￥1,000～￥1,999",大阪府吹田市豊津町9-44 ハートランド江坂 301,34.7590544,135.4962011,日本、〒564-0051 大阪府吹田市豊津町９−４４ ハートランド江坂3F,,places,medium,ChIJCT9IbvrkAGAR8GAdBw_yH-4,蜀王府,日本、〒564-0051 大阪府吹田市豊津町９−４４ ハートランド江坂3F,34.7590544,135.4962011,60.00,,11.6
越後秘蔵麺 無尽蔵 カリーノ江坂家,江坂駅 85m,ラーメン、つけ麺,,3.04,62,454,"￥1,000～￥1,999","￥1,000～￥1,999",大阪府吹田市豊津町9-40 カリーノ江坂 Ｂ１Ｆ,34.7582098,135.4962555,日本、〒564-0051 大阪府吹田市豊津町９−４０ カリーノ江坂地下1階 レストラン街,,places,medium,ChIJB4gSwfzkAGARF9ZMsIEtna0,越後秘蔵麺 無尽蔵 カリーノ江坂家,日本、〒564-0051 大阪府吹田市豊津町９−４０ カリーノ江坂地下1階 レストラン街,34.7582098,135.4962555,60.00,,2.8
ドン・キホーテ 江坂店,江坂駅 144m,その他,,3.02,2,2,-,-,大阪府吹田市豊津町10-15,34.7589159,135.4955499,日本、〒564-0051 大阪府吹田市豊津町１０−１５,,places,medium,ChIJz3aKXPrkAGARqZkwrXtRWv0,ドン・キホーテ 江坂店,日本、〒564-0051 大阪府吹田市豊津町１０−１５,34.7589159,135.4955499,57.00,,0.0
ＣｏＣｏ壱番屋 吹田豊津店,江坂駅 304m,カレー,,3.05,42,208,"￥1,000～￥1,999","￥1,000～￥1,999",大阪府吹田市豊津町16-5,34.7576895,135.4939281,日本、〒564-0051 大阪府吹田市豊津町１６−５,,places_auto_review,auto_override,ChIJW2_zuvvkAGARjljcp522LaE,カレーハウス CoCo壱番屋 吹田豊津店,日本、〒564-0051 大阪府吹田市豊津町１６−５,34.7576895,135.4939281,32.00,AUTO_PLACE_OVERRIDE:distance_le_50m,0.6
ホテルクライトン江坂,江坂駅 273m,ホテル,,,3,17,-,-,大阪府吹田市豊津町1-40,34.7609708,135.4963934,日本、〒564-0051 大阪府吹田市豊津町１−４０,,places,medium,ChIJy-HnovrkAGARRYAU3UfwhAE,ホテルクライトン江坂,日本、〒564-0051 大阪府吹田市豊津町１−４０,34.7609708,135.4963934,57.00,,4.7
クックハウス 江坂オッツ店,江坂駅 133m,パン、ヨーロッパ料理、カフェ,,3.05,37,477,～￥999,～￥999,大阪府吹田市豊津町14-8 東急プラザオッツ 1F,34.7581229,135.495724,日本、〒564-0051 大阪府吹田市豊津町１４−８,,places,medium,ChIJ0WCNPvrkAGARxzrZtjfOh6U,クックハウス 江坂オッツ店,日本、〒564-0051 大阪府吹田市豊津町１４−８,34.7581229,135.495724,57.00,,8.6
平城園,江坂駅 95m,焼肉,,3.34,60,3460,"￥8,000～￥9,999",-,大阪府吹田市豊津町9-44 ハートランド江坂 B1F,34.7589993,135.4961599,日本、〒564-0051 大阪府吹田市豊津町９−４４ ハートランド江坂,,places_auto_review,auto_override,ChIJCT9IbvrkAGARw8W8zPKkJ9s,江坂平城園,日本、〒564-0051 大阪府吹田市豊津町９−４４ ハートランド江坂,34.7589993,135.4961599,42.00,AUTO_PLACE_OVERRIDE:distance_le_50m,11.8
ダイエー 江坂駅前店,江坂駅 118m,コンビニ・スーパー,,3.04,6,25,-,-,大阪府吹田市豊津町10-7,34.7590916,135.4959345,日本、〒564-0051 大阪府吹田市豊津町１０−７,,places,medium,ChIJqVBHZ_rkAGAR74yR99WGcAE,ダイエー 江坂駅前店,日本、〒564-0051 大阪府吹田市豊津町１０−７,34.7590916,135.4959345,57.00,,15.6
お好み焼　順ちゃん,江坂駅 506m,お好み焼き,,3.03,6,106,-,-,大阪府吹田市豊津町18-21,34.758425,135.4915108,日本、〒564-0051 大阪府吹田市豊津町１８−２１,,places,medium,ChIJ56zAUCLlAGAR6jmG6y2NeSE,お好み焼き 順ちゃん,日本、〒564-0051 大阪府吹田市豊津町１８−２１,34.758425,135.4915108,52.00,,10.4
魚介スタンド POLPO,江坂駅 396m,立ち飲み,,3.06,9,695,-,-,大阪府吹田市豊津町5-28,34.7612124,135.4941623,日本、〒564-0051 大阪府吹田市豊津町５−２８,,places,medium,ChIJdWF70eTkAGARqFwfMcU6cY8,魚介スタンドPOLPO,日本、〒564-0051 大阪府吹田市豊津町５−２８,34.7612124,135.4941623,57.00,,27.0
セブンイレブン エスコタウン店,江坂駅 147m,コンビニ・スーパー,,3,4,9,-,-,大阪府吹田市豊津町10-2,34.7594993,135.4959884,日本、〒564-0051 大阪府吹田市豊津町１０−２,,places,medium,ChIJjU66ivrkAGARUeGxrMMSqVQ,セブン-イレブン 江坂エスコタウン店,日本、〒564-0051 大阪府吹田市豊津町１０−２,34.7594993,135.4959884,47.36,,10.9
しまや 2nd,江坂駅 503m,居酒屋,,,1,41,-,-,大阪府吹田市豊津町18-21,34.7583619,135.4915916,日本、〒564-0051 大阪府吹田市豊津町１８−２１,,places,medium,ChIJYU8cXZzlAGARhR8nyEMYTbY,しまや2nd,日本、〒564-0051 大阪府吹田市豊津町１８−２１,34.7583619,135.4915916,57.00,,0.5
ジャンカラ 江坂2号店,江坂駅 147m,カラオケ、その他,,,1,4,-,-,大阪府吹田市豊津町10-15 モアイプラザ 4F,34.75891319999999,135.4955067,日本、〒564-0051 大阪府吹田市豊津町１０−１５ モアイプラザ 4F,,places,medium,ChIJAQBQvfvkAGARTfNsmi96AX4,ジャンカラ 江坂2号店,日本、〒564-0051 大阪府吹田市豊津町１０−１５ モアイプラザ 4F,34.75891319999999,135.4955067,63.00,,61.1
いなば和幸 江坂店,江坂駅 99m,とんかつ,,3.06,43,288,"￥1,000～￥1,999","￥1,000～￥1,999",大阪府吹田市豊津町9-40 江坂東急ビルB1F,34.7581307,135.4961347,日本、〒564-0051 大阪府吹田市豊津町９−４０ 江坂東急ビル B1F,,places_manual_review,manual_override,ChIJsxT8EfrkAGARSiM4MDbj7kc,いなば和幸,日本、〒564-0051 大阪府吹田市豊津町９−４０ 江坂東急ビル B1F,34.7581307,135.4961347,43.12,MANUAL_PLACE_OVERRIDE,53.2
ニュースカフェ,江坂駅 366m,食堂、ケーキ、カフェ,,3.41,127,4415,"￥1,000～￥1,999","￥1,000～￥1,999",大阪府吹田市豊津町16-20,34.758147,135.4931035,"1f, １６-２０ 豊津町 吹田市 大阪府 564-0051 日本",,places_auto_review,auto_override,ChIJm9J2nvvkAGARzMJcA02Pj0w,new’S’cafe,"1f, １６-２０ 豊津町 吹田市 大阪府 564-0051 日本",34.758147,135.4931035,12.00,AUTO_PLACE_OVERRIDE:distance_le_50m,2.4
金爾,江坂駅 326m,居酒屋,,3.59,168,6566,"￥5,000～￥5,999","￥1,000～￥1,999",大阪府吹田市豊津町2-22 マーキビル 1F,34.7613016,135.495678,"2-22-501号, ２-２２ 豊津町 吹田市 大阪府 564-0051 日本",,places,medium,ChIJ3c3pyfrkAGARs5vR9zisHto,金爾,"2-22-501号, ２-２２ 豊津町 吹田市 大阪府 564-0051 日本",34.7613016,135.495678,57.00,,7.0
朝日食堂,江坂駅 574m,食堂、うどん、そば,,3.2,23,845,～￥999,～￥999,大阪府吹田市豊津町31-22,34.7617515,135.4920901,日本、〒564-0051 大阪府吹田市豊津町３１−２２,,places,medium,ChIJKWQWfePkAGARYVlSOp9K8rY,朝日食堂,日本、〒564-0051 大阪府吹田市豊津町３１−２２,34.7617515,135.4920901,57.00,,2.0
福島上等カレー 江坂店,江坂駅 88m,カレー,,3.12,97,833,～￥999,～￥999,大阪府吹田市豊津町9-44 ハートランド江坂 B1F,34.758842,135.4962302,日本、〒564-0051 大阪府吹田市豊津町９−４４ ハートランド江坂 B1,,places,medium,ChIJCT9IbvrkAGAROCLVnsVJDOI,上等カレー 江坂店,日本、〒564-0051 大阪府吹田市豊津町９−４４ ハートランド江坂 B1,34.758842,135.4962302,51.00,,15.9
中華食堂 くまさんち,江坂駅 508m,中華料理,,3.07,7,267,-,"￥1,000～￥1,999",大阪府吹田市豊津町18-21-3,34.7583952,135.4915202,日本、〒564-0051 大阪府吹田市豊津町１８−２１,,places_auto_review,auto_override,ChIJt9yR0sjlAGAR0bqW5Jxp90Y,くまさんち,日本、〒564-0051 大阪府吹田市豊津町１８−２１,34.7583952,135.4915202,37.00,AUTO_PLACE_OVERRIDE:distance_le_50m,7.8
うを七 西店,江坂駅 188m,寿司、日本料理,,3.04,5,121,-,～￥999,大阪府吹田市豊津町10-27,34.7596244,135.4954498,日本、〒564-0051 大阪府吹田市豊津町１０−２７,,places_auto_review,auto_override,ChIJ6c7h8_rkAGARjuOOPeUrMLY,（株）うを七 西店,日本、〒564-0051 大阪府吹田市豊津町１０−２７,34.7596244,135.4954498,40.12,AUTO_PLACE_OVERRIDE:distance_le_50m,2.8
21時にアイス 江坂店,江坂駅 79m,ソフトクリーム、スイーツ,,3.03,33,480,-,～￥999,大阪府吹田市豊津町9-15,34.7579231,135.4967126,日本、〒564-0051 大阪府吹田市豊津町９−１５ 日本興行ビル 1F,,places,medium,ChIJ8ac3t4PlAGARr39jpSicCxc,21時にアイス 江坂店,日本、〒564-0051 大阪府吹田市豊津町９−１５ 日本興行ビル 1F,34.7579231,135.4967126,57.00,,21.5
八重,江坂駅 593m,食堂,,3.02,3,51,-,～￥999,大阪府吹田市豊津町33-7,34.7609143,135.4912569,日本、〒564-0051 大阪府吹田市豊津町３３−７,,places_auto_review,auto_override,ChIJZ3fya-PkAGARkX08FB3N3J4,お食事処 八重,日本、〒564-0051 大阪府吹田市豊津町３３−７,34.7609143,135.4912569,27.00,AUTO_PLACE_OVERRIDE:distance_le_50m,3.9
大戸屋 カリーノ江坂店,江坂駅 118m,食堂,,3.08,95,595,"￥1,000～￥1,999","￥1,000～￥1,999",大阪府吹田市豊津町9-40 カリーノ江坂 B1F,34.7578575,135.4961171,日本、〒564-0051 大阪府吹田市豊津町９−４０ カリーノ江坂 B1F,,places,medium,ChIJ6RxZDfrkAGARmiHos_24NQo,大戸屋ごはん処 カリーノ江坂店,日本、〒564-0051 大阪府吹田市豊津町９−４０ カリーノ江坂 B1F,34.7578575,135.4961171,50.14,,43.9
クラッチコーヒーアンドベイク,江坂駅 319m,カフェ、プリン,,3.09,15,758,-,"￥1,000～￥1,999",大阪府吹田市豊津町16-8 ワタナベビル 1F,34.7577071,135.4937407,日本、〒564-0051 大阪府吹田市豊津町１６−８ ワタナベビル １階,,places_auto_review,auto_override,ChIJg8x3u_vkAGARx83acQFjtEw,CLUTCH,日本、〒564-0051 大阪府吹田市豊津町１６−８ ワタナベビル １階,34.7577071,135.4937407,15.00,AUTO_PLACE_OVERRIDE:distance_le_50m,13.2
旬彩天 つちや,江坂駅 602m,天ぷら、日本料理、海鮮,江坂の天ぷら会席。厳選された季節の食材を使用した、割烹と天ぷらの融合をご堪能下さい。,4.11,355,39215,"￥10,000～￥14,999","￥6,000～￥7,999",大阪府吹田市豊津町41-4,34.7605335,135.4909709,日本、〒564-0051 大阪府吹田市豊津町４１−４,,places,medium,ChIJe3SCFADlAGARXGl65SrVqsA,旬彩天 つちや,日本、〒564-0051 大阪府吹田市豊津町４１−４,34.7605335,135.4909709,57.00,,4.6
FREQUENTE,江坂駅 358m,ワインバー,,,1,1,-,-,大阪府吹田市豊津町16-21 1F,34.7581332,135.4932026,日本、〒564-0051 大阪府吹田市豊津町１６−２１,,places,medium,ChIJs5wsTgDlAGAR5RI58DEd3Ck,FREQUENTE,日本、〒564-0051 大阪府吹田市豊津町１６−２１,34.7581332,135.4932026,57.00,,0.8
ムーンスター,江坂駅 84m,インド料理,,3.12,25,197,"￥2,000～￥2,999","￥1,000～￥1,999",大阪府吹田市豊津町9-40 カリーノ江坂 B1F,34.758361,135.4961886,日本、〒564-0051 大阪府吹田市豊津町９−４０ カリーノ江坂 B1,,places_auto_review,auto_override,ChIJk-YdD9flAGAR99nHwcnb7fY,ムーンスター江坂店,日本、〒564-0051 大阪府吹田市豊津町９−４０ カリーノ江坂 B1,34.758361,135.4961886,43.12,AUTO_PLACE_OVERRIDE:distance_le_50m,16.0
九州ラーメン一品香,江坂駅 488m,ラーメン,,3.27,93,1189,"￥1,000～￥1,999",-,大阪府吹田市豊津町17-19,34.7578094,135.4918193,日本、〒564-0051 大阪府吹田市豊津町１７−１９,,places,medium,ChIJ47MfgPvkAGARrSFMw8ocJx0,九州ラーメン一品香,日本、〒564-0051 大阪府吹田市豊津町１７−１９,34.7578094,135.4918193,57.00,,4.7
やよい軒 江坂店,江坂駅 120m,食堂,,3.07,88,420,～￥999,～￥999,大阪府吹田市豊津町14-4,34.75847,135.4957587,日本、〒564-0051 大阪府吹田市豊津町１４−４,,places,medium,ChIJY5abavrkAGARwd1BiK7zmHc,やよい軒 江坂店,日本、〒564-0051 大阪府吹田市豊津町１４−４,34.75847,135.4957587,57.00,,3.9
鮨 酒 肴 杉玉,江坂駅 147m,寿司、居酒屋、海鮮,,3.05,9,119,-,-,大阪府吹田市豊津町14-31 由谷エムワイビル 2F,34.7586132,135.4954578,日本、〒564-0051 大阪府吹田市豊津町１４−３１ 由谷エムワイビル 2F,,places,medium,ChIJ-6cs0dflAGARjYmIzOaykFc,鮨 酒 肴 杉玉 江坂,日本、〒564-0051 大阪府吹田市豊津町１４−３１ 由谷エムワイビル 2F,34.7586132,135.4954578,50.14,,9.9
BAR 45°,江坂駅 494m,バー,,3.02,3,95,"￥4,000～￥4,999",-,大阪府吹田市豊津町31-2,34.7617598,135.4933454,日本、〒564-0051 大阪府吹田市豊津町３１−２,,places_auto_review,auto_override,ChIJv2quZyrlAGARRySVqgHf6S4,45°,日本、〒564-0051 大阪府吹田市豊津町３１−２,34.7617598,135.4933454,34.50,AUTO_PLACE_OVERRIDE:distance_le_50m,2.3
しまや,江坂駅 506m,居酒屋,,3,2,81,"￥2,000～￥2,999",-,大阪府吹田市豊津町18-21,34.7583619,135.4915916,日本、〒564-0051 大阪府吹田市豊津町１８−２１,,places_auto_review,auto_override,ChIJYU8cXZzlAGARhR8nyEMYTbY,しまや2nd,日本、〒564-0051 大阪府吹田市豊津町１８−２１,34.7583619,135.4915916,34.50,AUTO_PLACE_OVERRIDE:distance_le_50m,0.5
百鳥,江坂駅 303m,焼き鳥,,3.24,23,973,"￥2,000～￥2,999",-,大阪府吹田市豊津町16-5 汐田ビル 1F,34.7578322,135.4938865,日本、〒564-0051 大阪府吹田市豊津町１６−５ 汐田ビル 1F,,places,medium,ChIJFazZufvkAGARIZtsrGVum6o,百鳥,日本、〒564-0051 大阪府吹田市豊津町１６−５ 汐田ビル 1F,34.7578322,135.4938865,63.00,,5.2
なごみ,江坂駅 378m,居酒屋,,3.05,6,285,-,-,大阪府吹田市豊津町18-4 ウイニングパラ1F,34.7584234,135.4929989,日本、〒564-0051 大阪府吹田市豊津町１８−４ ウイニング・パラ江坂,,places,medium,ChIJoRgod_vkAGARngZ-e4XxArM,なごみ,日本、〒564-0051 大阪府吹田市豊津町１８−４ ウイニング・パラ江坂,34.7584234,135.4929989,57.00,,7.6
ジャンカラ 江坂店,江坂駅 220m,カラオケ、その他,,3.04,6,20,-,-,大阪府吹田市豊津町15-9 ピーイングス江坂ビル,34.75788259999999,135.4948135,日本、〒564-0051 大阪府吹田市豊津町１５−９ ピーイングス江坂ビル,,places,medium,ChIJJ3HBNfrkAGARUEFnApcNQow,ジャンカラ 江坂店,日本、〒564-0051 大阪府吹田市豊津町１５−９ ピーイングス江坂ビル,34.75788259999999,135.4948135,60.00,,1.9
マイカリー食堂 江坂店,江坂駅 211m,カレー,,3.09,22,190,～￥999,～￥999,大阪府吹田市豊津町15-4,34.757798,135.494964,日本、〒564-0051 大阪府吹田市豊津町１５−４,,places_auto_review,auto_override,ChIJlVdZS5DlAGART2H5oWxhH-E,松のや 江坂店（マイカリー食堂併設）,日本、〒564-0051 大阪府吹田市豊津町１５−４,34.757798,135.494964,38.47,AUTO_PLACE_OVERRIDE:distance_le_50m,5.5
ル ヴェール フレ,江坂駅 426m,フレンチ、ビストロ、野菜料理,,3.57,174,12060,"￥4,000～￥4,999","￥2,000～￥2,999",大阪府吹田市豊津町5-17 スリーエスマンション1F,34.761021,135.493473,日本、〒564-0051 大阪府吹田市豊津町５−１７ スリーエスマンション 1F,,places,medium,ChIJWzPJyeTkAGARpusr-7Nakus,ルヴェールフレ,日本、〒564-0051 大阪府吹田市豊津町５−１７ スリーエスマンション 1F,34.761021,135.493473,60.00,,2.2
串かつ 作々 江坂店,江坂駅 365m,串揚げ、おでん、バル,,3.09,35,1501,"￥1,000～￥1,999",-,大阪府吹田市豊津町1-50,34.7618091,135.4963134,日本、〒564-0051 大阪府吹田市豊津町１−５０,,places_auto_review,auto_override,ChIJP1gzrPrkAGARMRGyBfXxiU0,串カツ作々,日本、〒564-0051 大阪府吹田市豊津町１−５０,34.7618091,135.4963134,25.50,AUTO_PLACE_OVERRIDE:distance_le_50m,16.9
移転黒兵衛 江坂店,江坂駅 148m,ラーメン、中華料理、餃子,,3.2,139,1240,"￥1,000～￥1,999","￥1,000～￥1,999",大阪府吹田市豊津町14-31,34.7586556,135.4954034,日本、〒564-0051 大阪府吹田市豊津町１４−３１,,places,medium,ChIJXc2BRPrkAGARp5DyP12p_bc,黒兵衛 江坂店,日本、〒564-0051 大阪府吹田市豊津町１４−３１,34.7586556,135.4954034,45.75,,6.9
タリーズコーヒー 江坂駅前店,江坂駅 132m,カフェ,,3.07,49,285,～￥999,～￥999,大阪府吹田市豊津町9-1 EDGE江坂 1F,34.7596245,135.496386,日本、〒564-0051 大阪府吹田市豊津町９−１ ビーロット江坂ビル 1F,,places,medium,ChIJHx9tefrkAGARtFFdlo6YMLY,タリーズコーヒー 江坂駅前店,日本、〒564-0051 大阪府吹田市豊津町９−１ ビーロット江坂ビル 1F,34.7596245,135.496386,60.00,,0.0
松のや 江坂店,江坂駅 211m,とんかつ、かつ丼,,3.04,32,161,～￥999,～￥999,大阪府吹田市豊津町15-4,34.757798,135.494964,日本、〒564-0051 大阪府吹田市豊津町１５−４,,places_auto_review,auto_override,ChIJlVdZS5DlAGART2H5oWxhH-E,松のや 江坂店（マイカリー食堂併設）,日本、〒564-0051 大阪府吹田市豊津町１５−４,34.757798,135.494964,27.88,AUTO_PLACE_OVERRIDE:distance_le_50m,5.5
サーティワンアイスクリーム 江坂店,江坂駅 156m,ジェラート・アイスクリーム,,3.04,32,129,～￥999,-,大阪府吹田市豊津町10-15 ライブプラザブーミン 1F,34.7588182,135.4953902,日本、〒564-0051 大阪府吹田市豊津町１０−１５ ライブプラザブーミン １Ｆ,,places,medium,ChIJ24KJXPrkAGARyA7sWkLIMTk,サーティワンアイスクリーム 江坂店,日本、〒564-0051 大阪府吹田市豊津町１０−１５ ライブプラザブーミン １Ｆ,34.7588182,135.4953902,60.00,,14.0
炭火焼肉 鶴兆 江坂店,江坂駅 181m,焼肉、韓国料理、居酒屋,,3.06,36,980,"￥4,000～￥4,999",～￥999,大阪府吹田市豊津町13-2,34.7585625,135.4950808,日本、〒564-0051 大阪府吹田市豊津町１３−２,,places,medium,ChIJTaQ2UPrkAGAReWiCa_uMnnQ,炭火焼肉 鶴兆 江坂店,日本、〒564-0051 大阪府吹田市豊津町１３−２,34.7585625,135.4950808,57.00,,5.1
CREPE CITY 江坂店,江坂駅 126m,クレープ・ガレット,,3.04,4,23,-,-,大阪府吹田市豊津町10-7,34.75923510000001,135.4959451,日本、〒564-0051 大阪府吹田市豊津町１０−７,,places,medium,ChIJcRJEa3HlAGAR0Cm3yalPrr0,CREPE CITY 江坂店,日本、〒564-0051 大阪府吹田市豊津町１０−７,34.75923510000001,135.4959451,57.00,,13.5
スターダスト,江坂駅 56m,ダイニングバー、フレンチ、ビストロ,,3.01,1,102,"￥4,000～￥4,999",-,大阪府吹田市豊津町9-16 第1ロンヂェビル 3F,34.7582796,135.4965808,日本、〒564-0051 大阪府吹田市豊津町９−１６,,geocode_fallback,medium,,,,,,,NO_PLACE_CANDIDATE,
やきとり とりQ,江坂駅 465m,焼き鳥,,3.02,1,17,-,-,大阪府吹田市豊津町18-20 月見ハウス 1F,34.7583514,135.4915301,日本、〒564-0051 大阪府吹田市豊津町１８−２０ 月見ハウス 1F,,places,medium,ChIJYX_zPeDlAGARJc1_fPH5DCI,やきとり とりQ,日本、〒564-0051 大阪府吹田市豊津町１８−２０ 月見ハウス 1F,34.7583514,135.4915301,63.00,,5.7
はなまるうどん 大阪江坂店,江坂駅 84m,うどん,,3.08,49,295,～￥999,～￥999,大阪府吹田市豊津町9-44 B1,34.758937,135.4962412,日本、〒564-0051 大阪府吹田市豊津町９−４４ B1F,,places,medium,ChIJd9ndcfrkAGARKQ582s7OVlI,はなまるうどん 大阪江坂店,日本、〒564-0051 大阪府吹田市豊津町９−４４ B1F,34.758937,135.4962412,60.00,,6.1
マクドナルド 江坂ハートランド店,江坂駅 84m,ハンバーガー,,3.06,49,238,～￥999,～￥999,大阪府吹田市豊津町9-44 ハートランド江坂 1Ｆ,34.7589772,135.4962862,日本、〒564-0051 大阪府吹田市豊津町９−４４ １Ｆ,,places,medium,ChIJ88jucfrkAGARez-lKcAQlAw,マクドナルド 江坂ハートランド店,日本、〒564-0051 大阪府吹田市豊津町９−４４ １Ｆ,34.7589772,135.4962862,57.00,,0.0
LAWSON 江坂駅南口店,江坂駅 95m,コンビニ・スーパー,,3.02,3,4,-,-,大阪府吹田市豊津町9-22,34.7577969,135.496645,日本、〒564-0051 大阪府吹田市豊津町９−２２ 大同門 本部ビル 1F,,places_auto_review,auto_override,ChIJu_6QAfrkAGARZUJU_-2uYic,ローソン 江坂駅南口店,日本、〒564-0051 大阪府吹田市豊津町９−２２ 大同門 本部ビル 1F,34.7577969,135.496645,28.88,AUTO_PLACE_OVERRIDE:distance_le_50m,0.0
コメダ珈琲店 江坂駅前店,江坂駅 76m,喫茶店,,3.09,63,371,～￥999,"￥1,000～￥1,999",大阪府吹田市豊津町9-15 日本興業ビル 1F,34.7579267,135.4966832,日本、〒564-0051 大阪府吹田市豊津町９−１５ 日本興業ビル １階,,places,medium,ChIJyxdzqWDlAGARdEX8LtxxCPk,コメダ珈琲店 江坂駅前店,日本、〒564-0051 大阪府吹田市豊津町９−１５ 日本興業ビル １階,34.7579267,135.4966832,60.00,,19.6
ミスタードーナツ 江坂東急ショップ,江坂駅 98m,ドーナツ、飲茶・点心、カフェ,,3.07,54,305,～￥999,～￥999,大阪府吹田市豊津町9-40 東急ビル内,34.7581633,135.4961135,日本、〒564-0051 大阪府吹田市豊津町９−４０,,places,medium,ChIJX7YdEvrkAGARpf-KEOTD3fA,ミスタードーナツ 江坂東急ショップ,日本、〒564-0051 大阪府吹田市豊津町９−４０,34.7581633,135.4961135,57.00,,26.1
パンスタジオ 江坂店,江坂駅 220m,パン,,3.04,4,60,-,-,大阪府吹田市豊津町11-5,34.7594695,135.4942336,"日本、〒564-0051 大阪府府, １１ 吹田市豊津町11−1",,places,medium,ChIJ_dJd_frkAGARS3VPxLJP5sk,パンスタジオ江坂店,"日本、〒564-0051 大阪府府, １１ 吹田市豊津町11−1",34.7594695,135.4942336,57.00,,64.0
星乃珈琲店 カリーノ江坂店,江坂駅 43m,喫茶店,,3.08,71,454,"￥1,000～￥1,999","￥1,000～￥1,999",大阪府吹田市豊津町9-40 カリーノ江坂 1F,34.7584698,135.4966137,日本、〒564-0051 大阪府吹田市豊津町９−４０ カリーノ江坂 １階,,places,medium,ChIJXTlbCfrkAGARnGVO_5cvgUQ,星乃珈琲店 カリーノ江坂店,日本、〒564-0051 大阪府吹田市豊津町９−４０ カリーノ江坂 １階,34.7584698,135.4966137,60.00,,41.2
テラ 江坂店,江坂駅 84m,ワインバー,,3,1,52,-,-,大阪府吹田市豊津町9-15 日興ビル（ ニッコープラザ） 3F,34.7578173,135.4965156,日本、〒564-0051 大阪府吹田市豊津町９−１５,,geocode_fallback,medium,ChIJ-3ePEF3lAGAR7uBcJhwdZ_A,ハナウタ,日本、〒564-0063 大阪府吹田市江坂町１丁目２２−１０ 第1梓ビル 203 2階,34.7585977,135.4982568,8.00,LOW_PLACE_CONFIDENCE:low,181.2
五・六・八食堂,江坂駅 221m,食堂、うどん、居酒屋,,3.06,13,343,"￥1,000～￥1,999",～￥999,大阪府吹田市豊津町8-11,34.759993,135.4953279,日本、〒564-0051 大阪府吹田市豊津町８−１１,,places_auto_review,auto_override,ChIJ6-7R7vrkAGARaUa5i7mA-yQ,五·六·八食堂,日本、〒564-0051 大阪府吹田市豊津町８−１１,34.759993,135.4953279,44.14,AUTO_PLACE_OVERRIDE:distance_le_50m,5.1
金久右衛門 江坂店,江坂駅 186m,ラーメン、餃子、油そば・まぜそば,,3.19,263,3560,～￥999,～￥999,大阪府吹田市豊津町13-3,34.7585107,135.4950782,日本、〒564-0051 大阪府吹田市豊津町１３−３,,places,medium,ChIJ5f-3T_rkAGARtB3TfgeQ018,金久右衛門 江坂店,日本、〒564-0051 大阪府吹田市豊津町１３−３,34.7585107,135.4950782,57.00,,5.0
東急ハンズ 江坂店,江坂駅 78m,その他,,,1,8,-,"￥1,000～￥1,999",大阪府吹田市豊津町9-40,34.7583701,135.4962494,日本、〒564-0051 大阪府吹田市豊津町９−４０,,places,medium,ChIJsxT8EfrkAGARwIVC6Gho9N8,ハンズ江坂店,日本、〒564-0051 大阪府吹田市豊津町９−４０,34.7583701,135.4962494,45.75,,0.0
LAWSON 江坂駅前店,江坂駅 160m,コンビニ・スーパー,,3.02,4,16,～￥999,～￥999,大阪府吹田市豊津町1-22,34.7599301,135.496843,日本、〒564-0051 大阪府吹田市豊津町１−２２,,places_auto_review,auto_override,ChIJSyLxgPrkAGARdqqfEUvjTC8,ローソン 江坂駅前店,日本、〒564-0051 大阪府吹田市豊津町１−２２,34.7599301,135.496843,27.00,AUTO_PLACE_OVERRIDE:distance_le_50m,8.0
お好み焼き Miyagi,下新庄駅 811m,お好み焼き、焼きそば,,3.02,2,17,～￥999,～￥999,大阪府吹田市中の島町1-23,34.7534711,135.5236883,日本、〒564-0035 大阪府吹田市中の島町１−２３,,places_auto_review,auto_override,ChIJswthRZrlAGARXZ691Q6Gnek,みやぎ,日本、〒564-0035 大阪府吹田市中の島町１−２３,34.7534711,135.5236883,15.75,AUTO_PLACE_OVERRIDE:distance_le_50m,0.9
パリワール,下新庄駅 724m,インドカレー、アジア・エスニック,,3.01,3,22,"￥2,000～￥2,999",～￥999,大阪府吹田市中の島町4-40,34.7531814,135.5219281,日本、〒574-0035 大阪府吹田市中の島町４−４０,,places_auto_review,auto_override,ChIJ6aVzReblAGAR-C6je9qf0Iw,PARIWAR,日本、〒574-0035 大阪府吹田市中の島町４−４０,34.7531814,135.5219281,12.00,AUTO_PLACE_OVERRIDE:distance_le_50m,0.6
鏡屋,下新庄駅 698m,食堂,,3.01,1,11,-,～￥999,大阪府吹田市中の島町4-38,34.7530366,135.5215136,日本、〒564-0035 大阪府吹田市中の島町４−３８,,places,medium,ChIJmfU46HbkAGAR8opqQyyk7AE,鏡屋,日本、〒564-0035 大阪府吹田市中の島町４−３８,34.7530366,135.5215136,57.00,,4.8
ハース&ハース,吹田市,その他,,,3,32,-,-,大阪府吹田市長野西17-1 コムゼストビル 1F,34.793449,135.54031,日本、〒565-0817 大阪府吹田市長野西１７−１,,places_auto_review,auto_override,ChIJqQ41dEHjAGARvBRkRy8VD6w,フルーツティー紅茶茶葉専門店大阪ハース&ハース,日本、〒565-0817 大阪府吹田市長野西１７−１,34.793449,135.54031,22.59,AUTO_PLACE_OVERRIDE:distance_le_50m,1.5
KASHO COFFEE LAB,千里丘駅 913m,コーヒースタンド,,3,1,15,-,-,大阪府吹田市長野西1-7,34.7886854,135.5420194,日本、〒565-0817 大阪府吹田市長野西１丁目７−２０１,,places,medium,ChIJVQXuC2vjAGARkKCfuP1k8gY,kasho coffee beans LAB,日本、〒565-0817 大阪府吹田市長野西１丁目７−２０１,34.7886854,135.5420194,52.91,,6.8
くまさん,千里丘駅 877m,お好み焼き,,3.02,1,28,-,-,大阪府吹田市長野西8-8-1,34.7900561,135.541972,日本、〒565-0817 大阪府吹田市長野西８−８−１,,places_auto_review,auto_override,ChIJV1RMiB7jAGAR-tPrnUf0Mqo,お好み焼きくまさん,日本、〒565-0817 大阪府吹田市長野西８−８−１,34.7900561,135.541972,32.00,AUTO_PLACE_OVERRIDE:distance_le_50m,2.0
喫茶のたり,吹田市,喫茶店,,3.02,2,30,-,-,大阪府吹田市長野西14-3 ティラーレ千里丘 1F,34.7907741,135.5399342,日本、〒565-0817 大阪府吹田市長野西１４−３ ティラーレ千里丘,,places,medium,ChIJ1TJcaADjAGARvoyz5Aqp7PU,喫茶のたり,日本、〒565-0817 大阪府吹田市長野西１４−３ ティラーレ千里丘,34.7907741,135.5399342,60.00,,0.0
串焼き串カツ まさやん,千里丘駅 464m,串焼き、串揚げ、居酒屋,,3.07,7,237,"￥3,000～￥3,999",-,大阪府吹田市長野東18-4,34.7922911,135.5464752,日本、〒565-0816 大阪府吹田市長野東１８−４,,places_auto_review,auto_override,ChIJWRrtpxXjAGARA-vP4_AYEes,まさやん,日本、〒565-0816 大阪府吹田市長野東１８−４,34.7922911,135.5464752,32.00,AUTO_PLACE_OVERRIDE:distance_le_50m,4.3
ゆきち,千里丘駅 448m,居酒屋,,3.05,5,81,"￥3,000～￥3,999",-,大阪府吹田市長野東17-20,34.7921023,135.546618,日本、〒565-0816 大阪府吹田市長野東１７−２０,,places_auto_review,auto_override,ChIJD9M2EADjAGARR06JInhy0QM,創作居酒屋ゆきち,日本、〒565-0816 大阪府吹田市長野東１７−２０,34.7921023,135.546618,28.88,AUTO_PLACE_OVERRIDE:distance_le_50m,6.8
yakki鶏,千里丘駅 520m,焼き鳥、居酒屋、パスタ,千里丘駅6分◆新鮮な朝引き淡路鶏や〆の麺など多彩なメニューを満喫！仕事帰りや家族団らんに◎,3.08,16,720,"￥4,000～￥4,999",-,大阪府吹田市長野東16-3 ナンノvol.13長野東コーポラス 101,34.7918018,135.5457381,日本、〒565-0816 大阪府吹田市長野東１６−３ ナンノvol.13長野東コーポラス101,,places_auto_review,auto_override,ChIJnT2MGhXjAGARac_2gmsXfRE,焼き鳥屋 yakki鶏,日本、〒565-0816 大阪府吹田市長野東１６−３ ナンノvol.13長野東コーポラス101,34.7918018,135.5457381,43.00,AUTO_PLACE_OVERRIDE:distance_le_50m,7.3
とん助,千里丘駅 584m,焼肉、ホルモン,,3.09,36,4346,"￥3,000～￥3,999",-,大阪府吹田市長野東14-1,34.7914923,135.5450562,日本、〒565-0816 大阪府吹田市長野東１４−１,,places_auto_review,auto_override,ChIJYRc5IxXjAGAR0ZDGTMQM5_M,焼肉ホルモン焼 とん助,日本、〒565-0816 大阪府吹田市長野東１４−１,34.7914923,135.5450562,27.00,AUTO_PLACE_OVERRIDE:distance_le_50m,8.3
大阪王将 千里丘店,千里丘駅 643m,中華料理、餃子,,3.03,17,135,"￥1,000～￥1,999",-,大阪府吹田市長野東3-20,34.791076,135.5443901,日本、〒565-0816 大阪府吹田市長野東３−２０ 野口ビルハイツ １０４,,places,medium,ChIJPXATLBXjAGARr1JCnzwLpYY,大阪王将 千里丘店,日本、〒565-0816 大阪府吹田市長野東３−２０ 野口ビルハイツ １０４,34.791076,135.5443901,57.00,,10.5
生わんたんらぁめん専門店 赤黄緑 吹田店,千里丘駅 456m,ラーメン、居酒屋,,3.18,38,758,"￥1,000～￥1,999","￥1,000～￥1,999",大阪府吹田市長野東17-20,34.7920726,135.5465323,日本、〒565-0816 大阪府吹田市長野東１７−２０,,places_auto_review,auto_override,ChIJEU66KwDjAGARUrY-s9mlNcc,人類みな麺類系列生わんたんらぁめん専門店 赤黄緑 吹田店,日本、〒565-0816 大阪府吹田市長野東１７−２０,34.7920726,135.5465323,42.68,AUTO_PLACE_OVERRIDE:distance_le_50m,4.1
cafe may,千里丘駅 603m,カフェ,,3.07,7,249,-,-,大阪府吹田市長野東14-7,34.7918146,135.5448628,日本、〒565-0816 大阪府吹田市長野東１４−７,,places,medium,ChIJ_xowi5fjAGAR9RH9hVJNFII,cafe may,日本、〒565-0816 大阪府吹田市長野東１４−７,34.7918146,135.5448628,57.00,,2.4
Shot Bar NADURRA,千里丘駅 460m,バー,,3.09,7,148,"￥1,000～￥1,999",-,大阪府吹田市長野東18-4,34.7922819,135.5465188,日本、〒565-0816 大阪府吹田市長野東１８−４,,places,medium,ChIJ5zPbpxXjAGARmVdsAyJg_ck,Shot Bar NADURRA,日本、〒565-0816 大阪府吹田市長野東１８−４,34.7922819,135.5465188,57.00,,3.1
クローバー ベーカリー,千里丘駅 649m,パン,,3.07,6,170,-,～￥999,大阪府吹田市長野東3-20 ビューハイツ千里 1F,34.7910525,135.5443295,日本、〒565-0816 大阪府吹田市長野東３−２０ ビューハイツ千里 103,,places,medium,ChIJ0_ORWvzjAGARZSIxgSJv0lQ,クローバーベーカリー,日本、〒565-0816 大阪府吹田市長野東３−２０ ビューハイツ千里 103,34.7910525,135.5443295,60.00,,6.4
Anco,千里丘駅 511m,バー,,3.02,1,13,-,-,大阪府吹田市長野東17-20,34.7921542,135.5464961,日本、〒565-0816 大阪府吹田市長野東１７−２０,,places_auto_review,auto_override,ChIJGU7XUwDjAGAR5Td3T-q5pwc,カラオケカフェ Anco,日本、〒565-0816 大阪府吹田市長野東１７−２０,34.7921542,135.5464961,30.00,AUTO_PLACE_OVERRIDE:distance_le_50m,6.7
タマキング,千里丘駅 601m,居酒屋,,3,1,29,"￥3,000～￥3,999",-,大阪府吹田市長野東14-7,34.79182249999999,135.5448842,日本、〒565-0816 大阪府吹田市長野東１４−７,,places_auto_review,auto_override,ChIJyUJDfZnjAGAR9Z_FalMFC1M,居酒屋TAMA-KING（タマキング）,日本、〒565-0816 大阪府吹田市長野東１４−７,34.79182249999999,135.5448842,24.50,AUTO_PLACE_OVERRIDE:distance_le_50m,4.0
フレッシュバザール グランドセンター千里丘店,千里丘駅 761m,コンビニ・スーパー,,,1,4,-,-,大阪府吹田市長野東7-24,34.7904148,135.5431691,日本、〒565-0816 大阪府吹田市長野東７−２４,,places,medium,ChIJx5LTG6vjAGARgMnKjej-xk8,フレッシュバザール グランドセンター千里丘店,日本、〒565-0816 大阪府吹田市長野東７−２４,34.7904148,135.5431691,57.00,,0.0
おだて屋 もみじ,千里丘駅 590m,串揚げ,,,1,16,-,-,大阪府吹田市長野東14-4,34.6664991,135.5139634,日本、〒543-0071 大阪府大阪市天王寺区生玉町９−１９,,places_manual_review,manual_override,ChIJMddDt0XnAGARTOfGR4srmtw,もみじ,日本、〒543-0071 大阪府大阪市天王寺区生玉町９−１９,34.6664991,135.5139634,11.29,MANUAL_PLACE_OVERRIDE,14192.2
フレンズ,千里丘駅 580m,たこ焼き,,,6,,-,-,大阪府吹田市長野東14-1,34.7915026,135.5450821,日本、〒565-0816 大阪府吹田市長野東１４−１,,places,medium,ChIJ0wo4IxXjAGARZIa8yCkektU,フレンズ,日本、〒565-0816 大阪府吹田市長野東１４−１,34.7915026,135.5450821,57.00,,5.8
天ぷら ささき,千里丘駅 457m,天ぷら,,3.34,45,1791,"￥1,000～￥1,999","￥1,000～￥1,999",大阪府吹田市長野東18-4,34.7922743,135.5465546,日本、〒565-0816 大阪府吹田市長野東１８−４,,places,medium,ChIJG36M-qfjAGARJh2qrM4YwF4,天ぷら ささき,日本、〒565-0816 大阪府吹田市長野東１８−４,34.7922743,135.5465546,57.00,,5.3
さくらじま,千里丘駅 578m,居酒屋,,,18,,-,-,大阪府吹田市長野東14-4,34.7916204,135.5451006,日本、〒565-0816 大阪府吹田市長野東１４−４,,places,medium,ChIJb2PRPBXjAGARTVN18MsmwyM,さくらじま,日本、〒565-0816 大阪府吹田市長野東１４−４,34.7916204,135.5451006,57.00,,13.7
Le Porc,千里丘駅 591m,イタリアン、創作料理,,3.18,19,975,-,"￥1,000～￥1,999",大阪府吹田市長野東14-5,34.7916827,135.5450338,日本、〒565-0816 大阪府吹田市長野東１４−５,,places_auto_review,auto_override,ChIJVX8Y3_fjAGARWIpB4vPV4g0,ルポルク～le porc～,日本、〒565-0816 大阪府吹田市長野東１４−５,34.7916827,135.5450338,39.00,AUTO_PLACE_OVERRIDE:distance_le_50m,9.7
Bar BoomBoom,千里丘駅 587m,バー,,3.02,1,18,-,-,大阪府吹田市長野東14-5,34.7916829,135.5450342,日本、〒565-0816 大阪府吹田市長野東１４,,places,medium,ChIJ_z9gPBXjAGAR_scqOFpDj_E,Bar Boom Boom,日本、〒565-0816 大阪府吹田市長野東１４,34.7916829,135.5450342,57.00,,9.8
おかめ,千里丘駅 562m,おでん、居酒屋,,3.03,3,107,"￥1,000～￥1,999",-,大阪府吹田市長野東16-8,34.7916279,135.5452917,日本、〒565-0816 大阪府吹田市長野東１６−８,,places,medium,ChIJn2GhIhXjAGARnniMfRHdO2c,おかめ,日本、〒565-0816 大阪府吹田市長野東１６−８,34.7916279,135.5452917,57.00,,6.9
みつ澤,千里丘駅 451m,もつ鍋、ホルモン、居酒屋,,3.07,20,1726,"￥4,000～￥4,999",-,大阪府吹田市長野東18-3,34.7922624,135.5466107,日本、〒565-0816 大阪府吹田市長野東１８−３ レッサーフェルト 1F,,places_auto_review,auto_override,ChIJt6CvqBXjAGAR0zUY83TtULQ,久留米ホルモン みつ澤,日本、〒565-0816 大阪府吹田市長野東１８−３ レッサーフェルト 1F,34.7922624,135.5466107,25.50,AUTO_PLACE_OVERRIDE:distance_le_50m,5.1
ことぶき,千里丘駅 592m,居酒屋,,3.04,2,27,-,-,大阪府吹田市長野東16-15,34.7919888,135.5450388,日本、〒565-0816 大阪府吹田市長野東１６−１５,,places,medium,ChIJ__8mPxXjAGARnHImG7CcOXM,ことぶき,日本、〒565-0816 大阪府吹田市長野東１６−１５,34.7919888,135.5450388,57.00,,14.4
わかば,千里丘駅 600m,居酒屋、焼き鳥,,3.23,37,1308,"￥3,000～￥3,999",-,大阪府吹田市長野東14-5,34.7916238,135.5448828,日本、〒565-0816 大阪府吹田市長野東１４−５,,places,medium,ChIJOQt_PBXjAGARHSQgqcbspns,わかば,日本、〒565-0816 大阪府吹田市長野東１４−５,34.7916238,135.5448828,57.00,,6.2
Ventura,千里丘駅 483m,カフェ,,3.07,9,156,-,～￥999,大阪府吹田市長野東17-5 千里丘ＫＭハイツ 105,34.7919973,135.5462146,日本、〒565-0816 大阪府吹田市長野東１７−５ 千里丘KMハイツ105,,places_auto_review,auto_override,ChIJd_x5btTjAGAR2uTZbf9i-pE,Ventura Coffee Stand ／ベンチュラコーヒースタンド,日本、〒565-0816 大阪府吹田市長野東１７−５ 千里丘KMハイツ105,34.7919973,135.5462146,28.12,AUTO_PLACE_OVERRIDE:distance_le_50m,1.2
ミツボシ,千里丘駅 595m,居酒屋,,3.04,2,24,-,-,大阪府吹田市長野東14-7,34.791845,135.5449443,日本、〒565-0816 大阪府吹田市長野東１４−７,,places,medium,ChIJEXolzhbjAGAR9uHyqkbxrsw,ミツボシ,日本、〒565-0816 大阪府吹田市長野東１４−７,34.791845,135.5449443,57.00,,9.6
ドミノ・ピザ 千里丘店,千里丘駅 633m,ピザ,,,1,15,-,-,大阪府吹田市長野東12-32 エスト千里丘,34.7919196,135.5445324,日本、〒565-0816 大阪府吹田市長野東１２−３２ エスト千里丘,,places,medium,ChIJsaWRSRXjAGARcFRSNlCvqVw,ドミノ・ピザ千里丘店,日本、〒565-0816 大阪府吹田市長野東１２−３２ エスト千里丘,34.7919196,135.5445324,60.00,,8.2
尾道焼 みっか,千里丘駅 595m,お好み焼き,,3.06,7,278,"￥3,000～￥3,999",～￥999,大阪府吹田市長野東14-6,34.7917714,135.5449335,日本、〒565-0816 大阪府吹田市長野東１４−６,,places_auto_review,auto_override,ChIJ5xkxGwDjAGARyPFmw8_dqDQ,広島 尾道焼き みっか,日本、〒565-0816 大阪府吹田市長野東１４−６,34.7917714,135.5449335,42.00,AUTO_PLACE_OVERRIDE:distance_le_50m,6.2
アサヒビールミュージアム 吹田工場,吹田（ＪＲ）駅 204m,その他,,3.17,91,524,-,-,大阪府吹田市西の庄町1-45,34.7624916,135.5216196,日本、〒564-0071 大阪府吹田市西の庄町１−４５,,places,medium,ChIJNwtmLHzkAGARUlSP8k_RpRI,アサヒビールミュージアム 吹田工場,日本、〒564-0071 大阪府吹田市西の庄町１−４５,34.7624916,135.5216196,57.00,,28.2
野口酒店,吹田（阪急）駅 123m,立ち飲み,,3.04,4,115,～￥999,-,大阪府吹田市西の庄町4-11,34.75953690000001,135.518715,日本、〒564-0071 大阪府吹田市西の庄町４−１１,,places,medium,ChIJrZY0evHlAGAR2Jt6Gpd_vL8,野口酒店,日本、〒564-0071 大阪府吹田市西の庄町４−１１,34.75953690000001,135.518715,57.00,,2.9
黒毛和牛 藤屋,吹田市,焼肉、ホルモン,【1970年創業】世代を超えて愛される老舗焼肉店 郊外では嬉しい全席個室、提携駐車場有り◎,3.55,143,5209,"￥6,000～￥7,999",-,大阪府吹田市原町4-6-16,34.7742082,135.5303433,日本、〒564-0004 大阪府吹田市原町４丁目６−１６,,places,medium,ChIJsZQk83vjAGARklTAY7N4hjc,黒毛和牛 藤屋 吹田,日本、〒564-0004 大阪府吹田市原町４丁目６−１６,34.7742082,135.5303433,45.75,,1.7
業務スーパー 吹田原町店,吹田市,コンビニ・スーパー,,,,,-,-,大阪府吹田市原町2丁目36-1,34.7762057,135.522789,日本、〒564-0004 大阪府吹田市原町２丁目３７,,places_manual_review,manual_override,ChIJRxSLVwDlAGARqqDhibHDvV4,業務スーパーTAKENOKO 吹田原町店,日本、〒564-0004 大阪府吹田市原町２丁目３７,34.7762057,135.522789,40.12,MANUAL_PLACE_OVERRIDE,88.6
にぎり長次郎 吹田原町店,吹田市,回転寿司,,3.01,6,30,-,-,大阪府吹田市原町2-32-1,34.7763866,135.5235741,日本、〒564-0004 大阪府吹田市原町２丁目３２−１,,places,medium,ChIJ1XMlxaXlAGARoKk3xnXxZDE,にぎり長次郎 吹田原町店,日本、〒564-0004 大阪府吹田市原町２丁目３２−１,34.7763866,135.5235741,57.00,,10.1
だし屋 寿々とね,吹田市,そば、うどん,,3.26,17,131,-,-,大阪府吹田市原町4-16-22,34.7750487,135.5309303,日本、〒564-0004 大阪府吹田市原町４丁目１６−２２,,places_auto_review,auto_override,ChIJR_HXU3vjAGAR1slwgfX1ZF4,だし屋 寿々とね (すずとね),日本、〒564-0004 大阪府吹田市原町４丁目１６−２２,34.7750487,135.5309303,40.64,AUTO_PLACE_OVERRIDE:distance_le_50m,2.7
中津からあげ 総本家もり山 吹田店,吹田市,鳥料理、弁当,,3.01,7,344,～￥999,～￥999,大阪府吹田市原町4-6-17,34.7740669,135.5303167,日本、〒564-0004 大阪府吹田市原町４丁目６−１７,,places,medium,ChIJgbW883vjAGARuCU5mspoax8,中津からあげ 総本家 もり山 吹田店,日本、〒564-0004 大阪府吹田市原町４丁目６−１７,34.7740669,135.5303167,57.00,,3.5
Happiness,吹田市,ケーキ,,3,1,31,"￥3,000～￥3,999","￥2,000～￥2,999",大阪府吹田市原町1-25-3,34.7762217,135.5275377,日本、〒564-0004 大阪府吹田市原町１丁目２５−３ サンメゾン吹田Ⅱ ５０１,,places_auto_review,auto_override,ChIJHwZFZYTjAGAR_YOY5RBKAxM,cakehouse Happiness,日本、〒564-0004 大阪府吹田市原町１丁目２５−３ サンメゾン吹田Ⅱ ５０１,34.7762217,135.5275377,40.64,AUTO_PLACE_OVERRIDE:distance_le_50m,0.0
Gateau Huit,岸辺駅 981m,ケーキ,,3,5,249,-,-,大阪府吹田市原町4-19-10,34.7763093,135.5310309,日本、〒564-0004 大阪府吹田市原町４丁目１９−１０,,places_auto_review,auto_override,ChIJASZ3fQDjAGARvjC9YZF6WsM,Gateau Huit（ガトーユイット）,日本、〒564-0004 大阪府吹田市原町４丁目１９−１０,34.7763093,135.5310309,33.00,AUTO_PLACE_OVERRIDE:distance_le_50m,2.9
小麦の郷 ライフ岸部店,岸辺駅 927m,パン,,,1,8,-,-,大阪府吹田市原町4-21-58 スーパーライフ 岸部店 1F,34.7765737,135.5317819,日本、〒564-0004 大阪府吹田市原町４丁目２１−５８,,places_auto_review,auto_override,ChIJt97yEHvjAGAR1YeiGiMmiSs,ライフ岸部店,日本、〒564-0004 大阪府吹田市原町４丁目２１−５８,34.7765737,135.5317819,39.00,AUTO_PLACE_OVERRIDE:distance_le_50m,0.0
LIFE 岸部店,岸辺駅 906m,コンビニ・スーパー,,,2,9,-,-,大阪府吹田市原町4-21-58,34.7765737,135.5317819,日本、〒564-0004 大阪府吹田市原町４丁目２１−５８,,places_manual_review,manual_override,ChIJt97yEHvjAGAR1YeiGiMmiSs,ライフ岸部店,日本、〒564-0004 大阪府吹田市原町４丁目２１−５８,34.7765737,135.5317819,21.50,MANUAL_PLACE_OVERRIDE,119.7
ココ,吹田市,喫茶店,,,2,,-,-,大阪府吹田市原町4-11-8,34.7751941,135.5298818,日本、〒564-0004 大阪府吹田市原町４丁目１１−８ パークコート原町,,places,medium,ChIJ7diNf3zjAGARcXe_FKhL_yU,ココ,日本、〒564-0004 大阪府吹田市原町４丁目１１−８ パークコート原町,34.7751941,135.5298818,57.00,,3.3
松美屋,上新庄駅 480m,焼肉、ホルモン,,3.05,3,83,-,-,大阪府吹田市東御旅町9-29,34.7492499,135.5278276,日本、〒564-0033 大阪府吹田市東御旅町９−２９,,places,medium,ChIJp0pT1_TjAGARB7xmPDhFg64,松美屋,日本、〒564-0033 大阪府吹田市東御旅町９−２９,34.7492499,135.5278276,57.00,,2.5
韓国家庭料理 郷村,上新庄駅 499m,韓国料理,,3.01,12,665,-,-,大阪府吹田市東御旅町2-31,34.7522873,135.5283483,日本、〒564-0033 大阪府吹田市東御旅町２−３１,,places_auto_review,auto_override,ChIJG6VFS7njAGAR56eTMaUv5ng,郷村（ヒャンチョン）,日本、〒564-0033 大阪府吹田市東御旅町２−３１,34.7522873,135.5283483,18.00,AUTO_PLACE_OVERRIDE:distance_le_50m,0.9
浅井酒店,上新庄駅 613m,立ち飲み,,3.02,4,65,-,-,大阪府吹田市東御旅町2-53,34.7509804,135.5264374,日本、〒564-0033 大阪府吹田市東御旅町２−５３,,places,medium,ChIJYdVE84rjAGARNhmhC8yA6fk,浅井酒店,日本、〒564-0033 大阪府吹田市東御旅町２−５３,34.7509804,135.5264374,57.00,,1.8
ハタノ酒店,上新庄駅 457m,立ち飲み,,3.05,5,135,"￥1,000～￥1,999",-,大阪府吹田市東御旅町8-33,34.7515941,135.5284351,日本、〒564-0033 大阪府吹田市東御旅町８,,places,medium,ChIJB8GAEYvjAGARyq2AAxB4pPE,ハタノ酒店,日本、〒564-0033 大阪府吹田市東御旅町８,34.7515941,135.5284351,57.00,,6.4
炭焼屋 肉もん,吹田（ＪＲ）駅 657m,焼肉、ホルモン,,3.05,11,359,"￥5,000～￥5,999",-,大阪府吹田市日の出町1-4,34.7633988,135.5308439,日本、〒564-0023 大阪府吹田市日の出町１−４,,places,medium,ChIJ7yFEvx7jAGARk3SZzvkJc9c,炭焼屋 肉もん,日本、〒564-0023 大阪府吹田市日の出町１−４,34.7633988,135.5308439,57.00,,4.9
さわ寿司,吹田（ＪＲ）駅 657m,寿司,,3,2,20,-,-,大阪府吹田市日の出町1-4,34.7633859,135.5307965,日本、〒564-0023 大阪府吹田市日の出町１−４,,places,medium,ChIJn0ABPoTjAGARFjh1rIqWGVw,さわ寿司,日本、〒564-0023 大阪府吹田市日の出町１−４,34.7633859,135.5307965,57.00,,4.5
喫茶&軽食 和,相川駅 556m,喫茶店,,,5,,-,-,大阪府吹田市日の出町12-8,34.7627211,135.5328329,日本、〒564-0023 大阪府吹田市日の出町１２−８,,geocode_fallback,medium,ChIJA_bpSADlAGARiQlp96OXt2g,大和大学 カフェ 和〜WA〜,日本、〒564-0082 大阪府吹田市片山町２丁目９−西１６,34.7666288,135.5185827,3.21,LOW_PLACE_CONFIDENCE:low,1372.3
ながた,吹田（ＪＲ）駅 658m,そば、親子丼、かつ丼,,3.14,31,331,-,～￥999,大阪府吹田市日の出町1-4 1F,34.7633749,135.5307771,日本、〒564-0023 大阪府吹田市日の出町１−４,,places_auto_review,auto_override,ChIJ0xP_PYTjAGARbIVqFMwDdQ0,手打そば処 ながた,日本、〒564-0023 大阪府吹田市日の出町１−４,34.7633749,135.5307771,28.88,AUTO_PLACE_OVERRIDE:distance_le_50m,5.3
メガ盛り マンモス弁当 吹田店,吹田（ＪＲ）駅 673m,弁当,,3.15,15,560,-,-,大阪府吹田市日の出町2-2,34.7635418,135.5309996,日本、〒564-0023 大阪府吹田市日の出町２−２,,places,medium,ChIJiev3xpTjAGARJTL3fZ8F7DA,メガ盛りマンモス弁当 吹田店,日本、〒564-0023 大阪府吹田市日の出町２−２,34.7635418,135.5309996,57.00,,6.6
豚''どん,相川駅 563m,韓国料理,,3.02,2,52,"￥2,000～￥2,999",-,大阪府吹田市日の出町26-68 1F,34.7627336,135.5333461,日本、〒564-0023 大阪府吹田市日の出町２６−６８,,places_auto_review,auto_override,ChIJw9IPmUbjAGAR2GHRhOksNh8,"豚""と""ん（どんどん）",日本、〒564-0023 大阪府吹田市日の出町２６−６８,34.7627336,135.5333461,28.88,AUTO_PLACE_OVERRIDE:distance_le_50m,3.4
いちまさキッチン,吹田（ＪＲ）駅 666m,居酒屋、ラーメン、食堂,,,3,28,"￥2,000～￥2,999",～￥999,大阪府吹田市日の出町2-1,34.7634674,135.5309852,日本、〒564-0023 大阪府吹田市日の出町２−１,,places,medium,ChIJ91WCR-HjAGAReK1ve7c_Xx8,いちまさキッチン,日本、〒564-0023 大阪府吹田市日の出町２−１,34.7634674,135.5309852,57.00,,0.9
江坂海鮮食堂 おーうえすと,江坂駅 210m,居酒屋、海鮮、寿司,江坂駅すぐ！昼飲み大歓迎✨11:30からずっと開いてる海鮮食堂！旬魚旬菜の逸品が豊富！,3.32,117,3582,"￥3,000～￥3,999",～￥999,大阪府吹田市広芝町9-31,34.7569415,135.4982234,日本、〒564-0052 大阪府吹田市広芝町９−３１ ライオンズマンション第3江坂,,places,medium,ChIJp3GgFPfkAGARaVdq84sgocg,江坂海鮮食堂 おーうえすと,日本、〒564-0052 大阪府吹田市広芝町９−３１ ライオンズマンション第3江坂,34.7569415,135.4982234,57.00,,5.8
とろけるハンバーグ福よし 大阪江坂店,江坂駅 198m,ハンバーグ,【江坂駅3分】国産牛100%のハンバーグが絶品♪仕事帰りや家族団らんに◎飲み放題もあり！,3.31,49,1602,"￥3,000～￥3,999","￥2,000～￥2,999",大阪府吹田市広芝町10-28 オーク江坂ビル 1F,34.7568296,135.4974276,日本、〒564-0052 大阪府吹田市広芝町１０−２８ オーク江坂ビル 1階,,places,medium,ChIJZQtcRWflAGARrkNzKssGONQ,とろけるハンバーグ福よし［大阪江坂店］,日本、〒564-0052 大阪府吹田市広芝町１０−２８ オーク江坂ビル 1階,34.7568296,135.4974276,55.26,,11.2
お好み焼工房 とん鉄 江坂店,江坂駅 289m,お好み焼き、焼きそば、居酒屋,【江坂駅3分】ここでしか味わえない多彩な鉄板焼きが名物！コスパ抜群なコースは各種宴会に最適,3.41,160,4359,"￥1,000～￥1,999",～￥999,大阪府吹田市広芝町4-32,34.7573567,135.4998493,日本、〒564-0052 大阪府吹田市広芝町４−３２,,places_auto_review,auto_override,ChIJsbNj-vbkAGARVaZxYf5A9No,お好み焼き工房 とん鉄,日本、〒564-0052 大阪府吹田市広芝町４−３２,34.7573567,135.4998493,43.15,AUTO_PLACE_OVERRIDE:distance_le_50m,7.9
すえ広,江坂駅 331m,寿司,,3.08,20,353,"￥4,000～￥4,999",-,大阪府吹田市広芝町11-5 GSハイム第1江坂 1F,34.7556484,135.4977774,日本、〒564-0052 大阪府吹田市広芝町１１−５ ＧＳハイム,,places,medium,ChIJLyrmuq_lAGAR6sysJ0OJ87w,すえ広,日本、〒564-0052 大阪府吹田市広芝町１１−５ ＧＳハイム,34.7556484,135.4977774,57.00,,4.0
鉄板Dining Kento House,江坂駅 273m,お好み焼き、鉄板焼き、ステーキ,,3.08,25,2348,"￥5,000～￥5,999",-,大阪府吹田市広芝町9-12 第11マイタビル 1F,34.7564572,135.4985779,日本、〒564-0052 大阪府吹田市広芝町９−１２,,places_auto_review,auto_override,ChIJZf4_AQDlAGARZ3DO7n19-Ks,ケントハウス,日本、〒564-0052 大阪府吹田市広芝町９−１２,34.7564572,135.4985779,12.00,AUTO_PLACE_OVERRIDE:distance_le_50m,0.0
スーパーホテル 御堂筋線・江坂,江坂駅 352m,ホテル,,3.07,16,37,-,-,大阪府吹田市広芝町12-33,34.7555196,135.4981008,日本、〒564-0052 大阪府吹田市広芝町１２−３３,,places,medium,ChIJd3xSvffkAGARRaoYoeIXrTM,スーパーホテル御堂筋線・江坂,日本、〒564-0052 大阪府吹田市広芝町１２−３３,34.7555196,135.4981008,57.00,,5.1
セブン-イレブン 吹田広芝町店,江坂駅 349m,コンビニ・スーパー,,,2,,-,-,大阪府吹田市広芝町12-1,34.755722,135.498648,日本、〒564-0052 大阪府吹田市広芝町１２−１,,places,medium,ChIJPzlFpffkAGAR5PcQT3qhdp0,セブン-イレブン 吹田広芝町店,日本、〒564-0052 大阪府吹田市広芝町１２−１,34.755722,135.498648,57.00,,11.6
業務スーパー 江坂店,江坂駅 399m,コンビニ・スーパー,,,3,,-,-,大阪府吹田市広芝町15-23,34.7553463,135.4988164,日本、〒564-0052 大阪府吹田市広芝町１５−２３,,places_auto_review,auto_override,ChIJl8rsp_fkAGARG1BcXF9rydM,業務スーパー TAKENOKO 江坂店,日本、〒564-0052 大阪府吹田市広芝町１５−２３,34.7553463,135.4988164,37.71,AUTO_PLACE_OVERRIDE:distance_le_50m,15.2
鳥貴族 江坂東店,江坂駅 158m,焼き鳥、鳥料理、居酒屋,,3.04,28,388,"￥2,000～￥2,999",-,大阪府吹田市広芝町10-1-201 サニーストンホテル北館 2F,34.7573348,135.4979121,日本、〒564-0052 大阪府吹田市広芝町１０−１ 201,,places,medium,ChIJNyw6QffkAGAR_cA0yQ1yOvs,鳥貴族 江坂東店,日本、〒564-0052 大阪府吹田市広芝町１０−１ 201,34.7573348,135.4979121,57.00,,28.1
シャトレーゼ 江坂店,江坂駅 424m,ケーキ、和菓子、ジェラート・アイスクリーム,,3.06,47,279,～￥999,-,大阪府吹田市広芝町16-19,34.7550554,135.4988479,日本、〒564-0052 大阪府吹田市広芝町１６−１９,,places,medium,ChIJn7osyffkAGAR8SsjLpPK7a0,シャトレーゼ 江坂店,日本、〒564-0052 大阪府吹田市広芝町１６−１９,34.7550554,135.4988479,57.00,,3.6
チャトパタ,江坂駅 589m,インド料理、インドカレー,,3.44,154,4328,"￥2,000～￥2,999","￥1,000～￥1,999",大阪府吹田市広芝町22-15,34.7532712,135.4970318,日本、〒564-0052 大阪府吹田市広芝町２２−１５,,places,medium,ChIJVY9bAFjkAGARnQnzGfbQoBo,チャトパタ,日本、〒564-0052 大阪府吹田市広芝町２２−１５,34.7532712,135.4970318,57.00,,0.4
サニーストンホテル,江坂駅 179m,ホテル,,3.08,8,49,-,-,大阪府吹田市広芝町10-3,34.7573035,135.4976069,日本、〒564-0052 大阪府吹田市広芝町１０−３８ サニーストンホテル,,places_auto_review,auto_override,ChIJk8GPRPfkAGARydQA1BOiw4U,〒564-0052 大阪府吹田市広芝町１０−３８ サニーストンホテル,日本、〒564-0052 大阪府吹田市広芝町１０−３８ サニーストンホテル,34.7573035,135.4976069,25.50,AUTO_PLACE_OVERRIDE:distance_le_50m,35.5
コーヒーハウス絹,江坂駅 300m,喫茶店,,3.13,17,281,-,～￥999,大阪府吹田市広芝町11-1,34.7559317,135.4977546,日本、〒564-0052 大阪府吹田市広芝町１１−１,,places,medium,ChIJMc_pnffkAGARE53jwApnNPY,コーヒーハウス 絹,日本、〒564-0052 大阪府吹田市広芝町１１−１,34.7559317,135.4977546,57.00,,6.0
江坂フィッシュカンパニー,江坂駅 344m,イタリアン,,3.08,17,344,-,～￥999,大阪府吹田市広芝町5-37,34.756857,135.5001555,日本、〒564-0052 大阪府吹田市広芝町５−３７,,places,medium,ChIJgXtNWfbkAGARX4T39-VFDvg,江坂フィッシュカンパニー,日本、〒564-0052 大阪府吹田市広芝町５−３７,34.756857,135.5001555,57.00,,5.0
LAWSON ドラッグミック江坂広芝町店,江坂駅 289m,コンビニ・スーパー,,,1,2,-,-,大阪府吹田市広芝町11-41-1,34.7559726,135.4972097,日本、〒564-0052 大阪府吹田市広芝町１１−４１−１,,places_auto_review,auto_override,ChIJtVFHkvfkAGARNlpHdcIa4NY,ローソン ドラッグミック江坂広芝町店,日本、〒564-0052 大阪府吹田市広芝町１１−４１−１,34.7559726,135.4972097,36.55,AUTO_PLACE_OVERRIDE:distance_le_50m,31.1
味園,江坂駅 318m,焼肉,,3.52,173,10577,"￥6,000～￥7,999",-,大阪府吹田市広芝町8-22,34.7561384,135.4989054,日本、〒564-0052 大阪府吹田市広芝町８−２２,,places,medium,ChIJqzi9rvfkAGARM3DT68Zmtos,味園,日本、〒564-0052 大阪府吹田市広芝町８−２２,34.7561384,135.4989054,57.00,,2.2
昌佳,江坂駅 216m,居酒屋,,3.07,11,744,"￥6,000～￥7,999",-,大阪府吹田市広芝町9-31,34.7569428,135.4981552,日本、〒564-0052 大阪府吹田市広芝町９−３１ ライオンズマンション第3江坂,,places,medium,ChIJQ5ylE_fkAGARnidJFwzbnt4,昌佳,日本、〒564-0052 大阪府吹田市広芝町９−３１ ライオンズマンション第3江坂,34.7569428,135.4981552,57.00,,12.0
ファミリーマート 吹田広芝町店,江坂駅 275m,コンビニ・スーパー,,3.04,5,10,～￥999,～￥999,大阪府吹田市広芝町10-14,34.7561871,135.497809,日本、〒564-0052 大阪府吹田市広芝町１０−１４ 101,,places,medium,ChIJRzo8cffkAGARp1gBnW5s23I,ファミリーマート 吹田広芝町店,日本、〒564-0052 大阪府吹田市広芝町１０−１４ 101,34.7561871,135.497809,57.00,,19.3
お食事・呑み処 すずめ,江坂駅 315m,居酒屋、食堂,,3.08,10,67,"￥2,000～￥2,999",～￥999,大阪府吹田市広芝町8-23,34.7561295,135.4988767,日本、〒564-0052 大阪府吹田市広芝町８−２２,,places_auto_review,auto_override,ChIJkVQj41LlAGARjDD7-UPwDIk,すずめ,日本、〒564-0052 大阪府吹田市広芝町８−２２,34.7561295,135.4988767,25.50,AUTO_PLACE_OVERRIDE:distance_le_50m,14.3
なか卯 江坂店,江坂駅 258m,牛丼、親子丼、うどん,,3.04,40,203,～￥999,～￥999,大阪府吹田市広芝町4-28 アルデール江坂1F,34.757376,135.4994744,日本、〒564-0052 大阪府吹田市広芝町４−２８,,places,medium,ChIJx0Ie4_bkAGARpV5_HFeYXkY,なか卯 江坂店,日本、〒564-0052 大阪府吹田市広芝町４−２８,34.757376,135.4994744,57.00,,4.7
サニー,江坂駅 179m,洋食、カレー、パスタ,,3,6,77,-,～￥999,大阪府吹田市広芝町10-3 第1サニーストンホテル別館 2F,34.7569344,135.4978644,日本、〒564-0052 大阪府吹田市広芝町１０−３,,places_auto_review,auto_override,ChIJ0Tp0QvfkAGARsxaslqhnMFQ,サニーストンホテル,日本、〒564-0052 大阪府吹田市広芝町１０−３,34.7569344,135.4978644,27.00,AUTO_PLACE_OVERRIDE:distance_le_50m,47.3
ヒロ コーヒー ギャラリー本店,江坂駅 272m,喫茶店,,3.01,12,239,-,-,大阪府吹田市広芝町9-19,34.7562716,135.4980658,日本、〒564-0052 大阪府吹田市広芝町９−１９,,places,medium,ChIJQ3Rdz_3lAGARGfRIhIl24rY,ヒロコーヒー ギャラリー本店,日本、〒564-0052 大阪府吹田市広芝町９−１９,34.7562716,135.4980658,57.00,,8.9
ら ふれーず 江坂店,江坂駅 166m,ケーキ,,3.31,78,1309,～￥999,-,大阪府吹田市広芝町10-1 サニーストンホテル　１Ｆ,34.7572719,135.4979444,日本、〒564-0052 大阪府吹田市広芝町１０−１ サニーストンホテル １階,,places,medium,ChIJNyw6QffkAGAR3-gGeh_ZE7U,ら ふれーず 江坂店,日本、〒564-0052 大阪府吹田市広芝町１０−１ サニーストンホテル １階,34.7572719,135.4979444,60.00,,31.0
旬家,江坂駅 330m,居酒屋,,3.11,15,316,"￥3,000～￥3,999",～￥999,大阪府吹田市広芝町8-21,34.7561186,135.4990407,日本、〒564-0052 大阪府吹田市広芝町８−２１,,places,medium,ChIJNwmPrvfkAGARfuItpgVOlI4,旬家,日本、〒564-0052 大阪府吹田市広芝町８−２１,34.7561186,135.4990407,57.00,,9.8
ヒロ コーヒー 本店,江坂駅 286m,喫茶店、ケーキ,,3.23,308,7056,-,～￥999,大阪府吹田市広芝町9-19,34.7561486,135.498121,日本、〒564-0052 大阪府吹田市広芝町９−１９,,places,medium,ChIJ6dfPCvfkAGAR-3fwPZF7CQw,ヒロコーヒー 本店,日本、〒564-0052 大阪府吹田市広芝町９−１９,34.7561486,135.498121,57.00,,7.4
中華そば 喜城苑 江坂店,江坂駅 301m,ラーメン、中華料理、居酒屋,,3.4,79,1071,～￥999,～￥999,大阪府吹田市広芝町11-1,34.7559323,135.4978186,日本、〒564-0052 大阪府吹田市広芝町１１−１,,places,medium,ChIJx6rZTrTlAGAR6ONRFanmeg8,中華そば 喜城苑 江坂店,日本、〒564-0052 大阪府吹田市広芝町１１−１,34.7559323,135.4978186,57.00,,7.1
こがらや 江坂店,江坂駅 333m,うどん、そば,,3.05,35,410,"￥1,000～￥1,999","￥1,000～￥1,999",大阪府吹田市広芝町11-5 GSハイム第1江坂 1F,34.7556298,135.4977758,日本、〒564-0052 大阪府吹田市広芝町１１−５ ＧＳハイム 第一江坂１F,,places,medium,ChIJi8n2cKDlAGARH2CzYeacuvk,こがらや 江坂店,日本、〒564-0052 大阪府吹田市広芝町１１−５ ＧＳハイム 第一江坂１F,34.7556298,135.4977758,57.00,,5.5
セブンイレブン 吹田広芝町北,江坂駅 398m,コンビニ・スーパー,,3.01,2,4,-,-,大阪府吹田市広芝町3-29,34.757357,135.5012091,日本、〒564-0052 大阪府吹田市広芝町３−２９,,places,medium,ChIJq195fPbkAGARPzKUkyI43Lc,セブン-イレブン 吹田広芝町北店,日本、〒564-0052 大阪府吹田市広芝町３−２９,34.757357,135.5012091,50.08,,7.4
エクセルシオール カフェ 江坂広芝店,江坂駅 144m,カフェ、サンドイッチ、ベーグル,,3.07,51,337,～￥999,～￥999,大阪府吹田市広芝町10-35 江坂南口第2ビル　１F,34.7573595,135.4972828,日本、〒564-0052 大阪府吹田市広芝町１０−３５ 江坂南口第二ビル １Ｆ,,places,medium,ChIJP9VaWvfkAGAR_5z1Zrg3NsM,エクセルシオール カフェ 江坂広芝店,日本、〒564-0052 大阪府吹田市広芝町１０−３５ 江坂南口第二ビル １Ｆ,34.7573595,135.4972828,57.00,,8.1
焼肉 千里藤白台 牛の膳,吹田市,焼肉、ホルモン、ステーキ,北九州産の黒毛和牛を中心に上質な焼肉を堪能◎高級感あふれる空間でリーズナブルに焼肉を楽しむ,3.18,38,850,"￥4,000～￥4,999","￥1,000～￥1,999",大阪府吹田市藤白台5-7-68,34.8285591,135.503725,日本、〒565-0873 大阪府吹田市藤白台５丁目７−６７,,places,medium,ChIJk4odw5f7AGARUWk2agNmcF0,焼肉 千里藤白台 牛の膳,日本、〒565-0873 大阪府吹田市藤白台５丁目７−６７,34.8285591,135.503725,57.00,,34.7
はま寿司 千里藤白台店,吹田市,回転寿司,,3.05,26,125,-,"￥1,000～￥1,999",大阪府吹田市藤白台5-7-70,34.8283431,135.5045513,日本、〒565-0873 大阪府吹田市藤白台５丁目７−７０,,places,medium,ChIJabGWJYT7AGAR4HJjQ-abPTM,はま寿司 千里藤白台店,日本、〒565-0873 大阪府吹田市藤白台５丁目７−７０,34.8283431,135.5045513,57.00,,7.5
にこり食堂,北千里駅 631m,食堂、ポルトガル料理,,3.04,2,46,"￥1,000～￥1,999",-,大阪府吹田市藤白台2-9-1 ロイヤルアーク千里藤白台,34.8167916,135.5165895,日本、〒565-0873 大阪府吹田市藤白台２丁目９,,places,medium,ChIJ78iqTfX7AGARWtm2UDsHEg4,にこり食堂,日本、〒565-0873 大阪府吹田市藤白台２丁目９,34.8167916,135.5165895,57.00,,58.7
パントリー 千里藤白台店,吹田市,コンビニ・スーパー,,3.02,3,20,-,-,大阪府吹田市藤白台5-7-66,34.8288532,135.5035059,日本、〒565-0873 大阪府吹田市藤白台５丁目７−６６,,places,medium,ChIJWVgpM237AGARYutlL4zyWsQ,パントリー 千里藤白台店,日本、〒565-0873 大阪府吹田市藤白台５丁目７−６６,34.8288532,135.5035059,57.00,,15.7
ニュータージマハルエベレスト 北千里店,北千里駅 137m,インドカレー,,3.13,32,275,"￥1,000～￥1,999",～￥999,大阪府吹田市古江台4-119 ディオス8番館 103,34.819525,135.5096959,日本、〒565-0874 大阪府吹田市古江台４丁目２−１１９ Dios北千里 8番館 103,,places,medium,ChIJea3W2G37AGARne64TJjeM60,ニュータージマハルエベレスト 北千里店,日本、〒565-0874 大阪府吹田市古江台４丁目２−１１９ Dios北千里 8番館 103,34.819525,135.5096959,60.00,,11.8
焙煎珈琲豆 楓,北千里駅 81m,コーヒースタンド,,3.08,10,96,-,～￥999,大阪府吹田市古江台4-2-25 ディオス5番館 1F,34.8196927,135.5102769,日本、〒565-0874 大阪府吹田市古江台４丁目２−２５ dios5番館 105号,,places,medium,ChIJ7X5Pjgn7AGARnlHF84hpriE,焙煎珈琲豆 楓,日本、〒565-0874 大阪府吹田市古江台４丁目２−２５ dios5番館 105号,34.8196927,135.5102769,57.00,,25.9
いこい飯店,北千里駅 56m,中華料理、餃子、からあげ,,3.32,134,5350,"￥2,000～￥2,999","￥1,000～￥1,999",大阪府吹田市古江台4-119 ディオス北千里５番館　１Ｆ,34.8198205,135.5104594,日本、〒565-0874 大阪府吹田市古江台４丁目２,,places,medium,ChIJCyKSw237AGARTTpfB_OwiwY,いこい飯店,日本、〒565-0874 大阪府吹田市古江台４丁目２,34.8198205,135.5104594,57.00,,44.6
Pane e Trattoria Polvere,北千里駅 146m,イタリアン、パン,,3.09,27,711,"￥1,000～￥1,999","￥1,000～￥1,999",大阪府吹田市古江台4-119 ディオス8番館　1F,34.8193031,135.5097402,日本、〒565-0874 大阪府吹田市古江台４丁目２−１１９ 北千里駅前 ディオス８番館 １F,,places_auto_review,auto_override,ChIJCyKSw237AGARQs6IMQLCY0g,ポルヴェレ,日本、〒565-0874 大阪府吹田市古江台４丁目２−１１９ 北千里駅前 ディオス８番館 １F,34.8193031,135.5097402,12.00,AUTO_PLACE_OVERRIDE:distance_le_50m,13.5
鳥貴族 北千里店,北千里駅 138m,焼き鳥、鳥料理、居酒屋,,3.01,12,184,"￥2,000～￥2,999",-,大阪府吹田市古江台4-2 ディオス北千里8番館B 107,34.8194187,135.5097453,"B107, 吹田市 古江台 ４丁目 ２ ディオス北千里8番館, 大阪府 565-0874 日本",,places,medium,ChIJdyKSw237AGAR4v9jjyzRPb4,鳥貴族 北千里店,"B107, 吹田市 古江台 ４丁目 ２ ディオス北千里8番館, 大阪府 565-0874 日本",34.8194187,135.5097453,60.00,,81.6
野菜とつぶつぶ アプサラカフェ,北千里駅 239m,カフェ,,3.06,5,84,-,-,大阪府吹田市古江台3-8-2 北千里グリーンプレイスA棟 1F,34.8198234,135.5081683,日本、〒565-0874 大阪府吹田市古江台３丁目８−２ 北千里グリーンプレイスA棟 1F,,places,medium,ChIJNXxPSQD7AGARa3mFJ4ViIg4,野菜とつぶつぶ アプサラカフェ 北千里,日本、〒565-0874 大阪府吹田市古江台３丁目８−２ 北千里グリーンプレイスA棟 1F,34.8198234,135.5081683,54.00,,0.0
じゃんぼ總本店 北千里駅前店,北千里駅 51m,たこ焼き、お好み焼き、焼きそば,,3,2,32,-,-,大阪府吹田市古江台4-119 ディオス北千里5番館 1F,34.8197108,135.5103135,日本、〒565-0874 大阪府吹田市古江台４丁目２−２５,,places,medium,ChIJea3W2G37AGARfqWzofdzilU,じゃんぼ總本店 北千里駅前店,日本、〒565-0874 大阪府吹田市古江台４丁目２−２５,34.8197108,135.5103135,57.00,,46.7
熊本ラーメン ひごっこ 北千里店,北千里駅 144m,ラーメン,,3.07,30,284,"￥1,000～￥1,999",～￥999,大阪府吹田市古江台4-2 ディオス北千里8番館 1F,34.819443,135.509651,日本、〒565-0874 大阪府吹田市古江台４丁目２−１１９ 北千里ディオス専門店街８番館１階,,places,medium,ChIJE8FKzG37AGAR6FvNB6Oj3fE,熊本ラーメン ひごっこ 北千里店,日本、〒565-0874 大阪府吹田市古江台４丁目２−１１９ 北千里ディオス専門店街８番館１階,34.819443,135.509651,57.00,,83.1
おはぎの丹波屋 北千里店,北千里駅 103m,和菓子,,3.01,2,24,-,-,大阪府吹田市古江台4-119 ディオス北千里5番館,34.8196096,135.5100509,日本、〒565-0874 大阪府吹田市古江台４丁目119番地 ディオス北千里 5番館,,places,medium,ChIJS2EKNGz7AGARpwe3aEZpDL0,おはぎの丹波屋 北千里店,日本、〒565-0874 大阪府吹田市古江台４丁目119番地 ディオス北千里 5番館,34.8196096,135.5100509,60.00,,53.9
NORTHERN EIGHT COFFEE 北千里店,北千里駅 243m,カフェ,,3.05,7,345,-,-,大阪府吹田市古江台3-8-2 北千里グリーンプレイス B棟 102,34.8197874,135.5083828,日本、〒565-0874 大阪府吹田市古江台３丁目８−２,,places,medium,ChIJuy_COAD7AGAR7hkhDy5r4Lw,NORTHERN EIGHT COFFEE 北千里店,日本、〒565-0874 大阪府吹田市古江台３丁目８−２,34.8197874,135.5083828,57.00,,20.0
ナムル,北千里駅 167m,韓国料理,,,13,,-,-,大阪府吹田市古江台4-2-60 北千里医療ビル 2F,34.8204046,135.5089938,日本、〒565-0874 大阪府吹田市古江台４丁目２−６０ 北千里医療ビル ２Ｆ,,places_auto_review,auto_override,ChIJz4_Ik3T7AGARljxKKLfRGuk,ビビンバ専門店ナムル,日本、〒565-0874 大阪府吹田市古江台４丁目２−６０ 北千里医療ビル ２Ｆ,34.8204046,135.5089938,30.00,AUTO_PLACE_OVERRIDE:distance_le_50m,20.3
旬の幸しん,北千里駅 72m,居酒屋,,3.06,12,112,-,-,大阪府吹田市古江台4-2-9 ウィング北千里ビル　1F,34.8195292,135.5106353,日本、〒565-0874 大阪府吹田市古江台４丁目２−９,,places,medium,ChIJDUK0LWz7AGARVu4UlHJsZRA,旬の幸しん,日本、〒565-0874 大阪府吹田市古江台４丁目２−９,34.8195292,135.5106353,57.00,,85.5
あんみつ姫,北千里駅 80m,喫茶店、甘味処,,3.05,5,42,-,-,大阪府吹田市古江台4-2-4 ディオス2番館,34.8195737,135.5108984,日本、〒565-0874 大阪府吹田市古江台４丁目２−５,,places_auto_review,auto_override,ChIJhZHFG237AGARcnnG2Pv0-9o,茶房 あんみつ姫,日本、〒565-0874 大阪府吹田市古江台４丁目２−５,34.8195737,135.5108984,44.14,AUTO_PLACE_OVERRIDE:distance_le_50m,27.5
喫茶パンダ 北千里店,北千里駅 230m,喫茶店,,3.05,8,66,-,～￥999,大阪府吹田市古江台4-2,34.8194453,135.5098386,日本、〒565-0874 大阪府吹田市古江台４丁目２,,places,medium,ChIJE8FKzG37AGARTMCe0CrZBvU,パンダ 北千里店,日本、〒565-0874 大阪府吹田市古江台４丁目２,34.8194453,135.5098386,47.00,,98.2
ケンタッキーフライドチキン イオン北千里店,北千里駅 131m,からあげ,,3.01,7,46,-,-,大阪府吹田市古江台4-2-50,34.8201177,135.5095386,日本、〒565-0874 大阪府吹田市古江台４丁目２−５０,,places,medium,ChIJjRmcvG37AGARlcRCm-V_ZA8,ケンタッキーフライドチキンイオン北千里店,日本、〒565-0874 大阪府吹田市古江台４丁目２−５０,34.8201177,135.5095386,57.00,,40.8
たこ焼き 多幸八,北千里駅 136m,その他,,3.02,1,7,-,-,大阪府吹田市古江台4-1 B1,34.8188912,135.5114562,日本、〒565-0874 大阪府吹田市古江台４丁目１ B1,,places_manual_review,manual_override,ChIJZcEdom77AGARtaI8OTcBERU,多幸八,日本、〒565-0874 大阪府吹田市古江台４丁目１ B1,34.8188912,135.5114562,30.29,MANUAL_PLACE_OVERRIDE,292.4
カンテボーレ 北千里店,北千里駅 155m,パン,,3,7,39,-,-,大阪府吹田市古江台4-2-50 イオン北千里店 1F,34.8197195,135.509375,日本、〒565-0874 大阪府吹田市古江台４丁目２−５０,,places,medium,ChIJc-4PvG37AGARhkU8FA018X4,カンテボーレ イオン北千里店,日本、〒565-0874 大阪府吹田市古江台４丁目２−５０,34.8197195,135.509375,49.50,,7.0
キッチンオリジン 北千里店,北千里駅 80m,弁当,,3.01,8,26,-,-,大阪府吹田市古江台4-119,34.8202571,135.5105043,日本、〒565-0874 大阪府吹田市古江台４丁目１１９,,places,medium,ChIJJSFWPYz7AGARl0Jc4pGTZJ0,キッチンオリジン 北千里店,日本、〒565-0874 大阪府吹田市古江台４丁目１１９,34.8202571,135.5105043,57.00,,54.2
サイゼリヤ 阪急ディオス北千里店,北千里駅 144m,ファミレス、イタリアン、パスタ,,3.01,11,140,-,～￥999,大阪府吹田市古江台4-2,34.819392,135.509706,日本、〒565-0874 大阪府吹田市古江台４丁目２ ﾃﾞｨｵｽ北千里8番館2F,,places,medium,ChIJn8C3ym37AGARGrgAItK4P9M,サイゼリヤ 阪急ディオス北千里店,日本、〒565-0874 大阪府吹田市古江台４丁目２ ﾃﾞｨｵｽ北千里8番館2F,34.819392,135.509706,53.00,,108.7
デイリーヤマザキ 北千里駅前店,北千里駅 38m,コンビニ・スーパー,,,1,12,-,-,大阪府吹田市古江台4-119 阪急北千里駅 1F,34.8201865,135.5106017,日本、〒565-0874 大阪府吹田市古江台４丁目２−１１９ Dios北千里1番館 2階,,places,medium,ChIJZ-kR2237AGARDWiyO7qE_No,デイリーヤマザキ 北千里駅前店,日本、〒565-0874 大阪府吹田市古江台４丁目２−１１９ Dios北千里1番館 2階,34.8201865,135.5106017,57.00,,65.9
阪急OASIS 北千里店,北千里駅 48m,コンビニ・スーパー,,3.02,1,4,-,-,大阪府吹田市古江台4-119-6,34.8205027,135.5099909,日本、〒565-0874 大阪府吹田市古江台４丁目２−１１９−６,,places_auto_review,auto_override,ChIJdYAw2W37AGARuLIMi0NknhA,阪急オアシス北千里店,日本、〒565-0874 大阪府吹田市古江台４丁目２−１１９−６,34.8205027,135.5099909,31.29,AUTO_PLACE_OVERRIDE:distance_le_50m,0.0
宇佐崎,北千里駅 80m,うどん、丼,,3.09,21,174,-,～￥999,大阪府吹田市古江台4-119 ディオス北千里8番館 2F,34.81953,135.5097261,日本、〒565-0874 大阪府吹田市古江台４丁目２−１１９ ディオス北千里8番館 2F,,places_manual_review,manual_override,ChIJE8FKzG37AGARQpKqEZ1nvoY,めん処宇佐崎,日本、〒565-0874 大阪府吹田市古江台４丁目２−１１９ ディオス北千里8番館 2F,34.81953,135.5097261,40.50,MANUAL_PLACE_OVERRIDE,71.3
阪急ベーカリー香房 北千里店,北千里駅 33m,パン、サンドイッチ,,3,4,23,-,-,大阪府吹田市古江台4-119-6 阪急オアシス　２Ｆ,34.8205027,135.5099909,日本、〒565-0874 大阪府吹田市古江台４丁目２−１１９−６,,geocode_fallback,medium,ChIJA-RFpV3jAGARAoXRNgdX6Fc,阪急ベーカリー香房 ららぽーとEXPOCITY店,日本、〒565-0826 大阪府吹田市千里万博公園２−１ 三井ショッピングパークららぽーとＥＸＰＯＣＩＴＹ,34.8060633,135.5362681,17.61,LOW_PLACE_CONFIDENCE:low,2886.6
無添加工房 アンリ 北千里店,北千里駅 499m,パン、ケーキ,,3.17,22,382,-,～￥999,大阪府吹田市古江台3-18-10,34.8167846,135.5073011,日本、〒565-0874 大阪府吹田市古江台３丁目１８−１０,,places_auto_review,auto_override,ChIJcevQvmz7AGARpuxzdL3-7cU,体に優しいパン工房 アンリ 北千里店,日本、〒565-0874 大阪府吹田市古江台３丁目１８−１０,34.8167846,135.5073011,34.50,AUTO_PLACE_OVERRIDE:distance_le_50m,2.6
スターバックスコーヒー イオン北千里店,北千里駅 149m,カフェ,,3.04,32,146,-,～￥999,大阪府吹田市古江台4-2-50 ディオス北千里7番館,34.8197615,135.5094325,日本、〒565-0874 大阪府吹田市古江台４丁目２−５０ ディオス北千里 7番館,,places,medium,ChIJjUl3u237AGARrFw6xYedzjo,スターバックス コーヒー イオン北千里店,日本、〒565-0874 大阪府吹田市古江台４丁目２−５０ ディオス北千里 7番館,34.8197615,135.5094325,60.00,,71.2
丹丹 麻辣烫,北千里駅 84m,中華料理,,,2,13,-,-,大阪府吹田市古江台4-2-119 ディオス北千里 2番館 1F,34.8200089,135.5107348,日本、〒565-0874 大阪府吹田市古江台４丁目２−１１９ ディオス 北千里２番館１ 階２-100,,places,medium,ChIJj_64bWv7AGAR7DD32_JVZAA,丹丹麻辣烫,日本、〒565-0874 大阪府吹田市古江台４丁目２−１１９ ディオス 北千里２番館１ 階２-100,34.8200089,135.5107348,60.00,,58.7
ラーメンスタンド 大阪1号店,北千里駅 28m,ラーメン,,3.13,26,225,"￥1,000～￥1,999","￥1,000～￥1,999",大阪府吹田市古江台4-119 Dios1番館 2F,34.82006070000001,135.510703,日本、〒565-0874 大阪府吹田市古江台４丁目２−１１９ Dios北千里1番館 2階,,places,medium,ChIJERpZvCP7AGARpLXMjfNn5B8,ラーメンスタンド大阪1号店,日本、〒565-0874 大阪府吹田市古江台４丁目２−１１９ Dios北千里1番館 2階,34.82006070000001,135.510703,57.00,,81.5
千里一番 だごや,北千里駅 114m,居酒屋、海鮮、食堂,,3.13,24,352,"￥2,000～￥2,999",～￥999,大阪府吹田市古江台4-2-21 千里一番ビル,34.8193725,135.5101356,日本、〒565-0874 大阪府吹田市古江台４丁目２−２１ 千里一番ビル,,places,medium,ChIJe7nbNGz7AGARReLpDkrWVXE,千里一番 だごや,日本、〒565-0874 大阪府吹田市古江台４丁目２−２１ 千里一番ビル,34.8193725,135.5101356,60.00,,0.0
伏見屋 北千里駅前店,北千里駅 15m,その他,,,4,,"￥1,000～￥1,999","￥1,000～￥1,999",大阪府吹田市古江台4-119 ディオス北千里 5番館 1F,34.8200088,135.510885,日本、〒565-0874 大阪府吹田市古江台４丁目119番地 ディオス北千里5 番館１階,,places,medium,ChIJSYRmYpz7AGARZ_o_5IMSePg,伏見屋北千里駅前店,日本、〒565-0874 大阪府吹田市古江台４丁目119番地 ディオス北千里5 番館１階,34.8200088,135.510885,63.00,,72.2
徳ちゃん？,南吹田駅 669m,お好み焼き、居酒屋、鍋,,,2,,"￥2,000～￥2,999",-,大阪府吹田市穂波町15-26,34.7555636,135.511486,日本、〒564-0042 大阪府吹田市穂波町１５−２７,,places,medium,ChIJcZUYLwDlAGARWPbrL5bOReo,徳ちゃん？,日本、〒564-0042 大阪府吹田市穂波町１５−２７,34.7555636,135.511486,57.00,,19.5
マサヤ弁当,南吹田駅 455m,弁当,,,1,4,-,～￥999,大阪府吹田市穂波町21-23,34.7535741,135.5115835,日本、〒564-0042 大阪府吹田市穂波町２１−２３,,places,medium,ChIJH4UxzK7lAGARbLETXvtUOW0,マサヤ弁当,日本、〒564-0042 大阪府吹田市穂波町２１−２３,34.7535741,135.5115835,57.00,,3.1
Lapin,吹田（阪急）駅 483m,イタリアン,,3.16,34,607,-,"￥1,000～￥1,999",大阪府吹田市穂波町3-7,34.7566797,135.513544,日本、〒564-0042 大阪府吹田市穂波町３−７ Five Leaf 穂波,,places_auto_review,auto_override,ChIJu2k4f2PkAGARDc9VaRHfB0c,Lapin (ラパン),日本、〒564-0042 大阪府吹田市穂波町３−７ Five Leaf 穂波,34.7566797,135.513544,34.50,AUTO_PLACE_OVERRIDE:distance_le_50m,7.4
ブレーシュ,南吹田駅 407m,ケーキ,,3.09,13,555,-,-,大阪府吹田市穂波町25-1 ART-FIND 102,34.753112,135.5104871,日本、〒564-0042 大阪府吹田市穂波町２５−１ ART-FIND 102,,places_auto_review,auto_override,ChIJoSEihmbkAGAROTMxOubWdSQ,パティスリーブレーシュ,日本、〒564-0042 大阪府吹田市穂波町２５−１ ART-FIND 102,34.753112,135.5104871,40.50,AUTO_PLACE_OVERRIDE:distance_le_50m,0.8
本家かまどや 南吹田店,南吹田駅 406m,弁当,,3.01,2,10,-,-,大阪府吹田市穂波町25-1,34.7530889,135.5104307,日本、〒564-0042 大阪府吹田市穂波町２５−１,,places,medium,ChIJH-8hhmbkAGARClhd1Phe-_I,本家かまどや 南吹田店,日本、〒564-0042 大阪府吹田市穂波町２５−１,34.7530889,135.5104307,57.00,,6.3
スシロー 南吹田店,南吹田駅 378m,寿司、回転寿司,,3.04,44,170,"￥1,000～￥1,999","￥1,000～￥1,999",大阪府吹田市穂波町21-19,34.752892,135.511186,日本、〒564-0042 大阪府吹田市穂波町２１−１５,,places,medium,ChIJQaZi1mXkAGARRsfUGY3sJtI,スシロー 南吹田店,日本、〒564-0042 大阪府吹田市穂波町２１−１５,34.752892,135.511186,57.00,,5.0
ザ・めしや 吹田穂波店,吹田（阪急）駅 475m,食堂,,3.04,34,113,"￥1,000～￥1,999",-,大阪府吹田市穂波町3-27,34.7570409,135.513288,日本、〒564-0042 大阪府吹田市穂波町３−２７,,places,medium,ChIJB1YvnWPkAGARf8oOxxyFEQM,ザめしや 吹田穂波店,日本、〒564-0042 大阪府吹田市穂波町３−２７,34.7570409,135.513288,52.50,,2.3
炭焼やきとり わ,吹田（阪急）駅 507m,居酒屋,,3.05,3,35,-,-,大阪府吹田市穂波町3-21,34.7571286,135.512785,日本、〒564-0042 大阪府吹田市穂波町３−２１,,places,medium,ChIJY75vl2PkAGARwPyhu_PyNvU,炭焼やきとり わ,日本、〒564-0042 大阪府吹田市穂波町３−２１,34.7571286,135.512785,57.00,,5.0
やきとり一番 吹田郵便局前店,吹田（阪急）駅 507m,焼き鳥,,3.01,1,35,-,-,大阪府吹田市穂波町3-21,34.7570996,135.5127809,日本、〒564-0042 大阪府吹田市穂波町３−２１,,places,medium,ChIJHxlFl2PkAGARmEl1OX_UbsU,やきとり一番吹田郵便局前店,日本、〒564-0042 大阪府吹田市穂波町３−２１,34.7570996,135.5127809,57.00,,2.2
焼肉阿蘇 穂波店,吹田（阪急）駅 723m,焼肉,,3.06,7,148,-,-,大阪府吹田市穂波町6-28,34.7571759,135.5100692,日本、〒564-0042 大阪府吹田市穂波町６−２８,,places,medium,ChIJnTben2HkAGARS1XR0UH3SIM,焼肉阿蘇 穂波店,日本、〒564-0042 大阪府吹田市穂波町６−２８,34.7571759,135.5100692,57.00,,10.4
吉野家 内環状線江坂店,吹田（阪急）駅 774m,牛丼、カレー、食堂,,3.03,40,120,～￥999,-,大阪府吹田市穂波町6-25,34.75717,135.5095162,日本、〒564-0042 大阪府吹田市穂波町６−２０,,places,medium,ChIJk1rApmHkAGARlV4tE78WkrY,吉野家 内環状線江坂店,日本、〒564-0042 大阪府吹田市穂波町６−２０,34.75717,135.5095162,57.00,,5.6
まざあぐうす,南吹田駅 457m,喫茶店,,3.02,4,31,-,-,大阪府吹田市穂波町21-23,34.7535741,135.5115835,日本、〒564-0042 大阪府吹田市穂波町２１−２３,,places,medium,ChIJe9WaLWTkAGARWSarC-X5yCc,喫茶 まざあぐうす,日本、〒564-0042 大阪府吹田市穂波町２１−２３,34.7535741,135.5115835,45.75,,3.1
モンダルジャン,吹田（阪急）駅 790m,鉄板焼き、ステーキ、洋食,お客様の笑顔のために。熟練の技が光る手作りの鉄板料理をアットホームな空間で。お子様連れ歓迎,3.24,30,2447,"￥10,000～￥14,999","￥3,000～￥3,999",大阪府吹田市穂波町6-15,34.756587,135.5095685,日本、〒564-0042 大阪府吹田市穂波町６−１５,,places,medium,ChIJL8IYDGHkAGARZS91MTw3NUE,モンダルジャン,日本、〒564-0042 大阪府吹田市穂波町６−１５,34.756587,135.5095685,57.00,,7.8
和-水都饌菓,南吹田駅 628m,和菓子、スイーツ,,3.19,27,351,-,-,大阪府吹田市穂波町13-42,34.7550918,135.5127212,日本、〒564-0042 大阪府吹田市穂波町１３−４２,,places,medium,ChIJUTCOQmTkAGARIZvefru7ES4,和-水都饌菓,日本、〒564-0042 大阪府吹田市穂波町１３−４２,34.7550918,135.5127212,57.00,,9.2
穂波町 和豊,吹田（阪急）駅 511m,居酒屋,,3.05,7,382,"￥4,000～￥4,999","￥1,000～￥1,999",大阪府吹田市穂波町3-21,34.7570685,135.5127766,日本、〒564-0042 大阪府吹田市穂波町３−２１,,places,medium,ChIJa4Bpl2PkAGARnwnzf5xG_q4,穂波町・和豊,日本、〒564-0042 大阪府吹田市穂波町３−２１,34.7570685,135.5127766,49.50,,2.5
ハレイロ,関大前駅 334m,カフェ、パンケーキ,,3.22,50,2182,"￥1,000～￥1,999","￥1,000～￥1,999",大阪府吹田市円山町6-30 シマモトビル 1F,34.7685854,135.5082548,日本、〒564-0061 大阪府吹田市円山町６−３０,,places,medium,ChIJw0l17pLkAGAR8Vhum4rav3U,ハレイロ,日本、〒564-0061 大阪府吹田市円山町６−３０,34.7685854,135.5082548,57.00,,8.3
Brown,豊津駅 374m,その他,,,1,18,-,-,大阪府吹田市円山町4-18 エミネンス千里山 1F,34.7668594,135.5071693,日本、〒564-0061 大阪府吹田市円山町４−１８,,places_auto_review,auto_override,ChIJE3gV5ajlAGARpALWI1ONSaA,エミネンス千里山,日本、〒564-0061 大阪府吹田市円山町４−１８,34.7668594,135.5071693,12.00,AUTO_PLACE_OVERRIDE:distance_le_50m,12.5
コトブキヤ,関大前駅 159m,パブ,,3.01,1,11,-,-,大阪府吹田市円山町20-25,34.7696592,135.5067729,日本、〒564-0061 大阪府吹田市円山町２０−２５ 関大前マンション,,places_auto_review,auto_override,ChIJL7m8MZPkAGARAimBTya1hy0,パブスポットコトブキヤ(寿屋),日本、〒564-0061 大阪府吹田市円山町２０−２５ 関大前マンション,34.7696592,135.5067729,29.31,AUTO_PLACE_OVERRIDE:distance_le_50m,7.2
ラ・パン Factory,関大前駅 102m,パン、サンドイッチ,,3.08,13,594,～￥999,-,大阪府吹田市円山町21-15,34.770071,135.5062469,日本、〒564-0061 大阪府吹田市円山町２１−１５,,places,medium,ChIJSWvotOzkAGAR8-o3KGKiZO0,ラパン Factory,日本、〒564-0061 大阪府吹田市円山町２１−１５,34.770071,135.5062469,52.91,,0.9
来来亭 関大前店,関大前駅 269m,ラーメン,,3.04,74,516,"￥1,000～￥1,999","￥1,000～￥1,999",大阪府吹田市円山町6-26,34.7689759,135.507717,日本、〒564-0061 大阪府吹田市円山町６−２６,,places,medium,ChIJs3qt55LkAGARac7kgVkTCww,来来亭 関大前店,日本、〒564-0061 大阪府吹田市円山町６−２６,34.7689759,135.507717,57.00,,4.7
LAWSON 吹田円山町店,関大前駅 357m,コンビニ・スーパー,,3,4,15,-,-,大阪府吹田市円山町6-3,34.7682534,135.5082617,日本、〒564-0061 大阪府吹田市円山町６−３,,places_auto_review,auto_override,ChIJRTmxjZLkAGARN6AozDxkiUI,ローソン 吹田円山町店,日本、〒564-0061 大阪府吹田市円山町６−３,34.7682534,135.5082617,28.88,AUTO_PLACE_OVERRIDE:distance_le_50m,7.0
cuore ricco,関大前駅 324m,イタリアン,,3.05,5,174,"￥4,000～￥4,999","￥1,000～￥1,999",大阪府吹田市円山町6-30 嶋本マンション8 1F,34.768651,135.5082053,日本、〒564-0061 大阪府吹田市円山町６−３０,,places,medium,ChIJjba8vQXlAGARxccyJh3XMZs,cuore ricco,日本、〒564-0061 大阪府吹田市円山町６−３０,34.768651,135.5082053,57.00,,4.2
SAGUN,江坂駅 783m,インド料理、ネパール料理,,3.15,13,127,"￥1,000～￥1,999","￥1,000～￥1,999",大阪府吹田市南金田2-26-28 1F,34.7549003,135.5074789,"102, Minamikaneden2, 26-２８ 吹田市 大阪府 564-0044 日本",,places,medium,ChIJvcQiXgDlAGARELZVsyWjd5g,Sagun,"102, Minamikaneden2, 26-２８ 吹田市 大阪府 564-0044 日本",34.7549003,135.5074789,49.00,,489.2
コトブキ,南吹田駅 526m,食堂、洋食,,,2,21,-,-,大阪府吹田市南金田1-14-4,34.7531791,135.5075894,日本、〒564-0044 大阪府吹田市南金田１丁目１４−４,,places_auto_review,auto_override,ChIJ2x0APqvlAGARxTPRHZ7TSdc,定食屋 コトブキ,日本、〒564-0044 大阪府吹田市南金田１丁目１４−４,34.7531791,135.5075894,37.71,AUTO_PLACE_OVERRIDE:distance_le_50m,4.1
ミニストップ 南金田店,南吹田駅 461m,コンビニ・スーパー,,3.03,4,15,-,-,大阪府吹田市南金田1-13-9,34.7532246,135.5089725,日本、〒564-0044 大阪府吹田市南金田１丁目１３−９,,places,medium,ChIJJRPO4GbkAGARQVX7c-M1iDQ,ミニストップ 吹田南金田店,日本、〒564-0044 大阪府吹田市南金田１丁目１３−９,34.7532246,135.5089725,52.91,,0.6
おとん,南吹田駅 628m,たこ焼き,,3.04,8,66,-,-,大阪府吹田市南金田2-6-6,34.7531139,135.5059182,日本、〒564-0044 大阪府吹田市南金田２丁目６−６,,places_auto_review,auto_override,ChIJXUDO9-_lAGARFtvSkdcTQFY,たこ焼きいか焼き おとん,日本、〒564-0044 大阪府吹田市南金田２丁目６−６,34.7531139,135.5059182,27.00,AUTO_PLACE_OVERRIDE:distance_le_50m,4.0
大分からあげわん 南吹田店,南吹田駅 633m,からあげ,,3.06,7,336,-,-,大阪府吹田市南金田2-6-7,34.753086,135.505817,日本、〒564-0044 大阪府吹田市南金田２丁目６−７,,places,medium,ChIJtTsyCQDlAGARChG-Rndz7IM,大分からあげ わん 南吹田店,日本、〒564-0044 大阪府吹田市南金田２丁目６−７,34.753086,135.505817,57.00,,36.9
キッチンカフェミント,江坂駅 700m,喫茶店、弁当,,3.05,7,135,-,-,大阪府吹田市南金田2-28-10,34.7536195,135.5017978,日本、〒564-0044 大阪府吹田市南金田２丁目２８−１０,,places,medium,ChIJGw94LF_kAGARo9cWfoWZAek,キッチンカフェ ミント,日本、〒564-0044 大阪府吹田市南金田２丁目２８−１０,34.7536195,135.5017978,57.00,,2.9
まんぷく,江坂駅 770m,焼肉,,3.6,161,13042,"￥6,000～￥7,999",-,大阪府吹田市南金田2-26-10,34.7531335,135.5025455,日本、〒564-0044 大阪府吹田市南金田２丁目２６−２８−１０１,,places,medium,ChIJha0g6F7kAGARr9N9pfhs_HQ,まんぷく,日本、〒564-0044 大阪府吹田市南金田２丁目２６−２８−１０１,34.7531335,135.5025455,57.00,,22.9
メシヤノミカタ吹田工場,豊津駅 784m,肉まん,,3,3,30,-,-,大阪府吹田市南金田1-1-37,34.7571403,135.5085349,日本、〒564-0044 大阪府吹田市南金田１丁目１−３７,,places_auto_review,auto_override,ChIJj_41FcnlAGARC5NX0IogMgA,メシヤノミカタ 吹田工場(タマヤパン),日本、〒564-0044 大阪府吹田市南金田１丁目１−３７,34.7571403,135.5085349,42.94,AUTO_PLACE_OVERRIDE:distance_le_50m,1.2
アゲアゲKING,吹田（阪急）駅 793m,韓国料理,,3,1,30,-,-,大阪府吹田市南金田1-1-2,34.7570083,135.5093606,日本、〒564-0044 大阪府吹田市南金田１丁目１−２ 田中,,places,medium,ChIJ_0Lp9OnlAGARaOGcgTDrlmU,アゲアゲKING,日本、〒564-0044 大阪府吹田市南金田１丁目１−２ 田中,34.7570083,135.5093606,57.00,,16.1
小太郎や,江坂駅 573m,寿司,,3.03,3,103,-,-,大阪府吹田市南金田2-21-10,34.7553212,135.5019228,日本、〒564-0044 大阪府吹田市南金田２丁目２１−１０ サンライトハイツ,,places,medium,ChIJEbcbUl_kAGARNE-LZo-lxCM,小太郎や,日本、〒564-0044 大阪府吹田市南金田２丁目２１−１０ サンライトハイツ,34.7553212,135.5019228,57.00,,20.4
小籠 ぶたまん屋 本店,豊津駅 784m,肉まん,,3,8,119,-,-,大阪府吹田市南金田1-1-37,34.7571403,135.5085349,日本、〒564-0044 大阪府吹田市南金田１丁目１−３７,,places_auto_review,auto_override,ChIJj_41FcnlAGARC5NX0IogMgA,メシヤノミカタ 吹田工場(タマヤパン),日本、〒564-0044 大阪府吹田市南金田１丁目１−３７,34.7571403,135.5085349,12.00,AUTO_PLACE_OVERRIDE:distance_le_50m,1.2
三男坊,江坂駅 836m,居酒屋,,3.03,5,63,"￥2,000～￥2,999",～￥999,大阪府吹田市南金田2-14-8 1Ｆ,34.7561275,135.5057005,日本、〒564-0044 大阪府吹田市南金田２丁目１４−８ ルミエール江坂,,places,medium,ChIJp_Y3w1_kAGARwJhl62nFQfs,三男坊,日本、〒564-0044 大阪府吹田市南金田２丁目１４−８ ルミエール江坂,34.7561275,135.5057005,57.00,,6.1
カフェ ラッキー,南吹田駅 627m,カフェ、喫茶店,,3.06,9,184,"￥2,000～￥2,999",～￥999,大阪府吹田市南金田2-6-5,34.7531144,135.5059287,日本、〒564-0044 大阪府吹田市南金田２丁目６−５,,places_auto_review,auto_override,ChIJr8ryZBblAGAR6VlDrCfYVvY,Cafe Lucky,日本、〒564-0044 大阪府吹田市南金田２丁目６−５,34.7531144,135.5059287,12.00,AUTO_PLACE_OVERRIDE:distance_le_50m,25.9
くまpan,南吹田駅 746m,パン,,3.09,14,213,-,～￥999,大阪府吹田市南金田1-11-22,34.755018,135.5065397,日本、〒564-0044 大阪府吹田市南金田１丁目１１−２２ ル・ノーブル 103,,places,medium,ChIJR2ClciDlAGARL2ZkSpzcU5k,くまpan,日本、〒564-0044 大阪府吹田市南金田１丁目１１−２２ ル・ノーブル 103,34.755018,135.5065397,57.00,,1.4
美食菜工房 蓮,江坂駅 777m,担々麺、ラーメン、中華料理,,3.09,28,198,-,-,大阪府吹田市南金田2-15-6,34.7568335,135.5052774,日本、〒564-0044 大阪府吹田市南金田２丁目１５−６,,places,medium,ChIJc4ovjF_kAGAR5NjfPfP2ILw,美食菜工房 蓮,日本、〒564-0044 大阪府吹田市南金田２丁目１５−６,34.7568335,135.5052774,57.00,,2.1
あきの,江坂駅 841m,居酒屋,,3.02,2,34,-,-,大阪府吹田市南金田2-14-8,34.7560685,135.5057327,日本、〒564-0044 大阪府吹田市南金田２丁目１４−８ ルミエール江坂,,places,medium,ChIJK1s2w1_kAGARJpuKyInTAL0,あきの,日本、〒564-0044 大阪府吹田市南金田２丁目１４−８ ルミエール江坂,34.7560685,135.5057327,57.00,,1.2
Pirica美利河,南吹田駅 773m,喫茶店,,3.02,3,23,-,-,大阪府吹田市南金田2-7-12,34.7530995,135.5039603,日本、〒564-0044 大阪府吹田市南金田２丁目７−１２,,places_auto_review,auto_override,ChIJ45XTuNblAGARPxFAQTAVQKQ,ピリカ,日本、〒564-0044 大阪府吹田市南金田２丁目７−１２,34.7530995,135.5039603,12.00,AUTO_PLACE_OVERRIDE:distance_le_50m,7.1
ほっかほっか亭 南吹田公園,南吹田駅 637m,弁当,,3.01,3,18,-,-,大阪府吹田市南金田2-6-7,34.7530877,135.5057664,日本、〒564-0044 大阪府吹田市南金田２丁目６−７,,places,medium,ChIJ7ZyzB17kAGARHzA1ItjyBvM,ほっかほっか亭 南吹田公園店,日本、〒564-0044 大阪府吹田市南金田２丁目６−７,34.7530877,135.5057664,52.50,,32.8
OKAZUBAR六つぼ,豊津駅 856m,居酒屋,,3.02,1,2,-,-,大阪府吹田市南金田1-3-3,34.756649,135.5073753,日本、〒564-0044 大阪府吹田市南金田１丁目３−３,,places,medium,ChIJC1y7GoDlAGARzfAIE2dC-oQ,OKAZU BAR 六つぼ,日本、〒564-0044 大阪府吹田市南金田１丁目３−３,34.756649,135.5073753,57.00,,6.5
フードショップ青葉 江坂店,南吹田駅 707m,コンビニ・スーパー,,,1,13,-,-,大阪府吹田市南金田2-6-15,34.7530939,135.5048108,日本、〒564-0044 大阪府吹田市南金田２丁目６−１５,,places,medium,ChIJB0vtCDvlAGARjF0XX1QQl_8,フードショップ青葉 江坂店,日本、〒564-0044 大阪府吹田市南金田２丁目６−１５,34.7530939,135.5048108,57.00,,13.1
LAWSON 南金田二丁目店,豊津駅 828m,コンビニ・スーパー,,,1,2,-,-,大阪府吹田市南金田2丁目1-1,34.7571014,135.5065111,日本、〒564-0044 大阪府吹田市南金田２丁目１−１,,places_auto_review,auto_override,ChIJXexaCGDkAGARNXc0q6f-s8U,ローソン 南金田二丁目店,日本、〒564-0044 大阪府吹田市南金田２丁目１−１,34.7571014,135.5065111,30.53,AUTO_PLACE_OVERRIDE:distance_le_50m,6.2
セブンイレブン 吹田南金田１丁目店,豊津駅 782m,コンビニ・スーパー,,3,3,8,-,-,大阪府吹田市南金田1-1-1,34.757208,135.5091656,日本、〒564-0044 大阪府吹田市南金田１丁目１−１,,places,medium,ChIJ5bL4rmHkAGARwK-m17-Um8I,セブン-イレブン 吹田南金田１丁目店,日本、〒564-0044 大阪府吹田市南金田１丁目１−１,34.757208,135.5091656,53.79,,8.8
ピザハット 江坂店,南吹田駅 745m,ピザ,,3,4,14,-,-,大阪府吹田市南金田1-11-22 ル・ノーブル,34.7550061,135.5065448,日本、〒564-0044 大阪府吹田市南金田１丁目１１−２２,,places,medium,ChIJ8X05g2DkAGARfb60uDq9nI4,ピザハット 江坂店,日本、〒564-0044 大阪府吹田市南金田１丁目１１−２２,34.7550061,135.5065448,57.00,,0.0
なんば寿し,正雀駅 209m,寿司,,,6,,-,-,大阪府吹田市南正雀1-8-5,34.7739772,135.5471508,日本、〒564-0012 大阪府吹田市南正雀１丁目８−５,,geocode_fallback,medium,ChIJ2c7jXOTnAGARaGjAeRuJwnw,鮨難波中,"日本、〒556-0011 大阪府大阪市浪速区難波中３丁目１７−２２ 草月ビル １F,奥",34.6594855,135.4985627,-8.00,LOW_PLACE_CONFIDENCE:low,13483.2
Cotton 江坂店,江坂駅 698m,イタリアン、ピザ、バル,イタリアのカフェをモチーフにした温かい空間で、新鮮野菜の石窯ピッツァ×多彩なワインを満喫,3.18,40,1196,"￥4,000～￥4,999","￥1,000～￥1,999",大阪府吹田市南吹田5-24-5,34.7530945,135.5007857,日本、〒564-0043 大阪府吹田市南吹田５丁目２４−５,,places_auto_review,auto_override,ChIJxwcbDG7lAGARC5px-88bHGs,石窯料理とアンティーク Cotton 江坂店,日本、〒564-0043 大阪府吹田市南吹田５丁目２４−５,34.7530945,135.5007857,29.50,AUTO_PLACE_OVERRIDE:distance_le_50m,0.0
とらや,南吹田駅 504m,居酒屋,,,8,,-,-,大阪府吹田市南吹田5-6-1,34.7507678,135.5059318,日本、〒564-0043 大阪府吹田市南吹田５丁目６−１,,places,medium,ChIJ8duHeF3kAGAR5t193aH5o0Q,とらや,日本、〒564-0043 大阪府吹田市南吹田５丁目６−１,34.7507678,135.5059318,57.00,,8.6
純,南吹田駅 365m,居酒屋,,,6,,-,-,大阪府吹田市南吹田3-8-2,34.7508036,135.5075484,日本、〒564-0043 大阪府吹田市南吹田３丁目８−２,,places_auto_review,auto_override,ChIJjRKGvWfkAGARJvHj7vFGIPs,〒564-0043 大阪府吹田市南吹田３丁目８−２,日本、〒564-0043 大阪府吹田市南吹田３丁目８−２,34.7508036,135.5075484,12.00,AUTO_PLACE_OVERRIDE:distance_le_50m,0.0
寅辛,南吹田駅 565m,その他,,,6,85,-,-,大阪府吹田市南吹田5-2-5,34.7520398,135.5058756,日本、〒564-0043 大阪府吹田市南吹田５丁目２−５,,places_auto_review,auto_override,ChIJL_1x2e_lAGARIfAqh3zsJOM,キムチ.小売.卸.寅辛,日本、〒564-0043 大阪府吹田市南吹田５丁目２−５,34.7520398,135.5058756,22.00,AUTO_PLACE_OVERRIDE:distance_le_50m,3.1
てつ,南吹田駅 121m,居酒屋,,,2,,-,-,大阪府吹田市南吹田2-2-5,34.7486265,135.5119902,日本、〒564-0043 大阪府吹田市南吹田２丁目２−５,,places_auto_review,auto_override,ChIJs8Sw3G7kAGARmorILN8smGU,居酒屋てつ,日本、〒564-0043 大阪府吹田市南吹田２丁目２−５,34.7486265,135.5119902,30.00,AUTO_PLACE_OVERRIDE:distance_le_50m,4.8
ファミリーマート 南吹田1丁目店,南吹田駅 157m,コンビニ・スーパー,,3,3,4,～￥999,～￥999,大阪府吹田市南吹田1-9-10,34.7507328,135.5119178,日本、〒564-0043 大阪府吹田市南吹田１丁目９−１０,,places,medium,ChIJmZRKW2_kAGARqz1CDhB9Rlo,ファミリーマート 南吹田一丁目店,日本、〒564-0043 大阪府吹田市南吹田１丁目９−１０,34.7507328,135.5119178,51.00,,4.7
エナジー,南吹田駅 646m,喫茶店,,,4,,-,-,大阪府吹田市南吹田5-2-18,34.7519919,135.5049741,日本、〒564-0043 大阪府吹田市南吹田５丁目２−１８,,places_auto_review,auto_override,ChIJt4JL213kAGARrQrll6i0uyA,〒564-0043 大阪府吹田市南吹田５丁目２−１８,日本、〒564-0043 大阪府吹田市南吹田５丁目２−１８,34.7519919,135.5049741,12.00,AUTO_PLACE_OVERRIDE:distance_le_50m,0.0
たこ春,南吹田駅 760m,たこ焼き、焼きそば,,3.05,11,220,～￥999,～￥999,大阪府吹田市南吹田5-17-1,34.7513431,135.5032197,日本、〒564-0043 大阪府吹田市南吹田５丁目１７−１,,places,medium,ChIJKdf1JFzkAGARRhDKv8fz7Qc,たこ春,日本、〒564-0043 大阪府吹田市南吹田５丁目１７−１,34.7513431,135.5032197,57.00,,2.3
ニューマサラキッチン,南吹田駅 319m,インド料理、インドカレー,,3.02,4,31,-,-,大阪府吹田市南吹田3-9-25,34.7509192,135.5081693,日本、〒564-0043 大阪府吹田市南吹田３丁目９−２５ suita-shi minami suita 3-9-25 1F,,places_auto_review,auto_override,ChIJNzg-7MTlAGARyU-hsmLp-7A,new masala kitchen,日本、〒564-0043 大阪府吹田市南吹田３丁目９−２５ suita-shi minami suita 3-9-25 1F,34.7509192,135.5081693,12.00,AUTO_PLACE_OVERRIDE:distance_le_50m,0.5
ポッポ韓国フーズ,南吹田駅 145m,韓国料理、弁当、うどん,,3.04,2,56,-,～￥999,大阪府吹田市南吹田1-14-22,34.7500484,135.5126315,日本、〒564-0043 大阪府吹田市南吹田１丁目１４−２２,,places,medium,ChIJ3YHDQQDlAGARe1GExZJMo1s,ポッポ韓国フーズ,日本、〒564-0043 大阪府吹田市南吹田１丁目１４−２２,34.7500484,135.5126315,57.00,,6.4
離為火,南吹田駅 593m,喫茶店,,,10,,-,-,大阪府吹田市南吹田5-2-101,34.7520178,135.5054576,日本、〒564-0043 大阪府吹田市南吹田５丁目２−１０１ コーポ清Ｃ,,places,medium,ChIJL7ZP6F3kAGARSPMstE5xXiQ,離為火,日本、〒564-0043 大阪府吹田市南吹田５丁目２−１０１ コーポ清Ｃ,34.7520178,135.5054576,57.00,,15.7
珈琲館樹里,吹田（阪急）駅 477m,喫茶店,,,5,,-,-,大阪府吹田市南清和園町15-44,34.7554071,135.5169196,日本、〒564-0038 大阪府吹田市南清和園町１５−４４,,places,medium,ChIJcYRl3XrkAGARELt_ChCDjFE,珈琲館樹里,日本、〒564-0038 大阪府吹田市南清和園町１５−４４,34.7554071,135.5169196,57.00,,1.7
HANA,相川駅 269m,インドカレー,,3.01,3,12,-,-,大阪府吹田市南高浜町31-13,34.7589028,135.5311095,"Minami takahamacho31, １３ 大阪府 564-0025 日本",,places_auto_review,auto_override,ChIJnysJ03IjAWARPg9qifFZcTk,Indian nepali restaurant hana,"Minami takahamacho31, １３ 大阪府 564-0025 日本",34.7589028,135.5311095,23.25,AUTO_PLACE_OVERRIDE:distance_le_50m,8.3
よつ葉のお店 ぷくぷくショップ,相川駅 506m,その他,,,7,,-,-,大阪府吹田市南高浜町1-17-2,34.7576436,135.5280312,日本、〒564-0025 大阪府吹田市南高浜町１−１７−２,,places_auto_review,auto_override,ChIJIR0n84jjAGAR4vTuWWWLwB0,よつ葉のお店PUKUPUKU SHOP,日本、〒564-0025 大阪府吹田市南高浜町１−１７−２,34.7576436,135.5280312,27.00,AUTO_PLACE_OVERRIDE:distance_le_50m,2.3
ブーランジェリー ボッチラ,相川駅 575m,パン,,3.39,54,4690,-,-,大阪府吹田市南高浜町6-28,34.7567049,135.527397,日本、〒564-0025 大阪府吹田市南高浜町６−２８ 1F,,places_auto_review,auto_override,ChIJJ4l-Xr3jAGAR2itFiSRFN1A,Boulangerie bottira,日本、〒564-0025 大阪府吹田市南高浜町６−２８ 1F,34.7567049,135.527397,12.00,AUTO_PLACE_OVERRIDE:distance_le_50m,10.3
イーキューブ カフェ,相川駅 557m,カフェ,,3,1,52,-,"￥1,000～￥1,999",大阪府吹田市南高浜町2-1,34.7581102,135.5274967,日本、〒564-0025 大阪府吹田市南高浜町２−１,,places_auto_review,auto_override,ChIJrVFjfYjjAGARADm-mcewKLk,E-CUBE CAFE,日本、〒564-0025 大阪府吹田市南高浜町２−１,34.7581102,135.5274967,12.00,AUTO_PLACE_OVERRIDE:distance_le_50m,1.2
鉄板グリル をかし,吹田（ＪＲ）駅 181m,居酒屋、中華料理、鳥料理,,3.07,13,793,"￥3,000～￥3,999",-,大阪府吹田市元町4-10,34.7615951,135.5238009,日本、〒564-0031 大阪府吹田市元町４−１０,,places,medium,ChIJLaKWNn_kAGARYFEzoKEXbIw,鉄板グリルをかし,日本、〒564-0031 大阪府吹田市元町４−１０,34.7615951,135.5238009,57.00,,0.9
エペ クープ,吹田（ＪＲ）駅 147m,とんかつ、日本料理、食堂,,3.64,374,19104,"￥3,000～￥3,999","￥1,000～￥1,999",大阪府吹田市元町5-5,34.7619562,135.5241317,日本、〒564-0031 大阪府吹田市元町５−５,,places,medium,ChIJLdV4SH_kAGARmiw0x4u3DXc,エペ クープ,日本、〒564-0031 大阪府吹田市元町５−５,34.7619562,135.5241317,57.00,,3.1
RED&red,吹田（ＪＲ）駅 262m,海鮮,,3.09,12,486,"￥4,000～￥4,999","￥1,000～￥1,999",大阪府吹田市元町6-12,34.76101209999999,135.5246526,日本、〒564-0031 大阪府吹田市元町６−１２,,places,medium,ChIJy7b2TwDlAGARlAA3p4fuMNI,Red&red,日本、〒564-0031 大阪府吹田市元町６−１２,34.76101209999999,135.5246526,57.00,,0.0
ナサラン,吹田（ＪＲ）駅 360m,バル,,3.02,3,63,"￥1,000～￥1,999",-,大阪府吹田市元町7-21 新旭通り商店街,34.7588836,135.5254745,日本、〒564-0032 大阪府吹田市元町７−２１,,places_auto_review,auto_override,ChIJhTONi4fjAGAReuqkLsk5VXc,新旭町通り商店街協同組合,日本、〒564-0032 大阪府吹田市元町７−２１,34.7588836,135.5254745,12.00,AUTO_PLACE_OVERRIDE:distance_le_50m,0.0
石上鮮魚店,吹田（ＪＲ）駅 286m,その他,,,1,5,-,-,大阪府吹田市元町7-3,34.7608495,135.5248766,日本、〒564-0031 大阪府吹田市元町７−３,,places,medium,ChIJMa5goXjkAGAR2wRD7IBel38,石上鮮魚店,日本、〒564-0031 大阪府吹田市元町７−３,34.7608495,135.5248766,57.00,,3.5
さんきゅう水産　 吹田店,吹田（ＪＲ）駅 322m,寿司,,3.07,47,566,"￥1,000～￥1,999",～￥999,大阪府吹田市元町7-7,34.7605473,135.5250266,日本、〒564-0031 大阪府吹田市元町７−７ 旭町商店街,,places,medium,ChIJyWX7nnjkAGAR4qEY9v-6Re8,さんきゅう水産 吹田店,日本、〒564-0031 大阪府吹田市元町７−７ 旭町商店街,34.7605473,135.5250266,57.00,,10.5
元町カレー,吹田（ＪＲ）駅 413m,カレー,,3.05,9,103,-,～￥999,大阪府吹田市元町7-16,34.7597723,135.525339,日本、〒564-0031 大阪府吹田市元町７−１６,,places,medium,ChIJ7dTVohXjAGARY3fJumJ1LCs,元町カレー,日本、〒564-0031 大阪府吹田市元町７−１６,34.7597723,135.525339,57.00,,1.4
ラメール 碧,吹田（ＪＲ）駅 287m,カフェ,,,2,,-,-,大阪府吹田市元町7-9,34.7603147,135.5251879,日本、〒564-0031 大阪府吹田市元町７−９,,places_auto_review,auto_override,ChIJj3oNnXjkAGARuWqlYecuxcs,〒564-0031 大阪府吹田市元町７−９,日本、〒564-0031 大阪府吹田市元町７−９,34.7603147,135.5251879,12.00,AUTO_PLACE_OVERRIDE:distance_le_50m,0.0
勝真,吹田（ＪＲ）駅 309m,居酒屋、鍋、海鮮,,3.03,4,387,"￥3,000～￥3,999",～￥999,大阪府吹田市元町7-4,34.7606427,135.5249774,日本、〒564-0031 大阪府吹田市元町７−４,,places_auto_review,auto_override,ChIJMa5goXjkAGARtVd3tSfZ2p8,居酒屋 勝真 元町店,日本、〒564-0031 大阪府吹田市元町７−４,34.7606427,135.5249774,23.25,AUTO_PLACE_OVERRIDE:distance_le_50m,11.0
判酒店,吹田（ＪＲ）駅 476m,その他,,,1,6,-,-,大阪府吹田市元町32-10,34.7588944,135.5239403,日本、〒564-0031 大阪府吹田市元町３２−１０,,places_auto_review,auto_override,ChIJz0UyXnjkAGARwcU2ez5qlZw,判商店(ばんしょうてん),日本、〒564-0031 大阪府吹田市元町３２−１０,34.7588944,135.5239403,19.50,AUTO_PLACE_OVERRIDE:distance_le_50m,6.3
一軒め酒場 吹田店,吹田（ＪＲ）駅 114m,居酒屋,,3.03,14,162,"￥1,000～￥1,999","￥1,000～￥1,999",大阪府吹田市元町4-7,34.7621972,135.5237706,日本、〒564-0031 大阪府吹田市元町４−番 7号,,places,medium,ChIJ5fYj_2jlAGARPeOh1bpTJ2g,一軒め酒場 吹田店,日本、〒564-0031 大阪府吹田市元町４−番 7号,34.7621972,135.5237706,57.00,,12.1
Bistro kitchen ENYA,吹田（ＪＲ）駅 208m,ビストロ,,3.05,4,68,-,-,大阪府吹田市元町6-4 6F,34.7614566,135.524448,日本、〒564-0031 大阪府吹田市元町６−４ パントゥミー ６Ｆ 上,,places,medium,ChIJiZvJs2XlAGARCeYxRy-QoPQ,BISTRO KITCHEN ENYA,日本、〒564-0031 大阪府吹田市元町６−４ パントゥミー ６Ｆ 上,34.7614566,135.524448,57.00,,0.0
寿司・肴・日本酒 しんなり,吹田（ＪＲ）駅 213m,居酒屋、寿司,,3.04,7,164,-,-,大阪府吹田市元町19-5 第3ケイエム・ワン 1F,34.7615251,135.5224918,日本、〒564-0031 大阪府吹田市元町１９−５,,places_auto_review,auto_override,ChIJezptAADlAGARTTp1JQ2WFCc,しんなり,日本、〒564-0031 大阪府吹田市元町１９−５,34.7615251,135.5224918,28.36,AUTO_PLACE_OVERRIDE:distance_le_50m,30.6
手づくりうどん 卯らら華,吹田（ＪＲ）駅 278m,うどん,,3.2,53,775,-,～￥999,大阪府吹田市元町7-2,34.7609549,135.5249405,日本、〒564-0031 大阪府吹田市元町７−２,,places,medium,ChIJ6-fNrHnkAGAR66a_dASYOvA,手づくりうどん 卯らら華,日本、〒564-0031 大阪府吹田市元町７−２,34.7609549,135.5249405,57.00,,36.6
和幸堂製パン,吹田（ＪＲ）駅 332m,パン,,3.09,15,326,-,～￥999,大阪府吹田市元町7-7,34.7604535,135.5250341,日本、〒564-0031 大阪府吹田市元町７−７,,places,medium,ChIJD27CUofjAGARinRJAJk0vbc,和幸堂製パン,日本、〒564-0031 大阪府吹田市元町７−７,34.7604535,135.5250341,57.00,,0.0
居酒屋 ふるさと,吹田（ＪＲ）駅 296m,居酒屋,,3.05,7,76,-,-,大阪府吹田市元町-7-4,34.7607724,135.5249141,日本、〒564-0031 大阪府吹田市元町７−４,,places,medium,ChIJMa5goXjkAGAR_wGIWszRV6Y,居酒屋ふるさと,日本、〒564-0031 大阪府吹田市元町７−４,34.7607724,135.5249141,57.00,,5.3
一番,吹田（ＪＲ）駅 364m,居酒屋,,,2,55,-,-,大阪府吹田市元町25-23,34.7606596,135.5211884,日本、〒564-0031 大阪府吹田市元町２５−２３ 和光ビル元町,,places,medium,ChIJ1Qjvun7kAGAREsC2ZroNQKM,一番,日本、〒564-0031 大阪府吹田市元町２５−２３ 和光ビル元町,34.7606596,135.5211884,57.00,,8.4
ダイコクドラッグ JR吹田駅前店,吹田（ＪＲ）駅 195m,その他,,,1,5,-,-,大阪府吹田市元町5-10,34.7615599,135.5243838,日本、〒564-0031 大阪府吹田市元町５−１０,,places,medium,ChIJfzWkTH_kAGARJXDCRb5lTTs,ダイコクドラッグ JR吹田駅前店,日本、〒564-0031 大阪府吹田市元町５−１０,34.7615599,135.5243838,57.00,,3.5
パン工房 カナール,吹田（ＪＲ）駅 313m,パン,,3.05,7,41,-,-,大阪府吹田市元町7-5,34.7606248,135.5249861,日本、〒564-0031 大阪府吹田市元町７−５,,places_auto_review,auto_override,ChIJMa5goXjkAGARWoSm2JCTzfI,カナール,日本、〒564-0031 大阪府吹田市元町７−５,34.7606248,135.5249861,34.50,AUTO_PLACE_OVERRIDE:distance_le_50m,2.6
カフェ 樹,吹田（ＪＲ）駅 254m,カフェ、パンケーキ,,3.22,38,745,-,～￥999,大阪府吹田市元町8-30,34.7609939,135.524268,日本、〒564-0031 大阪府吹田市元町８−３０,,places_auto_review,auto_override,ChIJKQ14tnjkAGARezKqzbfNeLE,Cafe 樹,日本、〒564-0031 大阪府吹田市元町８−３０,34.7609939,135.524268,17.62,AUTO_PLACE_OVERRIDE:distance_le_50m,15.7
珉龍 吹田本店,吹田（ＪＲ）駅 472m,中華料理、ラーメン、餃子,,3.24,51,1147,"￥1,000～￥1,999","￥1,000～￥1,999",大阪府吹田市元町33-13,34.7590416,135.5246964,日本、〒564-0031 大阪府吹田市元町３３−１３,,places_auto_review,auto_override,ChIJSzQ0e3jkAGAR5Ki5OBgwIiw,中華料理 珉龍 吹田本店,日本、〒564-0031 大阪府吹田市元町３３−１３,34.7590416,135.5246964,39.00,AUTO_PLACE_OVERRIDE:distance_le_50m,3.9
夕日cafe,吹田（ＪＲ）駅 215m,カフェ,,3.09,8,165,-,～￥999,大阪府吹田市元町6-19-201 2F,34.7613941,135.5242467,日本、〒564-0031 大阪府吹田市元町６−１９−２０１,,places,medium,ChIJKTtdix_lAGAR0X8gKmkI7PQ,夕日cafe,日本、〒564-0031 大阪府吹田市元町６−１９−２０１,34.7613941,135.5242467,57.00,,31.0
ジャンカラ JR吹田店,吹田（ＪＲ）駅 249m,カラオケ、その他,,,1,2,-,-,大阪府吹田市元町6-8 万両ビル1～4F,34.7611312,135.5246408,日本、〒564-0031 大阪府吹田市元町６−８ 万両ビル 1?4F,,places,medium,ChIJq6qTtHjkAGAR0wIuVk3Dw_k,ジャンカラ JR吹田店,日本、〒564-0031 大阪府吹田市元町６−８ 万両ビル 1?4F,34.7611312,135.5246408,57.00,,0.0
パントゥーミー,吹田（ＪＲ）駅 207m,パン,,3.08,19,372,-,-,大阪府吹田市元町6-4,34.7614977,135.524498,日本、〒564-0031 大阪府吹田市元町６−４,,places_auto_review,auto_override,ChIJAc7hsnjkAGARQTow_J6X1xY,BAKERY Pan to me,日本、〒564-0031 大阪府吹田市元町６−４,34.7614977,135.524498,12.00,AUTO_PLACE_OVERRIDE:distance_le_50m,6.5
菓匠 千鳥屋 吹田店,吹田（ＪＲ）駅 169m,和菓子,,3.04,5,18,-,-,大阪府吹田市元町5-7,34.7617751,135.5242581,日本、〒564-0031 大阪府吹田市元町５−７,,places_auto_review,auto_override,ChIJXd19SX_kAGARWxFUzT3DlLg,千鳥屋宗家 吹田店,日本、〒564-0031 大阪府吹田市元町５−７,34.7617751,135.5242581,39.00,AUTO_PLACE_OVERRIDE:distance_le_50m,11.0
とり信,吹田（ＪＲ）駅 410m,惣菜・デリ、焼き鳥、からあげ,,3.43,161,5070,～￥999,～￥999,大阪府吹田市元町7-14 吹田旭通商店街信号角,34.7598111,135.5253775,日本、〒564-0031 大阪府吹田市元町７−１４,,places_auto_review,auto_override,ChIJz0g1FofjAGARGgUjbTrS_XM,とり信 地どり・から揚げ,日本、〒564-0031 大阪府吹田市元町７−１４,34.7598111,135.5253775,25.50,AUTO_PLACE_OVERRIDE:distance_le_50m,2.4
旬屋 じょう崎,吹田（ＪＲ）駅 212m,日本料理,,3.21,25,913,"￥8,000～￥9,999",-,大阪府吹田市元町6-3,34.761389,135.5242333,日本、〒564-0031 大阪府吹田市元町６−３,,places_auto_review,auto_override,ChIJfy-VtHjkAGAR9uIBHaYbrDE,じょう崎,日本、〒564-0031 大阪府吹田市元町６−３,34.761389,135.5242333,42.00,AUTO_PLACE_OVERRIDE:distance_le_50m,4.6
鮮菜 やま川,吹田（ＪＲ）駅 415m,日本料理、海鮮,,3.07,18,453,"￥4,000～￥4,999","￥1,000～￥1,999",大阪府吹田市元町29-18,34.7595333,135.522687,日本、〒564-0031 大阪府吹田市元町２９−１８,,places,medium,ChIJT-C_swflAGARpx9pROfb2rs,鮮菜 やま川,日本、〒564-0031 大阪府吹田市元町２９−１８,34.7595333,135.522687,57.00,,4.4
王将,吹田（ＪＲ）駅 502m,餃子、中華料理,,3.08,16,119,-,～￥999,大阪府吹田市元町33-17,34.7587198,135.5243652,日本、〒564-0031 大阪府吹田市元町３３−１７,,places_auto_review,auto_override,ChIJAfv4ZXjkAGARuYJrp5aE0nk,王将 吹田店,日本、〒564-0031 大阪府吹田市元町３３−１７,34.7587198,135.5243652,30.00,AUTO_PLACE_OVERRIDE:distance_le_50m,3.6
ビストログールマン,吹田（ＪＲ）駅 128m,ビストロ、洋食、食堂,,3.35,104,3014,-,"￥1,000～￥1,999",大阪府吹田市元町4-3,34.7620757,135.5237736,日本、〒564-0031 大阪府吹田市元町４−３,,places,medium,ChIJ8cGQ2N7lAGARGQbbDJg4qU8,ビストロ グールマン,日本、〒564-0031 大阪府吹田市元町４−３,34.7620757,135.5237736,57.00,,2.9
ケセラ,吹田（ＪＲ）駅 395m,カフェ、バー、創作料理,,3,1,66,"￥1,000～￥1,999",～￥999,大阪府吹田市元町7-13,34.7599399,135.5253295,日本、〒564-0031 大阪府吹田市元町７−１３,,places_auto_review,auto_override,ChIJF69goXjkAGARiv-NpIPOhGE,GALLERY×MUSIC BARケセラ,日本、〒564-0031 大阪府吹田市元町７−１３,34.7599399,135.5253295,20.44,AUTO_PLACE_OVERRIDE:distance_le_50m,3.4
焼き鳥 とりしん,吹田（ＪＲ）駅 401m,焼き鳥,,3.17,22,1193,"￥4,000～￥4,999",-,大阪府吹田市元町7-14,34.7598942,135.5253609,日本、〒564-0031 大阪府吹田市元町７−１４,,places,medium,ChIJMa5goXjkAGARykTCkHk37Ck,焼き鳥とりしん,日本、〒564-0031 大阪府吹田市元町７−１４,34.7598942,135.5253609,57.00,,10.3
CORE MEAL,吹田（ＪＲ）駅 370m,カフェ,,3.05,3,56,-,-,大阪府吹田市元町11-4,34.7601034,135.5250937,日本、〒564-0031 大阪府吹田市元町１１−４,,places_auto_review,auto_override,ChIJR3J_g0HjAGARZiHuR9JL1-g,CORE MEAL (コアミール) 吹田,日本、〒564-0031 大阪府吹田市元町１１−４,34.7601034,135.5250937,31.69,AUTO_PLACE_OVERRIDE:distance_le_50m,0.0
ティーハウス,吹田（ＪＲ）駅 167m,バー,,,15,,-,-,大阪府吹田市元町5-23 レジャービルエイワ 1F,34.76181140000001,135.5241816,日本、〒564-0031 大阪府吹田市元町５丁目２３,,places_auto_review,auto_override,ChIJiZfAM3DlAGARcByX5shNqno,T-house,日本、〒564-0031 大阪府吹田市元町５丁目２３,34.76181140000001,135.5241816,12.00,AUTO_PLACE_OVERRIDE:distance_le_50m,46.8
再会,吹田（ＪＲ）駅 117m,喫茶店,,3.07,19,241,-,～￥999,大阪府吹田市元町3-8,34.7621993,135.5233787,日本、〒564-0031 大阪府吹田市元町３−８,,places,medium,ChIJDW0rcznlAGARfGZXu4wSM0U,再会,日本、〒564-0031 大阪府吹田市元町３−８,34.7621993,135.5233787,57.00,,4.6
さくらカフェ,吹田（ＪＲ）駅 237m,カフェ,,3.05,5,71,-,～￥999,大阪府吹田市元町6-6,34.7612292,135.5245719,日本、〒564-0031 大阪府吹田市元町６−６,,places,medium,ChIJ00gUFWDlAGARoTiw_ultRVc,さくらカフェ,日本、〒564-0031 大阪府吹田市元町６−６,34.7612292,135.5245719,57.00,,1.5
伏見屋 吹田旭通商店街店,吹田（ＪＲ）駅 312m,その他,,,3,48,～￥999,～￥999,大阪府吹田市元町7-2,34.7606258,135.5249588,日本、〒564-0031 大阪府吹田市元町７−２,,places,medium,ChIJh3IsbFLlAGAR6HdOr8KUmEc,伏見屋吹田旭通商店街店,日本、〒564-0031 大阪府吹田市元町７−２,34.7606258,135.5249588,57.00,,0.0
Lusty,吹田（ＪＲ）駅 127m,その他,,,6,,-,-,大阪府吹田市元町5-23 レジャービルＥＩＷＡ,34.76213670000001,135.5238567,日本、〒564-0031 大阪府吹田市元町５−２３,,places_auto_review,auto_override,ChIJd2Mb6GDlAGAROt8BkITEQGw,Darts＆Girls Lusty,日本、〒564-0031 大阪府吹田市元町５−２３,34.76213670000001,135.5238567,32.45,AUTO_PLACE_OVERRIDE:distance_le_50m,0.0
スパイスキッチン 結,吹田（ＪＲ）駅 382m,カレー,,3.09,11,370,-,"￥1,000～￥1,999",大阪府吹田市元町11-5,34.7600024,135.525137,日本、〒564-0031 大阪府吹田市元町１１−５,,places,medium,ChIJV_KksOfjAGARBFQzB4r_ldI,スパイスキッチン結,日本、〒564-0031 大阪府吹田市元町１１−５,34.7600024,135.525137,57.00,,2.8
鳥貴族 吹田店,吹田（ＪＲ）駅 119m,焼き鳥、鳥料理、居酒屋,,3.03,21,213,"￥2,000～￥2,999",-,大阪府吹田市元町3-7,34.7622063,135.5232666,日本、〒564-0031 大阪府吹田市元町３−７ 栄和ビル ２F,,places,medium,ChIJU4eIGH_kAGARKBHD3ELdPOI,鳥貴族 吹田店,日本、〒564-0031 大阪府吹田市元町３−７ 栄和ビル ２F,34.7622063,135.5232666,57.00,,0.0
そば処　万両,吹田（ＪＲ）駅 249m,そば、釜飯、うなぎ,,3.3,64,1131,"￥1,000～￥1,999","￥1,000～￥1,999",大阪府吹田市元町6-8,34.7611307,135.5247769,日本、〒564-0031 大阪府吹田市元町６−８ 万両ビル,,places,medium,ChIJqfIdsHjkAGARrdfQfKUOqn0,そば処 万両,日本、〒564-0031 大阪府吹田市元町６−８ 万両ビル,34.7611307,135.5247769,57.00,,12.4
セブンイレブン 吹田元町店,吹田（ＪＲ）駅 456m,コンビニ・スーパー,,,1,1,-,-,大阪府吹田市元町33-7,34.7591987,135.5246699,日本、〒564-0031 大阪府吹田市元町３３−７,,places,medium,ChIJg727fHjkAGARwJUdmlWs-Qo,セブン-イレブン 吹田元町店,日本、〒564-0031 大阪府吹田市元町３３−７,34.7591987,135.5246699,52.91,,14.5
みつば屋,吹田（ＪＲ）駅 441m,お好み焼き,,3.06,21,618,-,～￥999,大阪府吹田市元町12-9,34.7594045,135.5249794,日本、〒564-0031 大阪府吹田市元町１２−９,,places,medium,ChIJZyLoPQ7lAGAREmJ5-ZR-0C0,みつば屋,日本、〒564-0031 大阪府吹田市元町１２−９,34.7594045,135.5249794,57.00,,0.0
持ち帰り専門店 串かつ ますや,吹田（ＪＲ）駅 249m,串揚げ,,,1,45,-,"￥1,000～￥1,999",大阪府吹田市元町21-16,34.7613162,135.5222328,日本、〒564-0031 大阪府吹田市元町２１−１６,,places,medium,ChIJRwC0xH7kAGARTw8nqQuqMYc,持帰り専門店 串かつますや,日本、〒564-0031 大阪府吹田市元町２１−１６,34.7613162,135.5222328,53.54,,3.9
カフェ トコトコ,吹田（ＪＲ）駅 310m,カフェ,,,1,129,-,～￥999,大阪府吹田市元町7-4,34.7606532,135.5249722,日本、〒564-0031 大阪府吹田市元町７−４,,places_auto_review,auto_override,ChIJ8_4TNknlAGAR4f271AMwNcA,カフェ トコトコ tocotoco... 吹田,日本、〒564-0031 大阪府吹田市元町７−４,34.7606532,135.5249722,32.45,AUTO_PLACE_OVERRIDE:distance_le_50m,9.8
鼓月 吹田店,吹田（ＪＲ）駅 376m,和菓子,,3,3,26,-,-,大阪府吹田市元町7-10,34.7601312,135.5252355,日本、〒564-0031 大阪府吹田市元町７−１０,,places,medium,ChIJMa5goXjkAGARkd4CkJwLUOM,鼓月 吹田店,日本、〒564-0031 大阪府吹田市元町７−１０,34.7601312,135.5252355,57.00,,5.5
旬菜 柚,吹田（ＪＲ）駅 212m,居酒屋,,,1,40,-,-,大阪府吹田市元町19-5 第2レジデンス吉川 1F,34.7615747,135.5225615,日本、〒564-0031 大阪府吹田市元町１９−5 第2 レジデンス吉川 1F,,places,medium,ChIJEdA83H7kAGAR6Yir__HEg6Q,旬菜 柚,日本、〒564-0031 大阪府吹田市元町１９−5 第2 レジデンス吉川 1F,34.7615747,135.5225615,63.00,,27.1
ホリーズカフェ アザール桃山台店,桃山台駅 170m,カフェ,,3.04,17,87,-,～￥999,大阪府吹田市桃山台5-2-2,34.7924146,135.4956008,日本、〒565-0854 大阪府吹田市桃山台５丁目２−２,,places,medium,ChIJkVl72y37AGARqYaruwR0dlw,ホリーズカフェ アザール桃山台店,日本、〒565-0854 大阪府吹田市桃山台５丁目２−２,34.7924146,135.4956008,57.00,,13.0
LIFE 桃山台店,桃山台駅 387m,コンビニ・スーパー,,,4,,-,-,大阪府吹田市桃山台2-5-1,34.7925954,135.5016666,日本、〒565-0854 大阪府吹田市桃山台２丁目５−１,,places_auto_review,auto_override,ChIJ2ZJwnTT7AGAR4lKyx7mHpiU,ライフ桃山台店,日本、〒565-0854 大阪府吹田市桃山台２丁目５−１,34.7925954,135.5016666,28.36,AUTO_PLACE_OVERRIDE:distance_le_50m,1.6
ファミリーマート 桃山台駅店,桃山台駅 58m,コンビニ・スーパー,,3.04,4,23,-,-,大阪府吹田市桃山台5-1 C20-B101,34.7925189,135.4970035,日本、〒565-0854 大阪府吹田市桃山台５丁目１−C20 B101,,places,medium,ChIJLdDa9S37AGAROSlR9vDd0NM,ファミリーマート 桃山台駅店,日本、〒565-0854 大阪府吹田市桃山台５丁目１−C20 B101,34.7925189,135.4970035,57.00,,15.5
阪急OASIS 桃山台店,桃山台駅 191m,コンビニ・スーパー,,3,2,10,～￥999,～￥999,大阪府吹田市桃山台5-2-2,34.792323,135.495513,日本、〒565-0854 大阪府吹田市桃山台５丁目２−２,,places_auto_review,auto_override,ChIJ_zaJ2y37AGARLer7B3v2zF4,阪急オアシス桃山台店,日本、〒565-0854 大阪府吹田市桃山台５丁目２−２,34.792323,135.495513,31.29,AUTO_PLACE_OVERRIDE:distance_le_50m,0.0
カプリチョーザ アザール桃山台店,桃山台駅 172m,イタリアン、パスタ、ピザ,,3.05,32,412,"￥1,000～￥1,999","￥1,000～￥1,999",大阪府吹田市桃山台5-2-2 アザール桃山台　２Ｆ,34.7922813,135.4956028,日本、〒565-0854 大阪府吹田市２ 吹田市桃山台５丁目２−２ アザール桃山台北急桃山台ビル 2F,,places,medium,ChIJNyOP2y37AGARYiacGSX-Jyo,カプリチョーザ アザール桃山台店,日本、〒565-0854 大阪府吹田市２ 吹田市桃山台５丁目２−２ アザール桃山台北急桃山台ビル 2F,34.7922813,135.4956028,60.00,,7.5
肉の寿屋,桃山台駅 377m,その他,,3.05,9,236,-,-,大阪府吹田市桃山台2-5-4,34.79292,135.501539,日本、〒565-0854 大阪府吹田市桃山台２丁目５−４,,places_auto_review,auto_override,ChIJA4_cfTP7AGARmNCyoJrAjus,肉の寿屋 桃山台店,日本、〒565-0854 大阪府吹田市桃山台２丁目５−４,34.79292,135.501539,34.50,AUTO_PLACE_OVERRIDE:distance_le_50m,1.3
atelier un momon,桃山台駅 432m,コーヒースタンド、ジューススタンド,,3,1,20,-,-,大阪府吹田市桃山台2-5-18 晋和ビル 1F,34.7925812,135.5021777,日本、〒565-0854 大阪府吹田市桃山台２丁目５−１８ 102,,places_auto_review,auto_override,ChIJHw8_fLn7AGARxcf2yGtzXeY,雑貨とコーヒー&こども絵画教室&レンタルスペース atelier un momon アトリエアンモモン,日本、〒565-0854 大阪府吹田市桃山台２丁目５−１８ 102,34.7925812,135.5021777,24.86,AUTO_PLACE_OVERRIDE:distance_le_50m,1.2
とり琉 桃山台駅ビル店,桃山台駅 45m,焼き鳥,,3.07,9,117,"￥2,000～￥2,999",-,大阪府吹田市桃山台5-1-C20 senri MOMOSTA B1F,34.7922939,135.4965718,日本、〒565-0854 大阪府吹田市桃山台５丁目１,,places_auto_review,auto_override,ChIJQXix0bb7AGARsuNyM2m1_GM,とり琉 桃山台店,日本、〒565-0854 大阪府吹田市桃山台５丁目１,34.7922939,135.4965718,43.50,AUTO_PLACE_OVERRIDE:distance_le_50m,34.3
じゃんぼ総本店 桃山台駅前店,桃山台駅 44m,たこ焼き、お好み焼き、焼きそば,,3.09,14,86,～￥999,～￥999,大阪府吹田市桃山台5-1-C20,34.7924471,135.4970133,日本、〒565-0854 大阪府吹田市桃山台５丁目１−C20 senriMOMOSTA BF,,places,medium,ChIJH9RACjL7AGARXN8O38z5Yl4,じゃんぼ總本店 桃山台駅前店,日本、〒565-0854 大阪府吹田市桃山台５丁目１−C20 senriMOMOSTA BF,34.7924471,135.4970133,50.08,,9.8
Cafe&Bar 本坊 桃山台BASE,桃山台駅 406m,バー,,3.02,1,45,"￥2,000～￥2,999",～￥999,大阪府吹田市桃山台2-5-9,34.7931458,135.5018332,日本、〒565-0854 大阪府吹田市桃山台２丁目５−９,,places_auto_review,auto_override,ChIJs_71HQD7AGARtWjMK8USHLo,Cafe&Bar 本坊,日本、〒565-0854 大阪府吹田市桃山台２丁目５−９,34.7931458,135.5018332,43.15,AUTO_PLACE_OVERRIDE:distance_le_50m,0.0
阪急ベーカリー香房 桃山台店,桃山台駅 192m,パン、サンドイッチ,,3.01,6,31,～￥999,-,大阪府吹田市桃山台 5-2-2 阪急オアシス桃山台店 1F,34.792323,135.495513,日本、〒565-0854 大阪府吹田市桃山台５丁目２−２,,places_auto_review,auto_override,ChIJ_zaJ2y37AGARLer7B3v2zF4,阪急オアシス桃山台店,日本、〒565-0854 大阪府吹田市桃山台５丁目２−２,34.792323,135.495513,31.88,AUTO_PLACE_OVERRIDE:distance_le_50m,0.0
和食 英,吹田市,海鮮、日本料理、居酒屋,,3.07,13,430,"￥5,000～￥5,999",-,大阪府吹田市山田市場1-4,34.7880161,135.5405336,日本、〒565-0822 大阪府吹田市山田市場１−４,,places_auto_review,auto_override,ChIJBxeowGvjAGAR7qE40TBjg8Q,和食 英 （ヒデ）,日本、〒565-0822 大阪府吹田市山田市場１−４,34.7880161,135.5405336,31.29,AUTO_PLACE_OVERRIDE:distance_le_50m,7.1
鳥水木,吹田市,焼き鳥,,3.09,11,479,"￥2,000～￥2,999",-,大阪府吹田市山田市場1-4,34.788085,135.540524,日本、〒565-0822 大阪府吹田市山田市場１−４,,places,medium,ChIJBxeowGvjAGARhNokBet7knI,鳥水木,日本、〒565-0822 大阪府吹田市山田市場１−４,34.788085,135.540524,57.00,,0.8
レストランAOZORA,北千里駅 947m,洋食,,3.05,4,11,-,-,大阪府吹田市山田丘2-1 大阪大学工学研究科U１E棟 15F,34.823061,135.5207304,日本、〒565-0871 大阪府吹田市山田丘２−１ 大阪大学工学研究科U１E棟 15階,,places,medium,ChIJb54BcgD7AGARhfQMa0Vq5xo,レストランAOZORA,日本、〒565-0871 大阪府吹田市山田丘２−１ 大阪大学工学研究科U１E棟 15階,34.823061,135.5207304,60.00,,4.8
Kitchen BISYOKU,北千里駅 885m,食堂,,3,2,11,-,-,大阪府吹田市山田丘3,34.8238897,135.5195199,日本、〒565-0871 大阪府吹田市山田丘３,,places_manual_review,manual_override,ChIJ2c3Ii2T7AGARtdwfNL5u6dk,微研食堂「Kitchen BISYOKU 」,日本、〒565-0871 大阪府吹田市山田丘３,34.8238897,135.5195199,38.00,MANUAL_PLACE_OVERRIDE,187.7
カフェテリア＆ベーカリー匠,阪大病院前駅 547m,カフェ、パン、洋食,,3,8,82,-,～￥999,大阪府吹田市山田丘2-5,34.8180653,135.5236982,日本、〒565-0871 大阪府吹田市山田丘２−５,,places_manual_review,manual_override,ChIJVSfj9Z_8AGARxPZxBznLzBc,カフェテリア 匠,日本、〒565-0871 大阪府吹田市山田丘２−５,34.8180653,135.5236982,35.50,MANUAL_PLACE_OVERRIDE,419.7
サブウェイ 阪大病院店,阪大病院前駅 188m,サンドイッチ,,3.05,30,156,-,-,大阪府吹田市山田丘2-15 大阪大学医学部附属病院 1F,34.8196359,135.5281575,日本、〒565-0871 大阪府吹田市山田丘２−１５ 大阪大学医学部附属病院内1F,,places,medium,ChIJKYC0pKH8AGARyTf9dDqVFNE,サブウェイ 阪大病院店,日本、〒565-0871 大阪府吹田市山田丘２−１５ 大阪大学医学部附属病院内1F,34.8196359,135.5281575,63.00,,27.6
ひだまり,吹田市,喫茶店、食堂、カレー,,3.08,11,105,-,～￥999,大阪府吹田市山田丘2-5 大阪大学吹田キャンパス内,34.8208853,135.5228708,日本、〒565-0871 大阪府吹田市山田丘１−１ 本部事務機構棟,,places_auto_review,auto_override,ChIJU6aW22D7AGAR78nHantxhPU,大阪大学,日本、〒565-0871 大阪府吹田市山田丘１−１ 本部事務機構棟,34.8208853,135.5228708,12.00,AUTO_PLACE_OVERRIDE:distance_le_50m,10.0
阪大 うなぎや,阪大病院前駅 193m,うなぎ,,3.27,62,694,-,"￥1,000～￥1,999",大阪府吹田市山田丘2-15 大阪大学医学部付属病院内1F,34.8192523,135.5278176,日本、〒565-0871 大阪府吹田市山田丘２−１５,,places,medium,ChIJAamQW9D9AGARMk4KTpuhyLk,阪大うなぎや,日本、〒565-0871 大阪府吹田市山田丘２−１５,34.8192523,135.5278176,57.00,,25.3
大阪大学生活協同組合 購買工学部店,阪大病院前駅 882m,その他,,3,1,3,-,-,大阪府吹田市山田丘2-1,34.8231065,135.5218345,日本、〒565-0871 大阪府吹田市山田丘２−１,,places_manual_review,manual_override,ChIJoSgO3GP7AGAROMRR7DhWn04,大阪大学生協 購買部工学部店,日本、〒565-0871 大阪府吹田市山田丘２−１,34.8231065,135.5218345,44.14,MANUAL_PLACE_OVERRIDE,63.9
大阪大学医学部附属病院一般食堂,阪大病院前駅 187m,食堂,,3.09,27,194,-,～￥999,大阪府吹田市山田丘2-15 大阪大学医学部附属病院 1F,34.8191441,135.527828,日本、〒565-0871 大阪府吹田市山田丘２−１５,,places,medium,ChIJIe6vuqH8AGAR_ViCRE-XRrA,大阪大学医学部附属病院一般食堂,日本、〒565-0871 大阪府吹田市山田丘２−１５,34.8191441,135.527828,57.00,,34.9
スカイレストラン,阪大病院前駅 181m,フレンチ、洋食、日本料理,,3.31,61,671,"￥1,000～￥1,999","￥1,000～￥1,999",大阪府吹田市山田丘2-15 大阪大学医学部附属病院 14F,34.8195009,135.5281253,日本、〒565-0871 大阪府吹田市山田丘２−１５ 大阪大学医学部附属病院 14階,,places_auto_review,auto_override,ChIJ4_XZuqH8AGAR4gUvULBZi7A,スカイレストラン｜大阪大学医学部附属病院,日本、〒565-0871 大阪府吹田市山田丘２−１５ 大阪大学医学部附属病院 14階,34.8195009,135.5281253,33.53,AUTO_PLACE_OVERRIDE:distance_le_50m,14.4
ファミリーマート 阪大病院/S店,阪大病院前駅 231m,コンビニ・スーパー,,3,1,3,-,-,大阪府吹田市山田丘2-15 統合診療棟 2F,34.8203763,135.5285087,日本、〒565-0871 大阪府吹田市山田丘２−１５ 統合診療棟 ２階,,places_manual_review,manual_override,ChIJgUKapKH8AGARzGvlpwE7MnA,ファミリーマート 阪大病院／Ｓ店,日本、〒565-0871 大阪府吹田市山田丘２−１５ 統合診療棟 ２階,34.8203763,135.5285087,44.75,MANUAL_PLACE_OVERRIDE,108.2
セブンイレブン 7FS大阪大学千里門店,北千里駅 873m,コンビニ・スーパー,,3.02,2,7,-,-,大阪府吹田市山田丘3-1 微生物病研究所 南館 1F,34.8237204,135.5195342,日本、〒565-0871 大阪府吹田市山田丘３−１ 南館 1F 微生物病研究所,,places,medium,ChIJt5AZ32T7AGARKqhDejAdckM,セブン-イレブン 7FS大阪大学千里門店,日本、〒565-0871 大阪府吹田市山田丘３−１ 南館 1F 微生物病研究所,34.8237204,135.5195342,63.19,,76.9
レストラン ミネルバ,阪大病院前駅 387m,フレンチ、パスタ、創作料理,,3.18,23,317,-,"￥1,000～￥1,999",大阪府吹田市山田丘2-2 大阪大学銀杏会館 2F,34.8210583,135.5267915,日本、〒565-0871 大阪府吹田市山田丘２−２,,places,medium,ChIJb4KytKH8AGARknlnIvjelYw,レストラン ミネルバ,日本、〒565-0871 大阪府吹田市山田丘２−２,34.8210583,135.5267915,57.00,,22.3
クルール,阪大病院前駅 720m,レストラン,,3.07,12,75,-,～￥999,大阪府吹田市山田丘1-9 ポプラ通り福利会館 1F,34.818524,135.5219093,日本、〒565-0871 大阪府吹田市山田丘１−１２,,places_auto_review,auto_override,ChIJNVJumWD7AGARrhDClyccZeE,ポプラ通り福利会館 レストラン クルール,日本、〒565-0871 大阪府吹田市山田丘１−１２,34.818524,135.5219093,20.44,AUTO_PLACE_OVERRIDE:distance_le_50m,0.0
稲葉,阪大病院前駅 187m,うどん、食堂、親子丼,,3.16,25,184,～￥999,～￥999,大阪府吹田市山田丘2-15 大阪大学医学部付属病院　１Ｆ,34.8194248,135.5279983,日本、〒565-0871 大阪府吹田市山田丘２−１５,,places_auto_review,auto_override,ChIJB1iMg6H8AGARkABC-79Ml5M,大阪大学医学部附属病院,日本、〒565-0871 大阪府吹田市山田丘２−１５,34.8194248,135.5279983,12.00,AUTO_PLACE_OVERRIDE:distance_le_50m,0.0
NSSOL Cafe,阪大病院前駅 714m,学生食堂,,3.04,5,18,-,-,大阪府吹田市山田丘1-9 ポプラ通り福利会館 2F,34.8186116,135.5219508,日本、〒565-0871 大阪府吹田市山田丘１−９,,places,medium,ChIJF6GHmWD7AGARVq5apDJzsuE,NSSOL CAFE,日本、〒565-0871 大阪府吹田市山田丘１−９,34.8186116,135.5219508,57.00,,10.5
カフェ・ド・クリエ 大阪大学歯学部附属病院店,阪大病院前駅 856m,パスタ、カフェ,,3.01,11,71,-,～￥999,大阪府吹田市山田丘1-8 大阪大学歯学部附属病院 1F,34.8198515,135.5205273,日本、〒565-0871 大阪府吹田市山田丘１−８,,places,medium,ChIJ0UqM22D7AGARsVJ_lo7Pw34,カフェ・ド・クリエ 大阪大学歯学部附属病院店,日本、〒565-0871 大阪府吹田市山田丘１−８,34.8198515,135.5205273,57.00,,48.4
ファミリーマート 阪大病院店,阪大病院前駅 231m,コンビニ・スーパー,,3.01,2,13,-,-,大阪府吹田市山田丘2-15 大阪大学医学部附属病院内,34.8203763,135.5285087,日本、〒565-0871 大阪府吹田市山田丘２−１５ 統合診療棟 ２階,,places,medium,ChIJgUKapKH8AGARzGvlpwE7MnA,ファミリーマート 阪大病院／Ｓ店,日本、〒565-0871 大阪府吹田市山田丘２−１５ 統合診療棟 ２階,34.8203763,135.5285087,46.57,,115.6
スターバックスコーヒー 大阪大学医学部附属病院店,阪大病院前駅 187m,カフェ、サンドイッチ、ケーキ,,3.06,29,141,-,～￥999,大阪府吹田市山田丘2-15 大阪大学医学部付属病院　１Ｆ,34.8194248,135.5279983,日本、〒565-0871 大阪府吹田市山田丘２−１５ 大阪大学医学部附属病院内,,places,medium,ChIJpxwrpKH8AGARqxf24d846dw,スターバックス コーヒー 大阪大学医学部附属病院店,日本、〒565-0871 大阪府吹田市山田丘２−１５ 大阪大学医学部附属病院内,34.8194248,135.5279983,57.00,,0.0
大阪大学医学部附属病院職員食堂,阪大病院前駅 143m,社員食堂,,3.01,1,60,-,-,大阪府吹田市山田丘2-15 大阪大学医学部附属病院 1F,34.8191441,135.527828,日本、〒565-0871 大阪府吹田市山田丘２−１５,,places,medium,ChIJIe6vuqH8AGAR_ViCRE-XRrA,大阪大学医学部附属病院一般食堂,日本、〒565-0871 大阪府吹田市山田丘２−１５,34.8191441,135.527828,45.00,,34.9
ファミール,阪大病院前駅 886m,食堂、麺類、学生食堂,,3.06,12,113,-,～￥999,大阪府吹田市山田丘1-1 大阪大学吹田キャンパス　工学部福利厚生棟,34.8234093,135.5221054,日本、〒565-0871 大阪府吹田市山田丘２−１,,places_manual_review,manual_override,ChIJ8ZccxWP7AGARLtBgifCnSdc,工学部食堂 ファミール (阪大 生協),日本、〒565-0871 大阪府吹田市山田丘２−１,34.8234093,135.5221054,26.06,MANUAL_PLACE_OVERRIDE,88.6
ブランジェ,阪大病院前駅 472m,パン、洋菓子,,3,1,23,-,-,大阪府吹田市山田丘2-4 阪大吹田キャンパス福利会館 1F,34.8185346,135.5221588,日本、〒565-0871 大阪府吹田市山田丘１−５,,geocode_fallback,medium,ChIJ8ZccxWP7AGARLtBgifCnSdc,工学部食堂 ファミール (阪大 生協),日本、〒565-0871 大阪府吹田市山田丘２−１,34.8234093,135.5221054,4.00,LOW_PLACE_CONFIDENCE:low,542.1
セブンイレブン 7FS大阪大学福利会館店,阪大病院前駅 695m,コンビニ・スーパー,,3,2,2,-,-,大阪府吹田市山田丘1-5,34.8185346,135.5221588,日本、〒565-0871 大阪府吹田市山田丘１−５,,places,medium,ChIJ__8_nWD7AGARiBC8kw80Vwc,セブン-イレブン 7FS大阪大学福利会館店,日本、〒565-0871 大阪府吹田市山田丘１−５,34.8185346,135.5221588,54.35,,51.1
吹田ドンドン,阪大病院前駅 867m,丼、麺類,,3.06,7,40,-,～￥999,大阪府吹田市山田丘2-2-1 センテラス内,34.8229935,135.5219425,日本、〒565-0871 大阪府吹田市山田丘２丁目２−１,,places_auto_review,auto_override,ChIJA7553GP7AGARTYsON0S0D7M,吹田DonDon,日本、〒565-0871 大阪府吹田市山田丘２丁目２−１,34.8229935,135.5219425,24.86,AUTO_PLACE_OVERRIDE:distance_le_50m,43.5
くじらや,阪大病院前駅 469m,食堂、カレー、麺類,,3.11,48,507,-,～￥999,大阪府吹田市山田丘2-5 福利会館 2F,34.8191488,135.524656,日本、〒565-0871 大阪府吹田市山田丘２−５,,places,medium,ChIJwwDpGWD7AGARrxuwWEhbBTw,くじらや,日本、〒565-0871 大阪府吹田市山田丘２−５,34.8191488,135.524656,53.00,,272.1
マーコールカフェ,山田駅 434m,カフェ,,3.15,28,1371,～￥999,"￥1,000～￥1,999",大阪府吹田市山田北11-14 ヴィヴェンテ 1F,34.8072524,135.5188606,日本、〒565-0825 大阪府吹田市山田北１１−１４ ヴィヴェンテ102,,places,medium,ChIJnTpAzZj7AGARlypzWBf11SY,マーコールカフェ,日本、〒565-0825 大阪府吹田市山田北１１−１４ ヴィヴェンテ102,34.8072524,135.5188606,60.00,,11.7
和ごころ　いけうち,山田駅 436m,日本料理、創作料理,,3.07,13,1005,-,"￥2,000～￥2,999",大阪府吹田市山田北10-2 メゾンT　101,34.8071097,135.5190605,日本、〒565-0825 大阪府吹田市山田北１０−２,,places_auto_review,auto_override,ChIJFUerk1D7AGARCpQTohk_5q8,いけうち,日本、〒565-0825 大阪府吹田市山田北１０−２,34.8071097,135.5190605,34.50,AUTO_PLACE_OVERRIDE:distance_le_50m,5.5
セブンイレブン 吹田山田北店,山田駅 406m,コンビニ・スーパー,,3.02,3,11,-,-,大阪府吹田市山田北10-1,34.8068078,135.5190528,日本、〒565-0825 大阪府吹田市山田北１０−１,,places,medium,ChIJq6prWAgrC18RCZnQFCgb1oc,セブン-イレブン 吹田山田北店,日本、〒565-0825 大阪府吹田市山田北１０−１,34.8068078,135.5190528,52.91,,3.8
マクドナルド マックスバリュ北山田店,山田駅 576m,ハンバーガー,,3.03,13,53,-,～￥999,大阪府吹田市山田北6-1,34.8091582,135.5179913,日本、〒565-0825 大阪府吹田市山田北６−１,,places_auto_review,auto_override,ChIJ4_qC-Fr7AGARiyYLd38Se0Q,マクドナルド 千里山田コーナン店,日本、〒565-0825 大阪府吹田市山田北６−１,34.8091582,135.5179913,30.95,AUTO_PLACE_OVERRIDE:distance_le_50m,27.6
華nois,吹田市,中華料理,洗練された空間で、旬彩や銘柄肉の良さを生かす中華料理を堪能。普段使いにも。個室・貸切可,3.21,31,1451,"￥5,000～￥5,999","￥2,000～￥2,999",大阪府吹田市山田西2-1-6 千里ツインハイツⅠ 1F,34.7906907,135.5253561,日本、〒565-0824 大阪府吹田市山田西２丁目１−６,,places_auto_review,auto_override,ChIJbU4GgVjjAGARKKqvq3yHTXY,華nois（カノワ）,日本、〒565-0824 大阪府吹田市山田西２丁目１−６,34.7906907,135.5253561,34.50,AUTO_PLACE_OVERRIDE:distance_le_50m,2.3
マハル,吹田市,インド料理、ネパール料理、インドカレー,,3.14,14,153,"￥1,000～￥1,999",～￥999,大阪府吹田市山田西2-4-9,34.79406609999999,135.5279094,日本、〒565-0824 大阪府吹田市山田西２丁目４−９,,places_auto_review,auto_override,ChIJ-aWa1lnjAGARU9zdyud6ATg,マハル 吹田店,日本、〒565-0824 大阪府吹田市山田西２丁目４−９,34.79406609999999,135.5279094,34.50,AUTO_PLACE_OVERRIDE:distance_le_50m,0.0
屋台居酒屋 大阪 満マル 吹田樫切山店,吹田市,居酒屋,,3.03,15,275,"￥2,000～￥2,999",～￥999,大阪府吹田市山田西1-1-11,34.7929838,135.5358397,日本、〒565-0824 大阪府吹田市山田西１丁目１−１１,,places,medium,ChIJt8WPHz7jAGARXebkmFqr1D0,屋台居酒屋 大阪 満マル 吹田樫切山店,日本、〒565-0824 大阪府吹田市山田西１丁目１−１１,34.7929838,135.5358397,57.00,,17.1
Risaku cafe,吹田市,カフェ、ケーキ、イタリアン,手作りケーキや焼き菓子が自慢◆可愛い壁画や雑貨も楽しめる癒しカフェ。Wi-Fi完備◎,3.09,10,678,-,"￥1,000～￥1,999",大阪府吹田市山田西2-1-6 千里ツインハイツ1 102,34.7906624,135.525412,日本、〒565-0824 大阪府吹田市山田西２丁目１−６ 千里ツインハイツ Ⅰ 102号室,,places_auto_review,auto_override,ChIJnRKvCT3jAGAReBypc-e_vh8,Risaku cafe（リサクカフェ）,日本、〒565-0824 大阪府吹田市山田西２丁目１−６ 千里ツインハイツ Ⅰ 102号室,34.7906624,135.525412,38.82,AUTO_PLACE_OVERRIDE:distance_le_50m,4.5
居酒屋ミカンセイ,山田駅 484m,居酒屋,,3.02,1,21,-,-,大阪府吹田市山田西4-16-1 王谷マンション 101,34.8032021,135.5208617,日本、〒565-0824 大阪府吹田市山田西４丁目１６−１ 王谷マンション 101号,,places,medium,ChIJCU0fOaz7AGAR4pVadl8x9MA,居酒屋ミカンセイ,日本、〒565-0824 大阪府吹田市山田西４丁目１６−１ 王谷マンション 101号,34.8032021,135.5208617,63.00,,5.0
マクドナルド Dew阪急山田店,山田駅 41m,ハンバーガー,,3.03,18,69,～￥999,～￥999,大阪府吹田市山田西4-1-2 デュー阪急山田 2F,34.8046048,135.5154103,日本、〒565-0824 大阪府吹田市山田西４丁目１−２ Dew阪急山田 2F,,places_auto_review,auto_override,ChIJxb2iIl_7AGARiqvWPIc-05A,マクドナルド Ｄｅｗ阪急山田店,日本、〒565-0824 大阪府吹田市山田西４丁目１−２ Dew阪急山田 2F,34.8046048,135.5154103,43.12,AUTO_PLACE_OVERRIDE:distance_le_50m,0.0
大起水産 街のみなと 吹田山田店,山田駅 56m,寿司,,3.01,6,76,-,-,大阪府吹田市山田西4-1-2 Dew阪急山田 1F,34.8045137,135.5151447,日本、〒565-0824 大阪府吹田市山田西４丁目１−２,,places,medium,ChIJ9QJoaUb7AGARtXXNkj9RO3I,大起水産 街のみなと 吹田山田店,日本、〒565-0824 大阪府吹田市山田西４丁目１−２,34.8045137,135.5151447,57.00,,26.3
百万石,吹田市,寿司、釜飯,,3,2,24,-,-,大阪府吹田市山田西1-27-10 ローレルコート千里山田 1F,34.7932126,135.5304918,日本、〒565-0824 大阪府吹田市山田西１丁目２７−１０,,geocode_fallback,medium,ChIJDblbRgD7AGAR6qD0Ytxzn-U,山田駅前もりした内科クリニック,日本、〒565-0824 大阪府吹田市山田西４丁目２−７０ ジオタワー千里山田 1F,34.8041431,135.5167115,3.00,LOW_PLACE_CONFIDENCE:low,1749.4
KOHYO 山田店,山田駅 105m,コンビニ・スーパー,,,1,2,-,-,大阪府吹田市山田西4-1-2-101 デュー阪急山田 1F,34.805242,135.51534,日本、〒565-0824 大阪府吹田市山田西４丁目１−２−１０１ デュー阪急山田 1F,,places,medium,ChIJbW0T3U_7AGARAaQqyonl_YM,KOHYO山田店,日本、〒565-0824 大阪府吹田市山田西４丁目１−２−１０１ デュー阪急山田 1F,34.805242,135.51534,63.00,,71.1
らいむ亭,吹田市,食堂,,3.06,6,63,"￥2,000～￥2,999","￥1,000～￥1,999",大阪府吹田市山田西2-1-6,34.7907102,135.5254601,日本、〒565-0824 大阪府吹田市山田西２丁目１−６,,places,medium,ChIJdf9LeQDjAGARzA0mj6UG29w,らいむ亭,日本、〒565-0824 大阪府吹田市山田西２丁目１−６,34.7907102,135.5254601,57.00,,9.8
すし処 旬魚,山田駅 528m,寿司,,3,1,25,-,"￥1,000～￥1,999",大阪府吹田市山田西4-16-9 ikari王子店,34.8025651,135.5210032,日本、〒565-0824 大阪府吹田市山田西３丁目５７−５,,places_auto_review,auto_override,ChIJu7HjdlT7AGAR0lGeZQ18w30,いかり 王子店,日本、〒565-0824 大阪府吹田市山田西３丁目５７−５,34.8025651,135.5210032,12.00,AUTO_PLACE_OVERRIDE:distance_le_50m,5.4
千鳥屋宗家 Dew阪急山田店,山田駅 55m,和菓子,,,1,3,-,-,大阪府吹田市山田西4-1-2 Dew阪急山田 1F,34.804106,135.5154833,日本、〒565-0824 大阪府吹田市山田西４丁目１−２,,places,medium,ChIJ7YkTROz7AGARh2OuojG3IUs,千鳥屋宗家 阪急山田店,日本、〒565-0824 大阪府吹田市山田西４丁目１−２,34.804106,135.5154833,46.62,,55.9
炭火焼肉 七輪 吹田山田店,吹田市,焼肉,,3.04,20,275,"￥4,000～￥4,999",-,大阪府吹田市山田西2-7-10,34.7961159,135.5271949,日本、〒565-0824 大阪府吹田市山田西２丁目７−１０,,places,medium,ChIJ0W7x9EnjAGARS5Eng-pgvYk,炭火焼肉 七輪 吹田山田店,日本、〒565-0824 大阪府吹田市山田西２丁目７−１０,34.7961159,135.5271949,57.00,,16.3
マクドナルド いのこ谷店,吹田市,ハンバーガー,,3.03,15,66,-,～￥999,大阪府吹田市山田西1-36-1,34.7903769,135.5266466,日本、〒565-0824 大阪府吹田市山田西１丁目３６−５,,places,medium,ChIJB-x_6VjjAGARK5HjayZsIFc,マクドナルド いのこ谷店,日本、〒565-0824 大阪府吹田市山田西１丁目３６−５,34.7903769,135.5266466,57.00,,46.3
eden,山田駅 27m,洋菓子,,3.14,33,885,～￥999,～￥999,大阪府吹田市山田西4-1-1-105 DEW山田１Ｆ,34.8041886,135.5154716,日本、〒565-0824 大阪府吹田市山田西４丁目１−１−１０５,,places_auto_review,auto_override,ChIJJ0ug1E_7AGARcscnfaBYWck,eden 山田店,日本、〒565-0824 大阪府吹田市山田西４丁目１−１−１０５,34.8041886,135.5154716,34.50,AUTO_PLACE_OVERRIDE:distance_le_50m,46.6
パンプラトー,山田駅 115m,パン,,3.18,39,1203,-,-,大阪府吹田市山田西4-1-7,34.803491,135.5148792,日本、〒565-0824 大阪府吹田市山田西４丁目１−７,,places_auto_review,auto_override,ChIJH3ZGMU77AGAR1FFMQcAkQaM,PAIN PLATEAU,日本、〒565-0824 大阪府吹田市山田西４丁目１−７,34.803491,135.5148792,12.00,AUTO_PLACE_OVERRIDE:distance_le_50m,3.4
LAWSON HA 阪急山田店,山田駅 48m,コンビニ・スーパー,,3.02,1,3,-,-,大阪府吹田市山田西4-1-1,34.8039443,135.5154545,日本、〒565-0824 大阪府吹田市山田西４丁目１−１,,places_manual_review,manual_override,ChIJ2WSyRvP7AGARtK9JghYXk0w,ローソン ＨＡ 阪急山田店,日本、〒565-0824 大阪府吹田市山田西４丁目１−１,34.8039443,135.5154545,24.50,MANUAL_PLACE_OVERRIDE,52.9
まめとも,吹田市,その他,,3.01,4,63,-,-,大阪府吹田市山田西1-2-14,34.7921412,135.5352019,日本、〒565-0824 大阪府吹田市山田西１丁目２−１４,,places_auto_review,auto_override,ChIJV8XtczzjAGAR4mZlsRwVBAM,珈琲オーダー焙煎まめとも,日本、〒565-0824 大阪府吹田市山田西１丁目２−１４,34.7921412,135.5352019,28.36,AUTO_PLACE_OVERRIDE:distance_le_50m,2.2
ファミリーマート 吹田山田西店,吹田市,コンビニ・スーパー,,3,1,3,-,-,大阪府吹田市山田西2-7-16,34.7957472,135.5273351,日本、〒565-0824 大阪府吹田市山田西２丁目７−１６,,places,medium,ChIJB2jeqFfjAGARMcjTZ5OAIHw,ファミリーマート 吹田山田西店,日本、〒565-0824 大阪府吹田市山田西２丁目７−１６,34.7957472,135.5273351,57.00,,3.3
lien bonheur Miwa,山田駅 403m,イタリアン,,,1,19,-,-,大阪府吹田市山田西4-3-13 JP万博南 1F,34.8051369,135.5199972,日本、〒565-0824 大阪府吹田市山田西４丁目３−１３ JP万博南 1F,,places,medium,ChIJOzh5NAD7AGARYN296EPRtNc,lien bonheur miwa,日本、〒565-0824 大阪府吹田市山田西４丁目３−１３ JP万博南 1F,34.8051369,135.5199972,63.00,,0.0
よつ葉CAFE,吹田市,カフェ、パスタ、ハンバーグ,,3.1,13,224,"￥2,000～￥2,999","￥1,000～￥1,999",大阪府吹田市山田西1-21-3 ロイヤルハイツ千里 206,34.7883232,135.5304485,日本、〒565-0824 大阪府吹田市山田西１丁目２１−３ ２階 東花園さんの真上２階で ダイソーさんの横,,places,medium,ChIJCR74dvrjAGAR2OlMFlY1dj0,よつ葉CAFE 吹田,日本、〒565-0824 大阪府吹田市山田西１丁目２１−３ ２階 東花園さんの真上２階で ダイソーさんの横,34.7883232,135.5304485,47.00,,0.0
セブンイレブン 阪急山田駅前店,山田駅 36m,コンビニ・スーパー,,3.02,1,2,-,-,大阪府吹田市山田西4-2-86,34.8041122,135.5160087,日本、〒565-0824 大阪府吹田市山田西４丁目２−８６ プラウド千里山田フロント,,places,medium,ChIJRdyH2VH7AGARQWSn3erxtrc,セブン-イレブン 阪急山田駅前店,日本、〒565-0824 大阪府吹田市山田西４丁目２−８６ プラウド千里山田フロント,34.8041122,135.5160087,53.54,,0.0
ドンクエディテ Dew 阪急山田店,山田駅 46m,パン、サンドイッチ、カフェ,,3.03,20,149,-,～￥999,大阪府吹田市山田西4-1-2 Dew 阪急山田 1F,34.804542,135.5152718,日本、〒565-0824 大阪府吹田市山田西４丁目１−２ Ｄｅｗ阪急山田店1F,,places,medium,ChIJS33z3E_7AGARKPT7t7ClaK4,ドンクエディテ Dew阪急山田,日本、〒565-0824 大阪府吹田市山田西４丁目１−２ Ｄｅｗ阪急山田店1F,34.804542,135.5152718,60.00,,14.4
将平,吹田市,そば、うどん、居酒屋,,3.19,25,560,-,-,大阪府吹田市山田西1-3-11,34.7931846,135.5342607,日本、〒565-0824 大阪府吹田市山田西１丁目３−１１ プチ・ハイツ西山田,,places,medium,ChIJB952UVvjAGARGGiqNbvITcw,将平,日本、〒565-0824 大阪府吹田市山田西１丁目３−１１ プチ・ハイツ西山田,34.7931846,135.5342607,57.00,,3.7
やきとり一心,山田駅 132m,焼き鳥,,3.08,13,285,-,-,大阪府吹田市山田西4-1-10,34.8033286,135.5149101,日本、〒565-0824 大阪府吹田市山田西４丁目１−１０,,places,medium,ChIJ4cUGJUX7AGARyvQH-zniUtQ,やきとり 一心,日本、〒565-0824 大阪府吹田市山田西４丁目１−１０,34.8033286,135.5149101,57.00,,1.4
鳥ぷろ デュー阪急山田店,山田駅 74m,鳥料理、弁当、惣菜・デリ,,3.01,6,57,-,-,大阪府吹田市山田西4-1-2 デュー阪急山田 1F,34.8049063,135.515307,日本、〒565-0824 大阪府吹田市山田西４丁目１−２,,places_auto_review,auto_override,ChIJY_DVe5P7AGARui8FYtcZ94U,鳥ぷろDew阪急山田店,日本、〒565-0824 大阪府吹田市山田西４丁目１−２,34.8049063,135.515307,37.71,AUTO_PLACE_OVERRIDE:distance_le_50m,34.8
LAWSON 吹田山田西一丁目店,吹田市,コンビニ・スーパー,,3.02,3,7,-,-,大阪府吹田市山田西1-37-1,34.7903488,135.5255531,日本、〒565-0824 大阪府吹田市山田西１丁目３７−１,,places_auto_review,auto_override,ChIJ5dapnFjjAGARzj_TQtNG43Q,ローソン 吹田山田西一丁目店,日本、〒565-0824 大阪府吹田市山田西１丁目３７−１,34.7903488,135.5255531,32.00,AUTO_PLACE_OVERRIDE:distance_le_50m,4.9
ルマタン・ドゥ・ラヴィ,山田駅 579m,パン、サンドイッチ,,3.51,93,5479,-,-,大阪府吹田市山田西3-57-16,34.8021691,135.5214637,日本、〒565-0824 大阪府吹田市山田西３丁目５７−１６ コモン山田ウエスト,,places,medium,ChIJMwp5jFT7AGARG4nUmLropas,ル・マタン ドゥラヴィ,日本、〒565-0824 大阪府吹田市山田西３丁目５７−１６ コモン山田ウエスト,34.8021691,135.5214637,57.00,,12.3
マルタ,吹田市,たこ焼き、焼きそば,,3.19,45,1495,～￥999,～￥999,大阪府吹田市山田西1-1-2,34.7933271,135.5348971,日本、〒565-0824 大阪府吹田市山田西１丁目１−２,,places,medium,ChIJF7ndp0TjAGARAAEBsyqPdJ4,マルタ,日本、〒565-0824 大阪府吹田市山田西１丁目１−２,34.7933271,135.5348971,57.00,,31.9
仕出し屋 田中,吹田市,弁当,,,1,2,-,-,大阪府吹田市山田西2-1-5 ロイヤルコーポ 1F,34.7908597,135.5255482,日本、〒565-0824 大阪府吹田市山田西２丁目１−５ ロイヤルコーポ 1F,,places,medium,ChIJISQJY-jjAGARjdl99DLyOsk,仕出し屋 田中,日本、〒565-0824 大阪府吹田市山田西２丁目１−５ ロイヤルコーポ 1F,34.7908597,135.5255482,63.00,,1.1
御座候 Dew 阪急山田店,山田駅 41m,たい焼き・大判焼き,,3.01,6,34,-,-,大阪府吹田市山田西4-1-2 デュー阪急山田 1F,34.8046048,135.5154103,日本、〒565-0824 大阪府吹田市山田西４丁目１−２ Dew阪急山田 1階,,places,medium,ChIJ9-92h9L7AGARGDHN9Rnyxd4,御座候 Dew阪急山田店,日本、〒565-0824 大阪府吹田市山田西４丁目１−２ Dew阪急山田 1階,34.8046048,135.5154103,57.00,,0.0
江原 吹田店,吹田市,その他,,,10,,-,-,大阪府吹田市山田西1-1-11,34.7928177,135.5358285,日本、〒565-0824 大阪府吹田市山田西１丁目１−１１,,places_auto_review,auto_override,ChIJLfOf1IzjAGARj7JTOvHGPOk,無人餃子 江原,日本、〒565-0824 大阪府吹田市山田西１丁目１−１１,34.7928177,135.5358285,22.00,AUTO_PLACE_OVERRIDE:distance_le_50m,2.2
銀のさら 亥子谷店,吹田市,寿司,,3.01,1,1,-,-,大阪府吹田市山田西1-36-3 旭永 1F,34.7901146,135.526673,日本、〒565-0824 大阪府吹田市山田西１丁目３６−３,,places,medium,ChIJ-8vIw1jjAGARniRMYPH-1MQ,銀のさら 亥子谷店,日本、〒565-0824 大阪府吹田市山田西１丁目３６−３,34.7901146,135.526673,57.00,,13.8
楽笑 山田店,吹田市,居酒屋、串焼き、焼き鳥,,3.02,6,88,-,-,大阪府吹田市山田西2-1-16,34.7903769,135.5247675,日本、〒565-0824 大阪府吹田市山田西２丁目１−１６,,places_auto_review,auto_override,ChIJFWM3-LrlAGARbpfH4jkO4KI,楽笑,日本、〒565-0824 大阪府吹田市山田西２丁目１−１６,34.7903769,135.5247675,30.00,AUTO_PLACE_OVERRIDE:distance_le_50m,5.3
お弁当わかな,吹田市,弁当,,3.02,3,34,-,-,大阪府吹田市山田西2-7-10,34.7962488,135.5271074,日本、〒565-0824 大阪府吹田市山田西２丁目７−１０,,places,medium,ChIJqWQHU1bjAGAR7z4uTwMLNNY,お弁当わかな,日本、〒565-0824 大阪府吹田市山田西２丁目７−１０,34.7962488,135.5271074,57.00,,4.0
昌,万博記念公園駅 893m,中華料理、居酒屋,,3.02,4,93,-,-,大阪府吹田市山田西3-80-6 白龍,34.8001291,135.5246718,日本、〒565-0824 大阪府吹田市山田西３丁目８０−５,,places,medium,ChIJD82KmqrkAGARp9LAnlu4VyA,昌,日本、〒565-0824 大阪府吹田市山田西３丁目８０−５,34.8001291,135.5246718,57.00,,4.1
家族亭 阪急山田店,山田駅 82m,そば、天丼、うどん,,3.05,39,211,"￥1,000～￥1,999","￥1,000～￥1,999",大阪府吹田市山田西4-1-2 デュー阪急山田 2F,34.8049999,135.5153334,日本、〒565-0824 大阪府吹田市山田西４丁目１−２ 211デュー阪急山田2F,,places,medium,ChIJS33z3E_7AGAROgCu9qzqPYY,家族亭 阪急山田店,日本、〒565-0824 大阪府吹田市山田西４丁目１−２ 211デュー阪急山田2F,34.8049999,135.5153334,63.00,,44.5
鎌倉パスタ Dew阪急山田店,山田駅 55m,パスタ,,3.04,35,118,"￥1,000～￥1,999","￥1,000～￥1,999",大阪府吹田市山田西4-1-2,34.8047076,135.5153256,日本、〒565-0824 大阪府吹田市山田西４丁目１−２,,places,medium,ChIJJ9Lz6_X7AGARNEg_ya_pb6c,鎌倉パスタ Dew阪急山田店,日本、〒565-0824 大阪府吹田市山田西４丁目１−２,34.8047076,135.5153256,57.00,,0.0
いかり 王子店,山田駅 487m,コンビニ・スーパー,,3.13,15,92,-,-,大阪府吹田市山田西4-16-9,34.8025651,135.5210032,日本、〒565-0824 大阪府吹田市山田西３丁目５７−５,,places,medium,ChIJu7HjdlT7AGAR0lGeZQ18w30,いかり 王子店,日本、〒565-0824 大阪府吹田市山田西３丁目５７−５,34.8025651,135.5210032,57.00,,33.1
キッズカフェ ビーバンプ,吹田市,カフェ、バー、レストラン,,3,1,57,"￥2,000～￥2,999","￥1,000～￥1,999",大阪府吹田市山田西1-26-15 メゾンドールⅢ 2F,34.7900572,135.5294402,日本、〒565-0824 大阪府吹田市山田西１丁目２６−１５ アイキューブ南千里 2F,,places_auto_review,auto_override,ChIJjUMerl7jAGARSMldGv95mnI,ビーバンプ,日本、〒565-0824 大阪府吹田市山田西１丁目２６−１５ アイキューブ南千里 2F,34.7900572,135.5294402,35.45,AUTO_PLACE_OVERRIDE:distance_le_50m,8.4
吉野家 吹田山田店,吹田市,牛丼、カレー、食堂,,3.03,21,109,-,～￥999,大阪府吹田市山田西2-7-14,34.7959522,135.5271962,日本、〒565-0824 大阪府吹田市山田西２丁目７−１４,,places,medium,ChIJ9ctwrFfjAGARv68JyTN_DUM,吉野家 吹田山田店,日本、〒565-0824 大阪府吹田市山田西２丁目７−１４,34.7959522,135.5271962,57.00,,1.1
やきとり屋とりどーる 吹田店,山田駅 225m,焼き鳥、からあげ,,3.03,22,420,-,-,大阪府吹田市山田西4-1-20,34.8024948,135.5150801,日本、〒565-0824 大阪府吹田市山田西４丁目１−２０,,places_auto_review,auto_override,ChIJbTIOZwD7AGARAKBuxMLKb7A,とりどーる吹田,日本、〒565-0824 大阪府吹田市山田西４丁目１−２０,34.8024948,135.5150801,40.64,AUTO_PLACE_OVERRIDE:distance_le_50m,13.7
ドゥドゥ,山田駅 620m,パンケーキ、ケーキ,,3.06,9,265,-,"￥1,000～￥1,999",大阪府吹田市山田西3-57-18,34.8019486,135.5218135,日本、〒565-0824 大阪府吹田市山田西３丁目５７−１８,,places_auto_review,auto_override,ChIJq_qm7VT7AGAR72f4RZ4I1HQ,フリアンディーズ,日本、〒565-0824 大阪府吹田市山田西３丁目５７−１８,34.8019486,135.5218135,12.00,AUTO_PLACE_OVERRIDE:distance_le_50m,3.4
おうちごはんとおやつ Fu!,吹田市,食堂,,3.07,5,43,-,-,大阪府吹田市山田西1-21-3,34.7883232,135.5304485,日本、〒565-0824 大阪府吹田市山田西１丁目２１−３ ロイヤルハイツ千里 1階,,places,medium,ChIJL5V85PTjAGARCs6BX1DaBXQ,おうちごはんとおやつFu!,日本、〒565-0824 大阪府吹田市山田西１丁目２１−３ ロイヤルハイツ千里 1階,34.7883232,135.5304485,57.00,,0.0
タリーズコーヒー Dew阪急山田店,山田駅 55m,カフェ,,3.02,13,42,-,-,大阪府吹田市山田西4-1-2 デュー阪急山田 2F,34.8047076,135.5153256,日本、〒565-0824 大阪府吹田市山田西４丁目１−２ Dew阪急山田 2F,,places,medium,ChIJoQkO66T7AGAR4YTIZmNzyPk,タリーズコーヒー Dew阪急山田店,日本、〒565-0824 大阪府吹田市山田西４丁目１−２ Dew阪急山田 2F,34.8047076,135.5153256,60.00,,13.8
フリアンディーズ,山田駅 618m,ケーキ、カフェ,,3.18,41,2029,-,"￥1,000～￥1,999",大阪府吹田市山田西3-57-18,34.8019486,135.5218135,日本、〒565-0824 大阪府吹田市山田西３丁目５７−１８,,places,medium,ChIJq_qm7VT7AGAR72f4RZ4I1HQ,フリアンディーズ,日本、〒565-0824 大阪府吹田市山田西３丁目５７−１８,34.8019486,135.5218135,57.00,,3.4
不二家 デュー阪急山田店,山田駅 41m,ケーキ、洋菓子,,3.01,5,19,-,-,大阪府吹田市山田西4-1-2 Dew阪急山田 1F,34.8046048,135.5154103,日本、〒565-0824 大阪府吹田市山田西４丁目１−２ デュー阪急山田 1F,,places,medium,ChIJMft_Ri_7AGARVeU7jjmsa3w,不二家デュー阪急山田店,日本、〒565-0824 大阪府吹田市山田西４丁目１−２ デュー阪急山田 1F,34.8046048,135.5154103,60.00,,0.0
ブルーコーナー,吹田市,ケーキ,,3,5,148,-,-,大阪府吹田市山田西1-36-3,34.7901177,135.5266651,日本、〒565-0824 大阪府吹田市山田西１丁目３６−３,,places_auto_review,auto_override,ChIJ5XuFbwDjAGAR27mL9lfUvL8,ケーキショップ ブルーコーナー,日本、〒565-0824 大阪府吹田市山田西１丁目３６−３,34.7901177,135.5266651,32.45,AUTO_PLACE_OVERRIDE:distance_le_50m,14.0
神戸水野家 デュー阪急山田店,山田駅 75m,コロッケ,,3,4,67,-,-,大阪府吹田市山田西4-1-2 デュー阪急山田 1F,34.804917,135.515307,日本、〒565-0824 大阪府吹田市山田西４丁目１−２,,places,medium,ChIJxxvy3E_7AGARjaMx_BSj49c,神戸水野家 デュー阪急山田店,日本、〒565-0824 大阪府吹田市山田西４丁目１−２,34.804917,135.515307,57.00,,36.0
肉の専門店 たか橋 山田店,吹田市,その他,,,1,51,-,-,大阪府吹田市山田西2-6-3,34.795559,135.5279352,日本、〒565-0824 大阪府吹田市山田西２丁目６−２,,places,medium,ChIJ5wRnDFfjAGARRzv6LFHM3Jo,肉の専門店 たか橋 山田店,日本、〒565-0824 大阪府吹田市山田西２丁目６−２,34.795559,135.5279352,57.00,,0.7
鰻の寝床 うな福,吹田市,うなぎ,,3.15,23,350,"￥2,000～￥2,999","￥2,000～￥2,999",大阪府吹田市山田東2-9-14,34.7960055,135.5278305,日本、〒565-0821 大阪府吹田市山田東２丁目９−１４,,places,medium,ChIJO04FXifjAGARCOmbTgVyiP8,鰻の寝床 うな福,日本、〒565-0821 大阪府吹田市山田東２丁目９−１４,34.7960055,135.5278305,57.00,,1.7
磯一 山田店,万博記念公園駅 858m,居酒屋、海鮮、鍋,紀州をはじめとした日本全国の、産直の朝どれピチピチ天然魚や新鮮な食材が自慢！ご宴会にも◎,3.25,59,2719,"￥3,000～￥3,999",-,大阪府吹田市山田東4-1-9,34.8005765,135.5245442,日本、〒565-0821 大阪府吹田市山田東４丁目１−９,,places,medium,ChIJM1jjvKrkAGARL--GeODE34A,磯一 山田店,日本、〒565-0821 大阪府吹田市山田東４丁目１−９,34.8005765,135.5245442,57.00,,6.3
カレー&ナン Tandoor,吹田市,インドカレー、カフェ、居酒屋,,3.13,28,625,"￥1,000～￥1,999","￥1,000～￥1,999",大阪府吹田市山田東2-17-1,34.7982176,135.5260548,日本、〒565-0821 大阪府吹田市山田東２丁目１７−１,,places_auto_review,auto_override,ChIJaeDYHW3jAGARESnhBnUKDkc,カレー＆ナン Tandoor-タンドール- 山田東本店,日本、〒565-0821 大阪府吹田市山田東２丁目１７−１,34.7982176,135.5260548,34.50,AUTO_PLACE_OVERRIDE:distance_le_50m,0.6
セブンイレブン 吹田山田東１丁目店,吹田市,コンビニ・スーパー,,,1,,-,-,大阪府吹田市山田東1-38-1,34.7984952,135.5344733,日本、〒565-0821 大阪府吹田市山田東１丁目３８−１,,places,medium,ChIJU4JS50_jAGAR8L_84-pwE7A,セブン-イレブン 吹田山田東１丁目店,日本、〒565-0821 大阪府吹田市山田東１丁目３８−１,34.7984952,135.5344733,53.79,,7.2
curation,万博記念公園駅 878m,イタリアン,,3.6,79,6831,-,"￥1,000～￥1,999",大阪府吹田市山田東2-20-1,34.7989903,135.5284085,日本、〒565-0821 大阪府吹田市山田東２丁目２０−１,,places,medium,ChIJm3jl2lLjAGARea4QQHsYbpM,curation,日本、〒565-0821 大阪府吹田市山田東２丁目２０−１,34.7989903,135.5284085,57.00,,0.6
中国料理 温故知新,吹田市,中華料理、飲茶・点心、餃子,,3.28,36,881,"￥1,000～￥1,999",～￥999,大阪府吹田市山田東1-2-16,34.7932981,135.5325581,日本、〒565-0821 大阪府吹田市山田東１丁目１−２−１６,,places,medium,ChIJafSiDlvjAGAReig32GbHAjs,中国料理 温故知新,日本、〒565-0821 大阪府吹田市山田東１丁目１−２−１６,34.7932981,135.5325581,57.00,,14.0
いやしん坊,山田駅 589m,焼肉、ホルモン,,3.53,134,8986,"￥5,000～￥5,999","￥1,000～￥1,999",大阪府吹田市山田東4-41,34.8053038,135.5220706,日本、〒565-0821 大阪府吹田市山田東４丁目４１ ローレルハイツ千里 A101,,places_manual_review,manual_override,ChIJAU66m1b7AGARIxvShQn3f_U,焼肉工房 いやしん坊,日本、〒565-0821 大阪府吹田市山田東４丁目４１ ローレルハイツ千里 A101,34.8053038,135.5220706,37.00,MANUAL_PLACE_OVERRIDE,67.9
松竹堂 吹田山田本店,万博記念公園駅 892m,和菓子、大福,,3.65,484,15625,-,"￥2,000～￥2,999",大阪府吹田市山田東2-36-2,34.798793,135.528936,日本、〒565-0821 大阪府吹田市山田東２丁目３６−２,,places,medium,ChIJ7V27o1bjAGARI4Cn1Ky26wk,松竹堂 吹田山田本店,日本、〒565-0821 大阪府吹田市山田東２丁目３６−２,34.798793,135.528936,57.00,,1.5
Ami,山田駅 596m,カフェ,,3.06,6,188,-,～￥999,大阪府吹田市山田東4-10-3,34.8022485,135.5217749,日本、〒565-0821 大阪府吹田市山田東４丁目１０−３ コモン山田イースト,,places_auto_review,auto_override,ChIJlwwB9VT7AGAR0i8YqYqxOj0,珈琲倶楽部 Ａｍｉ,日本、〒565-0821 大阪府吹田市山田東４丁目１０−３ コモン山田イースト,34.8022485,135.5217749,12.00,AUTO_PLACE_OVERRIDE:distance_le_50m,17.3
IZAKAYA マウンテン,吹田市,串揚げ、居酒屋,,3.05,3,45,"￥3,000～￥3,999",-,大阪府吹田市山田東1-23-21,34.793924,135.535739,日本、〒565-0821 大阪府吹田市山田東１丁目２３−２１ 江口ビル,,places_auto_review,auto_override,ChIJdwSxfIDjAGARAVloq6_co3I,居酒屋マウンテン,日本、〒565-0821 大阪府吹田市山田東１丁目２３−２１ 江口ビル,34.793924,135.535739,27.00,AUTO_PLACE_OVERRIDE:distance_le_50m,2.2
トラットリア イル フィオレット,山田駅 452m,イタリアン,,3.26,29,4069,"￥8,000～￥9,999","￥8,000～￥9,999",大阪府吹田市山田東4-13-15 アパートメントカリーネ　１Ｆ,34.8048505,135.5206632,日本、〒565-0821 大阪府吹田市山田東４丁目１３−１５ 1F,,places,medium,ChIJZWuHAVT7AGARfKKZwx3-Ua4,トラットリア イル フィオレット,日本、〒565-0821 大阪府吹田市山田東４丁目１３−１５ 1F,34.8048505,135.5206632,57.00,,5.8
パセリ,吹田市,弁当,,3.02,4,92,-,-,大阪府吹田市山田東1-35-12,34.7970155,135.5354217,日本、〒565-0821 大阪府吹田市山田東１丁目３５−１２ サニーハイツ,,places_auto_review,auto_override,ChIJF-tcREXjAGARCFeMgnsGD68,お弁当屋さんパセリ,日本、〒565-0821 大阪府吹田市山田東１丁目３５−１２ サニーハイツ,34.7970155,135.5354217,27.00,AUTO_PLACE_OVERRIDE:distance_le_50m,3.1
スターバックス・コーヒー 吹田山田店,吹田市,カフェ,,3.08,56,263,～￥999,～￥999,大阪府吹田市山田東2-17-5,34.7985109,135.5259085,日本、〒565-0821 大阪府吹田市山田東２丁目１７−５,,places,medium,ChIJA6MfwVXjAGARnrY9SJD6so8,スターバックス コーヒー 吹田山田店,日本、〒565-0821 大阪府吹田市山田東２丁目１７−５,34.7985109,135.5259085,53.54,,4.9
良平,山田駅 517m,お好み焼き、ヨーロッパ料理,,3.02,6,94,-,-,大阪府吹田市山田東4-11-10,34.8031542,135.5211391,日本、〒565-0821 大阪府吹田市山田東４丁目１１−１０,,places,medium,ChIJL8LkxDz7AGARNAQ834kjUKc,良平,日本、〒565-0821 大阪府吹田市山田東４丁目１１−１０,34.8031542,135.5211391,57.00,,10.4
金車,山田駅 613m,寿司,,3.09,9,346,-,～￥999,大阪府吹田市山田東4-41,34.8052359,135.5223109,日本、〒565-0821 大阪府吹田市山田東４丁目４１,,places,medium,ChIJQxdLglb7AGARy3ttprVJ7fA,金車,日本、〒565-0821 大阪府吹田市山田東４丁目４１,34.8052359,135.5223109,57.00,,53.8
花車,吹田市,寿司,,3.04,3,44,-,-,大阪府吹田市山田東1-35-12,34.7969683,135.5354174,日本、〒565-0821 大阪府吹田市山田東１丁目３５−１２ サニーハイツ 1階,,places,medium,ChIJF-tcREXjAGAR-cgd1zTHIBM,花車,日本、〒565-0821 大阪府吹田市山田東１丁目３５−１２ サニーハイツ 1階,34.7969683,135.5354174,57.00,,3.3
アラウンドカフェ,山田駅 624m,カフェ,,3.04,4,112,-,-,大阪府吹田市山田東4-41 1F,34.8052542,135.5224313,日本、〒565-0821 大阪府吹田市山田東４丁目４１ ローレルハイツ A107,,places_auto_review,auto_override,ChIJ0U-Srmv7AGARYwrpiZ47L84,ARAUndCAFE,日本、〒565-0821 大阪府吹田市山田東４丁目４１ ローレルハイツ A107,34.8052542,135.5224313,12.00,AUTO_PLACE_OVERRIDE:distance_le_50m,44.7
しーちゃんのお店,吹田市,喫茶店,,,2,,-,-,大阪府吹田市山田東1-1-10,34.79339179999999,135.5343024,日本、〒565-0821 大阪府吹田市山田東１丁目１−１０,,places_auto_review,auto_override,ChIJMXJvHIHjAGARFF-WYhjPN18,しーちゃんのおみせ,日本、〒565-0821 大阪府吹田市山田東１丁目１−１０,34.79339179999999,135.5343024,43.50,AUTO_PLACE_OVERRIDE:distance_le_50m,2.8
津の田ミート 吹田山田店,万博記念公園駅 906m,ハンバーグ,,3.08,50,770,"￥2,000～￥2,999","￥2,000～￥2,999",大阪府吹田市山田東2-25-50,34.7996066,135.5253435,日本、〒565-0821 大阪府吹田市山田東２丁目２５−５０,,places,medium,ChIJ6XnFeADjAGARKSkSwPytPUM,津の田ミート 吹田山田店,日本、〒565-0821 大阪府吹田市山田東２丁目２５−５０,34.7996066,135.5253435,57.00,,2.3
パティスリー フリュイルージュ,吹田市,ケーキ,,3.06,10,224,-,-,大阪府吹田市山田東1-1-6,34.7934497,135.5344847,日本、〒565-0821 大阪府吹田市山田東１丁目１−６,,places,medium,ChIJ94OwTVvjAGARNuowgFVNG0w,パティスリー フリュイルージュ,日本、〒565-0821 大阪府吹田市山田東１丁目１−６,34.7934497,135.5344847,57.00,,4.9
おうちごはん grin,山田駅 603m,弁当,,3,1,38,-,-,大阪府吹田市山田東4-41,34.8052909,135.5221883,日本、〒565-0821 大阪府吹田市山田東４丁目４１,,places,medium,ChIJO7NEzz77AGARbcmC_cmHlrQ,おうちごはんgrin,日本、〒565-0821 大阪府吹田市山田東４丁目４１,34.8052909,135.5221883,57.00,,59.1
キャンドル,吹田市,喫茶店,,3.06,5,43,-,-,大阪府吹田市山田東2-1-2,34.7951602,135.528929,日本、〒565-0821 大阪府吹田市山田東２丁目１−２ 新小川ビル,,places,medium,ChIJ--8a5urjAGAR6RwfmLppJxk,キャンドル,日本、〒565-0821 大阪府吹田市山田東２丁目１−２ 新小川ビル,34.7951602,135.528929,57.00,,2.2
ほっともっと 吹田山田東店,吹田市,弁当,,3.01,1,20,-,-,大阪府吹田市山田東1-10-24,34.7948932,135.5294206,日本、〒565-0821 大阪府吹田市山田東１丁目１０−２４,,places,medium,ChIJ2ZTq6lDjAGARA3zmJ7IZopY,ほっともっと 吹田山田東店,日本、〒565-0821 大阪府吹田市山田東１丁目１０−２４,34.7948932,135.5294206,57.00,,5.5
寿堂,吹田市,からあげ,,3.02,2,22,-,～￥999,大阪府吹田市山田東1-18-20,34.7965831,135.5335614,日本、〒565-0821 大阪府吹田市山田東１丁目１８−２０ 赤テント旧いこい処マナ,,places_auto_review,auto_override,ChIJ625SQILjAGARaMJ5Vy-i3-M,ふんわりからあげとやさしいおやつ 寿堂,日本、〒565-0821 大阪府吹田市山田東１丁目１８−２０ 赤テント旧いこい処マナ,34.7965831,135.5335614,17.29,AUTO_PLACE_OVERRIDE:distance_le_50m,6.1
ドッグカフェ 向日葵,山田駅 452m,喫茶店,,3.02,1,20,-,-,大阪府吹田市山田東4-13-9,34.8049577,135.5205513,日本、〒565-0821 大阪府吹田市山田東４丁目１３−９,,places_auto_review,auto_override,ChIJLfANs1b7AGAROB1h3xgZVB8,向日葵,日本、〒565-0821 大阪府吹田市山田東４丁目１３−９,34.8049577,135.5205513,27.00,AUTO_PLACE_OVERRIDE:distance_le_50m,5.2
なななCrêpes,吹田市,クレープ・ガレット,,3.05,3,73,-,-,大阪府吹田市山田東1-23-21,34.793905,135.5357407,日本、〒565-0821 大阪府吹田市山田東１丁目２３−２１,,places,medium,ChIJUcnEqIbjAGARp6Qv-BLxd3I,なななCrepes,日本、〒565-0821 大阪府吹田市山田東１丁目２３−２１,34.793905,135.5357407,50.57,,0.7
カトマンドゥカリー PUJA 吹田店,吹田市,インド料理、インドカレー,アットホームな空間で一流シェフが手掛ける本場ネパールの味を再現した自家製手作りカレーを堪能,3.08,51,1017,"￥2,000～￥2,999",～￥999,大阪府吹田市山田南30-15,34.7909318,135.5377722,日本、〒565-0823 大阪府吹田市山田南３０−１５,,places,medium,ChIJRfDQzZ3jAGARJxAzdbScxLo,カトマンドゥカリー PUJA 吹田,日本、〒565-0823 大阪府吹田市山田南３０−１５,34.7909318,135.5377722,54.00,,18.4
うな豊 吹田店,吹田市,うなぎ,備長炭で香ばしく焼き上げる、仕込みからこだわった関西風うなぎと種類豊富な一品料理に舌鼓。,3.14,44,800,"￥4,000～￥4,999","￥4,000～￥4,999",大阪府吹田市山田南34-7,34.7920153,135.5367956,日本、〒565-0823 大阪府吹田市山田南３４−７,,places,medium,ChIJHcGmdp_jAGARubDj9kE2BGM,うなぎ処うな豊 吹田店,日本、〒565-0823 大阪府吹田市山田南３４−７,34.7920153,135.5367956,45.75,,8.5
寿司の刻 漁匠,吹田市,居酒屋、寿司,,3.3,43,883,"￥6,000～￥7,999","￥1,000～￥1,999",大阪府吹田市山田南30-12,34.7910086,135.5375842,日本、〒565-0823 大阪府吹田市山田南３０−１２,,places,medium,ChIJLyzHXELjAGARk2ahcEDCvUE,寿司の刻 漁匠,日本、〒565-0823 大阪府吹田市山田南３０−１２,34.7910086,135.5375842,57.00,,7.3
満賀利射亭,吹田市,うどん、そば,,3.07,11,50,～￥999,～￥999,大阪府吹田市山田南1-1,34.788459,135.538036,日本、〒565-0823 大阪府吹田市山田南１−１,,places,medium,ChIJEUTXrmnjAGAR7f1MxJzu3m0,満賀利射亭,日本、〒565-0823 大阪府吹田市山田南１−１,34.788459,135.538036,57.00,,34.3
衆楽,吹田市,うどん,,3.33,61,674,～￥999,"￥1,000～￥1,999",大阪府吹田市山田南1-1イズミヤ別館,34.7880496,135.5374252,日本、〒565-0823 大阪府吹田市山田南１−１,,places,medium,ChIJEUTXrmnjAGAR6hBrS6Y7VO4,衆楽,日本、〒565-0823 大阪府吹田市山田南１−１,34.7880496,135.5374252,53.00,,197.4
不二家 イズミヤ千里丘店,吹田市,ケーキ,,3.01,8,20,-,-,大阪府吹田市山田南1-1 イズミヤ千里丘店 1F,34.7884837,135.538499,日本、〒565-0823 大阪府吹田市山田南１−１ イズミヤ千里丘店 1F,,places,medium,ChIJN3znrmnjAGARB7FB6wU3ms8,不二家 イズミヤ千里丘店,日本、〒565-0823 大阪府吹田市山田南１−１ イズミヤ千里丘店 1F,34.7884837,135.538499,63.00,,8.5
三駒寿司,吹田市,寿司,,3.02,1,44,-,-,大阪府吹田市山田南21-7,34.7882096,135.5364683,日本、〒565-0823 大阪府吹田市山田南２１−７ コーポ樋口,,places,medium,ChIJq0bbSWjjAGAR2lDV1ik6bRg,三駒寿司,日本、〒565-0823 大阪府吹田市山田南２１−７ コーポ樋口,34.7882096,135.5364683,57.00,,12.2
パティスリー ミル プランタン,吹田市,ケーキ,,3.01,1,39,-,-,大阪府吹田市山田南30-10 光マンション 106,34.79118649999999,135.5374631,"光 マンション, 106, ３０-１０ 山田南 吹田市 大阪府 565-0823 日本",,places,medium,ChIJaSFwW0LjAGAR8GKdc7l6RcU,パティスリーミルプランタン,"光 マンション, 106, ３０-１０ 山田南 吹田市 大阪府 565-0823 日本",34.79118649999999,135.5374631,63.00,,6.0
ドトールコーヒーショップ イズミヤ千里丘店,吹田市,コーヒースタンド,,3.03,12,34,-,～￥999,大阪府吹田市山田南1-1,34.7883458,135.5383267,日本、〒565-0823 大阪府吹田市山田南１−１,,places,medium,ChIJKa_sj2njAGARtQzxEIYIWTM,ドトールコーヒーショップ イズミヤ千里丘店,日本、〒565-0823 大阪府吹田市山田南１−１,34.7883458,135.5383267,57.00,,18.5
レアリッチ,吹田市,パン、サンドイッチ,,3.08,11,136,-,-,大阪府吹田市山田南8-28,34.787469,135.5365787,日本、〒565-0823 大阪府吹田市山田南８,,places_auto_review,auto_override,ChIJnb_ldLTjAGARZ72GndOqHyY,レアリッチ 吹田店,日本、〒565-0823 大阪府吹田市山田南８,34.787469,135.5365787,40.12,AUTO_PLACE_OVERRIDE:distance_le_50m,12.5
からたこ家 千里丘店,吹田市,たこ焼き,,3,3,16,-,-,大阪府吹田市山田南1-1,34.7884837,135.538499,日本、〒565-0823 大阪府吹田市山田南１−１,,places_auto_review,auto_override,ChIJr4lbEX3jAGARSB5nxzc6MIM,からたこ家 イズミヤ千里丘店,日本、〒565-0823 大阪府吹田市山田南１−１,34.7884837,135.538499,43.15,AUTO_PLACE_OVERRIDE:distance_le_50m,8.5
ファミリーマート 吹田山田南店,吹田市,コンビニ・スーパー,,,4,,-,-,大阪府吹田市山田南30-4,34.7915966,135.5368961,日本、〒565-0823 大阪府吹田市山田南３０−４,,places,medium,ChIJSTIO02vjAGAR4gfTZ7M2QYw,ファミリーマート 吹田山田南店,日本、〒565-0823 大阪府吹田市山田南３０−４,34.7915966,135.5368961,57.00,,6.5
新富,吹田市,和菓子,,3.03,8,58,-,-,大阪府吹田市山田南20-23 オークヴィラ村上マンション? 1F,34.7876581,135.5359594,日本、〒565-0823 大阪府吹田市山田南４５−１８ オークヴィラ村上,,places_auto_review,auto_override,ChIJzRiWFevjAGARVUepn-ARMYw,オークヴィラ村上,日本、〒565-0823 大阪府吹田市山田南４５−１８ オークヴィラ村上,34.7876581,135.5359594,12.00,AUTO_PLACE_OVERRIDE:distance_le_50m,28.3
ひとつ家 千里丘店,吹田市,惣菜・デリ,,3,1,4,-,-,大阪府吹田市山田南1-1 イズミヤショッピングセンター千里丘,34.7890725,135.5391924,日本、〒565-0823 大阪府吹田市山田南１−１,,geocode_fallback,medium,ChIJqyay7TPjAGARGj40IV9gOC4,イズミヤ千里丘店,日本、〒565-0823 大阪府吹田市山田南１−１,34.7884981,135.5384081,27.00,LOW_PLACE_CONFIDENCE:low,96.0
肉工房 千里屋,吹田市,その他,,3,1,33,-,-,大阪府吹田市山田南1-1 イズミヤ千里丘 1F,34.7885022,135.5386667,日本、〒565-0823 大阪府吹田市山田南１−１ イズミヤ千里丘店 １階,,places_manual_review,manual_override,ChIJJ1R9iNbjAGARmP9okyXQKZY,千里屋 イズミヤ千里丘店,日本、〒565-0823 大阪府吹田市山田南１−１ イズミヤ千里丘店 １階,34.7885022,135.5386667,26.25,MANUAL_PLACE_OVERRIDE,79.5
銀や 千里丘店,吹田市,海鮮、居酒屋,,3.08,21,378,"￥4,000～￥4,999",-,大阪府吹田市山田南10番1号,34.7863299,135.5350901,日本、〒565-0823 大阪府吹田市山田南１０−１,,places_auto_review,auto_override,ChIJS22oh2jjAGARmFW0AURqKos,銀や,日本、〒565-0823 大阪府吹田市山田南１０−１,34.7863299,135.5350901,27.00,AUTO_PLACE_OVERRIDE:distance_le_50m,0.3
マクドナルド 千里丘イズミヤ店,吹田市,ハンバーガー,,3.03,12,21,～￥999,～￥999,大阪府吹田市山田南1-1 イズミヤ千里丘店 1F,34.7883423,135.5379497,日本、〒565-0823 大阪府吹田市山田南１−１,,places,medium,ChIJcaOEmmnjAGARP_eMK4LbAGg,マクドナルド 千里丘イズミヤ店,日本、〒565-0823 大阪府吹田市山田南１−１,34.7883423,135.5379497,57.00,,45.3
麺処 とりぱん 大阪店,吹田市,ラーメン,,3.28,86,1162,"￥1,000～￥1,999",～￥999,大阪府吹田市山田南30-12,34.7910787,135.5375403,日本、〒565-0823 大阪府吹田市山田南３０−１２,,places,medium,ChIJAQAsXULjAGARlKGwx6KrGJw,麺処 とりぱん 大阪店,日本、〒565-0823 大阪府吹田市山田南３０−１２,34.7910787,135.5375403,57.00,,2.3
バーミヤン 千里丘店,吹田市,ファミレス、中華料理,,3.05,47,192,"￥1,000～￥1,999","￥1,000～￥1,999",大阪府吹田市山田南1-1 イズミヤ千里丘店別館 １Ｆ,34.7879774,135.5373363,日本、〒565-0823 大阪府吹田市山田南１−１ イズミヤ千里丘店別館 １Ｆ,,places,medium,ChIJ16_SrmnjAGARFUkt8-QIwTg,バーミヤン 千里丘店,日本、〒565-0823 大阪府吹田市山田南１−１ イズミヤ千里丘店別館 １Ｆ,34.7879774,135.5373363,59.00,,113.7
cake farm,吹田市,ケーキ,,3.18,19,364,-,-,大阪府吹田市山田南52-16,34.7874349,135.5319758,日本、〒565-0823 大阪府吹田市山田南５２−１６,,places_auto_review,auto_override,ChIJfa5q21jjAGAREftA-QFGm5c,cake farm (ケイクファーム),日本、〒565-0823 大阪府吹田市山田南５２−１６,34.7874349,135.5319758,31.69,AUTO_PLACE_OVERRIDE:distance_le_50m,0.0
麺場 田所商店 千里丘店,吹田市,ラーメン,,3.33,134,1220,-,～￥999,大阪府吹田市山田南29-10,34.7897739,135.538887,日本、〒565-0823 大阪府吹田市山田南２９−１０,,places,medium,ChIJHer7QkzjAGARkugCbZ2WXIM,麺場 田所商店 千里丘店,日本、〒565-0823 大阪府吹田市山田南２９−１０,34.7897739,135.538887,57.00,,0.0
なっちゃん,吹田市,お好み焼き、たこ焼き、焼きそば,,,19,,"￥2,000～￥2,999",～￥999,大阪府吹田市山田南30-10,34.7912993,135.537493,日本、〒565-0823 大阪府吹田市山田南３０−１０ 光マンション 108A,,places_auto_review,auto_override,ChIJmSG1IQDjAGAR8F0SrzQ_BSU,お好み焼き鉄板焼き なっちゃん,日本、〒565-0823 大阪府吹田市山田南３０−１０ 光マンション 108A,34.7912993,135.537493,30.75,AUTO_PLACE_OVERRIDE:distance_le_50m,13.7
マザーバスケット 千里丘店,吹田市,パン、サンドイッチ,,3.01,13,75,-,-,大阪府吹田市山田南1-1 イズミヤ千里丘店１階,34.7886498,135.5391093,日本、〒565-0823 大阪府吹田市山田南１−１ イズミヤ千里丘店内,,places,medium,ChIJN3znrmnjAGARcDyMN3bV7HY,マザーバスケット千里丘店,日本、〒565-0823 大阪府吹田市山田南１−１ イズミヤ千里丘店内,34.7886498,135.5391093,57.00,,66.2
ディルクス イズミヤ千里丘店1Fフードコート,吹田市,インドカレー,,3.07,14,49,-,～￥999,大阪府吹田市山田南1-1 イズミヤ千里丘店 1Fフードコート,34.7884045,135.5380055,日本、〒565-0823 大阪府吹田市山田南１−１ イズミヤ千里丘店 565-0823,,places_auto_review,auto_override,ChIJC_jFqgjjAGARlSViAHfedOg,ディルクス イズミヤ千里丘店,日本、〒565-0823 大阪府吹田市山田南１−１ イズミヤ千里丘店 565-0823,34.7884045,135.5380055,44.25,AUTO_PLACE_OVERRIDE:distance_le_50m,38.2
イズミヤ 千里丘店,吹田市,コンビニ・スーパー,,,1,10,-,-,大阪府吹田市山田南1-1,34.7884981,135.5384081,日本、〒565-0823 大阪府吹田市山田南１−１,,places,medium,ChIJqyay7TPjAGARGj40IV9gOC4,イズミヤ千里丘店,日本、〒565-0823 大阪府吹田市山田南１−１,34.7884981,135.5384081,57.00,,0.0
無添くら寿司 千里丘店,吹田市,回転寿司,,3.04,27,125,"￥1,000～￥1,999","￥1,000～￥1,999",大阪府吹田市山田南1-1 別館　1Ｆ,34.78784940000001,135.5371831,日本、〒565-0823 大阪府吹田市山田南１−１ イズミヤ別館 1F,,places,medium,ChIJ4QzWqGnjAGARa6DQs05qNfo,くら寿司 千里丘店,日本、〒565-0823 大阪府吹田市山田南１−１ イズミヤ別館 1F,34.78784940000001,135.5371831,47.00,,133.1
ピザハット 南千里店,吹田市,ピザ,,3,2,7,-,-,大阪府吹田市山田南30-35,34.7900333,135.5380304,日本、〒565-0823 大阪府吹田市山田南３０−３５ セントラル山田南,,geocode_fallback,medium,ChIJ2bycdULjAGARytPv1mpW5RM,ピザハット 吹田岸部店,日本、〒564-0001 大阪府吹田市岸部北５丁目２０−５,34.7857749,135.5347965,24.77,LOW_PLACE_CONFIDENCE:low,558.1
リンガーハット イズミヤ千里丘店,吹田市,ちゃんぽん,,3.03,18,66,-,～￥999,大阪府吹田市山田南1-1,34.7884981,135.5384081,日本、〒565-0823 大阪府吹田市山田南１−１ イズミヤ千里丘 1F フードコート,,places,medium,ChIJ-cHdj2njAGAREpKR2jVgrG4,リンガーハット イズミヤ千里丘店,日本、〒565-0823 大阪府吹田市山田南１−１ イズミヤ千里丘 1F フードコート,34.7884981,135.5384081,57.00,,0.0
味平,吹田市,中華料理,,3.01,3,48,-,-,大阪府吹田市山田南30-10,34.7912234,135.5375056,日本、〒565-0823 大阪府吹田市山田南３０−１０,,places_auto_review,auto_override,ChIJY79BW0LjAGARSaOoQBE53ZQ,中華料理 味平,日本、〒565-0823 大阪府吹田市山田南３０−１０,34.7912234,135.5375056,27.00,AUTO_PLACE_OVERRIDE:distance_le_50m,9.9
しゃぶバー柏木,吹田市,しゃぶしゃぶ、もつ鍋、バー,,3.18,30,772,"￥4,000～￥4,999","￥1,000～￥1,999",大阪府吹田市山田南45-15,34.7881131,135.5361965,日本、〒565-0823 大阪府吹田市山田南４５−１５,,places,medium,ChIJH0BlR2jjAGAR_E6fw9l_ClE,しゃぶバー柏木,日本、〒565-0823 大阪府吹田市山田南４５−１５,34.7881131,135.5361965,57.00,,6.7
肉工房 千里屋 イズミヤ千里丘店,吹田市,その他,,,1,8,-,-,大阪府吹田市山田南1-1 イズミヤ千里丘店 1F,34.7885022,135.5386667,日本、〒565-0823 大阪府吹田市山田南１−１ イズミヤ千里丘店 １階,,places,medium,ChIJJ1R9iNbjAGARmP9okyXQKZY,千里屋 イズミヤ千里丘店,日本、〒565-0823 大阪府吹田市山田南１−１ イズミヤ千里丘店 １階,34.7885022,135.5386667,48.75,,23.6
coffee＋bar uka,吹田市,バー、カフェ,,3.03,2,16,-,-,大阪府吹田市山田南32-8,34.7908484,135.5363896,日本、〒565-0823 大阪府吹田市山田南３２−８,,places,medium,ChIJo6oop0DjAGARsHkPA7EcQds,coffee+bar uka,日本、〒565-0823 大阪府吹田市山田南３２−８,34.7908484,135.5363896,48.82,,4.6
そば太鼓亭 吹田山田店,吹田市,うどん、そば,,3.08,59,338,"￥1,000～￥1,999",～￥999,大阪府吹田市山田南14-4,34.7864256,135.5335135,日本、〒565-0823 大阪府吹田市山田南１４−４,,places,medium,ChIJ_5d1x2fjAGARwYyX2SUxInw,そば太鼓亭 吹田山田店,日本、〒565-0823 大阪府吹田市山田南１４−４,34.7864256,135.5335135,57.00,,1.8
器酒亭,豊津駅 42m,カフェ、バル,,3.08,15,884,"￥2,000～￥2,999",-,大阪府吹田市山手町2-7-7,34.7645535,135.5093207,日本、〒564-0073 大阪府吹田市山手町２丁目７−７ ドミニオン豊津Ⅱ 101,,places,medium,ChIJEdoPaIzkAGAReZFSJN5Tngo,器酒亭,日本、〒564-0073 大阪府吹田市山手町２丁目７−７ ドミニオン豊津Ⅱ 101,34.7645535,135.5093207,57.00,,13.1
Holly's Cafe 豊津駅前店,豊津駅 65m,カフェ、喫茶店,,3.03,16,98,-,～￥999,大阪府吹田市山手町2-6-3 アッシュフォルテ1F,34.7641241,135.5100875,日本、〒564-0073 大阪府吹田市山手町２丁目６−３ アッシュホルテ 1F,,places_auto_review,auto_override,ChIJT70DDYzkAGARvc057IjyI6k,ホリーズカフェ 豊津駅前店,日本、〒564-0073 大阪府吹田市山手町２丁目６−３ アッシュホルテ 1F,34.7641241,135.5100875,22.23,AUTO_PLACE_OVERRIDE:distance_le_50m,7.5
Hilo’s Wagon,関大前駅 580m,スイーツ、ピザ、タコス,,,1,1,-,-,大阪府吹田市山手町3-3-35 関西大学 千里山キャンパス,34.7732731,135.5107369,日本、〒564-8680 大阪府吹田市山手町３丁目３−３５,,places_auto_review,auto_override,ChIJWbsdaZPkAGARrTM_t893pk0,関西大学 千里山キャンパス,日本、〒564-8680 大阪府吹田市山手町３丁目３−３５,34.7732731,135.5107369,12.00,AUTO_PLACE_OVERRIDE:distance_le_50m,0.0
華匠庵,豊津駅 232m,和菓子、ケーキ,,3.01,3,52,-,-,大阪府吹田市山手町1-7-27,34.7655811,135.5112016,日本、〒564-0073 大阪府吹田市山手町１丁目７−２７,,places,medium,ChIJJ5Ein47kAGARmM6XYrLlxnw,華匠庵,日本、〒564-0073 大阪府吹田市山手町１丁目７−２７,34.7655811,135.5112016,57.00,,7.6
シーユーアゲインやきやきルーム,豊津駅 36m,お好み焼き,,3,1,12,-,-,大阪府吹田市山手町2-7-7,34.7644843,135.5094039,日本、〒564-0073 大阪府吹田市山手町２丁目７−７ ドミニオン豊津 II,,places,medium,ChIJrTGraYzkAGARbT1D6OIHakw,シーユーアゲインやきやきルーム,日本、〒564-0073 大阪府吹田市山手町２丁目７−７ ドミニオン豊津 II,34.7644843,135.5094039,57.00,,6.1
ツチcafe,関大前駅 550m,カフェ,,3.08,12,235,-,～￥999,大阪府吹田市山手町3-31-13 マンション風 2F,34.7718621,135.5119752,日本、〒564-0073 大阪府吹田市山手町３丁目３１−１３ マンション風 2F,,places_auto_review,auto_override,ChIJRZmPfUXlAGARczVtZdQvAJU,ツチカフェ,日本、〒564-0073 大阪府吹田市山手町３丁目３１−１３ マンション風 2F,34.7718621,135.5119752,28.00,AUTO_PLACE_OVERRIDE:distance_le_50m,6.2
楽楽 阪急豊津駅店,豊津駅 38m,お好み焼き,,3.08,13,125,-,～￥999,大阪府吹田市山手町2-7-3,34.764203,135.5098317,日本、〒564-0073 大阪府吹田市山手町２丁目７,,places_auto_review,auto_override,ChIJo-WxcozkAGARWQJqSoDjwVY,楽楽,日本、〒564-0073 大阪府吹田市山手町２丁目７,34.764203,135.5098317,18.43,AUTO_PLACE_OVERRIDE:distance_le_50m,4.0
花パン製作所,豊津駅 41m,パン,,3.23,32,1371,"￥1,000～￥1,999","￥1,000～￥1,999",大阪府吹田市山手町2-7-3,34.7641817,135.5098193,日本、〒564-0073 大阪府吹田市山手町２丁目７−３,,places_auto_review,auto_override,ChIJmbVpaInlAGAR-pqVlFdGItI,花パン製作所 Panetteria Hanapan,日本、〒564-0073 大阪府吹田市山手町２丁目７−３,34.7641817,135.5098193,31.29,AUTO_PLACE_OVERRIDE:distance_le_50m,2.0
TRAUBERT'S,豊津駅 155m,バー,,3.03,2,50,-,-,大阪府吹田市山手町2-1-5,34.7648862,135.5108679,日本、〒564-0073 大阪府吹田市山手町２丁目１−５,,places,medium,ChIJVVX5HIzkAGARjSw-BnmTA40,TRAUBERT'S,日本、〒564-0073 大阪府吹田市山手町２丁目１−５,34.7648862,135.5108679,57.00,,1.6
カノビアーノ アネックス,江坂駅 688m,イタリアン、パスタ、ダイニングバー,オリーブオイルを使った和食のような、イタリア料理の神髄を五感で味わう,3.63,165,8552,"￥8,000～￥9,999","￥4,000～￥4,999",大阪府吹田市芳野町13-10 アメニティ江坂内　MiaViaアトリエ棟1F,34.755177,135.490785,日本、〒564-0054 大阪府吹田市芳野町１３−１０ MiaViaアトリエ棟,,places,medium,ChIJKSFQIfzkAGARpqUN1TXuG20,カノビアーノ・アネックス,日本、〒564-0054 大阪府吹田市芳野町１３−１０ MiaViaアトリエ棟,34.755177,135.490785,48.50,,116.2
翠園,江坂駅 863m,中華料理、飲茶・点心、中華粥,モダンチャイニーズと繊細さの融合。伝統と革新が響き合う広東料理を、レトロな美空間で愉しむ,3.38,86,10163,"￥10,000～￥14,999","￥2,000～￥2,999",大阪府吹田市芳野町13-45 アメニティ江坂内,34.7530091,135.4904844,日本、〒564-0054 大阪府吹田市芳野町１３−４５,,places_manual_review,manual_override,ChIJH57u-v7kAGARgkwIOmVcNPc,中国料理 翠園,日本、〒564-0054 大阪府吹田市芳野町１３−４５,34.7530091,135.4904844,23.00,MANUAL_PLACE_OVERRIDE,224.5
LIBRE,江坂駅 520m,カレー,【江坂駅5分】熟成キーマカレー専門店◆コクと旨味がクセになる新しい味！お仕事終わりにも◎,3.06,7,206,"￥1,000～￥1,999","￥1,000～￥1,999",大阪府吹田市芳野町1-23 MODERN BUREAU 101,34.7574945,135.4915336,日本、〒564-0054 大阪府吹田市芳野町１−２３ MODERN BUREAU 101,,places,medium,ChIJH6e3CADlAGAREAxGE4R4n00,LIBRE リーブル,日本、〒564-0054 大阪府吹田市芳野町１−２３ MODERN BUREAU 101,34.7574945,135.4915336,46.00,,1.3
アニヴェルセル 江坂,江坂駅 833m,結婚式場,,3.06,14,121,-,-,大阪府吹田市芳野町14-1,34.7526554,135.4915769,日本、〒564-0054 大阪府吹田市芳野町１４−１,,places_auto_review,auto_override,ChIJL08EMP_kAGARy-OiAP6FKNk,アニヴェルセル江坂（新大阪）,日本、〒564-0054 大阪府吹田市芳野町１４−１,34.7526554,135.4915769,39.69,AUTO_PLACE_OVERRIDE:distance_le_50m,10.5
江坂食堂,江坂駅 842m,食堂、うどん,,3.05,31,141,～￥999,"￥1,000～￥1,999",大阪府吹田市芳野町14-13,34.7525451,135.4908308,日本、〒564-0054 大阪府吹田市芳野町１４−２９,,places_auto_review,auto_override,ChIJkbvbGP_kAGARRZuXEOY3ByQ,まいどおおきに食堂 江坂食堂,日本、〒564-0054 大阪府吹田市芳野町１４−２９,34.7525451,135.4908308,30.00,AUTO_PLACE_OVERRIDE:distance_le_50m,26.3
sweet night ice 江坂店,江坂駅 522m,ジェラート・アイスクリーム,,3.05,7,90,～￥999,-,大阪府吹田市芳野町1-23,34.7574938,135.4915342,日本、〒564-0054 大阪府吹田市芳野町１−２３ MODERN BUREAU 103,,places,medium,ChIJAyvVLzPlAGARkefZuHMp26U,sweet night ice 江坂店,日本、〒564-0054 大阪府吹田市芳野町１−２３ MODERN BUREAU 103,34.7574938,135.4915342,57.00,,1.4
ミスタードーナツ 江坂芳野町ショップ,江坂駅 813m,カフェ、ドーナツ、ジェラート・アイスクリーム,,3.07,60,403,-,～￥999,大阪府吹田市芳野町5-32 1F,34.7567708,135.4884484,日本、〒564-0054 大阪府吹田市芳野町５−３２,,places,medium,ChIJre9SbP3kAGARUHaidHYUwpw,ミスタードーナツ 江坂芳野町ショップ,日本、〒564-0054 大阪府吹田市芳野町５−３２,34.7567708,135.4884484,57.00,,19.0
ダスキンミュージアム,江坂駅 813m,その他,,3.09,23,117,-,-,大阪府吹田市芳野町5-32,34.7569364,135.4884075,日本、〒564-0054 大阪府吹田市芳野町５−３２,,places,medium,ChIJbXMxbP3kAGARvmRtr409eh8,ダスキンミュージアム,日本、〒564-0054 大阪府吹田市芳野町５−３２,34.7569364,135.4884075,57.00,,24.9
ル・ジャルダン,江坂駅 872m,中華料理,,3.07,15,209,-,"￥2,000～￥2,999",大阪府吹田市芳野町13-45 アメニティ江坂内,34.7529627,135.4903989,日本、〒564-0054 大阪府吹田市芳野町１３−４５ アメニティ江坂内,,places,medium,ChIJH57u-v7kAGARrc3PuIsbHmQ,ル・ジャルダン,日本、〒564-0054 大阪府吹田市芳野町１３−４５ アメニティ江坂内,34.7529627,135.4903989,56.00,,226.6
テニスレストラン,江坂駅 794m,食堂、喫茶店,,3.01,1,20,-,-,大阪府吹田市芳野町13-50 江坂テニスセンター,34.7537861,135.4899176,日本、〒564-0054 大阪府吹田市芳野町１３−５０,,places_auto_review,auto_override,ChIJucnqif7kAGARTFRx2O9622M,江坂テニスセンター,日本、〒564-0054 大阪府吹田市芳野町１３−５０,34.7537861,135.4899176,27.00,AUTO_PLACE_OVERRIDE:distance_le_50m,0.0
ミアヴィア,江坂駅 721m,結婚式場、イタリアン,,3.17,18,79,-,-,大阪府吹田市芳野町13-8 アメニティ 江坂内,34.7552729,135.4901852,日本、〒564-0054 大阪府吹田市芳野町１３−８,,places_manual_review,manual_override,ChIJ270YMfzkAGAR01oFeJ_VmN0,Mia Via,日本、〒564-0054 大阪府吹田市芳野町１３−８,34.7552729,135.4901852,12.00,MANUAL_PLACE_OVERRIDE,71.4
グリーンガーデン,江坂駅 971m,洋食、喫茶店,,3.04,3,13,-,"￥1,000～￥1,999",大阪府吹田市芳野町13-90 江坂ゴルフセンター内,34.7530477,135.4889807,日本、〒564-0054 大阪府吹田市芳野町１３−９０,,places_auto_review,auto_override,ChIJC6SYpv3kAGARZRVmRG4VBVI,江坂ゴルフセンター,日本、〒564-0054 大阪府吹田市芳野町１３−９０,34.7530477,135.4889807,18.92,AUTO_PLACE_OVERRIDE:distance_le_50m,25.7
ゴルフレストラン,江坂駅 958m,食堂、そば、うどん,,3.01,5,17,-,-,大阪府吹田市芳野町13-90 江坂ゴルフセンター内,34.7531778,135.4888995,日本、〒564-0054 大阪府吹田市芳野町１３−９０ 江坂ゴルフセンタ 内,,places_auto_review,auto_override,ChIJo5To3P3kAGAR4_BtwE0B9aQ,江坂ゴルフセンター レストラン,日本、〒564-0054 大阪府吹田市芳野町１３−９０ 江坂ゴルフセンタ 内,34.7531778,135.4888995,39.69,AUTO_PLACE_OVERRIDE:distance_le_50m,9.5
江坂イタリアン ラッポルティ,江坂駅 228m,イタリアン、パスタ、ピザ,【江の木公園向かい】開放的な空間と素材にも味にもこだわったシェフ自慢のイタリアンは絶品♪,3.44,255,12569,"￥3,000～￥3,999","￥1,000～￥1,999",大阪府吹田市江ノ木町2-32,34.7571027,135.4953324,日本、〒564-0053 大阪府吹田市江の木町２−３２ フレアコート1階,,places,medium,ChIJlbVxJ_rkAGARgH0PM5xoyjY,江坂イタリアン ラッポルティ,日本、〒564-0053 大阪府吹田市江の木町２−３２ フレアコート1階,34.7571027,135.4953324,57.00,,0.0
和食さと 吹田岸部店,吹田市,ファミレス、日本料理、しゃぶしゃぶ,,3.03,27,146,"￥1,000～￥1,999",～￥999,大阪府吹田市岸辺北5-19-3,34.78597269999999,135.5351877,日本、〒564-0001 大阪府吹田市岸部北５丁目１９−３,,places,medium,ChIJIVh2hWjjAGARLw8njUmgaTk,和食さと 吹田岸部店,日本、〒564-0001 大阪府吹田市岸部北５丁目１９−３,34.78597269999999,135.5351877,57.00,,11.6
炭 style,岸辺駅 160m,居酒屋,,,2,127,"￥4,000～￥4,999",-,大阪府吹田市岸辺南1-25-14,34.7756586,135.5420361,日本、〒564-0011 大阪府吹田市岸部南１丁目２５−１４,,places,medium,ChIJP5uq6k7jAGARSoQDsyh-GB4,炭.style,日本、〒564-0011 大阪府吹田市岸部南１丁目２５−１４,34.7756586,135.5420361,50.57,,3.3
丹波屋 吹田店,吹田（ＪＲ）駅 204m,和菓子,,3.01,3,31,-,-,大阪府吹田市旭町14-1,34.7616284,135.5247634,日本、〒564-0027 大阪府吹田市朝日町１４−１,,places_manual_review,manual_override,ChIJ92AUq3jkAGARm_eZQavt08k,おはぎの丹波屋 吹田店,日本、〒564-0027 大阪府吹田市朝日町１４−１,34.7616284,135.5247634,35.00,MANUAL_PLACE_OVERRIDE,152.1
Lien,吹田市,パン,,3.08,10,91,-,-,大阪府吹田市五月ヶ丘北2-52 千里スカイラーク113号,34.7897882,135.5246567,日本、〒565-0834 大阪府吹田市五月が丘北２−５２,,places_auto_review,auto_override,ChIJ6dMu9XXlAGARcOM1KnN4eR0,Lien リアン,日本、〒565-0834 大阪府吹田市五月が丘北２−５２,34.7897882,135.5246567,37.71,AUTO_PLACE_OVERRIDE:distance_le_50m,19.3
ラーメン 工藤,岸辺駅 233m,ラーメン,,3.56,298,8230,～￥999,～￥999,大阪府吹田市岸辺南1-24-8,34.7751413,135.5424838,日本、〒564-0011 大阪府吹田市岸部南１丁目２４−８,,places,medium,ChIJv1BjibXjAGARGzRivCiZKIE,ラーメン工藤,日本、〒564-0011 大阪府吹田市岸部南１丁目２４−８,34.7751413,135.5424838,57.00,,21.0
純華楼 江坂店,江坂駅 438m,中華料理、四川料理,,3.33,78,4932,"￥2,000～￥2,999",～￥999,大阪府吹田市江坂江の木町8-12 足立第二ビル 1F,34.756799,135.4926906,日本、〒564-0053 大阪府吹田市江の木町８−１２,,places,medium,ChIJrQul04zlAGARhO37ymx5g5k,純華楼 江坂店,日本、〒564-0053 大阪府吹田市江の木町８−１２,34.756799,135.4926906,57.00,,9.6
焼肉味園 江坂駅前店,江坂駅 74m,焼肉,,3.56,77,2326,"￥5,000～￥5,999","￥1,000～￥1,999",大阪府吹田市豊津9-15 日本興業ビル 3F,34.7580208,135.4966893,日本、〒564-0051 大阪府吹田市豊津町９−１５ 日本興業ビル ３階,,places,medium,ChIJ_V5gHRTlAGAROtnq8dDWxxQ,焼肉味園 江坂駅前店,日本、〒564-0051 大阪府吹田市豊津町９−１５ 日本興業ビル ３階,34.7580208,135.4966893,60.00,,27.6
キャッスル,豊津駅 862m,パン、サンドイッチ、洋菓子,,3.08,14,287,-,-,大阪府吹田市 南金田1-3-30,34.7566517,135.5072106,日本、〒564-0044 大阪府吹田市南金田１丁目３−３０,,places,medium,ChIJ63y4bmDkAGAR_Vj4vlOmTOQ,キャッスル,日本、〒564-0044 大阪府吹田市南金田１丁目３−３０,34.7566517,135.5072106,60.00,,9.4
LAWSON 吹田岸部北三丁目店,岸辺駅 786m,コンビニ・スーパー,,,1,2,-,-,大阪府吹田市岸辺北3-2-24,34.7811785,135.5346586,日本、〒564-0001 大阪府吹田市岸部北３丁目２−２４,,places_auto_review,auto_override,ChIJp2kiiG_jAGARtz-y2ev55tc,ローソン 吹田岸部北三丁目店,日本、〒564-0001 大阪府吹田市岸部北３丁目２−２４,34.7811785,135.5346586,33.32,AUTO_PLACE_OVERRIDE:distance_le_50m,2.5
桂宝,吹田（ＪＲ）駅 290m,中華料理,,3.17,16,232,-,"￥1,000～￥1,999",大阪府吹田市朝日町18-2,34.7609867,135.5252425,日本、〒564-0027 大阪府吹田市朝日町１８−２,,places_auto_review,auto_override,ChIJxwJzX4fjAGARhGZCAzfJBUs,中華料理 桂宝（けいほう）,日本、〒564-0027 大阪府吹田市朝日町１８−２,34.7609867,135.5252425,19.50,AUTO_PLACE_OVERRIDE:distance_le_50m,2.2
かもん,岸辺駅 179m,居酒屋,,3.07,8,231,-,-,大阪府吹田市岸辺南2-2-15 サンハイツ岸辺 1F,34.7758549,135.5403969,日本、〒564-0011 大阪府吹田市岸部南２丁目２−１５,,places,medium,ChIJPcmDNXTjAGAR_cfzUY5Ehvk,かもん,日本、〒564-0011 大阪府吹田市岸部南２丁目２−１５,34.7758549,135.5403969,57.00,,11.9
LAWSON 吹田岸部中五丁目店,岸辺駅 560m,コンビニ・スーパー,,3.07,1,1,-,-,大阪府吹田市岸辺中5-19-7,34.7818892,135.5397658,日本、〒564-0002 大阪府吹田市岸部中５丁目１９−７,,places_auto_review,auto_override,ChIJwXFLIADjAGARj6uWKXPZ-ZU,ローソン 吹田岸部中五丁目店,日本、〒564-0002 大阪府吹田市岸部中５丁目１９−７,34.7818892,135.5397658,33.32,AUTO_PLACE_OVERRIDE:distance_le_50m,2.6
料理とお酒 晴ル,吹田市,日本料理、海鮮,,3.01,2,199,-,-,大阪府吹田市五月ケ丘東13-3,34.7886906,135.5292682,日本、〒565-0831 大阪府吹田市五月が丘東１３−３,,places,medium,ChIJBXyUj17jAGAR1Tj25tDFdwc,料理とお酒 晴ル,日本、〒565-0831 大阪府吹田市五月が丘東１３−３,34.7886906,135.5292682,57.00,,0.7
クリーム本舗 吹田店,吹田市,洋菓子,,3,1,16,-,-,大阪府吹田市五月ヶ丘東13-18,34.788512,135.5296841,日本、〒565-0831 大阪府吹田市五月が丘東１３−１８−２０５,,places,medium,ChIJFYtcLVTjAGARB-jCaRFwa0w,クリーム本舗 吹田店,日本、〒565-0831 大阪府吹田市五月が丘東１３−１８−２０５,34.788512,135.5296841,57.00,,7.0
Dining つくも,江坂駅 100m,居酒屋,,,20,,-,-,大阪府吹田市豊津9-15 日本興業ビル 3F,34.7578173,135.4965156,日本、〒564-0051 大阪府吹田市豊津町９−１５ 3f,,geocode_fallback,medium,ChIJXeRnQQTlAGARDws-40voiOw,十刻者,日本、〒564-0051 大阪府吹田市豊津町１８−２１,34.7582366,135.4915869,4.00,LOW_PLACE_CONFIDENCE:low,452.7
