通し番号A,店の名前,駅からの距離,店のカテゴリ(キーワード),紹介文,評価,コメント数,ブックマーク数,夜の予算,昼の予算,住所,緯度,経度
1,街のCafe,豊中市,カフェ,,,1,,-,-,大阪府豊中市赤阪1-1-9-1,34.7861159,135.4766837
2,もくもく亭 豊中店,豊中市,焼肉,,3.16,35,731,"￥4,000～￥4,999",-,大阪府豊中市赤阪1丁目1-17,34.7866801,135.4772269
3,BAR GEAR,豊中市,バー,,3.02,1,53,"￥2,000～￥2,999",-,大阪府豊中市旭丘5-104,34.7875643,135.4821891
4,ガスト 豊中旭丘店,豊中市,ファミレス,,3.03,18,78,"￥1,000～￥1,999",～￥999,大阪府豊中市旭丘4-130,34.7875625,135.481628
5,キャコタ,豊中市,たこ焼き、お好み焼き,,3.06,9,103,"￥2,000～￥2,999","￥1,000～￥1,999",大阪府豊中市旭丘5-105,34.7876295,135.4822147
6,米俵,豊中市,中華料理、食堂、喫茶店,,3.03,5,58,-,-,大阪府豊中市旭丘1-12,34.7862843,135.4785866
7,いかり 豊中店,豊中市,コンビニ・スーパー,,3.07,4,18,"￥1,000～￥1,999","￥1,000～￥1,999",大阪府豊中市旭丘1-12,34.7863889,135.4783333
8,Cafe claps,園田駅 887m,カフェ,,3.12,15,387,-,"￥1,000～￥1,999",大阪府豊中市今在家町8-6,34.7547342,135.4570917
9,ペコーラパーラ,豊中市,カフェ、ケーキ,,3.21,30,929,-,"￥1,000～￥1,999",大阪府豊中市今在家町20-6,34.752929,135.4591562
10,鮨 こだん,少路（大阪モノレール）駅 523m,寿司,,3.48,23,1542,"￥10,000～￥14,999","￥10,000～￥14,999",大阪府豊中市上野坂2-1-19,34.8004185,135.4720792
11,ギュルリーシュシュ,少路（大阪モノレール）駅 592m,カフェ,,,21,,-,-,大阪府豊中市上野坂1-4-10,34.7990134,135.4764952
12,Bleu Bar,少路（大阪モノレール）駅 494m,バー,,3.04,3,67,"￥3,000～￥3,999",-,大阪府豊中市上野坂2-1-7 パルシェ上野坂 1F,34.800928,135.4718223
13,凡夫 ウエノサカ,少路（大阪モノレール）駅 493m,居酒屋,,3.14,7,324,"￥6,000～￥7,999",-,大阪府豊中市上野坂2-1-7 パルシェ上野坂 104,34.8008699,135.4718036
14,凡夫 ウエノサカ,少路（大阪モノレール）駅 501m,居酒屋、日本料理,,3.14,12,402,"￥3,000～￥3,999",-,大阪府豊中市上野坂2-1-7 パルシェ上野坂 1F,34.8008699,135.4718036
15,cafe 308,少路（大阪モノレール）駅 495m,カフェ,,3.02,3,514,-,-,大阪府豊中市上野坂2-1-7 パルシェ上野坂 202,34.8009061,135.4718019
16,きまぐれ,少路（大阪モノレール）駅 472m,バー,,,10,,-,-,大阪府豊中市上野坂2-3-3 エルベラーノ上野坂,34.8012145,135.471839
17,カルチャー&ブックカフェ ピコ,少路（大阪モノレール）駅 472m,カフェ,,3.02,1,14,-,-,大阪府豊中市上野坂2-3-3 エルベラーノ上野坂 1F,34.8012145,135.471839
18,シープ・シープ,豊中市,パン,,3.36,48,1036,～￥999,-,大阪府豊中市上野西2丁目19-3,34.7954211,135.471827
19,お出汁の薫る家庭料理 あきゑ,豊中駅 979m,居酒屋,,3.03,6,150,-,-,大阪府豊中市上野西2-2-30,34.7925211,135.4701468
20,スンドゥブ専門店 K.A.M,少路（大阪モノレール）駅 500m,韓国料理,,3.47,255,9398,"￥1,000～￥1,999","￥1,000～￥1,999",大阪府豊中市上野西3-17-18,34.8011618,135.4715105
21,54closet,少路（大阪モノレール）駅 752m,ケーキ,,3.06,4,117,-,～￥999,大阪府豊中市上野西3-13-62,34.7980512,135.4721799
22,満留美,豊中市,日本料理、寿司,,3.1,9,126,-,-,大阪府豊中市上野西1-13-7,34.7948479,135.471496
23,北摂ポテトsecond,豊中市,惣菜・デリ,,3.04,3,143,-,-,大阪府豊中市上野西1-13-12 豊高前ビル 1F,34.7951442,135.4716928
24,ルプリュス,少路（大阪モノレール）駅 754m,カフェ、ワインバー,,3.13,19,511,-,-,大阪府豊中市上野西3-13-62,34.7980313,135.4721861
25,創作和食とよ吉,豊中市,創作料理、日本料理,,3.07,12,400,"￥5,000～￥5,999","￥2,000～￥2,999",大阪府豊中市上野西1-8-17 エルパティオ・コイデ 2F,34.7929344,135.4723735
26,やすまさ,豊中駅 977m,日本料理,,3.06,11,313,"￥6,000～￥7,999",-,大阪府豊中市上野西1-1-25,34.789279,135.471861
27,ファミリーマート 豊中上野西店,豊中市,コンビニ・スーパー,,3.02,1,2,-,-,大阪府豊中市上野西2-4-20,34.7941878,135.4709972
28,みうらんど,少路（大阪モノレール）駅 700m,イタリアン、カフェ、バー,,3.07,23,566,-,"￥1,000～￥1,999",大阪府豊中市上野西3-13-15,34.7986696,135.4719361
29,餃子 さわ藤,少路（大阪モノレール）駅 766m,餃子,,3.14,10,406,"￥1,000～￥1,999",～￥999,大阪府豊中市上野西3-13-63,34.7978856,135.4722077
30,いと,少路（大阪モノレール）駅 615m,カフェ,,,50,,-,-,大阪府豊中市上野西3-14-14 上野西三番館 2F,34.7996257,135.4717158
31,HONEY LABO,豊中市,スイーツ、パン,,3,2,22,-,-,大阪府豊中市上野西1-10-9A,34.7940799,135.4712732
32,ラ・メゾンブランシュ,豊中市,フレンチ、野菜料理,豊中の郊外に佇む、モダンな一軒家レストラン◇シェフにすべてを委ねるフレンチ&ワインを堪能,3.5,133,8055,"￥10,000～￥14,999","￥4,000～￥4,999",大阪府豊中市上野東1-4-14,34.7929278,135.4726778
33,くしかつ専門店 オリオ,豊中市,串揚げ、居酒屋、日本料理,,3.07,14,421,"￥4,000～￥4,999","￥1,000～￥1,999",大阪府豊中市上野東2-2-50 和田マンション 1F,34.79448,135.472766
34,鮨うえの,少路（大阪モノレール）駅 993m,寿司,リニューアルオープンのお知らせ,3.58,111,7473,"￥15,000～￥19,999","￥10,000～￥14,999",大阪府豊中市上野東3-1-5,34.7955477,135.4730165
35,Pizzeria Attivita,少路（大阪モノレール）駅 673m,ピザ,,3.25,28,1830,"￥3,000～￥3,999","￥1,000～￥1,999",大阪府豊中市上野東3-18-1 エッディータウン 1F,34.7990021,135.4721167
36,島津寿司,少路（大阪モノレール）駅 548m,寿司,,,6,,-,-,大阪府豊中市上野東3-18-21,34.799934,135.472733
37,& aere Coffee Roasters,少路（大阪モノレール）駅 526m,カフェ、サンドイッチ,,3.5,112,5083,-,"￥2,000～￥2,999",大阪府豊中市上野東3-18-28,34.7998153,135.4734494
38,AT THE 21,少路（大阪モノレール）駅 548m,お好み焼き、焼きそば,,3.62,705,29425,"￥1,000～￥1,999","￥1,000～￥1,999",大阪府豊中市上野東3-18-19,34.7999748,135.4724615
39,ボン,少路（大阪モノレール）駅 895m,喫茶店,,,4,,-,-,大阪府豊中市上野東2-11-18,34.7965971,135.4783943
40,紫野,少路（大阪モノレール）駅 920m,串揚げ,,3.09,17,659,"￥5,000～￥5,999",-,大阪府豊中市上野東3-5-39,34.7959172,135.4754944
41,寿司上野坂,少路（大阪モノレール）駅 651m,寿司、日本料理,,3.6,131,10056,"￥10,000～￥14,999","￥4,000～￥4,999",大阪府豊中市上野東3-10-35,34.7985166,135.4766792
42,やどりぎ,少路（大阪モノレール）駅 686m,居酒屋,,3.04,4,119,-,-,大阪府豊中市上野東3-17-30,34.7986841,135.472176
43,なりまつ,豊中市,寿司、天ぷら,,3.26,38,1607,"￥8,000～￥9,999","￥2,000～￥2,999",大阪府豊中市上野東2-1-1 上野一番館 1F,34.7949095,135.4728599
44,KOJIBAR,豊中市,バル、ワインバー、イタリアン,,3.04,6,288,"￥4,000～￥4,999","￥2,000～￥2,999",大阪府豊中市上野東2-2-47 B101,34.7941976,135.4728277
45,大阪塩系 しおゑもん 豊中店,少路（大阪モノレール）駅 582m,ラーメン、つけ麺,,3.34,72,1257,"￥1,000～￥1,999","￥1,000～￥1,999",大阪府豊中市上野東3-18-13,34.7998464,135.4719712
46,日本料理　翠徳亭,少路（大阪モノレール）駅 655m,日本料理,,3.19,27,561,"￥10,000～￥14,999","￥4,000～￥4,999",大阪府豊中市上野東3-18-1,34.799005,135.472155
47,バターフレーク 上野店,豊中市,パン、サンドイッチ,,3.11,20,206,-,-,大阪府豊中市上野東2-2-32,34.7932059,135.4727233
48,日本料理 とみなが,豊中市,日本料理,落ち着いた雰囲気の店内で、鮮魚などを使った時季ならではの味わいをゆっくりと満喫,3.08,18,541,"￥8,000～￥9,999","￥4,000～￥4,999",大阪府豊中市上野東2-2-47 スタイルビル 2F,34.7941983,135.4728241
49,あほや 上野店,豊中市,たこ焼き,,3.01,7,65,-,-,大阪府豊中市上野東2-2-50,34.7945049,135.4727662
50,創作割烹 たかの,豊中市,創作料理,,3.55,49,2882,"￥8,000～￥9,999","￥3,000～￥3,999",大阪府豊中市上野東2-2-47 スタイルビル102,34.7941676,135.4728198
51,シャトレーゼ 豊中店,豊中市,ケーキ,,3.04,20,108,-,-,大阪府豊中市上野東1-4-6,34.7920704,135.47254
52,NikitA,少路（大阪モノレール）駅 656m,バー,,,9,,"￥2,000～￥2,999",-,大阪府豊中市上野東3-18-1,34.7988544,135.4721746
53,居酒屋上野坂,少路（大阪モノレール）駅 655m,居酒屋,,,1,71,-,-,大阪府豊中市上野東3-18-1,34.798856,135.4721902
54,ショコラティエ ポワン,豊中市,チョコレート、ケーキ,,3.02,6,437,-,-,大阪府豊中市上野東2-17-47 Point 2F,34.7929923,135.476372
55,cafe 43view,豊中市,カフェ,,3.06,4,120,-,-,大阪府豊中市上野東2-2-45,34.7940664,135.4727677
56,てっぱん屋　なかい,少路（大阪モノレール）駅 856m,お好み焼き、鉄板焼き、日本酒バー,,3.02,2,90,"￥4,000～￥4,999",-,大阪府豊中市上野東3-17-1,34.7968608,135.4727628
57,アクアリウム　カインド,少路（大阪モノレール）駅 717m,カフェ,,,1,19,-,-,大阪府豊中市上野東3-17-51,34.7981426,135.4729967
58,Flat,少路（大阪モノレール）駅 613m,ケーキ,,3.53,156,3603,"￥1,000～￥1,999",-,大阪府豊中市上野東3-18-8,34.799504,135.4720643
59,ほっかほっか亭 豊中永楽荘店,桜井駅 829m,弁当,,3.01,3,15,-,-,大阪府豊中市永楽荘2-1-6 パインズハイム 1F,34.8118184,135.4676694
60,nannan cafe,桜井駅 893m,カフェ,,,1,,-,-,大阪府豊中市永楽荘3-1-13,34.8147195,135.4702929
61,ふみ,桜井駅 831m,喫茶店,,,3,,-,-,大阪府豊中市永楽荘2-1-13,34.8123809,135.4681402
62,じゅらく,牧落駅 893m,パン、スイーツ,,3.09,20,685,-,-,大阪府豊中市永楽荘4-1-35,34.8172254,135.4722474
63,串かつ 漣,桜井駅 831m,串揚げ,,,,,-,-,大阪府豊中市永楽荘2-1-6 パインズハイム 102,34.8118763,135.4676346
64,サギタリュウス,桜井駅 833m,喫茶店、食堂,,3.06,8,130,-,～￥999,大阪府豊中市永楽荘1-3-15,34.8115326,135.467195
65,あぐーしゃぶしゃぶ ビーチ,神崎川駅 402m,鍋、しゃぶしゃぶ,,3.02,1,10,-,-,大阪府豊中市大島町3-1-5 徳田ビル 101,34.7347832,135.4702438
66,伊達屋,神崎川駅 403m,居酒屋,,3.06,5,57,"￥1,000～￥1,999",-,大阪府豊中市大島町3,34.734747,135.4702383
67,ロンドン,神崎川駅 793m,喫茶店,,3.06,5,75,-,-,大阪府豊中市大島町1-2-7,34.7375423,135.4675554
68,はな,神崎川駅 807m,お好み焼き,,3.04,10,88,-,～￥999,大阪府豊中市大島町3-6,34.7342713,135.4647207
69,もぐもぐ,神崎川駅 769m,弁当,,3.04,4,47,-,～￥999,大阪府豊中市大島町1-2-10,34.7373827,135.4677313
70,大福,神崎川駅 848m,食堂,,,1,3,-,-,大阪府豊中市大島町1-2-28,34.737684,135.466854
71,酒蔵えるく,神崎川駅 871m,居酒屋,,3.02,1,4,-,-,大阪府豊中市大島町1-1-5,34.7378381,135.4667214
72,アクセル,神崎川駅 323m,食堂、カフェ,,,1,3,-,-,大阪府豊中市大島町3-10-2,34.7342549,135.4707853
73,シムランキッチン 豊中市,神崎川駅 804m,ネパール料理、インド料理、インドカレー,,,1,24,"￥1,000～￥1,999",～￥999,大阪府豊中市大島町1-2-6,34.7376155,135.4674743
74,多幸作,神崎川駅 815m,寿司,,3.05,5,59,-,-,大阪府豊中市大島町1-2-15,34.7376817,135.4674002
75,創作串焼 Garage 豊中駅南口店,豊中駅 247m,居酒屋、焼き鳥、しゃぶしゃぶ,豊中駅│12月1日オープン！自慢のお肉と旬魚旬菜の創作串と野菜しゃぶしゃぶを楽しめる♪,3.05,4,156,"￥4,000～￥4,999",-,大阪府豊中市岡上の町3-2-3,34.7857496,135.4630697
76,ラ・ヴェリータ,豊中駅 517m,イタリアン、馬肉料理、ピザ,イタリアで腕を磨いたシェフが織り成す料理と200種類のワインのマリアージュ◆団体様大歓迎,3.09,54,2048,"￥6,000～￥7,999","￥1,000～￥1,999",大阪府豊中市岡上の町4-1-7 パヴィヨン豊中 B1F,34.7819763,135.4650003
77,御料理あきやま,岡町駅 409m,日本料理、海鮮、鍋,,3.33,48,2587,"￥6,000～￥7,999","￥1,000～￥1,999",大阪府豊中市岡上の町1-4-7,34.7830383,135.4639537
78,ホルモン食堂 八,岡町駅 410m,ホルモン、焼肉,,3.02,2,131,"￥2,000～￥2,999",-,大阪府豊中市岡上の町1-4-7,34.7830743,135.4639565
79,RelisH,豊中駅 359m,カフェ,,3.02,1,60,-,-,大阪府豊中市岡上の町3-7-10,34.7856446,135.4647081
80,柴藤,岡町駅 345m,弁当,,3.05,3,23,-,-,大阪府豊中市岡上の町1-3-12,34.7825047,135.4642709
81,ニジイロ食堂,豊中駅 541m,食堂、居酒屋,,3.44,146,6327,"￥5,000～￥5,999",-,大阪府豊中市岡上の町1-9-1,34.7847054,135.4663292
82,阪急OASIS 豊中店,豊中駅 363m,コンビニ・スーパー,,3.01,3,7,-,-,大阪府豊中市岡上の町2-2-3,34.7846528,135.4636155
83,トリコ 101,豊中駅 351m,ビストロ、バル,,3.01,3,192,"￥3,000～￥3,999","￥1,000～￥1,999",大阪府豊中市岡上の町4-5-34,34.7861169,135.4649223
84,空飛ぶうどん やまぶき家,豊中駅 346m,うどん、カレーうどん,,3.74,797,22884,"￥1,000～￥1,999",～￥999,大阪府豊中市岡上の町2-2-5,34.7847495,135.4633991
85,ヒルトップ,豊中駅 469m,喫茶店,,,1,,～￥999,～￥999,大阪府豊中市岡上の町4-1-26,34.7861646,135.4663199
86,居酒屋 まる,豊中駅 390m,居酒屋,,,1,7,"￥3,000～￥3,999",-,大阪府豊中市岡上の町2-5-16,34.7851788,135.4647104
87,豊中麺哲,豊中駅 339m,ラーメン,,3.7,766,21872,"￥1,000～￥1,999","￥1,000～￥1,999",大阪府豊中市岡上の町2-2-6,34.784829,135.4633756
88,EDOコロッケ,豊中駅 258m,コロッケ,,3.02,6,46,-,-,大阪府豊中市岡上の町3-2-4,34.7855781,135.4631423
89,Crêperie HanaHana,豊中駅 389m,クレープ・ガレット,,3.02,1,13,-,-,大阪府豊中市岡上の町2-5-16,34.7851788,135.4647104
90,vege&fruit 梟,岡町駅 427m,カフェ,,3.1,11,245,-,"￥1,000～￥1,999",大阪府豊中市岡上の町1-4-9,34.7832058,135.4639126
91,ブン（豊）,岡町駅 75m,焼き鳥,岡町駅1分■朝引き地鶏の焼鳥やお鍋を厳選日本酒と堪能◎アットホームな空間でゆったりと乾杯を,3.06,11,399,"￥3,000～￥3,999",-,大阪府豊中市岡町1-24,34.7800822,135.465272
92,喫茶テラス,岡町駅 242m,喫茶店,,,18,,-,-,大阪府豊中市岡町5-12-103,34.7815804,135.4655338
93,GENE's kitchen,岡町駅 176m,弁当,,,8,,-,-,大阪府豊中市岡町2-3,34.7810059,135.4646234
94,土手嘉 岡町本店,岡町駅 120m,うどん、そば、寿司,,3.29,71,1748,-,～￥999,大阪府豊中市岡町8-16,34.7799696,135.466102
95,B-CLUB,岡町駅 144m,喫茶店,,3.05,3,20,-,-,大阪府豊中市岡町9-2,34.7801692,135.4662408
96,麺舞台,岡町駅 301m,ラーメン,,3.27,62,780,"￥1,000～￥1,999",～￥999,大阪府豊中市岡町4-10,34.78213,135.4654189
97,日和,岡町駅 105m,和菓子,,3,4,34,-,-,大阪府豊中市岡町8-17,34.7799702,135.4658815
98,サイゼリヤ 阪急岡町駅,岡町駅 288m,ファミレス、イタリアン、パスタ,,3.04,28,145,～￥999,～￥999,大阪府豊中市岡町3-25,34.781983,135.464099
99,割烹 うを浅,岡町駅 123m,日本料理、寿司,,,7,,"￥5,000～￥5,999","￥5,000～￥5,999",大阪府豊中市岡町8-11,34.7802323,135.4658198
100,小料理酒屋 和ZEN,岡町駅 295m,日本料理、居酒屋,,3.06,6,159,"￥3,000～￥3,999",-,大阪府豊中市岡町4-10 ユニーブル101,34.7821248,135.4653354
101,珈琲館 かたすみ本店,岡町駅 248m,カフェ、喫茶店,,,23,,-,-,大阪府豊中市岡町10-6,34.7815427,135.4658315
102,御菓子司 竹寅堂,岡町駅 144m,和菓子,,3.04,3,22,-,-,大阪府豊中市岡町9-3,34.7802262,135.4662329
103,鈴乃家,岡町駅 76m,うなぎ、寿司,,3.17,19,252,-,～￥999,大阪府豊中市岡町8-24,34.7800189,135.4653804
104,てっぱん肉なべ 肉はち,岡町駅 299m,ホルモン,,3.04,2,138,"￥2,000～￥2,999",-,大阪府豊中市岡町4-10 ユニーブル岡町 1F,34.7821046,135.4654872
105,斑猫依,岡町駅 136m,和菓子,,3,2,113,-,-,大阪府豊中市岡町9-1,34.7800608,135.4661981
106,Spiceup!,岡町駅 116m,カレー,,3,3,26,-,-,大阪府豊中市岡町8-16,34.7799747,135.4660381
107,明石鮓,岡町駅 115m,寿司,,3.14,24,1402,"￥8,000～￥9,999",-,大阪府豊中市岡町北1-4-11 エムエス岡町ビル 1F,34.7787172,135.4640323
108,あみや 岡町店,岡町駅 60m,焼き鳥、鳥料理、居酒屋,,3.03,12,378,"￥3,000～￥3,999",-,大阪府豊中市岡町北1-2-20,34.7796336,135.4643192
109,OTOGI de BonBon,岡町駅 101m,洋菓子、スイーツ,,3.14,15,669,-,～￥999,大阪府豊中市岡町北3-1-5 岡町駅前レジデンス 1F,34.7800911,135.4641504
110,ファミリーマート 豊中岡町北店,岡町駅 539m,コンビニ・スーパー,,3,2,7,-,-,大阪府豊中市岡町北2-18-28,34.7777352,135.4593806
111,和食屋喜助,岡町駅 228m,日本料理,,3.02,2,106,-,-,大阪府豊中市岡町北3-2-12,34.7813738,135.4640234
112,アレックス,岡町駅 61m,喫茶店,,3.01,2,31,-,-,大阪府豊中市岡町北1-1-20,34.7789863,135.4645647
113,すし寅,岡町駅 118m,寿司,,3.08,9,158,-,-,大阪府豊中市岡町北1-2-8,34.7800207,135.463821
114,CADENCE,岡町駅 426m,ハンバーガー,,3.31,34,1056,"￥2,000～￥2,999","￥1,000～￥1,999",大阪府豊中市岡町北3-6-16 西岡町マンション 1F,34.7818938,135.46134
115,アビリーン,岡町駅 73m,カフェ、バー,,3.02,2,28,-,-,大阪府豊中市岡町北1-1-5 ラークスパ 2F,34.7787685,135.4646576
116,海鮮屋台 おくまん 岡町店,岡町駅 61m,居酒屋、海鮮,,3.08,17,233,"￥2,000～￥2,999",-,大阪府豊中市岡町北1-2-20,34.7795696,135.4642845
117,やじろ兵衛,岡町駅 114m,日本料理,,,35,,-,-,大阪府豊中市岡町北1-4-11,34.7787396,135.464064
118,中華菜房 古谷,岡町駅 98m,中華料理、汁なし担々麺,,3.51,71,5341,"￥8,000～￥9,999","￥3,000～￥3,999",大阪府豊中市岡町南1-1-22 矢部ビル岡町コーポ 1Ｆ,34.7786618,135.4646755
119,古絵本とコーヒーのお店 ちぇすなっと,岡町駅 315m,カフェ,,3.06,5,339,-,～￥999,大阪府豊中市岡町南1-6-13 ダイヤコート豊中 1F,34.7768458,135.4635295
120,美味,岡町駅 607m,お好み焼き,,,2,9,-,-,大阪府豊中市岡町南3-5-29,34.7765885,135.4592544
121,天ぷら割烹 たかの,岡町駅 105m,天ぷら,,3.54,36,1837,"￥10,000～￥14,999","￥5,000～￥5,999",大阪府豊中市岡町南1-1-20,34.7785962,135.4644751
122,ピザ カーサ イナバ,岡町駅 327m,ピザ,,3.04,5,158,-,-,大阪府豊中市岡町南2-5-1,34.7767937,135.4634478
123,サケ ショップ サトウ,岡町駅 632m,その他,,,2,5,-,-,大阪府豊中市岡町南3-5-10,34.7768877,135.4587831
124,島珈琲,岡町駅 225m,その他,,,1,42,-,-,大阪府豊中市岡町南1丁目5番47号,34.7779172,135.4632939
125,サウスウッド,岡町駅 655m,洋食、カフェ、ケーキ,,3.37,91,6090,"￥1,000～￥1,999","￥1,000～￥1,999",大阪府豊中市岡町南3-5-7,34.7765742,135.45862
126,生パスタの店 フェリーチェ,岡町駅 94m,パスタ,,3.07,17,508,-,"￥1,000～￥1,999",大阪府豊中市岡町南1-1-22,34.7786634,135.4646798
127,富山食堂,岡町駅 614m,食堂,,3.02,2,40,-,-,大阪府豊中市岡町南3-5-29,34.7765105,135.4592478
128,翼富士,岡町駅 213m,焼き鳥,,3.04,4,123,-,-,大阪府豊中市岡町南1-5-48,34.7780066,135.4633955
129,M,岡町駅 508m,カフェ,,,36,,-,-,大阪府豊中市岡町南2-11-28,34.7755991,135.4620635
130,サイフォン式珈琲 広,岡町駅 94m,喫茶店,,3.05,4,54,～￥999,～￥999,大阪府豊中市岡町南3-1-22-105,34.7786618,135.4646754
131,焼肉 絆,服部天神駅 915m,焼肉、ホルモン,,3.05,5,152,"￥4,000～￥4,999",-,大阪府豊中市小曽根1-22-3 出口マンション 106,34.759333,135.4838967
132,喫茶 MON,服部天神駅 997m,喫茶店,,3.02,1,12,～￥999,～￥999,大阪府豊中市小曽根1-4-10 ファミールハイツ 1F,34.7642726,135.4861122
133,炭火焼鳥 かん馬,豊中市,焼き鳥、鳥料理,,3.06,5,190,"￥3,000～￥3,999",-,大阪府豊中市小曽根2-3-1,34.7643164,135.4869062
134,宝来,服部天神駅 843m,焼肉、ホルモン、冷麺,,3.07,13,450,"￥5,000～￥5,999",-,大阪府豊中市小曽根1-11-18 永田マンション 1Ｆ,34.7612931,135.4839864
135,丸亀製麺 豊中小曽根店,豊中市,うどん,,3.15,94,327,～￥999,～￥999,大阪府豊中市小曽根4-3-8,34.7564976,135.4837616
136,ファミリーマート 豊中小曽根店,豊中市,コンビニ・スーパー,,3.02,1,1,-,-,大阪府豊中市小曽根4-3-1,34.7560744,135.4836901
137,丹洛,豊中市,和菓子,,3.07,13,314,-,-,大阪府豊中市小曽根2-1-9,34.7637534,135.4864316
138,Nepali Kitchen Grish Curry House,服部天神駅 934m,インドカレー、インド料理、ネパール料理,,,3,,-,-,大阪府豊中市小曽根1-3-1,34.7642641,135.485435
139,京屋 小曽根店,服部天神駅 815m,和菓子,,3,2,25,-,-,大阪府豊中市小曽根1-10-43,34.7620473,135.4839224
140,ナガサキの鐘 豊中店,豊中市,中華料理、ちゃんぽん、飲茶・点心,,3.43,206,2711,～￥999,"￥1,000～￥1,999",大阪府豊中市小曽根4-2-8,34.7570627,135.4838232
141,ベーカリープラザ・80,服部天神駅 965m,パン,,3.06,9,114,-,-,大阪府豊中市小曽根1-24-9,34.7597404,135.484654
142,ドミノ・ピザ 豊中小曽根店,豊中市,イタリアン、ピザ、パスタ,,3.01,5,26,-,-,大阪府豊中市小曽根4-2-5 HAPPINESS743 1F,34.7574259,135.4839167
143,ラーメン 哲史,庄内駅 951m,ラーメン,,3.69,442,11045,"￥1,000～￥1,999","￥1,000～￥1,999",大阪府豊中市小曽根4-9-2,34.7551963,135.4834364
144,waraい。,服部天神駅 925m,居酒屋,,3,2,15,-,-,大阪府豊中市小曽根1-22-3,34.7593611,135.4838881
145,はま寿司 豊中小曽根店,豊中市,回転寿司,,3.07,58,245,"￥1,000～￥1,999","￥1,000～￥1,999",大阪府豊中市小曽根3-2-23,34.7584515,135.4843827
146,ソトウマメシ,服部天神駅 768m,その他,,,1,9,-,-,大阪府豊中市小曽根1-1-6,34.7641352,135.4835744
147,鉄板料理 てんつく。,豊中市,たこ焼き、焼きそば、居酒屋,,3,1,20,-,-,大阪府豊中市小曽根4-16-12,34.7548794,135.4857528
148,仲代志,柴原阪大前駅 922m,寿司,,,1,38,"￥4,000～￥4,999","￥4,000～￥4,999",大阪府豊中市春日町1-12-7,34.8068987,135.4650148
149,ヴィフーン,桜井駅 977m,アジア・エスニック、ベトナム料理,,3.3,26,574,"￥2,000～￥2,999",～￥999,大阪府豊中市春日町5-3-1,34.8157533,135.4714403
150,やきとり福福,牧落駅 862m,焼き鳥,,3.03,4,115,-,-,大阪府豊中市春日町5-6-6,34.8185703,135.4733413
151,パン工房 マカナ,桜井駅 949m,パン、サンドイッチ,,3.08,7,216,-,-,大阪府豊中市春日町2-3-14 パロ春日 2F,34.809351,135.4658735
152,無添くら寿司 豊中春日町店,牧落駅 994m,回転寿司,,3.05,28,125,"￥1,000～￥1,999","￥1,000～￥1,999",大阪府豊中市春日町5-8-15,34.8168438,135.4733394
153,福寿堂,少路（大阪モノレール）駅 906m,和菓子,,3.08,10,159,-,-,大阪府豊中市春日町3-9-12,34.8111998,135.47012
154,串カツキッチンLala,牧落駅 878m,串揚げ、居酒屋,,,15,,-,-,大阪府豊中市春日町5-6-12,34.8185817,135.4735551
155,太鼓亭 豊中春日店,豊中市,うどん、そば、丼,,3.12,56,333,"￥1,000～￥1,999","￥1,000～￥1,999",大阪府豊中市春日町5-9-18,34.8159303,135.4738767
156,おいで屋,桜井駅 872m,たこ焼き、お好み焼き,,3.03,6,35,-,-,大阪府豊中市春日町3-1-50 シャトル松尾 1F,34.8114151,135.4677733
157,ドロップイン,柴原阪大前駅 814m,バル、パスタ、バー,,3.03,4,112,"￥1,000～￥1,999",-,大阪府豊中市春日町1-1-5,34.8059212,135.4646372
158,トトロの台所,桜井駅 950m,居酒屋,,,20,,-,-,大阪府豊中市春日町2-3-14,34.809351,135.4658736
159,バーミヤン 豊中緑丘店,豊中市,ファミレス,,3.06,35,158,"￥1,000～￥1,999",～￥999,大阪府豊中市春日町5-9-23,34.8163855,135.4737778
160,そこそこCOFFEE,少路（大阪モノレール）駅 740m,カフェ,,3.02,2,47,-,-,大阪府豊中市春日町1-7-22,34.8060724,135.4676152
161,カトレア,桜井駅 851m,喫茶店,,,6,,-,-,大阪府豊中市春日町4-1-12,34.8123638,135.4683837
162,彩さい,豊中市,居酒屋,,3.01,1,45,-,-,大阪府豊中市春日町2-1-9,34.8081035,135.465306
163,ステーキハウス華,桃山台駅 545m,ステーキ、海鮮、鉄板焼き,◇接待・記念日のお食事に◇特選黒毛和牛・鮑は極上の“鉄板焼き”に◎特別なお食事を楽しんで,3.28,64,2989,"￥10,000～￥14,999","￥2,000～￥2,999",大阪府豊中市上新田3-2-10,34.7973986,135.4960303
164,三姉妹のパパ,千里中央駅 585m,カフェ、バー,,3.04,2,57,"￥2,000～￥2,999","￥1,000～￥1,999",大阪府豊中市上新田1-24 パークヒルズ M-105,34.8023626,135.4943078
165,牛宗まるなか 桃山台店,桃山台駅 523m,焼肉、韓国料理、居酒屋,【桃山台駅5分】精肉店直営だからこその良質な黒毛和牛を味わえる焼肉店。駐車場完備◎,3.08,12,265,"￥4,000～￥4,999",-,大阪府豊中市上新田3-2-7 1F,34.7972251,135.4962862
166,とん平 千里店,桃山台駅 630m,お好み焼き、居酒屋、鉄板焼き,鉄板囲んで粉もんパーティー♪外はパリッと、中はふっくらのお好み焼きは秘伝のソースが決め手！,3.09,20,300,"￥2,000～￥2,999","￥1,000～￥1,999",大阪府豊中市上新田3-1-9 スタジオ千里 B1F,34.7980872,135.4956555
167,KOH,南千里駅 955m,韓国料理、居酒屋、鍋,【メディア出演多数！北摂の人気店】辛さが選べるお鍋は昭和20年から続く秘伝の出汁が決め手◎,3.22,48,2318,"￥2,000～￥2,999",-,大阪府豊中市上新田4-16-10,34.799806,135.5037733
168,但馬屋 千里,千里中央駅 785m,焼肉、ホルモン、ステーキ,【完全個室/近隣駐車場有】 但馬屋こだわりのお肉で幸せなひとときをお過ごしください,3.54,288,8068,"￥8,000～￥9,999","￥2,000～￥2,999",大阪府豊中市上新田3-10-17,34.8007625,135.4979355
169,スコーネ,桃山台駅 567m,フレンチ、ステーキ、海鮮,,3.2,20,1211,"￥5,000～￥5,999","￥3,000～￥3,999",大阪府豊中市上新田3-5-26,34.7974972,135.499233
170,デイリーカナート イズミヤ 上新田店,千里中央駅 847m,コンビニ・スーパー,,,3,7,-,-,大阪府豊中市上新田4-1-18,34.8003862,135.4987019
171,bar+music home,桃山台駅 503m,バー,,,1,20,"￥1,000～￥1,999",-,大阪府豊中市上新田3-2-5 第2千里ハイツ 2F,34.7970508,135.4963599
172,Prosper22,桃山台駅 576m,ケーキ,,3.08,9,213,-,-,大阪府豊中市上新田3-3-16,34.797773,135.4969003
173,大阪王将 中環千里店,千里中央駅 467m,中華料理、餃子,,3.07,74,354,"￥1,000～￥1,999","￥1,000～￥1,999",大阪府豊中市上新田2-21-25,34.8069229,135.5002754
174,マクドナルド 豊中上新田店,千里中央駅 518m,ハンバーガー,,3.04,23,108,～￥999,～￥999,大阪府豊中市上新田1-220,34.8030418,135.493445
175,珈琲所 コメダ珈琲店 豊中上新田店,桃山台駅 855m,カフェ、喫茶店、サンドイッチ,,3.07,63,441,～￥999,～￥999,大阪府豊中市上新田4-29-16,34.8002899,135.4991139
176,焼肉 昇家 桃山台店,桃山台駅 878m,焼肉,,,9,,-,-,大阪府豊中市上新田4-17-27,34.7991814,135.5027846
177,朝起きたら君がいた,千里中央駅 850m,パン,,3.07,15,305,-,～￥999,大阪府豊中市上新田4-7-10,34.8036908,135.5033053
178,cafe inukshuk,千里中央駅 604m,カフェ、洋菓子、ケーキ,,3.04,3,180,-,-,大阪府豊中市上新田1-28 千里中央パークヒルズ L棟 1F,34.8022191,135.4939623
179,サクラグリル,南千里駅 950m,洋食、ハンバーグ,,3.6,117,9044,"￥2,000～￥2,999",-,大阪府豊中市上新田4-16-11 グランベール千里 1F,34.7997838,135.5037103
180,セブンイレブン 豊中上新田4丁目店,千里中央駅 750m,コンビニ・スーパー,,,1,2,-,-,大阪府豊中市上新田4-5-5,34.8028683,135.5012299
181,寿司たく,千里中央駅 670m,寿司,,3.05,11,194,-,"￥1,000～￥1,999",大阪府豊中市上新田2-15-5,34.806827,135.502508
182,ごちそう村 豊中上新田店,桃山台駅 745m,居酒屋,,3.06,40,493,"￥3,000～￥3,999","￥1,000～￥1,999",大阪府豊中市上新田4-29-3,34.7992286,135.4987132
183,かっぱ寿司 豊中上新田店,千里中央駅 789m,回転寿司,,3.03,21,131,"￥1,000～￥1,999","￥1,000～￥1,999",大阪府豊中市上新田4-5-5-2,34.802656,135.5015697
184,細うどん 黒門さかえ,豊中市,うどん、カレーうどん,,3.37,78,4157,"￥1,000～￥1,999","￥1,000～￥1,999",大阪府豊中市上新田4-16-2,34.800558,135.5041388
185,鉄板焼きれすとらん 中はら,千里中央駅 670m,ステーキ、鉄板焼き,,3.18,19,781,-,"￥1,000～￥1,999",大阪府豊中市上新田2-15-5千里サンハイツ205,34.8068461,135.5025593
186,ティッキー,桃山台駅 677m,喫茶店,,,1,22,-,-,大阪府豊中市上新田4-25-3,34.798568,135.4990198
187,一柳斎 玄庵,桃山台駅 500m,そば、居酒屋、創作料理,,3.14,19,875,"￥3,000～￥3,999","￥1,000～￥1,999",大阪府豊中市上新田3-3-38-106 第二千里グランドハイツ 1F,34.7971026,135.4968804
188,Cafe You-lulu,千里中央駅 673m,カフェ,,3.02,1,5,-,-,大阪府豊中市上新田2-15-5 千里サンハイツ,34.8068434,135.5025443
189,不二家 レストラン 桃山台店,桃山台駅 671m,ファミレス、洋食、ケーキ,,3.08,88,581,"￥1,000～￥1,999","￥1,000～￥1,999",大阪府豊中市上新田1-1-4,34.7984864,135.4957573
190,竹内,千里中央駅 539m,中華料理、担々麺、居酒屋,,3.13,23,957,-,-,大阪府豊中市上新田1-24,34.8023967,135.4943131
191,本家かまどや 千里中央大通り店,南千里駅 944m,弁当,,3,4,17,-,-,大阪府豊中市上新田4-16-7,34.8000158,135.5044115
192,たけみ,桃山台駅 872m,お好み焼き,,3,2,29,-,-,大阪府豊中市上新田4-17-28,34.7991163,135.502786
193,家庭料理 さくら,桃山台駅 551m,喫茶店,,3.03,3,27,-,-,大阪府豊中市上新田4-22-6,34.7972067,135.499646
194,銀のさら 桃山台店,千里中央駅 799m,寿司,,3.01,2,14,-,-,大阪府豊中市上新田3-10-10 1F,34.800544,135.497614
195,たこ焼き屋しんちゃん,千里中央駅 749m,たこ焼き、お好み焼き,,3.06,10,196,-,-,大阪府豊中市上新田2-14-8,34.8055502,135.5030774
196,ドミノ・ピザ 千里桃山台店,千里中央駅 714m,ピザ,,3.01,8,36,-,-,大阪府豊中市上新田1-28-12,34.8010891,135.4942641
197,ガチ唐 豊中店,千里中央駅 597m,からあげ、居酒屋,,3.05,4,61,-,-,大阪府豊中市上新田1-24 千里中央パークヒルズM 1F,34.8024055,135.494312
198,floresta 豊中ラボ店,千里中央駅 839m,ドーナツ,,,5,,-,-,大阪府豊中市上新田4-7-10,34.8035876,135.503097
199,神戸屋ブレッドラブ 豊中店,三国駅 517m,洋食、パン、カフェ,,3.35,124,2613,"￥2,000～￥2,999","￥1,000～￥1,999",大阪府豊中市神州町1-50,34.7400105,135.4785546
200,さぬき亭,三国駅 374m,うどん、カレーうどん、かつ丼,,3.1,19,123,-,～￥999,大阪府豊中市神州町1-15 ALGO7 1F,34.7388535,135.4795682
201,マミー,三国駅 459m,ジェラート・アイスクリーム、ジューススタンド、かき氷,,3.02,3,32,-,-,大阪府豊中市神州町1-16 神州温泉 あるごの湯,34.7382363,135.4782497
202,アルゴキッチン,三国駅 362m,麺類、ピザ、カフェ,,3.06,14,58,～￥999,～￥999,大阪府豊中市神州町1-15 ALGO7 2F,34.7388191,135.4793548
203,LAWSON 豊中神州町店,神崎川駅 599m,コンビニ・スーパー,,3,2,7,-,-,大阪府豊中市神州町2-77,34.7373771,135.4743278
204,居酒屋 より道,三国駅 460m,居酒屋、串揚げ、麺類,,3.03,8,61,"￥1,000～￥1,999",-,大阪府豊中市神州町1-16 神州温泉 あるごの湯,34.7380179,135.4786489
205,かんざき,三国駅 418m,日本料理、麺類、かつ丼,,3.22,41,232,"￥1,000～￥1,999","￥1,000～￥1,999",大阪府豊中市神州町1-16 神州温泉 あるごの湯,34.7380179,135.4786489
206,フルーツらいふ,三国駅 460m,ジューススタンド、ジェラート・アイスクリーム,,3.07,7,48,-,-,大阪府豊中市神州町1-16 神州温泉 あるごの湯,34.7382363,135.4782497
207,神州温泉 あるごの湯,三国駅 460m,その他,,3.1,18,32,"￥1,000～￥1,999",-,大阪府豊中市神州町1-16,34.7382363,135.4782497
208,裕寿司,豊中駅 574m,寿司、海鮮、鍋,,3.29,76,2026,"￥4,000～￥4,999","￥1,000～￥1,999",大阪府豊中市北桜塚1-5-16,34.7845257,135.4666118
209,四季彩御料理 わかな,岡町駅 899m,日本料理、創作料理,,3.07,11,879,"￥5,000～￥5,999","￥2,000～￥2,999",大阪府豊中市北桜塚3-8-26 リブレ北桜塚 101,34.7842958,135.4728585
210,桜塚四丁目,豊中駅 915m,喫茶店,,3.04,4,129,-,-,大阪府豊中市北桜塚4-5-38,34.7860502,135.4712946
211,GRAND OEUF PUDDING 豊中店,岡町駅 586m,プリン、洋菓子,,3.16,63,817,～￥999,-,大阪府豊中市北桜塚3-2-35,34.7830448,135.4696074
212,料理屋くおん,岡町駅 827m,日本料理,,3.64,95,6944,"￥10,000～￥14,999","￥4,000～￥4,999",大阪府豊中市北桜塚3-7-28,34.7840294,135.472058
213,パンダッコ,岡町駅 958m,パン,,3.11,12,698,～￥999,～￥999,大阪府豊中市北桜塚3-8-17,34.7848265,135.4731106
214,くらし商店 USAGI,豊中駅 625m,洋菓子,,3,6,150,-,-,大阪府豊中市北桜塚2-14-9,34.7873429,135.4682413
215,ラーメン ギョーザ 飛龍,岡町駅 555m,ラーメン、餃子,,3.07,21,194,-,"￥1,000～￥1,999",大阪府豊中市北桜塚1-5-29,34.7840266,135.4673722
216,coco cafe,豊中駅 631m,カフェ,,3.04,5,143,～￥999,～￥999,大阪府豊中市北桜塚2-14-10 北桜塚ビル 1F,34.7873842,135.4683211
217,やきとり おかげ,岡町駅 524m,焼き鳥、居酒屋,,3.39,25,1455,"￥6,000～￥7,999",-,大阪府豊中市北桜塚1-2-3,34.7833037,135.4682287
218,チーズケーキと豆腐スイーツの店 おめざや 豊中店,岡町駅 572m,スイーツ,,3,1,63,-,-,大阪府豊中市北桜塚1-5-18,34.7843909,135.4667573
219,阪急OASIS 小曽根店,服部天神駅 814m,コンビニ・スーパー,,,,,-,-,大阪府豊中市北条町3-2-34,34.7660617,135.4833247
220,クィーン,豊中市,喫茶店,,,4,,-,-,大阪府豊中市北条町4-1-15,34.7644533,135.4865576
221,マクドナルド 小曽根オアシス店,服部天神駅 786m,ハンバーガー,,3,2,8,～￥999,～￥999,大阪府豊中市北条町3-2-34 阪急オアシス小曽根店 1F,34.7658704,135.4833516
222,ふる里,豊中市,お好み焼き、食堂、居酒屋,,3.03,3,41,-,-,大阪府豊中市北条町2-26-11,34.7668398,135.4864658
223,中華料理菊水,服部天神駅 850m,中華料理,,3.18,30,1013,"￥1,000～￥1,999","￥1,000～￥1,999",大阪府豊中市北条町2-9-12,34.7668945,135.4836705
224,イタリアン食堂 bis fare,服部天神駅 745m,イタリアン,,3.18,24,479,"￥3,000～￥3,999","￥1,000～￥1,999",大阪府豊中市北条町1-22-7 サンワード緑地 1F,34.7652963,135.4831434
225,farm,豊中市,カフェ,,,9,,-,-,大阪府豊中市北条町4-1-26,34.7648197,135.4865753
226,味覚,服部天神駅 601m,食堂、うどん,,3.05,3,110,"￥2,000～￥2,999",～￥999,大阪府豊中市北条町1-34-12,34.7644478,135.4817339
227,スリール,服部天神駅 679m,パン,,3.17,29,691,-,-,大阪府豊中市北条町1-36-1 ハイツブルースカイ 1F,34.7642907,135.482618
228,やよい亭,豊中市,ラーメン,,3.45,125,2683,～￥999,～￥999,大阪府豊中市北緑丘2-1-21-101,34.8166481,135.4770893
229,そば太鼓亭 豊中北緑丘店,箕面船場阪大前駅 918m,そば,,3.06,27,126,"￥1,000～￥1,999","￥1,000～￥1,999",大阪府豊中市北緑丘2-8-6,34.8171032,135.4819714
230,シェフカワカミ まきおち店,牧落駅 882m,コンビニ・スーパー,,3.05,1,16,-,-,大阪府豊中市北緑丘1-7-170,34.8193488,135.4743072
231,眞瀬精肉店,豊中市,その他,,3.02,14,270,-,"￥3,000～￥3,999",大阪府豊中市熊野町4-11-9,34.7925181,135.4788233
232,フレンドマート 豊中熊野店,豊中市,コンビニ・スーパー,,3.02,4,14,-,-,大阪府豊中市熊野町4-15-17,34.7924267,135.4807851
233,果むろ,豊中市,和菓子,,3.11,12,503,-,-,大阪府豊中市熊野町4-21-34,34.7926255,135.4830142
234,ピニョン,豊中市,ケーキ,,3.14,20,218,-,-,大阪府豊中市熊野町1-7-7,34.7884955,135.4775769
235,フードショップ青葉 東豊中店,豊中市,その他,,,1,7,-,"￥1,000～￥1,999",大阪府豊中市熊野町4-21-43,34.7927253,135.4838711
236,ほっかほっか亭 熊野町,豊中市,弁当,,3,3,17,-,-,大阪府豊中市熊野町2-10-23,34.7893778,135.4862202
237,patisserie hana hana,豊中市,ケーキ,,3.13,23,526,-,-,大阪府豊中市熊野町4-11-9 1F,34.792517,135.4788287
238,シェフカワカミ 東豊中店,豊中市,コンビニ・スーパー,,3.05,2,21,-,～￥999,大阪府豊中市熊野町4-8-2,34.789959,135.477955
239,岳獅,豊中市,日本料理,,3.11,18,567,"￥4,000～￥4,999",-,大阪府豊中市熊野町4-11-5,34.792353,135.4786583
240,一蓮家 豊中店,豊中市,ラーメン,,3.06,23,133,"￥1,000～￥1,999",～￥999,大阪府豊中市熊野町2-9-58,34.7886362,135.4857387
241,天ぷら 山崎,豊中市,天ぷら,,3.1,14,564,-,-,大阪府豊中市熊野町4-11-4,34.7922608,135.4786465
242,うえだ逸品料理,豊中市,居酒屋,,,1,8,-,-,大阪府豊中市熊野町4-23-5,34.7925302,135.4845501
243,なんてん,豊中市,喫茶店,,3.05,8,54,-,-,大阪府豊中市熊野町4-1-57,34.7888187,135.477292
244,FRESCO 熊野店,豊中市,コンビニ・スーパー,,3,2,6,-,-,大阪府豊中市熊野町4-23-2,34.7925955,135.4841722
245,にぎり長次郎 東豊中店,豊中市,回転寿司,,3.07,55,336,"￥3,000～￥3,999","￥2,000～￥2,999",大阪府豊中市熊野町4-1-1,34.792522,135.4784098
246,松のや 豊中熊野町店,豊中市,とんかつ,,3.03,8,21,～￥999,～￥999,大阪府豊中市熊野町1-1-8,34.7872382,135.4788923
247,眞瀬,豊中市,焼肉,,3.51,54,2089,"￥6,000～￥7,999",-,大阪府豊中市熊野町4-12-23 1F,34.7915599,135.4785438
248,松屋 豊中熊野町店,豊中市,牛丼,,3.04,24,48,-,～￥999,大阪府豊中市熊野町1-1-8,34.7872382,135.4788923
249,一久,豊中市,うどん、そば、カレーうどん,,3.47,182,6419,～￥999,～￥999,大阪府豊中市熊野町4-20-31 第２ユーロハイツ,34.792545,135.4827292
250,GOLDEN MILL,豊中市,カフェ,,3,1,20,-,-,大阪府豊中市熊野町4-1-34,34.7896263,135.4774605
251,ベラミ,豊中市,喫茶店,,,2,,-,-,大阪府豊中市熊野町1-1-10,34.787106,135.4786204
252,すき家 豊中熊野町店,豊中市,牛丼、カレー、食堂,,3.01,15,55,-,-,大阪府豊中市熊野町1-7-15,34.7883328,135.4776724
253,イタリア料理サルーチェ,豊中市,イタリアン,,3.09,21,741,"￥10,000～￥14,999","￥4,000～￥4,999",大阪府豊中市栗ヶ丘町9-34,34.78759,135.472591
254,ハミングバード,豊中市,喫茶店,,3.02,3,20,-,-,大阪府豊中市栗ケ丘町2-8,34.7867771,135.4728124
255,洋膳花水木,豊中市,フレンチ,,3.05,8,198,-,-,大阪府豊中市栗ヶ丘町9-31,34.7874263,135.4727371
256,キッチントシボウ,豊中市,居酒屋、カレー,,3,1,34,"￥2,000～￥2,999",～￥999,大阪府豊中市上津島1-2-39,34.7560465,135.461767
257,松屋 豊中上津島店,豊中市,牛丼、カレー、食堂,,3.01,15,43,-,～￥999,大阪府豊中市上津島3-11-25,34.758644,135.46164
258,とよなか桜会,少路（大阪モノレール）駅 416m,日本料理,四季折々の食材や新鮮な旬魚を活かした懐石料理をコースで堪能◆接待・ビジネス宴会にも最適。,3.61,125,7013,"￥10,000～￥14,999","￥6,000～￥7,999",大阪府豊中市桜の町7-10-7 オスカービル2F,34.8058685,135.4712416
259,チャイナダイニン 浪曼路,少路（大阪モノレール）駅 412m,中華料理、飲茶・点心、小籠包,本格中華を上質な空間で。大切な日にふさわしい贅沢なひととき,3.36,126,2838,"￥6,000～￥7,999","￥3,000～￥3,999",大阪府豊中市桜の町7-10-4,34.8061254,135.4714517
260,ひまわり,柴原阪大前駅 649m,食堂、お好み焼き、たこ焼き,,,1,3,-,-,大阪府豊中市桜の町5-3-56,34.8041775,135.4642315
261,ロッソ 豊中ロマンチック街道店,少路（大阪モノレール）駅 420m,イタリアン、ピザ、パスタ,"自慢の""薪窯""で焼き上げるピッツァ♪本格イタリア料理とおかわり自由の焼き立てパンをどうぞ☆",3.45,263,6139,"￥2,000～￥2,999","￥1,000～￥1,999",大阪府豊中市桜の町6丁目18-30,34.80417,135.470861
262,備長炭 焼き鳥 こっこ屋,柴原阪大前駅 652m,焼き鳥,,3.06,7,169,-,-,大阪府豊中市桜の町1-3-21 シャンティー豊中　１Ｆ,34.7967873,135.4642454
263,ラグタイムカフェ,少路（大阪モノレール）駅 414m,喫茶店,,3.08,7,132,-,-,大阪府豊中市桜の町7-10-7,34.8059558,135.4712638
264,焼き鳥・日本酒ダイニング SAKi,少路（大阪モノレール）駅 414m,居酒屋、焼き鳥、日本酒バー,,3.23,21,624,"￥3,000～￥3,999",-,大阪府豊中市桜の町6-10-3 T'sビル B1F,34.8029438,135.4711379
265,カフェSUN,柴原阪大前駅 658m,カフェ、ケーキ,,3.03,6,90,-,～￥999,大阪府豊中市桜の町1-3-21 シャンティー豊中1-B,34.7967065,135.4642619
266,焼酎Bar SHICHIHA,少路（大阪モノレール）駅 412m,焼酎バー,,3.05,2,94,-,-,大阪府豊中市桜の町6-10-3 T'sビル 1F,34.8029443,135.4711638
267,串かつ専門店 藍花,柴原阪大前駅 540m,串揚げ,,3.2,23,644,"￥4,000～￥4,999","￥1,000～￥1,999",大阪府豊中市桜の町2-1-7,34.7982809,135.4639171
268,天婦羅専門店深川,少路（大阪モノレール）駅 417m,天ぷら,,3.22,29,1002,"￥6,000～￥7,999","￥1,000～￥1,999",大阪府豊中市桜の町7丁目10-7 2F,34.8058796,135.4714391
269,まこと,柴原阪大前駅 522m,お好み焼き、食堂,,,6,,"￥1,000～￥1,999",-,大阪府豊中市桜の町2-1-27,34.7984913,135.4638524
270,どさん子大将 豊中店,柴原阪大前駅 690m,ラーメン,,3.02,18,298,～￥999,-,大阪府豊中市桜の町3丁目12-1,34.8002687,135.4662802
271,ヒカリ珈琲,庄内駅 876m,カフェ,,,1,26,-,-,大阪府豊中市三和町1-3-15,34.7422489,135.4745521
272,ぶーやんの店たこ焼・お好み焼,三国駅 879m,お好み焼き、たこ焼き,,,5,,～￥999,-,大阪府豊中市三和町3-8-2,34.7416736,135.4753984
273,焼肉 三太,三国駅 625m,焼肉,,3.08,13,198,"￥2,000～￥2,999",～￥999,大阪府豊中市三和町2-3-12,34.7410736,135.4781354
274,かっぱ寿司 豊中庄内店,三国駅 748m,回転寿司、海鮮、日本料理,,3.03,36,157,"￥1,000～￥1,999","￥1,000～￥1,999",大阪府豊中市三和町2-2-3,34.7418971,135.4772985
275,笑ふく,三国駅 648m,居酒屋,,,1,,"￥2,000～￥2,999",-,大阪府豊中市三和町2-3-10,34.7412485,135.4780506
276,一松寿司,三国駅 819m,寿司,,,1,3,"￥3,000～￥3,999",-,大阪府豊中市三和町3-7-19,34.7402257,135.4749788
277,お食事処 巴,庄内駅 876m,日本料理,,,1,8,-,～￥999,大阪府豊中市三和町1-3-15,34.7422445,135.4745108
278,DiP RASNA 柴原店,柴原阪大前駅 334m,インド料理、インドカレー,柴原阪大前駅5分◆カレーとナンが絶品♪多彩な本格インド料理を堪能！お子様連れや宴会も歓迎◎,3.3,50,925,"￥1,000～￥1,999","￥1,000～￥1,999",大阪府豊中市柴原町2丁目3-15 1F,34.7992039,135.4619813
279,MORGEN cafe and gallery +,柴原阪大前駅 602m,カフェ、ドイツ料理,,3.14,12,749,-,"￥1,000～￥1,999",大阪府豊中市柴原町3-11-23,34.8041845,135.4634693
280,とんかつ ハク,柴原阪大前駅 646m,とんかつ,,3.04,3,58,-,-,大阪府豊中市柴原町1-2-2,34.7966321,135.4640047
281,サンディオール・ヤスダ,柴原阪大前駅 503m,喫茶店,,,5,,-,-,大阪府豊中市柴原町2-1-21,34.7984199,135.4636461
282,どんぶり名人 豊中北店,柴原阪大前駅 592m,天丼,,,10,,-,-,大阪府豊中市柴原町3-11-23 シブヤハイツ 1F,34.8041845,135.4634693
283,鮨・淡路,柴原阪大前駅 411m,寿司,,3.07,9,215,"￥6,000～￥7,999",-,大阪府豊中市柴原町3-6-45,34.8010854,135.4631793
284,お茶処 吉田,柴原阪大前駅 188m,喫茶店,,3.09,19,313,-,～￥999,大阪府豊中市柴原町4-8-13,34.8021616,135.4587754
285,CAFE Good Field,柴原阪大前駅 417m,喫茶店,,3.02,2,25,～￥999,～￥999,大阪府豊中市柴原町3-6-45,34.8011242,135.4631872
286,津の国屋　ボンクリス,柴原阪大前駅 569m,和菓子、ケーキ,,3.08,12,137,-,-,大阪府豊中市柴原町3丁目11-10,34.8034142,135.4637746
287,Ritz pancake,柴原阪大前駅 503m,カフェ,,3.08,8,308,-,"￥1,000～￥1,999",大阪府豊中市柴原町2-1-21,34.7984176,135.4635653
288,喫茶グリーン,柴原阪大前駅 123m,喫茶店,,3,2,14,-,-,大阪府豊中市柴原町4-14-1 市立豊中病院 1F,34.801655,135.4582532
289,市立豊中病院売店,柴原阪大前駅 217m,ケーキ,,3.01,1,14,-,-,大阪府豊中市柴原町4-14-1 市立豊中病院 1F,34.8023901,135.4582003
290,とんかつ かつ喜 豊中南店,豊中市,とんかつ,,3.06,38,298,"￥1,000～￥1,999","￥1,000～￥1,999",大阪府豊中市島江町1-3-29,34.7429072,135.4649369
291,御菓子司 春月堂,豊中市,和菓子,,3,4,6,-,-,大阪府豊中市島江町1-3-1,34.7430745,135.4680468
292,喫茶サン,豊中市,喫茶店,,3.02,1,5,-,-,大阪府豊中市島江町1-3-14,34.7429302,135.4672777
293,サーバ 豊中島江店,豊中市,その他,,3,1,2,-,-,大阪府豊中市島江町1-1-22,34.7424498,135.4687143
294,ファミリーマート 豊中島江町店,豊中市,コンビニ・スーパー,,3,3,8,-,-,大阪府豊中市島江町1-2-18,34.741087,135.4682712
295,かに道楽 豊中店,少路（大阪モノレール）駅 361m,かに、日本料理、海鮮,【少路駅5分】ゆったりとした和空間×「かにすき」をはじめとした自慢のかに料理でおもてなし,3.17,105,834,"￥6,000～￥7,999","￥3,000～￥3,999",大阪府豊中市少路1-1-5,34.8031308,135.4716678
296,うな豊 豊中本店,少路（大阪モノレール）駅 132m,うなぎ、海鮮、日本料理,備長炭で香ばしく焼き上げる、仕込みからこだわった関西風うなぎと種類豊富な一品料理に舌鼓。,3.29,113,2031,"￥4,000～￥4,999","￥3,000～￥3,999",大阪府豊中市少路1-10-15,34.8054693,135.4752914
297,香樹,少路（大阪モノレール）駅 283m,スープカレー、カレー、カフェ,【豊中/小路】薬膳石鍋スープカレー専門店。１９種類のスパイスが奏でるハーモニー。,3.46,184,7071,"￥1,000～￥1,999","￥1,000～￥1,999",大阪府豊中市少路2-9-18,34.8051817,135.4724812
298,まん福ベーカリー 豊中店,少路（大阪モノレール）駅 356m,パン,,3.44,69,1708,-,-,大阪府豊中市少路2-10-5,34.8049343,135.4715564
299,ダンクブロート 豊中少路店,少路（大阪モノレール）駅 158m,パン,,3.07,11,230,-,～￥999,大阪府豊中市少路1-11-20,34.8055931,135.4760743
300,Le Grignotage,少路（大阪モノレール）駅 157m,ケーキ,,3.1,12,290,-,-,大阪府豊中市少路1-11-20 少路パークレジデンス,34.8056176,135.4760725
301,TOIRONIみらいたべる食堂,少路（大阪モノレール）駅 296m,カフェ,,,6,,-,-,大阪府豊中市少路2-9-20 さわらぎ産科婦人科豊中少路クリニック 1F,34.804748,135.4722296
302,なか卯 豊中少路店,少路（大阪モノレール）駅 279m,牛丼、親子丼、うどん,,3.03,29,127,～￥999,-,大阪府豊中市少路1-460-1,34.8032053,135.4726983
303,カフェスイーツ ムッシュ マキノ,少路（大阪モノレール）駅 367m,ケーキ、カフェ,,3.48,177,4595,"￥1,000～￥1,999","￥1,000～￥1,999",大阪府豊中市少路2-10-27,34.8047252,135.471391
304,ファミリーマート 豊中少路二丁目店,少路（大阪モノレール）駅 284m,コンビニ・スーパー,,3.02,1,1,-,-,大阪府豊中市少路2-4-3,34.8067416,135.4745069
305,BUTTER,少路（大阪モノレール）駅 273m,クレープ・ガレット、バー,,3.24,24,619,"￥2,000～￥2,999",～￥999,大阪府豊中市少路2-3-17,34.8067469,135.4751208
306,ステーキハウス神楽 豊中店,少路（大阪モノレール）駅 330m,ステーキ、鉄板焼き、日本料理,【電話予約のみ受付中】週末はご予約が集中する為、事前にご予約をお願い致します♪,3.28,83,3248,"￥4,000～￥4,999","￥2,000～￥2,999",大阪府豊中市少路2-8-13,34.8063593,135.4727837
307,松のや 少路店,少路（大阪モノレール）駅 377m,とんかつ、かつ丼,,3.05,27,136,～￥999,～￥999,大阪府豊中市少路1-2-1,34.803352,135.4714097
308,阪急オアシス ケーキコーナー 豊中少路店,少路（大阪モノレール）駅 290m,ケーキ,,3.01,1,11,-,-,大阪府豊中市少路2-4-8,34.806622,135.4739319
309,ピノキオ 豊中店,少路（大阪モノレール）駅 368m,喫茶店,,3.08,82,750,"￥1,000～￥1,999",～￥999,大阪府豊中市少路2-7-105-1,34.8058801,135.4717581
310,和食しゃぶしゃぶ かごの屋 豊中少路店,少路（大阪モノレール）駅 365m,日本料理、しゃぶしゃぶ、ビュッフェ,,3.06,48,488,"￥2,000～￥2,999","￥1,000～￥1,999",大阪府豊中市少路1-1-38,34.8028348,135.4717531
311,サーティワンアイスクリーム 豊中ロマンチック街道店,少路（大阪モノレール）駅 364m,ジェラート・アイスクリーム,,3.05,21,110,～￥999,-,大阪府豊中市少路2-3038,34.8047196,135.4714189
312,Kitchen EDYH,庄内駅 571m,イタリアン,,3.02,2,71,"￥2,000～￥2,999","￥1,000～￥1,999",大阪府豊中市庄内幸町4-28-1 パレ豊中,34.7470229,135.4700622
313,あの餃子家,庄内駅 400m,餃子、居酒屋、からあげ,【庄内駅8分】ニンニク不使用の餃子や、店内仕込みの唐揚げやチャーシューなどの逸品もご堪能！,3.12,9,105,"￥2,000～￥2,999",～￥999,大阪府豊中市庄内幸町1-5-5,34.7521735,135.4714441
314,割烹 小ぶな,庄内駅 556m,海鮮,阪急庄内駅より徒歩7分❗️ てっちり専門店,3.07,13,345,"￥4,000～￥4,999",-,大阪府豊中市庄内幸町2-12-5,34.7508917,135.4690593
315,居酒屋つゆ子,庄内駅 370m,焼き鳥,,,6,,-,-,大阪府豊中市庄内幸町3-17-8,34.7483481,135.4716992
316,愛,庄内駅 642m,レストラン,,,4,,-,-,大阪府豊中市庄内幸町2-12-21,34.7509653,135.4681774
317,ジュン,庄内駅 863m,喫茶店,,,2,,-,-,大阪府豊中市庄内幸町5-20-2,34.7442146,135.4688037
318,翔吉,庄内駅 451m,居酒屋,,,1,1,-,"￥1,000～￥1,999",大阪府豊中市庄内幸町4-2-1,34.7471586,135.4717213
319,ごはんや ぐぅ,庄内駅 430m,洋食、食堂、カフェ,,3.17,30,625,"￥1,000～￥1,999",～￥999,大阪府豊中市庄内幸町2-15-13,34.7502265,135.470362
320,とりかわ権兵衛 豊中店,庄内駅 634m,もつ鍋,,3.08,17,662,"￥3,000～￥3,999",-,大阪府豊中市庄内幸町3-7-25,34.7487059,135.4682975
321,想花南,庄内駅 684m,カフェ,,3.01,2,34,-,～￥999,大阪府豊中市庄内幸町1-8-1,34.7528622,135.4683921
322,まるひら,庄内駅 318m,豚料理,,3.03,8,154,-,-,大阪府豊中市庄内幸町3-1-3,34.7491351,135.4717895
323,ぶんぶん,庄内駅 832m,喫茶店,,,4,,-,-,大阪府豊中市庄内幸町5-16-14,34.7438667,135.4700321
324,ひでみ,庄内駅 672m,食堂、弁当,,3.01,2,19,-,～￥999,大阪府豊中市庄内幸町2-11-18,34.7517131,135.4679216
325,クレープモンキー 豊中庄内幸町店,庄内駅 732m,クレープ・ガレット,,,10,,-,-,大阪府豊中市庄内幸町4-23-10 イズスホワイトビル 1F,34.7465583,135.4684145
326,居酒屋岬,庄内駅 541m,居酒屋,,,4,,-,-,大阪府豊中市庄内幸町2-22-16,34.749519,135.469195
327,500円処 ナンバー1,庄内駅 467m,食堂、弁当,,3.4,102,10404,～￥999,～￥999,大阪府豊中市庄内幸町2-2-36,34.7520444,135.4704334
328,和創作がく,庄内駅 480m,海鮮,,3.01,2,34,-,-,大阪府豊中市庄内幸町2-13-10,34.7508891,135.4699033
329,肉の平野屋,庄内駅 313m,その他、揚げ物,,3.04,14,265,-,-,大阪府豊中市庄内幸町3-1-3,34.7491771,135.4718362
330,まねき,庄内駅 545m,焼肉,,,4,125,-,-,大阪府豊中市庄内幸町2-26-16,34.7507997,135.4691506
331,串焼居酒屋いろは串,庄内駅 454m,串焼き、海鮮、ふぐ,,,1,14,-,-,大阪府豊中市庄内幸町3-5-17,34.7494663,135.4702277
332,居酒屋 つくし,庄内駅 658m,居酒屋,,,6,,-,-,大阪府豊中市庄内幸町4-27-15,34.7470241,135.4689881
333,だるま,庄内駅 616m,居酒屋,,3.04,3,35,-,-,大阪府豊中市庄内幸町2-30,34.7508367,135.4683792
334,くしもんや 良ちゃん,庄内駅 339m,串揚げ,,3.02,2,21,-,-,大阪府豊中市庄内幸町3-17-2,34.748751,135.4717938
335,ケーキハウス オペラ,庄内駅 449m,ケーキ,,3.06,10,98,-,-,大阪府豊中市庄内幸町3-3-40,34.7494663,135.4702278
336,とり吉,庄内駅 667m,焼き鳥,,3.04,6,1012,"￥1,000～￥1,999",-,大阪府豊中市庄内幸町2-11-15,34.751449,135.4679419
337,カフェ・ル・フロール,庄内駅 643m,喫茶店,,,8,,-,-,大阪府豊中市庄内幸町3-7-22,34.7483791,135.4684538
338,やっちゃん,庄内駅 369m,居酒屋,,3.05,4,45,-,-,大阪府豊中市庄内幸町3-17-8,34.748292,135.4716899
339,いなほ,庄内駅 615m,焼き鳥,,3.02,4,246,-,-,大阪府豊中市庄内幸町2-22-31,34.7497946,135.4683303
340,純喫茶あすか,庄内駅 370m,喫茶店,,,2,67,-,～￥999,大阪府豊中市庄内幸町3-18-1,34.74815,135.4718305
341,富美家,庄内駅 404m,お好み焼き、食堂、鉄板焼き,,,1,24,-,-,大阪府豊中市庄内幸町2-14-7,34.7508675,135.4707397
342,吉野家 名神豊中庄内店,豊中市,牛丼、カレー、食堂,,3.03,20,64,～￥999,-,大阪府豊中市庄内栄町4-21-36,34.7453166,135.4644665
343,すみ川,庄内駅 720m,寿司,,3.03,4,17,-,-,大阪府豊中市庄内栄町1-7-1,34.752389,135.467621
344,ファミリーマート 豊中インター南店,豊中市,コンビニ・スーパー,,,3,,-,-,大阪府豊中市庄内栄町3-12-53,34.7479016,135.4641279
345,広島焼きGOD,庄内駅 978m,お好み焼き、鉄板焼き,,3.02,7,252,-,-,大阪府豊中市庄内栄町4-22-8,34.7467843,135.4651977
346,よつ葉のクローバー,庄内駅 956m,喫茶店,,,3,,-,-,大阪府豊中市庄内栄町4-22-20,34.746614,135.4655553
347,のんき寿し,庄内駅 781m,寿司,,3.04,4,67,-,-,大阪府豊中市庄内栄町4-4-4,34.7458776,135.4682654
348,ふじ寿し,庄内駅 995m,寿司,,,1,,-,-,大阪府豊中市庄内栄町5-4-11,34.7433692,135.4679113
349,太一寿司,庄内駅 759m,寿司,,,1,15,-,-,大阪府豊中市庄内栄町3-23-3,34.7470632,135.4676511
350,響＆のんちゃん,庄内駅 742m,喫茶店,,,6,,-,-,大阪府豊中市庄内栄町1-7-2,34.7523506,135.4673665
351,五色うどん,豊中市,うどん,,3.31,78,698,～￥999,～￥999,大阪府豊中市庄内栄町3-24-1 夢の公衆浴場　五色,34.7468931,135.464376
352,ローソンストア100 庄内栄町店,庄内駅 671m,コンビニ・スーパー,,3,1,5,-,-,大阪府豊中市庄内栄町3-3-17 井原ビル 1F,34.7484805,135.4680065
353,韓国酒場民俗村,庄内駅 898m,居酒屋,,,2,,-,-,大阪府豊中市庄内栄町5-1-3,34.7444152,135.4683027
354,浪漫亭,庄内駅 659m,居酒屋,,3.02,2,23,-,-,大阪府豊中市庄内栄町2-2-1,34.7507493,135.467873
355,インド・ネパールレストラン プルニマ,庄内駅 664m,インドカレー、インド料理、ネパール料理,,,2,14,-,-,大阪府豊中市庄内栄町3-2-2,34.7486613,135.4680268
356,アルスター,庄内駅 669m,パン,,3.11,13,151,-,-,大阪府豊中市庄内栄町2-1-1,34.7510707,135.4678338
357,一八寿司,庄内駅 775m,寿司,,3.04,4,57,-,-,大阪府豊中市庄内栄町4-4-2,34.7521703,135.4716893
358,大連,庄内駅 699m,中華料理,,3.07,7,156,-,-,大阪府豊中市庄内栄町2-4-13,34.7493845,135.4674248
359,さち,庄内駅 990m,喫茶店,,,2,,-,-,大阪府豊中市庄内栄町4-20-11,34.7452501,135.4660283
360,LIFE 庄内店,豊中市,コンビニ・スーパー,,,1,2,-,-,大阪府豊中市庄内栄町5-5-10,34.7434215,135.4671252
361,松屋,豊中市,そば、うどん,,,1,11,-,-,大阪府豊中市庄内宝町1-1-11,34.7479561,135.4623823
362,クックランド,豊中市,弁当、惣菜・デリ,,3.04,2,22,-,-,大阪府豊中市庄内宝町2-4-10,34.7432086,135.4621028
363,宝屋,豊中市,うどん,,3.14,28,294,-,～￥999,大阪府豊中市庄内宝町1-9-10,34.7474896,135.4634905
364,カレーハウス CoCo壱番屋 豊中インター店,豊中市,カレー,,3.03,23,77,"￥1,000～￥1,999",～￥999,大阪府豊中市庄内宝町2-6-40,34.7442325,135.464031
365,キラメキノトリ 名神豊中インター店,豊中市,ラーメン,,3.15,117,896,"￥1,000～￥1,999",～￥999,大阪府豊中市庄内宝町1-8-10,34.7465652,135.4636972
366,はなまるうどん 豊中インター店,豊中市,うどん,,3.05,53,133,～￥999,～￥999,大阪府豊中市庄内宝町2-6-34,34.7449862,135.4638986
367,炉端と酒,庄内駅 238m,居酒屋、海鮮、ろばた焼き,庄内駅3分◆お造りや炭焼きで旬の食材を味わう！厳選の日本酒や焼酎が充実◎深夜25時まで営業,3.05,11,251,"￥4,000～￥4,999",-,大阪府豊中市庄内西町2-6-1,34.7521385,135.4739964
368,炭焼 お家はん,庄内駅 116m,焼き鳥、居酒屋,庄内駅3分◆炭火で焼き上げる味自慢の焼鳥◎ご宴会等にお得なコース有！ゆっくり寛げる空間,3.05,15,315,"￥4,000～￥4,999",-,大阪府豊中市庄内西町2-20-31,34.7505885,135.4739053
369,あぶりや 庄内店,庄内駅 327m,焼肉、ホルモン,プロ厳選のお肉と贅沢なサイドメニュー。ひとつ上の食べ放題にこだわった焼肉店,3.06,30,819,"￥4,000～￥4,999","￥4,000～￥4,999",大阪府豊中市庄内西町4-1-21,34.7473533,135.4741881
370,らーめん居酒屋 志みづ家,庄内駅 51m,ラーメン、つけ麺、居酒屋,【庄内駅1分】アットホームな店内◆沖縄料理や本格中華に、〆のラーメンまで！貸切・カラオケ可,3.04,13,253,"￥2,000～￥2,999",-,大阪府豊中市庄内西町2-22-36,34.7502523,135.4745127
371,アジアン料理と燻製バル HaHaHa,庄内駅 332m,タイ料理、アジア・エスニック,タイ料理をメインとしたハーブとスパイス料理＋燻製創作料理と多彩なドリンクをお楽しみください,3.21,14,264,"￥3,000～￥3,999",～￥999,大阪府豊中市庄内西町2-10-19,34.7520688,135.4722463
372,志なのすけ 庄内店,庄内駅 164m,居酒屋、海鮮、焼き鳥,,3.05,20,233,"￥3,000～￥3,999",-,大阪府豊中市庄内西町3-2-3,34.748681,135.474786
373,ふぐと鉄板焼がぶ飲み酒場 庄内駅前店,庄内駅 86m,居酒屋、そば、お好み焼き,串カツ・鉄板焼き・フグ料理！お酒もOKの”おとなのドリンクバー”,3.09,19,646,"￥3,000～￥3,999",～￥999,大阪府豊中市庄内西町2-4-3 庄内駅前ビル 2F,34.7508383,135.4746409
374,中華酒場 Chibang,庄内駅 286m,中華料理、居酒屋、バル,,3.07,7,199,"￥4,000～￥4,999",-,大阪府豊中市庄内西町1-3-10 庄内西町ビル,34.7522318,135.4732208
375,らっぱ屋,庄内駅 155m,焼肉、ホルモン,【庄内駅2分】厚切りで上質な厳選黒毛和牛×お酒もリーズナブル！各種宴会に◎インボイス登録店,3.17,14,335,"￥4,000～￥4,999","￥1,000～￥1,999",大阪府豊中市庄内西町3-1-13,34.7491004,135.4739147
376,黒毛和牛焼肉 ビーファーズ 庄内牧場,庄内駅 565m,焼肉,,3,1,9,-,-,大阪府豊中市庄内西町5-1-14,34.7450944,135.4759758
377,ル コントワール リッペ,庄内駅 196m,フレンチ,高級感のある空間で、めぐる四季を感じられるフランス料理を堪能◆ディナーはアラカルト注文OK,3.12,20,633,"￥8,000～￥9,999","￥4,000～￥4,999",大阪府豊中市庄内西町3-3-7,34.7486949,135.4738253
378,とり慶,庄内駅 179m,焼き鳥、居酒屋、海鮮,,3.07,8,103,"￥3,000～￥3,999",-,大阪府豊中市庄内西町3-3-1,34.748964,135.4739506
379,中津しょうゆからあげ専門店 鶏笑 豊中庄内店,庄内駅 127m,からあげ、弁当,,3,4,26,-,-,大阪府豊中市庄内西町3-1-5,34.7492498,135.4741789
380,エッチスリースタジオアンドカフェ,庄内駅 52m,カフェ、ジューススタンド,,3.01,1,198,-,～￥999,大阪府豊中市庄内西町2-22-8 しま善ビル 3F,34.7500254,135.4740883
381,笑乃みやけ,庄内駅 147m,日本料理、うどん,,3.07,7,217,"￥6,000～￥7,999",-,大阪府豊中市庄内西町2-15-5,34.7507084,135.4736064
382,ジャンカラ 庄内駅前店,庄内駅 208m,カラオケ、その他,,3,2,8,-,-,大阪府豊中市庄内西町2-1-3 今井ビル,34.7520018,135.4747566
383,炭火焼鳥 鳥ふく,庄内駅 346m,焼き鳥、鳥料理,,3.17,29,746,"￥3,000～￥3,999",-,大阪府豊中市庄内西町2-17-18,34.7508563,135.4713752
384,ここや,庄内駅 221m,食堂,,3.42,102,5331,-,～￥999,大阪府豊中市庄内西町3-5-10,34.7487146,135.4733165
385,シーシャカフェバーアイビス 庄内店,庄内駅 194m,バー、カフェ,,,6,,"￥3,000～￥3,999","￥2,000～￥2,999",大阪府豊中市庄内西町3-7-40 三丁目広場 2F,34.7485644,135.4741263
386,すき家 阪急庄内南店,庄内駅 445m,牛丼、カレー、食堂,,3.01,13,54,-,-,大阪府豊中市庄内西町5-1-3,34.7462503,135.4759969
387,ファミリーマート 庄内駅前店,庄内駅 72m,コンビニ・スーパー,,3,2,4,-,-,大阪府豊中市庄内西町2-22-8,34.7495329,135.4747661
388,魚べい イオンタウン豊中庄内店,庄内駅 628m,回転寿司,,3.06,35,298,"￥2,000～￥2,999","￥2,000～￥2,999",大阪府豊中市庄内西町5-1-22 イオンタウン豊中庄内 2F,34.7445426,135.4755277
389,丸十寿司,庄内駅 37m,寿司,,3.17,25,369,-,～￥999,大阪府豊中市庄内西町2-22-38,34.7502361,135.4746689
390,珈琲専門店 果琳 庄内店,庄内駅 136m,カフェ、ケーキ,,3.08,8,100,～￥999,～￥999,大阪府豊中市庄内西町3-1-5 サンパティオビル 4F,34.7490285,135.4744234
391,ごはん処 おかえり,庄内駅 341m,食堂、弁当,,,3,463,-,-,大阪府豊中市庄内西町3-10-26,34.7474978,135.4731572
392,旨めし鉄板 大知,庄内駅 198m,お好み焼き,,3.05,6,70,"￥2,000～￥2,999","￥1,000～￥1,999",大阪府豊中市庄内西町2-24-8,34.7493943,135.4730861
393,お肉屋さんのひとり焼肉 イオンタウン豊中庄内店,庄内駅 614m,焼肉、ホルモン,,3.09,54,372,"￥1,000～￥1,999","￥1,000～￥1,999",大阪府豊中市庄内西町5-1-22 イオンタウン豊中庄内 1F,34.7446285,135.4756582
394,HAKOBUNE CAFE,庄内駅 334m,カフェ、クレープ・ガレット、ドーナツ,,3,4,72,-,-,大阪府豊中市庄内西町2-10-19,34.7520427,135.4722478
395,クックデリ御膳 庄内店,庄内駅 151m,惣菜・デリ、弁当,,3.01,8,25,-,～￥999,大阪府豊中市庄内西町3-1-18 庄内WEST商店街 1F,34.7492175,135.4744372
396,ディップサガル,庄内駅 190m,インドカレー、居酒屋、アジア・エスニック,,3.04,4,29,"￥1,000～￥1,999",～￥999,大阪府豊中市庄内西町2-24-7,34.7493802,135.4732119
397,千鳥屋宗家 庄内店,庄内駅 119m,和菓子,,3,1,2,-,-,大阪府豊中市庄内西町3-1-5,34.749069,135.474503
398,サン・ウエスタン,庄内駅 270m,喫茶店,,3.04,2,8,-,-,大阪府豊中市庄内西町2-9-22,34.7520399,135.4731973
399,エアーホルク,庄内駅 107m,喫茶店,,3.02,3,17,-,～￥999,大阪府豊中市庄内西町3-1-22,34.7492058,135.4747494
400,焼肉ホルモン とくちゃん 庄内店,庄内駅 162m,焼肉、ホルモン,,3.03,14,419,"￥2,000～￥2,999",-,大阪府豊中市庄内西町3-2-7,34.7486979,135.4745484
401,Suns,庄内駅 165m,バー,,,10,,-,-,大阪府豊中市庄内西町3-3-1 サンライズビル西側 1F,34.7489545,135.4739622
402,イザック忘れな草,庄内駅 153m,居酒屋,,,12,,-,-,大阪府豊中市庄内西町3-2-15,34.748856,135.474461
403,beat x box,庄内駅 233m,バー、居酒屋,,,5,,-,-,大阪府豊中市庄内西町3-6-21 ファイブスタービル 2F,34.7486262,135.4732981
404,佐藤の浪漫,庄内駅 149m,立ち飲み、からあげ、ホルモン,,3.06,4,204,"￥1,000～￥1,999",-,大阪府豊中市庄内西町3-2-15,34.7488836,135.4745876
405,停車場珈琲館,庄内駅 180m,喫茶店,,3.02,1,15,-,～￥999,大阪府豊中市庄内西町3-3-3,34.7487119,135.4740943
406,鳥貴族 庄内店,庄内駅 98m,焼き鳥、鳥料理、居酒屋,,3.01,8,106,"￥2,000～￥2,999",-,大阪府豊中市庄内西町2-22-15,34.7493342,135.4746119
407,えん,庄内駅 259m,うどん,,3.06,15,140,～￥999,～￥999,大阪府豊中市庄内西町3-16-7,34.7483945,135.4731969
408,本格炭火焼鳥 楽笑,庄内駅 169m,焼き鳥,,3.05,4,39,-,-,大阪府豊中市庄内西町2-20-3,34.7505695,135.4732798
409,開華,庄内駅 88m,スペイン料理、ワインバー,,3.09,14,299,"￥2,000～￥2,999",-,大阪府豊中市庄内西町2-21-14,34.7504383,135.4741627
410,DAISO サンパティオ庄内店,庄内駅 119m,売店,,,1,7,-,-,大阪府豊中市庄内西町3-1-5 サンパティオ B1F,34.7490722,135.4744419
411,名騎士館,庄内駅 77m,喫茶店,,3.02,3,44,-,-,大阪府豊中市庄内西町2-22-34,34.7503371,135.4742443
412,あっちゃんのからあげ屋 庄内駅前店,庄内駅 94m,からあげ,,3,1,10,-,-,大阪府豊中市庄内西町2-22-12,34.7492867,135.4748191
413,屋台餃子 まるひげ,庄内駅 279m,餃子、からあげ、居酒屋,,3.04,5,99,-,"￥1,000～￥1,999",大阪府豊中市庄内西町3-19-13,34.7492764,135.4721886
414,味福,庄内駅 244m,弁当,,3.04,7,54,-,-,大阪府豊中市庄内西町2-26-10,34.7493843,135.4720579
415,ル・クロワッサン 庄内店,庄内駅 49m,パン、サンドイッチ,,3.08,27,254,～￥999,～￥999,大阪府豊中市庄内西町2-22-8,34.7497744,135.4747552
416,たぬきや 庄内,庄内駅 80m,居酒屋、焼き鳥、日本酒バー,,3.06,10,297,"￥3,000～￥3,999",-,大阪府豊中市庄内西町2-22-34,34.75028,135.474139
417,もだんや,庄内駅 196m,お好み焼き,,3.02,1,7,-,-,大阪府豊中市庄内西町3-7-40 三丁目広場 1F,34.748888,135.4743976
418,喫茶POARO,庄内駅 115m,喫茶店、かき氷,,,29,,-,～￥999,大阪府豊中市庄内西町2-20-4,34.7504589,135.4738618
419,立ち呑み処 筍,庄内駅 236m,立ち飲み,,3.04,6,116,-,-,大阪府豊中市庄内西町1-1-7 庄内ビル 1F,34.7522659,135.4748735
420,義八,庄内駅 115m,居酒屋,,3.02,1,25,-,-,大阪府豊中市庄内西町2-23-41,34.7502468,135.4738003
421,おんどり庵 庄内店,庄内駅 104m,焼き鳥,,3.03,13,150,"￥3,000～￥3,999",-,大阪府豊中市庄内西町2-4-1,34.7510354,135.4747275
422,おにぎり屋 まりちゃん,庄内駅 500m,おにぎり,,3.02,3,42,-,-,大阪府豊中市庄内西町5-4-1,34.7457162,135.4739897
423,居酒屋 貞,庄内駅 120m,居酒屋,,,1,17,-,-,大阪府豊中市庄内西町2-23-41,34.7502852,135.4737512
424,とんかつ 神楽坂 さくら イオンタウン豊中庄内店,庄内駅 649m,とんかつ,,3.09,18,94,-,"￥1,000～￥1,999",大阪府豊中市庄内西町5-1-22,34.7442979,135.475449
425,あげた亭,庄内駅 311m,弁当,,3.02,6,150,-,-,大阪府豊中市庄内西町3-15-5,34.7478181,135.4731525
426,マクドナルド １７６庄内店,庄内駅 476m,ハンバーガー,,3.03,10,54,-,～￥999,大阪府豊中市庄内西町5-1-7,34.7459197,135.4759645
427,居酒屋 繁,庄内駅 121m,居酒屋,,3.02,1,9,"￥3,000～￥3,999","￥2,000～￥2,999",大阪府豊中市庄内西町2-20-5,34.7504039,135.4737533
428,京都 はち助,庄内駅 291m,お好み焼き、たい焼き・大判焼き,,3.03,14,70,-,～￥999,大阪府豊中市庄内西町3-19-14,34.7492085,135.4720485
429,シッキム,庄内駅 242m,カフェ,,,4,68,"￥10,000～￥14,999",-,大阪府豊中市庄内西町2-17-2,34.7510759,135.4726967
430,焼鳥ビアスタンド 伍介,庄内駅 265m,焼き鳥、立ち飲み,,3.04,2,345,-,-,大阪府豊中市庄内西町2-28-10,34.7493853,135.4723137
431,焼肉ホルモン かっぱ,庄内駅 230m,焼肉、ホルモン,,3.04,6,199,"￥6,000～￥7,999",-,大阪府豊中市庄内西町2-16-4,34.7507782,135.4726893
432,BURGER KING イオンタウン豊中庄内店,庄内駅 624m,ハンバーガー,,3.34,46,212,-,～￥999,大阪府豊中市庄内西町5-1-22,34.7445287,135.4754976
433,モンパルナス,庄内駅 188m,パン、カフェ,,3.44,99,3389,-,～￥999,大阪府豊中市庄内西町2-15-8 グランツ豊中 1F,34.7507388,135.4731337
434,びっくりドンキー イオンタウン豊中庄内店,庄内駅 625m,ファミレス、ハンバーグ,,3.06,41,127,"￥1,000～￥1,999","￥1,000～￥1,999",大阪府豊中市庄内西町5-1-22 イオンタウン豊中庄内 2F,34.744547,135.4758261
435,さんべ食堂,庄内駅 271m,食堂,,3.01,1,34,-,-,大阪府豊中市庄内西町1-3-6,34.7522431,135.4735395
436,焼鳥 3Q,庄内駅 260m,焼き鳥、鳥料理,,3.01,3,22,-,-,大阪府豊中市庄内西町3-19-18,34.7492467,135.4724301
437,いぶし銀,庄内駅 237m,ラーメン,,3.07,10,284,"￥1,000～￥1,999",-,大阪府豊中市庄内西町3-6-21,34.7485605,135.4733053
438,パセオサンポミチ,庄内駅 537m,カフェ,,,1,7,-,-,大阪府豊中市庄内西町5-9-25 朝日マンション 1F,34.7455868,135.4731895
439,庄内ベース,庄内駅 232m,居酒屋,,3.03,3,33,-,-,大阪府豊中市庄内西町3-6-21 ファイブスター 1F,34.7486218,135.4733096
440,ぱにぱに商店,庄内駅 92m,立ち飲み、居酒屋,,3.02,1,40,-,-,大阪府豊中市庄内西町2-21-14,34.7504106,135.4741006
441,かがみや,庄内駅 134m,うどん,,3.08,11,196,-,-,大阪府豊中市庄内西町3-1-5 サンパティオビル　 4Ｆ,34.7491004,135.4743103
442,減塩キムチと韓国惣菜 大邱 てぐ,庄内駅 236m,韓国料理,,,1,21,-,-,大阪府豊中市庄内西町3-19-20,34.7492715,135.4727005
443,喜楽,庄内駅 509m,ろばた焼き,,3.02,1,5,-,-,大阪府豊中市庄内西町4-18-9,34.7458332,135.4730658
444,つくも,庄内駅 241m,カフェ、食堂,,,1,6,-,-,大阪府豊中市庄内西町2-6-1,34.7521515,135.4740182
445,マウントツー,庄内駅 131m,喫茶店,,3.09,10,145,-,-,大阪府豊中市庄内西町3-1-5,34.749075,135.474442
446,ハマムラ,庄内駅 244m,中華料理,,3.41,93,2854,"￥1,000～￥1,999","￥1,000～￥1,999",大阪府豊中市庄内西町2-26-11,34.7493839,135.4725692
447,鉄板屋てっぺん,庄内駅 248m,お好み焼き,,3.02,2,54,-,-,大阪府豊中市庄内西町2丁目7-32,34.7520785,135.4736792
448,パティスリー&カフェ ノアズ アーク,庄内駅 239m,カフェ、ケーキ、洋菓子,,3.21,37,1807,-,"￥1,000～￥1,999",大阪府豊中市庄内西町1-1-9,34.752244,135.4746786
449,宮本むなし 阪急庄内駅前西口,庄内駅 29m,食堂、丼、創作料理,,3.03,14,103,-,～￥999,大阪府豊中市庄内西町2-22-3,34.7501424,135.4747397
450,カフェ ボンド,庄内駅 159m,カフェ、喫茶店、ケーキ,,3.04,3,80,"￥1,000～￥1,999",～￥999,大阪府豊中市庄内西町3-2-14,34.7489137,135.4741942
451,帆立屋,庄内駅 171m,お好み焼き,,3.01,1,114,-,-,大阪府豊中市庄内西町3-3-3,34.7488097,135.4741056
452,ケンタッキーフライドチキン グルメシティ庄内店,庄内駅 129m,肉料理,,3.01,4,30,-,-,大阪府豊中市庄内西町2-23-23 グルメシティ庄内,34.749468,135.47381
453,鉄板中華・担々麺 究 Kiwa,庄内駅 248m,担々麺、中華料理,,3.45,120,3411,"￥2,000～￥2,999",-,大阪府豊中市庄内西町2-7-32,34.7520789,135.4736792
454,じゃんぼ総本店 庄内WEST店,庄内駅 132m,たこ焼き,,3.03,7,45,-,～￥999,大阪府豊中市庄内西町3-1-5,34.7493172,135.4747122
455,大亀,庄内駅 176m,居酒屋,,3.06,7,114,"￥3,000～￥3,999",-,大阪府豊中市庄内西町2-23-27,34.7493833,135.473367
456,ぼんくら,庄内駅 155m,ふぐ,,3.03,4,76,"￥5,000～￥5,999",-,大阪府豊中市庄内西町3-2-14,34.7489,135.474359
457,和牛焼肉食べ放題ビーファーズ 庄内店,庄内駅 566m,焼肉,,3.12,20,197,"￥3,000～￥3,999","￥1,000～￥1,999",大阪府豊中市庄内西町5-1-14,34.7450944,135.4759758
458,丸十 和鮮,庄内駅 49m,居酒屋、寿司、海鮮,,3.04,7,162,"￥3,000～￥3,999",～￥999,大阪府豊中市庄内西町2-22-37,34.7502361,135.4746689
459,居酒屋いまむら,庄内駅 235m,居酒屋,,3.03,5,139,-,-,大阪府豊中市庄内西町2-16-4,34.7507841,135.4726085
460,ポンゴ101,庄内駅 90m,サンドイッチ、スイーツ,,3,4,47,-,-,大阪府豊中市庄内西町2-22-11,34.749387,135.4746875
461,ハバ サ ハナ,庄内駅 253m,洋菓子,,3.05,6,636,-,"￥1,000～￥1,999",大阪府豊中市庄内西町2-7-32,34.7521067,135.4736479
462,お食事処 さかえ,庄内駅 197m,食堂,,3.27,47,952,"￥1,000～￥1,999",～￥999,大阪府豊中市庄内西町2-24-8,34.7494034,135.4730939
463,カレーサンド屋・だらだらするだら,庄内駅 540m,カレー、カフェ、ファミレス,,3.03,3,169,"￥2,000～￥2,999","￥1,000～￥1,999",大阪府豊中市庄内西町4-19-6,34.7457395,135.4725714
464,伝説のすた丼屋 イオンタウン豊中庄内店,庄内駅 634m,食堂、丼,,3.04,25,105,-,～￥999,大阪府豊中市庄内西町5-1-22 イオンタウン豊中庄内 1F,34.7444617,135.4757883
465,松屋 庄内店,庄内駅 81m,牛丼、カレー、食堂,,3.01,16,55,-,-,大阪府豊中市庄内西町2-22-10 幸栄ビル1F,34.7494546,135.4747731
466,珈琲焙煎工房 全,庄内駅 274m,カフェ,,,,,-,-,大阪府豊中市庄内西町2-9-22,34.752046,135.4731438
467,洋菓子工房パティスリー リッペ,庄内駅 186m,スイーツ,,,2,35,-,-,大阪府豊中市庄内西町3-3-7,34.7487199,135.4737533
468,ドトールコーヒーショップ 阪急庄内店,庄内駅 125m,カフェ,,3.03,21,87,～￥999,～￥999,大阪府豊中市庄内西町3-1-5,34.7492428,135.474232
469,Parigino & atelier de maman,庄内駅 363m,カフェ,,3.04,2,159,-,-,大阪府豊中市庄内西町2-11-16,34.7520289,135.4718538
470,白馬童子 庄内店,庄内駅 193m,ラーメン,,3.08,42,345,～￥999,～￥999,大阪府豊中市庄内西町3-5-15,34.749236,135.473248
471,からあげ専門店 最鳥 庄内店,庄内駅 128m,弁当、からあげ,,3,1,32,-,-,大阪府豊中市庄内西町3-1-5 サンパティオ 1F,34.7492162,135.4742184
472,喫茶 レインボー,庄内駅 117m,喫茶店,,3.03,2,26,-,～￥999,大阪府豊中市庄内西町2-23-19,34.7493396,135.4742215
473,珉珉 庄内店,庄内駅 175m,中華料理,,3.04,21,239,"￥1,000～￥1,999",～￥999,大阪府豊中市庄内西町3-3-1,34.7489024,135.4738625
474,水車,庄内駅 176m,喫茶店,,,1,17,-,-,大阪府豊中市庄内西町3-7-1,34.7485928,135.4747991
475,栄久堂吉宗,庄内駅 135m,和菓子,,3.17,26,250,～￥999,～￥999,大阪府豊中市庄内西町3-1-3,34.7489434,135.4748194
476,にじいろ酒場,庄内駅 253m,バー,,,13,,-,-,大阪府豊中市庄内西町2-7-31,34.7520871,135.4735444
477,弁慶,庄内駅 122m,居酒屋、焼き鳥,,3.08,8,169,"￥2,000～￥2,999",-,大阪府豊中市庄内西町2-20-5,34.7504208,135.4737643
478,ローソンストア100 庄内駅前店,庄内駅 176m,コンビニ・スーパー,,,1,5,-,-,大阪府豊中市庄内西町2-1-6,34.7517203,135.4748805
479,大坂らーめん 秀吉,庄内駅 236m,ラーメン、餃子、油そば・まぜそば,,3.39,100,1849,～￥999,～￥999,大阪府豊中市庄内西町2-16-1,34.7509902,135.4726706
480,きて屋 庄内駅前店,庄内駅 122m,居酒屋、焼き鳥、おでん,庄内駅2分◆職人による炭火焼鳥と2種のダシを使ったおでん、バラエティ豊かな本格焼酎を堪能！,3.06,14,237,"￥3,000～￥3,999",-,大阪府豊中市庄内東町4-2-28,34.7500461,135.4763225
481,焼肉 日の出,庄内駅 91m,焼肉,【庄内駅30秒】精肉店直営の焼肉屋でお得に味わうA5ランク黒毛和牛◆少人数貸切可能な隠れ家,3.58,53,1891,"￥6,000～￥7,999",-,大阪府豊中市庄内東町1-7-22,34.7500644,135.4760927
482,お魚とおでんとお寿司1122 富久田や,庄内駅 33m,居酒屋、寿司、おでん,"【庄内駅より徒歩1分】新鮮なお魚を味わえ、しかも""リーズナブル""にご堪能頂けます！！",3.13,26,849,"￥3,000～￥3,999",-,大阪府豊中市庄内東町1-7-38,34.7500578,135.4754049
483,ニューリトルインディア 庄内店,庄内駅 109m,インド料理、インドカレー,,3.06,7,134,"￥1,000～￥1,999",～￥999,大阪府豊中市庄内東町2-1-6 三和ビル 2F,34.7492783,135.4759916
484,ホルモン 焼肉 ガスステーション,庄内駅 157m,焼肉、ホルモン,【庄内駅3分】国産肉の焼肉と豊富な韓国料理をカジュアルな空間で満喫◆貸切要相談,3.02,1,23,"￥4,000～￥4,999",-,大阪府豊中市庄内東町4-3-3,34.7495562,135.4765981
485,バー コル,庄内駅 219m,バー,,3.04,6,53,"￥2,000～￥2,999",-,大阪府豊中市庄内東町3-8-16 カサ・ラティード 1F,34.7517706,135.476452
486,THAI KICK,庄内駅 73m,アジア・エスニック,【庄内駅1分】自家製タレで味わう「カオマンガイ」とタイ料理◆デリバリーやテイクアウトも◎,3.06,9,140,"￥4,000～￥4,999",-,大阪府豊中市庄内東町1-8-6,34.749753,135.4757038
487,焼肉大衆酒場 真 肉焼屋 豊中庄内店,庄内駅 147m,焼肉、ホルモン、居酒屋,庄内駅2分◆大衆感溢れる店内で、A5ランク黒毛和牛をリーズナブルに楽しむ！生ビール209円,3.21,52,1798,"￥3,000～￥3,999","￥1,000～￥1,999",大阪府豊中市庄内東町2-4-9,34.7488382,135.4752715
488,焼鳥田ばた,庄内駅 152m,焼き鳥、居酒屋,【庄内駅徒歩1分】産地直送の新鮮な焼鳥をお手軽に◆“ちょっと寄り道”にちょうどいい居酒屋。,3.04,4,34,"￥3,000～￥3,999",-,大阪府豊中市庄内東町2-2-9,34.7490548,135.4760901
489,ナマステ・エベレスト,庄内駅 244m,インド料理、インドカレー,庄内駅5分◆異国情緒あふれる店内で本格カレーとナンを満喫◎駐車場完備！1時間無料サービス有,3.09,24,340,"￥1,000～￥1,999",～￥999,大阪府豊中市庄内東町1-1-16,34.7522115,135.4760194
490,アンフィニ,庄内駅 103m,ビストロ、カフェ,,3.07,12,291,"￥4,000～￥4,999","￥1,000～￥1,999",大阪府豊中市庄内東町1-7-27 2F,34.7496743,135.4760559
491,さけともまるひげ,庄内駅 155m,居酒屋、鳥料理、日本酒バー,日本酒飲みたい人、このひげと～まれ！！ 庄内駅東口より徒歩3分ぐらい。 ◎,3.07,13,337,"￥2,000～￥2,999",-,大阪府豊中市庄内東町1-4-3 アメニティ豊中 1F,34.7515103,135.4753853
492,カリトロ 庄内店,庄内駅 96m,たこ焼き,,3.06,13,188,-,～￥999,大阪府豊中市庄内東町1-7-22,34.7500416,135.4760923
493,麺や 轍,庄内駅 164m,ラーメン,,3.16,35,538,～￥999,～￥999,大阪府豊中市庄内東町2-2-10,34.7489487,135.4760878
494,カフェ レスト 家電住まいる館YAMADA豊中店,庄内駅 237m,カフェ,,3,2,12,-,～￥999,大阪府豊中市庄内東町2-7-10,34.7482697,135.4759823
495,バーガーキング 庄内駅前店,庄内駅 86m,ハンバーガー,,3.01,5,26,-,-,大阪府豊中市庄内東町2-1-1,34.7494449,135.4754582
496,豊市商店,庄内駅 75m,韓国料理,,3.02,4,75,-,-,大阪府豊中市庄内東町1-7-19 豊南市場,34.7503,135.47585
497,庄内居酒屋くるくる,庄内駅 158m,居酒屋,,3.07,5,68,"￥4,000～￥4,999","￥1,000～￥1,999",大阪府豊中市庄内東町2-2-10 2F,34.7489741,135.4760506
498,おどりや 庄内店,庄内駅 117m,居酒屋、海鮮、ちゃんこ鍋,,3.08,15,236,"￥2,000～￥2,999",-,大阪府豊中市庄内東町2-1-14,34.7492713,135.4758983
499,ラ ファミーユ,庄内駅 163m,バー,,3.01,3,45,-,-,大阪府豊中市庄内東町4-3-4,34.7495305,135.4766722
500,アライラツー,庄内駅 143m,ダイニングバー,,,8,,-,-,大阪府豊中市庄内東町2-2-8 2F,34.7488391,135.4759406
501,はまゆう,庄内駅 77m,その他,,,1,,-,-,大阪府豊中市庄内東町1-7-19,34.7504119,135.4758316
502,活魚 魚重,庄内駅 77m,その他,,,1,5,-,-,大阪府豊中市庄内東町1-7-19 豊南市場,34.7503012,135.4754171
503,居酒屋 ハンちゃん 庄内店,庄内駅 128m,居酒屋、ダイニングバー,,,4,,"￥1,000～￥1,999",-,大阪府豊中市庄内東町4-2-23 2F,34.7497232,135.4763342
504,鯖や 庄内駅前店,庄内駅 19m,棒寿司,,3,1,39,-,-,大阪府豊中市庄内東町1-10,34.7496727,135.475119
505,hmc-café,庄内駅 209m,カフェ,,3.02,1,21,-,-,大阪府豊中市庄内東町4-2-15,34.7496712,135.4772637
506,和気逢々,庄内駅 170m,居酒屋,,,15,,-,-,大阪府豊中市庄内東町2-6-3,34.7486561,135.4754498
507,中国郷菜 壺厨天,庄内駅 148m,中華料理,,3.36,77,2859,"￥3,000～￥3,999","￥1,000～￥1,999",大阪府豊中市庄内東町2-2-13,34.7489478,135.4758135
508,韓国料理 鳳仙花,庄内駅 22m,韓国料理,,3.02,2,38,-,-,大阪府豊中市庄内東町1-9-18,34.7501544,135.4752898
509,俺の麺,庄内駅 158m,食堂,,3.01,2,28,-,-,大阪府豊中市庄内東町2-2-12,34.7489442,135.4759755
510,キャメルクラッチ,庄内駅 128m,ラーメン,,3.08,17,185,-,"￥1,000～￥1,999",大阪府豊中市庄内東町4-2-23 2F,34.7496757,135.4763324
511,たこ焼き ひさご,庄内駅 108m,たこ焼き,,3,4,40,-,-,大阪府豊中市庄内東町2-1-7,34.7495423,135.4759749
512,カフェ&バー ヒマワリ フクダヤ,庄内駅 22m,カフェ,,3,2,34,-,"￥1,000～￥1,999",大阪府豊中市庄内東町1-9-19,34.7500574,135.4752763
513,ヘベレケ,庄内駅 208m,立ち飲み,,,1,16,-,-,大阪府豊中市庄内東町2-6-13,34.7484732,135.4760921
514,BOSS,庄内駅 102m,カレー,,3.32,119,2591,"￥1,000～￥1,999","￥1,000～￥1,999",大阪府豊中市庄内東町2-1-23,34.749242,135.4753012
515,BAKERIES LAB. 庄内店,庄内駅 199m,パン,,3,5,28,-,-,大阪府豊中市庄内東町4-13-22,34.748762,135.4764227
516,ハチ公大志,庄内駅 95m,お好み焼き,,,1,10,-,-,大阪府豊中市庄内東町2-1-23,34.7493097,135.4753014
517,karaoke&dining たかちゃん,庄内駅 145m,居酒屋,,,,,-,-,大阪府豊中市庄内東町2-2-8 牧酒業ビル 2F,34.749141,135.4760805
518,うなぎのふく山,庄内駅 155m,うなぎ,,3.12,7,275,"￥3,000～￥3,999","￥3,000～￥3,999",大阪府豊中市庄内東町2-2-12,34.748944,135.4759558
519,ブールミッシュ 庄内店,庄内駅 118m,ケーキ、マカロン、洋菓子,,3.03,11,82,-,-,大阪府豊中市庄内東町2-1-10 1F,34.7494899,135.4761001
520,てっぱん,庄内駅 36m,居酒屋,,3.02,1,8,-,-,大阪府豊中市庄内東町1-7-38,34.750045,135.475424
521,鶏や 坂本,庄内駅 136m,居酒屋、焼き鳥,,3.01,2,127,-,-,大阪府豊中市庄内東町1-6-9,34.7510042,135.4760981
522,肉の雅屋,庄内駅 29m,その他,,,1,25,-,-,大阪府豊中市庄内東町1-9-16,34.7503484,135.4752487
523,キムチ屋 鳳仙花,庄内駅 22m,その他,,,5,,-,-,大阪府豊中市庄内東町1-9-18,34.7501544,135.4752898
524,居酒屋 義経,庄内駅 142m,居酒屋、鍋、焼肉,,,39,,"￥2,000～￥2,999",-,大阪府豊中市庄内東町2-2-20 2F,34.7489324,135.4755639
525,スライヴ,庄内駅 153m,居酒屋,,,5,,-,-,大阪府豊中市庄内東町2-3-16,34.7488173,135.4754858
526,ええとこ豆冨店,庄内駅 52m,その他,,3.02,3,61,-,-,大阪府豊中市庄内東町1-7-33,34.7500852,135.4756203
527,サンチョパンサ 庄内店,庄内駅 96m,喫茶店、カフェ,,3.09,13,137,-,～￥999,大阪府豊中市庄内東町2-1-23,34.749303,135.475306
528,けむり屋,庄内駅 153m,焼き鳥、鳥料理,,3,2,42,-,-,大阪府豊中市庄内東町2-2-13,34.7489483,135.4758826
529,王道居酒屋 のりを 庄内店,庄内駅 119m,居酒屋、もつ鍋、焼き鳥,,3.03,15,212,"￥2,000～￥2,999",-,大阪府豊中市庄内東町2-4-1 ２Ｆ,34.749091,135.4753088
530,宮田酒店,庄内駅 92m,立ち飲み,,,1,75,-,-,大阪府豊中市庄内東町1-9-9,34.7509586,135.4752645
531,豊南寿司,庄内駅 74m,寿司,,3.04,7,33,-,-,大阪府豊中市庄内東町1-7-19,34.750318,135.4758373
532,浜焼太郎 豊中庄内店,庄内駅 113m,居酒屋、海鮮、日本料理,,3.01,4,122,"￥2,000～￥2,999",-,大阪府豊中市庄内東町2-1-15,34.7492614,135.4758004
533,daidokoro,庄内駅 114m,立ち飲み,,3.05,3,121,-,-,大阪府豊中市庄内東町2-4-2,34.7491742,135.4753709
534,鯨肉専門店 くじらの田井,庄内駅 74m,その他,,3.01,1,67,-,-,大阪府豊中市庄内東町1-7-19 豊南市場,34.7503,135.47585
535,昼呑み 丸屋 庄内銀座酒場,庄内駅 33m,居酒屋、串揚げ、海鮮,,3.08,13,438,"￥1,000～￥1,999","￥1,000～￥1,999",大阪府豊中市庄内東町1-7-39,34.7501872,135.475404
536,駅前スタンド 庄内屋,庄内駅 115m,ダイニングバー,,,10,,-,-,大阪府豊中市庄内東町1-4-20,34.7511451,135.475396
537,満,庄内駅 107m,お好み焼き,,,5,,-,-,大阪府豊中市庄内東町1-6-2,34.751049,135.4754625
538,酣処それなり,庄内駅 168m,立ち飲み,,3.02,2,10,-,-,大阪府豊中市庄内東町2-3-10,34.7487937,135.4759399
539,たつみ,庄内駅 120m,食堂,,3,2,16,-,-,大阪府豊中市庄内東町4-2-28,34.7500381,135.4763581
540,炭火酒場おにまる,庄内駅 158m,居酒屋,,3.04,2,27,-,-,大阪府豊中市庄内東町2-2-12,34.7489448,135.4759755
541,寿し豊,庄内駅 35m,寿司,,3.09,23,385,"￥3,000～￥3,999",～￥999,大阪府豊中市庄内東町1-9-21,34.7498768,135.4752556
542,宇治豊香園,庄内駅 62m,その他,,,1,3,-,-,大阪府豊中市庄内東町1-7-19 豊南市場内,34.7503569,135.475566
543,スギドラッグ 庄内東店,庄内駅 71m,その他,,,,,-,-,大阪府豊中市庄内東町1-7-19,34.7501278,135.4758311
544,天丼専門店 てんき 庄内駅前店,庄内駅 116m,天丼,,3.26,57,622,～￥999,～￥999,大阪府豊中市庄内東町2-2-1,34.7491698,135.4754863
545,やすらぎ,庄内駅 271m,居酒屋,,,7,,-,-,大阪府豊中市庄内東町5-1-22,34.7479396,135.4763096
546,吉秀榮壽堂,庄内駅 75m,和菓子,,3.01,1,10,-,-,大阪府豊中市庄内東町1-7-19,34.7503,135.47585
547,いか焼のいか太郎,庄内駅 101m,お好み焼き,,3.09,8,92,-,-,大阪府豊中市庄内東町2-1-23,34.7492434,135.4752402
548,鶏白湯そば 鴛鴦,庄内駅 118m,ラーメン,,3.16,42,933,"￥1,000～￥1,999","￥1,000～￥1,999",大阪府豊中市庄内東町4-2-28,34.7500449,135.4763225
549,ヤキトリトオデン,庄内駅 120m,焼き鳥、おでん,,,10,,-,-,大阪府豊中市庄内東町4-2-28,34.7500381,135.4763581
550,高橋商店,庄内駅 75m,その他,,3.01,1,9,-,-,大阪府豊中市庄内東町1-7-19,34.7503,135.47585
551,おうちごはん とと。,庄内駅 134m,居酒屋,,,6,,-,-,大阪府豊中市庄内東町2-2-4 2F,34.7491584,135.4758967
552,庄内マグナム,庄内駅 152m,ハンバーガー,,3,2,21,-,-,大阪府豊中市庄内東町2-2-9,34.7490552,135.4760584
553,大分からあげ わん,庄内駅 291m,からあげ、鳥料理、弁当,,3.01,9,135,～￥999,～￥999,大阪府豊中市庄内東町5-1-19,34.7477272,135.4763083
554,鳥富,庄内駅 68m,その他,,3.01,1,16,-,-,大阪府豊中市庄内東町1-7-19 豊南市場,34.750443,135.4757037
555,またたび堂,庄内駅 23m,立ち飲み,,3.25,25,619,"￥2,000～￥2,999",-,大阪府豊中市庄内東町1-9-18,34.7501752,135.4752958
556,みしま寿司,庄内駅 180m,寿司,,3.03,3,59,"￥4,000～￥4,999",-,大阪府豊中市庄内東町2-6-7,34.7486544,135.4758225
557,立浪一番,庄内駅 128m,ちゃんこ鍋,,3.68,197,11075,"￥5,000～￥5,999",-,大阪府豊中市庄内東町2-1-6,34.7492784,135.475994
558,立呑み ふる里の家,庄内駅 39m,立ち飲み、韓国料理,,3.06,6,114,"￥1,000～￥1,999",-,大阪府豊中市庄内東町1-7-37,34.750002,135.47542
559,おいどん 庄内店,庄内駅 150m,居酒屋,,3.04,4,89,-,-,大阪府豊中市庄内東町2-2-8,34.7491127,135.4760719
560,spice＆cafe SidMid,庄内駅 144m,スープカレー、カレー、カフェ,,3.55,299,10981,"￥1,000～￥1,999","￥1,000～￥1,999",大阪府豊中市庄内東町1-5-8,34.7511728,135.4760665
561,本格炭火焼鳥 松家,庄内駅 156m,焼き鳥、水炊き、丼,,3.06,10,194,"￥3,000～￥3,999",-,大阪府豊中市庄内東町2-4-8,34.7487327,135.4753135
562,麺屋 縁結び,庄内駅 49m,ラーメン,,3.01,12,179,-,"￥1,000～￥1,999",大阪府豊中市庄内東町1-9-23,34.7497585,135.4753141
563,G.Gキッチン,庄内駅 52m,洋食、ハンバーグ、オムライス,,3.2,20,477,"￥1,000～￥1,999",～￥999,大阪府豊中市庄内東町1-8-13,34.7497734,135.4754061
564,Arome 庄内店,庄内駅 107m,パン、サンドイッチ,,3.06,25,132,-,-,大阪府豊中市庄内東町1-7-27,34.7496743,135.4760559
565,石川屋,庄内駅 75m,鳥料理、焼き鳥,,3.01,2,19,-,-,大阪府豊中市庄内東町1-7-19 豊南市場内,34.7503,135.47585
566,大分からあげと鉄板焼 庄内応援団 勝男,庄内駅 118m,居酒屋、からあげ,,3,2,33,-,-,大阪府豊中市庄内東町4-2-27,34.7500279,135.4763222
567,東町珈琲店,庄内駅 175m,喫茶店、パンケーキ,,3.04,6,201,-,～￥999,大阪府豊中市庄内東町4-13-25,34.7489963,135.4763761
568,しゅんのすけ,庄内駅 138m,ラーメン,,3.55,264,6324,～￥999,～￥999,大阪府豊中市庄内東町4-2-23,34.7497097,135.476435
569,ちょい呑みできるクレープ屋さん,庄内駅 109m,クレープ・ガレット、カフェ,,3.07,13,181,"￥2,000～￥2,999",～￥999,大阪府豊中市庄内東町2-1-7,34.7495429,135.4759937
570,どんどん,庄内駅 141m,お好み焼き、焼きそば,,3.05,10,110,-,～￥999,大阪府豊中市庄内東町2-2-7,34.7492051,135.476056
571,ジビエカレーの店COCO,庄内駅 140m,カレー,,,10,,-,-,大阪府豊中市庄内東町2-2-20,34.7490216,135.4755189
572,カレー屋 グランドセントラル,庄内駅 179m,カレー,,3.37,56,1866,～￥999,～￥999,大阪府豊中市庄内東町2-6-7,34.7486545,135.4758126
573,ファミリーマート 庄内駅東店,庄内駅 85m,コンビニ・スーパー,,,1,3,-,-,大阪府豊中市庄内東町2-1-3,34.7495599,135.4755424
574,マクドナルド 庄内店,庄内駅 109m,ハンバーガー,,3.1,79,2040,～￥999,～￥999,大阪府豊中市庄内東町2-4-1,34.7491764,135.475274
575,居酒屋 コロちゃん,庄内駅 157m,居酒屋,,,1,19,-,-,大阪府豊中市庄内東町4-3-3 第6伊藤ビル 1F,34.7495556,135.4766064
576,スパイス食堂 ナムナム,庄内駅 24m,カレー,,3.26,77,1950,"￥2,000～￥2,999",～￥999,大阪府豊中市庄内東町1-9-17,34.7502632,135.4752682
577,まるごかまぼこ,庄内駅 77m,惣菜・デリ,,3,1,6,-,-,大阪府豊中市庄内東町1-7-19 豊南市場,34.7502971,135.4758473
578,餃子の王将 庄内駅前店,庄内駅 35m,餃子、中華料理,,3.03,24,146,"￥1,000～￥1,999",～￥999,大阪府豊中市庄内東町1-9-21,34.7498768,135.4752556
579,ジャガーズホットドッグ,庄内駅 126m,ホットドッグ、パン,,3.04,4,288,-,-,大阪府豊中市庄内東町2-2-23,34.7490663,135.4754866
580,くすさん 庄内店,庄内駅 232m,中華料理,,3.34,56,2136,～￥999,～￥999,大阪府豊中市庄内東町4-13-17,34.7483752,135.4763954
581,ファミリーマート 庄内東町四丁目店,庄内駅 131m,コンビニ・スーパー,,3.02,1,3,-,-,大阪府豊中市庄内東町4-2-25,34.7497565,135.4764087
582,Cafe Gaden Nanan,庄内駅 389m,カフェ,,3.06,6,88,-,-,大阪府豊中市庄内東町2-7-27,34.7467444,135.4760454
583,ひろ,庄内駅 117m,レストラン,,,2,16,-,-,大阪府豊中市庄内東町4-1-18,34.7501638,135.4763264
584,日の出精肉店,庄内駅 95m,その他,,,1,14,-,-,大阪府豊中市庄内東町1-7-22,34.7500835,135.4760931
585,烈火 本店,庄内駅 147m,ラーメン、つけ麺、油そば・まぜそば,,3.69,1278,30730,"￥1,000～￥1,999","￥1,000～￥1,999",大阪府豊中市庄内東町2-2-14,34.7489476,135.4757821
586,勝庄,庄内駅 306m,うどん、食堂,,3.07,7,102,-,-,大阪府豊中市庄内東町1-1-10,34.752771,135.4760523
587,カフェ マタンゴ,庄内駅 291m,カフェ、カレー,,3.08,13,483,-,"￥1,000～￥1,999",大阪府豊中市庄内東町5-1-20,34.7477655,135.4763087
588,まるわ,庄内駅 77m,からあげ、揚げ物,,3.01,1,8,-,-,大阪府豊中市庄内東町1-9-10,34.7508031,135.4753002
589,KC KITCHEN 庄内店,庄内駅 367m,インド料理、インドカレー、ネパール料理,,,,,-,-,大阪府豊中市庄内東町5-10-37,34.7470062,135.4763513
590,たこ焼き　千両,庄内駅 117m,たこ焼き、お好み焼き,,3,2,44,-,-,大阪府豊中市庄内東町4丁目1-18,34.7501636,135.4763301
591,ジャンカラ 庄内駅東口店,庄内駅 74m,カラオケ,,3,2,9,-,-,大阪府豊中市庄内東町2-1-2 HeaRth One BLDG 7F・8F,34.7495326,135.4753604
592,BAR B→B弾,庄内駅 128m,バー,,,6,,-,-,大阪府豊中市庄内東町4-2-23 2F,34.7497108,135.4763657
593,一力寿し,豊中市,寿司,,,4,,-,-,大阪府豊中市庄本町1-4-22,34.7428828,135.4616829
594,ドリーム喫茶店,豊中市,喫茶店,,3.01,2,8,-,-,大阪府豊中市庄本町3-3-15,34.7407783,135.4618845
595,恋人,豊中市,喫茶店,,,2,,-,-,大阪府豊中市庄本町1-9-5,34.7424618,135.4619144
596,ポムータ,服部天神駅 854m,喫茶店、カフェ,,,1,18,-,-,大阪府豊中市城山町1-10-18,34.7711618,135.47741
597,Cavolo,服部天神駅 588m,バル、カフェ、バー,★大人のお店です★喫煙可能店舗(分煙有)※20歳未満の方はご入店頂けません※★,3.04,9,493,"￥2,000～￥2,999",～￥999,大阪府豊中市城山町2-7-2,34.7689786,135.4760474
598,火木堂,服部天神駅 621m,たこ焼き,,3.05,4,31,-,-,大阪府豊中市城山町2-6-7,34.7691348,135.4768584
599,創作和食 示右,服部天神駅 834m,海鮮、創作料理、しゃぶしゃぶ,,3.04,2,101,"￥3,000～￥3,999",-,大阪府豊中市城山町1-10-18 グリーンハイツ2 1F,34.7709953,135.477419
600,カフェ ステーン,箕面船場阪大前駅 743m,カフェ、ケーキ、パスタ,,3.08,11,610,"￥1,000～￥1,999","￥1,000～￥1,999",大阪府豊中市新千里北町2-20-14-105 北町近隣センター内,34.8195925,135.4980401
601,味処 和 千里中央店,千里中央駅 654m,居酒屋、海鮮、日本料理,「割烹ほどきどらず、居酒屋ほどくだけず」旬な食材を。千里中央駅10分/個室・喫煙・駐車場◎,3.51,156,6759,"￥5,000～￥5,999",-,大阪府豊中市新千里西町3-2-12,34.8122834,135.4910945
602,関西メディカルスカイハウス,千里中央駅 358m,レストラン,,,1,,-,-,大阪府豊中市新千里西町1-1-7-3 10F,34.8080224,135.4909708
603,ハリパリワール,千里中央駅 663m,インドカレー,,3.12,19,291,"￥1,000～￥1,999",～￥999,大阪府豊中市新千里西町3-2-2,34.8120317,135.4905418
604,梅の花 千里中央店,千里中央駅 49m,豆腐料理、日本料理、しゃぶしゃぶ,和の粋を感じる大小様々な個室《２名様用～最大36名様迄》シルクのような出来立て湯葉をどうぞ,3.08,63,1177,"￥4,000～￥4,999","￥2,000～￥2,999",大阪府豊中市新千里東町1-1-5 大阪モノレール千里中央ビル　１Ｆ・Ｂ１Ｆ,34.8077737,135.4948388
605,がんこ和食 千里中央店,千里中央駅 96m,居酒屋、寿司、海鮮,【千里中央駅 2番出口】本格懐石をカジュアルに。飲み放題付コースも多数で宴会利用に最適です◎,3.08,99,828,"￥2,000～￥2,999",-,大阪府豊中市新千里東町1-5-3 千里朝日阪急ビル2F,34.8077975,135.4956603
606,串家物語 ＬＡＢＩ千里店,千里中央駅 518m,串揚げ、居酒屋、ビュッフェ,【LABI千里 4F】「揚げる楽しさ、選ぶわがまま！」 すべてのメニューが食べ放題！！,3.01,38,575,"￥2,000～￥2,999","￥2,000～￥2,999",大阪府豊中市新千里東町1-2-20 LABI千里 4F,34.812096,135.4944368
607,千里中央 海鮮食堂おーうえすと,千里中央駅 257m,海鮮、居酒屋、食堂,【千里中央駅直結！徒歩30秒以内】漁港直送鮮魚が旨い！毎日昼飲みもできる！海鮮居酒屋食堂,3.4,167,2619,"￥3,000～￥3,999",～￥999,大阪府豊中市新千里東町1-3-20 B1F,34.8097821,135.4949976
608,甘太郎 千里中央店,千里中央駅 92m,居酒屋、焼肉、しゃぶしゃぶ,各線千里中央駅からスグ♪あなたの「いつもの居酒屋」に！,3.06,89,1536,"￥3,000～￥3,999","￥2,000～￥2,999",大阪府豊中市新千里東町1-5-3 千里朝日阪急ビル　２２Ｆ,34.807899,135.496159
609,SALVATORE CUOMO & BAR　千里中央,千里中央駅 93m,ピザ、イタリアン、ビュッフェ,世界的祭典「PIZZAFEST」で最優秀賞を受賞◆ナポリ薪窯ピッツァが楽しめるお店◎,3.32,156,6494,"￥3,000～￥3,999","￥1,000～￥1,999",大阪府豊中市新千里東町1-1-3 SENRITOよみうり 　2F,34.8080376,135.4944832
610,千里中央海鮮食堂 はなれ おーうえすと,千里中央駅 271m,居酒屋、海鮮、寿司,2025年11月1日オープン❗️＜喫煙室完備＞漁港直送鮮魚を味わえる海鮮居酒屋食堂っ！,3.07,7,164,"￥3,000～￥3,999","￥1,000～￥1,999",大阪府豊中市新千里東町1-3-20 せんちゅうパル B1F 17区画,34.8099152,135.4949766
611,KICHIRI 千里中央,千里中央駅 105m,居酒屋、海鮮、イタリアン,【1月26日空席ございます！】新年会・歓送迎会でのご利用、記念日のサプライズも承ります！,3.06,62,1979,"￥3,000～￥3,999",-,大阪府豊中市新千里東町1-3-11 せんちゅうパル 3F,34.8083778,135.4950272
612,和牛炙り焼割烹せんりや,千里中央駅 145m,日本料理、焼肉、居酒屋,,3.34,90,4681,"￥4,000～￥4,999","￥1,000～￥1,999",大阪府豊中市新千里東町1-3-149 せんちゅうパル 1F,34.8099152,135.4949766
613,千里菫,千里中央駅 341m,洋食、ステーキ、イタリアン,,3.44,194,5072,"￥3,000～￥3,999","￥1,000～￥1,999",大阪府豊中市新千里東町1-3-23 せんちゅうパルB1 23号,34.8105469,135.4951623
614,食道園 千里中央店,千里中央駅 429m,焼肉、韓国料理、ホルモン,【千里中央駅3分】焼肉発祥のお店で部位ごとに味付けする伝統の味を堪能。個室完備で宴会にも,3.08,75,1022,"￥6,000～￥7,999","￥2,000～￥2,999",大阪府豊中市新千里東町1-4-2 千里ライフサイエンスセンタービル 2F,34.8112731,135.4961189
615,エプロント モノウェル千里中央店,千里中央駅 14m,カフェ,,3.06,27,212,"￥1,000～￥1,999",～￥999,大阪府豊中市新千里東町1-5-4 大阪モノレール千里中央駅,34.8075075,135.4953494
616,ステーキ&ビストロ 千里中央 SEN℃,千里中央駅 900m,ビストロ、パスタ、ステーキ,千里中央の自然溢れる森の中でパンブッフェと生パスタと豪快ステーキを楽しむステーキビストロ,3.47,471,33518,"￥4,000～￥4,999","￥1,000～￥1,999",大阪府豊中市新千里東町3-8-8 千里中央公園,34.8098878,135.5046183
617,炭火焼肉・韓国料理 KollaBo 千里中央店,千里中央駅 503m,焼肉、韓国料理、居酒屋,日本で唯一、韓国本場の17老舗有名店がコラボ出店！老舗専門店の最高の味！LAカルビ初上陸！,3.06,79,2235,"￥3,000～￥3,999","￥1,000～￥1,999",大阪府豊中市新千里東町1-2-20 ヤマダ電機 LABI 千里中央店 4F,34.8120026,135.4949976
618,白木屋 千里中央南口駅前店,千里中央駅 110m,居酒屋、海鮮、創作料理,くつろぎの空間で、楽しいお時間をお過ごしください。,3.05,37,484,"￥2,000～￥2,999",-,大阪府豊中市新千里東町1-3-302 せんちゅうパル　３Ｆ,34.8084548,135.4950396
619,千の里休,千里中央駅 517m,そば、居酒屋、日本料理,そばの概念を超えるオリジナルの一杯を。,3.21,34,798,"￥2,000～￥2,999","￥1,000～￥1,999",大阪府豊中市新千里東町1-2-20,34.8120026,135.4949976
620,ファミリーマート 千里中央北店,千里中央駅 436m,コンビニ・スーパー,,3.03,6,15,-,-,大阪府豊中市新千里東町1-3-240,34.8114048,135.495181
621,タコゾウ,千里中央駅 239m,たこ焼き,,3.09,31,412,～￥999,～￥999,大阪府豊中市新千里東町1-3 せんちゅうパル 1F,34.8096338,135.4951683
622,天天,千里中央駅 514m,中華料理、飲茶・点心、ビュッフェ,,3.18,63,702,"￥1,000～￥1,999",-,大阪府豊中市新千里東町1-2-20 LABI千里 4F,34.8121792,135.494508
623,サイゼリヤ LABI千里店,千里中央駅 541m,イタリアン、ファミレス、パスタ,,3.06,34,204,"￥1,000～￥1,999","￥1,000～￥1,999",大阪府豊中市新千里東町1-2-6,34.812262,135.494663
624,we♡donut 千里中央,千里中央駅 178m,ドーナツ,,3.43,80,1680,～￥999,～￥999,大阪府豊中市新千里東町1-3-207 2F 南広場前せんちゅうパル,34.8090582,135.4949581
625,デリカKYK 千里阪急店,千里中央駅 288m,とんかつ、弁当,,3.01,7,46,-,～￥999,大阪府豊中市新千里東町1-5-1 千里阪急 B1F,34.8100092,135.4959209
626,黒船 千里阪急店,千里中央駅 270m,和菓子,,3.01,11,78,-,-,大阪府豊中市新千里東町1-5-1 千里阪急 B1F,34.8099014,135.4953912
627,洋麺屋 ピエトロ 千里中央店,千里中央駅 333m,イタリアン、パスタ、ピザ,,3.08,80,1009,"￥1,000～￥1,999",-,大阪府豊中市新千里東町1-3 せんちゅうパル 2F,34.8104767,135.4951824
628,ファミリーマート せんちゅうパル店,千里中央駅 252m,コンビニ・スーパー,,3,1,1,-,-,大阪府豊中市新千里東町1-3 せんちゅうパル 1F,34.8094908,135.495213
629,ひゃくばん 千里の台所,千里中央駅 187m,居酒屋、海鮮、創作料理,,3.24,80,1091,"￥2,000～￥2,999",～￥999,大阪府豊中市新千里東町1-3 せんちゅうPAL 1番街 203,34.8085453,135.4949718
630,萩月 千里阪急店,千里中央駅 265m,和菓子,,,7,,-,-,大阪府豊中市新千里東町1-5-1 千里阪急 B1F,34.8098707,135.4957182
631,らーめん 熊五郎 せんちゅうパル店,千里中央駅 181m,ラーメン、餃子、飲茶・点心,,3.29,132,1362,"￥1,000～￥1,999","￥1,000～￥1,999",大阪府豊中市新千里東町1-3 せんちゅうパル B1F,34.8091021,135.4951301
632,スターバックス コーヒー 千里中央店,千里中央駅 126m,カフェ,,3.06,42,289,～￥999,～￥999,大阪府豊中市新千里東町1-1-3 SENRITOよみうり2F,34.8081956,135.4941758
633,双樹 阪急百貨店千里中央店,千里中央駅 271m,弁当、惣菜・デリ,,3.05,8,89,-,-,大阪府豊中市新千里東町1-5-1 千里阪急百貨店 B1F,34.8098072,135.4960947
634,アフタヌーンティー・ティールーム 千里阪急,千里中央駅 249m,カフェ、ケーキ、パスタ,,3.06,40,499,-,"￥1,000～￥1,999",大阪府豊中市新千里東町1-5-1 千里阪急 1F,34.80961,135.4960675
635,香豚煮本舗まつおか 阪急千里店,千里中央駅 265m,惣菜・デリ、弁当,,,10,,-,-,大阪府豊中市新千里東町1-5-1 千里阪急 B1F,34.8099573,135.4960745
636,コラボひろば交流カフェ,千里中央駅 349m,カフェ,,3.04,5,15,-,～￥999,大阪府豊中市新千里東町1-2-2 千里文化センター 2F,34.8105733,135.4945108
637,イルコンチェルト,千里中央駅 406m,バル、イタリアン,,3.15,15,260,-,-,大阪府豊中市新千里東町1-3-326 せんちゅうパル 3F,34.8118706,135.4949698
638,SENRIガーデンテラス,千里中央駅 244m,洋食、カフェ,,3.09,23,413,-,"￥2,000～￥2,999",大阪府豊中市新千里東町1-5-1 千里阪急 5F,34.8095929,135.4959433
639,祖谷庄 千寿庵 千里中央店,千里中央駅 248m,和菓子,,3.03,6,40,-,-,大阪府豊中市新千里東町1-3-25 北大阪急行千里中央駅 ホーム南,34.8097125,135.4951094
640,千里しゃぶちん 本店,千里中央駅 141m,しゃぶしゃぶ,千里中央駅から徒歩1分◆こだわりの牛肉や熟成豚を、一人鍋しゃぶしゃぶで贅沢に堪能！,3.23,27,371,"￥2,000～￥2,999","￥2,000～￥2,999",大阪府豊中市新千里東町1-3-4 せんちゅうパル B1F,34.8087471,135.4951395
641,Harbor101,千里中央駅 932m,カフェ、パンケーキ,,3.04,2,33,-,-,大阪府豊中市新千里東町3-6-101,34.8127741,135.5031294
642,肉工房 千里屋 ホルモンバル,千里中央駅 141m,ホルモン、居酒屋、立ち飲み,,3.41,225,4890,"￥2,000～￥2,999",～￥999,大阪府豊中市新千里東町1-3 せんちゅうパル 南側 1Ｆ,34.8088737,135.4948783
643,柿千 千里阪急店,千里中央駅 287m,寿司、郷土料理,,3.04,7,38,-,-,大阪府豊中市新千里東町1-5-1 千里阪急,34.809948,135.4961298
644,ヒロコーヒー 千里阪急店,千里中央駅 254m,カフェ、ケーキ,,3.01,6,134,-,-,大阪府豊中市新千里東町1-5-1 千里阪急 B1F,34.8097259,135.4957179
645,京 嵯峨野 竹路庵 千里阪急店,千里中央駅 271m,和菓子,,3.03,3,35,-,-,大阪府豊中市新千里東町1-5-1 千里阪急 B1F,34.8099066,135.4955314
646,聚楽,千里中央駅 219m,中華料理,,3.27,85,845,"￥1,000～￥1,999","￥1,000～￥1,999",大阪府豊中市新千里東町1-3 せんちゅうパル B1F,34.8094455,135.4951659
647,ビナスタカフェ,千里中央駅 352m,カフェ,,3.05,8,70,-,～￥999,大阪府豊中市新千里東町1-3-19 せんちゅうパル B1F,34.8097361,135.4949013
648,銀座ハゲ天 千里阪急店,千里中央駅 294m,天ぷら,,3.01,3,35,-,-,大阪府豊中市新千里東町1-5-1 千里阪急 B1F,34.8100518,135.4959503
649,なだ万厨房 千里阪急店,千里中央駅 284m,弁当、惣菜・デリ,,3.01,5,30,-,-,大阪府豊中市新千里東町1-5-1 阪急百貨店千里店 B1F,34.8099235,135.4961331
650,たきち,千里中央駅 535m,焼き鳥、鳥料理,,3.19,31,769,"￥4,000～￥4,999","￥1,000～￥1,999",大阪府豊中市新千里東町1-2-20 LABI千里 4F,34.8122659,135.4946124
651,リトルマーメイド 千里中央店,千里中央駅 253m,パン,,3.03,29,174,～￥999,-,大阪府豊中市新千里東町1-3 せんちゅうパル 1F,34.8097361,135.4949013
652,明石八,千里中央駅 185m,海鮮、串揚げ、居酒屋,千里中央駅直ぐ！漁港直送の鮮魚が自慢♪お酒はリーズナブルな価格！こだわりの日本酒も◎,3.46,284,6781,"￥2,000～￥2,999",～￥999,大阪府豊中市新千里東町1丁目3 千中パルB1,34.8091124,135.4948612
653,無印良品 イオンSENRITO店,千里中央駅 119m,その他,,3,1,9,～￥999,～￥999,大阪府豊中市新千里東町1-1-3 イオンSENRITO専門館 2F,34.808041,135.494125
654,御そば処 美松 千里店,千里中央駅 321m,そば、うどん、天丼,,3.09,35,473,-,～￥999,大阪府豊中市新千里東町1-3-21 せんちゅうパルB1F,34.8097821,135.4949976
655,セブンイレブン モノウェル千里中央店,千里中央駅 34m,コンビニ・スーパー,,3,3,17,-,-,大阪府豊中市新千里東町1-5-4,34.8074924,135.4948663
656,だし福,千里中央駅 214m,日本料理、麺類,,3.31,46,370,"￥1,000～￥1,999","￥1,000～￥1,999",大阪府豊中市新千里東町1-3-149 せんちゅうパル B1F,34.8093819,135.4948984
657,アンリ・シャルパンティエ 千里阪急店,千里中央駅 257m,ケーキ,,3.04,22,160,-,-,大阪府豊中市新千里東町1-5-1 千里阪急 B1F,34.8097722,135.4955431
658,喜八洲総本舗 千里中央店,千里中央駅 115m,和菓子,,3.03,14,221,-,-,大阪府豊中市新千里東町1-1-3 1F,34.8081557,135.4942869
659,秀彬 せんちゅうＰＡＬ店,千里中央駅 321m,韓国料理,,3.3,63,881,"￥2,000～￥2,999",～￥999,大阪府豊中市新千里東町1-3-205,34.8097361,135.4949013
660,梅八 千里中央店,千里中央駅 292m,とんかつ、日本料理、弁当,,3.38,116,1371,"￥1,000～￥1,999","￥1,000～￥1,999",大阪府豊中市新千里東町1-3-12 千里中央駅ビル,34.8100999,135.4951046
661,焼鳥 だいご,千里中央駅 97m,焼き鳥,,3.14,14,526,"￥5,000～￥5,999",-,大阪府豊中市新千里東町1-3-11 せんちゅうパル 1F,34.8082903,135.494859
662,鉄板焼・フレンチ・和洋会席 ボナージュ,千里中央駅 272m,ステーキ、フレンチ、鉄板焼き,,3.31,50,1225,"￥6,000～￥7,999","￥3,000～￥3,999",大阪府豊中市新千里東町2-1 千里阪急ホテル東館 2F,34.8083278,135.4980168
663,コメダ珈琲店 千里中央店,千里中央駅 279m,喫茶店,,3.07,34,140,～￥999,"￥1,000～￥1,999",大阪府豊中市新千里東町1-3 せんちゅうパル 3F,34.8099927,135.4951961
664,ユーハイム 阪急百貨店千里阪急店,千里中央駅 254m,洋菓子,,3.01,10,41,-,-,大阪府豊中市新千里東町1-5-1 千里阪急 B1F,34.8097253,135.4957179
665,いなごや酒店,千里中央駅 966m,その他,,3.04,2,112,-,-,大阪府豊中市新千里東町3-3-120-103,34.8127378,135.5036418
666,家族亭 千里中央店,千里中央駅 91m,そば、うどん、食堂,,3.05,31,250,"￥1,000～￥1,999","￥1,000～￥1,999",大阪府豊中市新千里東町1-5-3,34.8078622,135.4961021
667,つる家 千里阪急ホテル店,千里中央駅 233m,日本料理,,3.23,44,425,"￥8,000～￥9,999","￥4,000～￥4,999",大阪府豊中市新千里東町2-1 千里阪急ホテル東館 ２Ｆ,34.8083565,135.4974281
668,DONQ 千里阪急店,千里中央駅 275m,パン、サンドイッチ,,3.04,2,17,-,-,大阪府豊中市新千里東町1-5-1 千里阪急 B1F,34.8099038,135.4958516
669,LAWSON 千里中央店,千里中央駅 130m,コンビニ・スーパー,,3,4,21,-,-,大阪府豊中市新千里東町1-3,34.8086205,135.4949172
670,ジャンボカレー,千里中央駅 190m,カレー、居酒屋,,3.43,227,2465,～￥999,～￥999,大阪府豊中市新千里東町1丁目3-3 せんちゅうパル B1F,34.8091661,135.4949095
671,鳥づくし 千里阪急店,千里中央駅 286m,焼き鳥、鳥料理,,3.01,5,25,-,～￥999,大阪府豊中市新千里東町1-5-1 千里阪急,34.8100067,135.4958176
672,セブンイレブン 千里中央駅北店,千里中央駅 394m,コンビニ・スーパー,,3,4,16,-,-,大阪府豊中市新千里東町1-2-3,34.8108449,135.493876
673,烈火 千里中央店,千里中央駅 271m,ラーメン,,3.44,127,880,"￥1,000～￥1,999","￥1,000～￥1,999",大阪府豊中市新千里東町1-3 せんちゅうパル B1F,34.8099152,135.4949766
674,浪花ろばた八角 千里中央店,千里中央駅 241m,居酒屋、食堂、うどん,,3.1,104,1039,～￥999,～￥999,大阪府豊中市新千里東町1-3 せんちゅうパル 1F,34.8099152,135.4949766
675,カフェ レスト,千里中央駅 477m,カフェ,,3.14,13,50,-,-,大阪府豊中市新千里東町1-2-20 2F,34.811774,135.4950855
676,ニューアストリア,千里中央駅 183m,喫茶店、サンドイッチ、カフェ,,3.72,1292,33265,～￥999,～￥999,大阪府豊中市新千里東町1-3-8 せんちゅうパル　Ｂ１Ｆ,34.8091217,135.4951324
677,牛めし つの田,千里中央駅 261m,弁当,,3.04,2,10,-,-,大阪府豊中市新千里東町1-5-1 千里阪急 B1F,34.8100536,135.495919
678,叶匠寿庵 千里阪急店,千里中央駅 276m,和菓子,,3.05,6,65,-,-,大阪府豊中市新千里東町1-5-1 千里阪急 B1F,34.8099272,135.4957183
679,大寅 千里阪急店,千里中央駅 265m,揚げ物,,3,1,13,-,-,大阪府豊中市新千里東町1-5-1 千里阪急店 B1F,34.8100081,135.4959871
680,野菜とつぶつぶ アプサラカフェ LABI千里中央店,千里中央駅 506m,カフェ,,3.3,44,1276,"￥1,000～￥1,999","￥1,000～￥1,999",大阪府豊中市新千里東町1-2-20 LABI 4F,34.8120212,135.4948251
681,Sパークローソン 千里店,千里中央駅 903m,コンビニ・スーパー,,3,1,3,-,-,大阪府豊中市新千里東町3-8-3,34.8100167,135.5046036
682,豆狸 千里阪急店,千里中央駅 292m,いなり寿司,,3.01,8,87,～￥999,-,大阪府豊中市新千里東町1-5-1 千里阪急 B1F,34.8099116,135.4958812
683,鳥貴族 せんちゅうパル店,千里中央駅 271m,焼き鳥,,3.05,22,182,"￥3,000～￥3,999",-,大阪府豊中市新千里東町1-3 せんちゅうパル 3F 324-1区画,34.8110126,135.4951894
684,お酒の美術館 千里中央店,千里中央駅 150m,バー,,3.03,12,91,"￥1,000～￥1,999",-,大阪府豊中市新千里東町1-3 せんちゅうパル 1F,34.8088117,135.4949859
685,京都キョーワズ珈琲 イオンSENRITO店,千里中央駅 126m,喫茶店,,3.01,4,23,-,-,大阪府豊中市新千里東町1-1-3 イオンSENRITO専門館 2F,34.8081956,135.4941758
686,肉工房 千里屋 千里中央店,千里中央駅 159m,その他,,3.04,9,129,-,-,大阪府豊中市新千里東町1-3 せんちゅうパル 1F,34.8088737,135.4948783
687,チャイナチューボー 千里阪急店,千里中央駅 292m,弁当,,3,4,18,-,-,大阪府豊中市新千里東町1-5-1 阪急阪神百貨店 B1F,34.8100514,135.4958855
688,TERRA COFFEE ROASTERS 新千里東店,千里中央駅 962m,カフェ,,3.04,6,354,-,-,大阪府豊中市新千里東町3-3-120 パークホームズ千里中央ザレジデンス 1F,34.8126784,135.5036477
689,ワインスタンド しゃぶちん,千里中央駅 360m,ワインバー,,3.43,55,898,"￥3,000～￥3,999",-,大阪府豊中市新千里東町1-3-149 せんちゅうパル B1F,34.8091099,135.4948696
690,銀仙,千里中央駅 233m,寿司,,,9,,-,-,大阪府豊中市新千里東町2-1 千里阪急ホテル 東館 2F,34.8082504,135.4976388
691,らーめん風土記,千里中央駅 35m,ラーメン、つけ麺,,3.29,122,942,"￥1,000～￥1,999","￥1,000～￥1,999",大阪府豊中市新千里東町1-5-3 千里朝日阪急ビル 2F,34.8077876,135.4951601
692,北海屋,千里中央駅 384m,ラーメン、ちゃんぽん、餃子,,3.49,333,5417,"￥1,000～￥1,999",～￥999,大阪府豊中市新千里東町1-3 せんちゅうパル 3F,34.810935,135.4951894
693,bb.q オリーブチキンカフェ 千里中央店,千里中央駅 137m,鳥料理、韓国料理,,3.26,61,463,"￥1,000～￥1,999","￥1,000～￥1,999",大阪府豊中市新千里東町1-3 せんちゅうパル,34.8086918,135.4949715
694,ベル・ヴィル 千里中央店,千里中央駅 257m,パンケーキ、カフェ,,3.2,88,1384,"￥1,000～￥1,999","￥1,000～￥1,999",大阪府豊中市新千里東町1-3 せんちゅうパル 2F,34.8097821,135.4949976
695,炭火焼干物定食 しんぱち食堂 千里中央店,千里中央駅 526m,食堂、居酒屋、海鮮,いつでも生ビール176円で！大阪初上陸！豊洲市場の厳選素材を干物にして炭火で。,3.08,77,1266,"￥2,000～￥2,999",～￥999,大阪府豊中市新千里東町1-2-20 LABI LIFE SELECT 千里 4F,34.8120534,135.4948987
696,デリフランス 千里中央店,千里中央駅 129m,パン,,3.03,19,95,-,-,大阪府豊中市新千里東町1-1-3 SENRITOよみうり 2F,34.808485,135.494546
697,551蓬莱 千里阪急店,千里中央駅 269m,肉まん、餃子、飲茶・点心,,3.05,35,412,～￥999,～￥999,大阪府豊中市新千里東町1-5-1 千里阪急 B1F,34.8098999,135.4953456
698,京煎堂,千里中央駅 274m,和菓子,,3.01,3,124,-,-,大阪府豊中市新千里東町1-5-1 千里阪急 B1F,34.8099375,135.4954823
699,鼓月 阪急千里店,千里中央駅 268m,和菓子,,3.01,2,19,-,-,大阪府豊中市新千里東町1-5-1 千里阪急 B1,34.8098829,135.4954426
700,中国料理　三楽,千里中央駅 272m,中華料理、飲茶・点心,,3.35,48,1082,"￥6,000～￥7,999","￥3,000～￥3,999",大阪府豊中市新千里東町2-1 千里阪急ホテル 内,34.8083278,135.4980168
701,ゴンチャロフ 千里阪急,千里中央駅 272m,チョコレート,,3.01,5,27,-,-,大阪府豊中市新千里東町1-5-1 千里阪急,34.8098174,135.4960977
702,浪花古市庵 千里阪急店,千里中央駅 271m,寿司,,3.01,3,31,-,-,大阪府豊中市新千里東町1-5-1 千里阪急 B2F,34.8098389,135.4959754
703,あぶりや 千里中央店,千里中央駅 95m,焼肉,,3.07,36,586,"￥5,000～￥5,999",-,大阪府豊中市新千里東町1-5-3,34.80785,135.49617
704,Port5,千里中央駅 421m,洋食,,3,6,95,-,-,大阪府豊中市新千里東町1-4-2 千里ライフサイエンスセンタービル 5F,34.811207,135.496025
705,丼丼亭 千里せんちゅうぱる店,千里中央駅 337m,天丼、かつ丼、親子丼,,3.06,47,381,-,～￥999,大阪府豊中市新千里東町1-3-15 せんちゅうぱる専門店街 B1F,34.810502,135.4949011
706,魚道楽 富惣 千里阪急店,千里中央駅 290m,惣菜・デリ、弁当,,3.01,6,17,-,-,大阪府豊中市新千里東町1-5-1 千里阪急 B1F,34.8100092,135.4960014
707,とんかつ 花むら 千里中央店,千里中央駅 50m,串揚げ、とんかつ、かつ丼,,3.24,83,1243,"￥3,000～￥3,999","￥1,000～￥1,999",大阪府豊中市新千里東町1-5-3 千里朝日阪急ビル 2F,34.8078595,135.4955095
708,ヨックモック 千里阪急店,千里中央駅 257m,洋菓子,,3.01,7,39,-,-,大阪府豊中市新千里東町1-5-1 千里阪急 B1F,34.8097872,135.4953659
709,LE BIHAN 千里阪急店,千里中央駅 275m,パン、サンドイッチ、ベーグル,,3.25,33,419,～￥999,-,大阪府豊中市新千里東町 1-5-1 千里阪急店　Ｂ１Ｆ,34.8099149,135.4957527
710,スタンド 一粋堂,千里中央駅 252m,ワインバー,,3.08,8,79,-,-,大阪府豊中市新千里東町1-3-149,34.810719,135.4949312
711,カフェ＆バイキング シャガール,千里中央駅 223m,ビュッフェ、洋食、カフェ,,3.23,81,1731,"￥4,000～￥4,999","￥3,000～￥3,999",大阪府豊中市新千里東町2-1 千里阪急ホテル　１Ｆ,34.8083565,135.4974281
712,千房 せんちゅうパル店,千里中央駅 409m,お好み焼き、焼きそば,,3.05,24,225,"￥1,000～￥1,999","￥1,000～￥1,999",大阪府豊中市新千里東町1-3-325,34.8111599,135.4951952
713,サブウェイ 千里中央店,千里中央駅 174m,サンドイッチ,,3.03,7,33,-,-,大阪府豊中市新千里東町1-3-149 せんちゅうﾊﾟﾙ 2F,34.8090301,135.4949852
714,千鳥屋 千里中央店,千里中央駅 321m,和菓子,,3.03,3,23,-,-,大阪府豊中市新千里東町1-3 せんちゅうパル,34.8095527,135.495025
715,ミスタードーナツ 千里中央ショップ,千里中央駅 272m,ドーナツ,,3.04,20,74,～￥999,～￥999,大阪府豊中市新千里東町1-3 せんちゅうパル B1F,34.8099152,135.4949766
716,ソルビバベーカリー,千里中央駅 370m,パン、サンドイッチ,,3.27,37,543,-,-,大阪府豊中市新千里東町1-3 せんちゅうパル 2F,34.8108122,135.4951683
717,マネケン 千里中央店,千里中央駅 282m,洋菓子、ジェラート・アイスクリーム,,3.03,17,119,-,-,大阪府豊中市新千里東町1-3 せんちゅうパル 1F,34.8099925,135.4948612
718,クロバー,千里中央駅 251m,喫茶店、サンドイッチ,,3.13,17,139,-,-,大阪府豊中市新千里東町1-3-11,34.8097359,135.495176
719,マクドナルド 千里中央店,千里中央駅 98m,ハンバーガー,,3.04,38,216,-,～￥999,大阪府豊中市新千里東町1丁目3,34.8083288,135.4949481
720,Rice hug,千里中央駅 48m,おにぎり,,,6,,-,-,大阪府豊中市新千里東町1-1-5,34.8077737,135.4948388
721,Carbuono Roma,千里中央駅 502m,イタリアン,,3.09,19,406,"￥1,000～￥1,999","￥1,000～￥1,999",大阪府豊中市新千里東町1-2-20 LABI千里ヤマダ電機 4F,34.8120532,135.4947414
722,御座候 千里阪急店,千里中央駅 265m,たい焼き・大判焼き,,3.05,29,183,～￥999,-,大阪府豊中市新千里東町1-5-1 千里阪急 B1,34.8099067,135.4952972
723,KOHYO SENRITO店,千里中央駅 111m,コンビニ・スーパー,,3.03,3,17,-,-,大阪府豊中市新千里東町1-1-3,34.808018,135.494219
724,サントアンドレアカフェ,千里中央駅 388m,カフェ、パン、サンドイッチ,,3.11,20,237,～￥999,～￥999,大阪府豊中市新千里東町1-3 せんちゅうパル,34.8109713,135.4951549
725,鶴屋八幡 千里阪急,千里中央駅 274m,和菓子,,3.01,8,80,-,-,大阪府豊中市新千里東町1-5-1 千里阪急 B1F,34.8099372,135.4954447
726,FRESCO 新千里東店,豊中市,コンビニ・スーパー,,3.02,1,4,-,-,大阪府豊中市新千里東町3-3-120-103,34.8125742,135.5042742
727,阪急OASIS 千里中央店,千里中央駅 394m,コンビニ・スーパー,,3.05,5,10,-,-,大阪府豊中市新千里東町1-2-1,34.8109865,135.4945826
728,LAWSON HA 北急千里中央B1店,千里中央駅 257m,コンビニ・スーパー,,3.02,1,5,-,-,大阪府豊中市新千里東町1-3-25 B1F 中央南改札口前,34.8097756,135.4949223
729,千里魚浜,千里中央駅 263m,その他,,3.01,1,6,-,-,大阪府豊中市新千里東町1-5-1 千里阪急 B1F,34.8098072,135.4960947
730,MASUDA ハンバーグと自家製パンの店,千里中央駅 257m,鉄板焼き,,3.33,90,3751,"￥2,000～￥2,999","￥2,000～￥2,999",大阪府豊中市新千里東町1-3 せんちゅうパル 4F,34.8097361,135.4949013
731,喫茶 いち,千里中央駅 351m,喫茶店、サンドイッチ,,3.67,442,13118,"￥1,000～￥1,999","￥1,000～￥1,999",大阪府豊中市新千里東町1-3 せんちゅうパル B1F,34.8099759,135.4951747
732,ナマステ タージマハル LABI千里店,千里中央駅 526m,インド料理、インドカレー、居酒屋,,3.05,36,386,"￥1,000～￥1,999",～￥999,大阪府豊中市新千里東町1-2-20 LABI千里 4Ｆ,34.8121792,135.494508
733,食彩プリモピアット,千里中央駅 244m,洋食,,,10,,-,-,大阪府豊中市新千里東町1-5-1,34.8095897,135.4959733
734,MUC COFFEE ROASTERS 千里ライフサイエンス店,千里中央駅 432m,カフェ、喫茶店,,3.1,14,357,～￥999,～￥999,大阪府豊中市新千里東町1-4-2 ライフサイエンスビル 1F,34.8113554,135.4956096
735,まめかりん 千里阪急店,千里中央駅 265m,和菓子,,,10,,-,-,大阪府豊中市新千里東町1-5-1 千里阪急 B1F,34.8099116,135.4958812
736,カフェモロゾフ イオンSENRITO店,千里中央駅 155m,カフェ,,3.08,50,417,～￥999,-,大阪府豊中市新千里東町1-1-3 イオンSENRITO専門館 3F,34.8087664,135.4946006
737,モンロワール 千里阪急店,千里中央駅 257m,チョコレート,,3.01,5,43,-,-,大阪府豊中市新千里東町1-5-1 千里阪急 B1F,34.8097823,135.4953934
738,桂新堂 千里阪急店,千里中央駅 270m,和菓子,,3.01,1,23,-,-,大阪府豊中市新千里東町1丁目5番1号,34.8098713,135.4957182
739,オーガニック・プラザ せんちゅうパル店,千里中央駅 225m,コンビニ・スーパー,,3.06,2,19,-,-,大阪府豊中市新千里東町1-3 せんちゅうパル 2F,34.8094908,135.4949469
740,和楽路屋,千里中央駅 166m,たこ焼き,,3.48,299,5116,～￥999,～￥999,大阪府豊中市新千里東町1-3-149 せんちゅうパル B1F,34.8089648,135.4951338
741,TSUNAGU,千里中央駅 126m,スイーツ,,3.05,4,32,-,-,大阪府豊中市新千里東町1-1-3 SENRITOよみうり 2F,34.8078453,135.4944085
742,シェ・ナカツカ 千里店,豊中市,ケーキ、マカロン、洋菓子,,3,3,115,～￥999,～￥999,大阪府豊中市新千里東町3-3-120,34.8127538,135.5044501
743,さくららうんじ,千里中央駅 248m,喫茶店、カフェ,,3.35,63,629,"￥3,000～￥3,999","￥2,000～￥2,999",大阪府豊中市新千里東町2-1 千里阪急ホテル,34.8082469,135.4977793
744,ヴィ・ド・フランス 千里中央店,千里中央駅 220m,パン、カフェ,,3.03,24,166,～￥999,～￥999,大阪府豊中市新千里東町1-3 せんちゅうパル 一番街 B1F,34.8099152,135.4949766
745,乃が美 千里中央販売店,千里中央駅 256m,パン,,3.01,4,29,-,-,大阪府豊中市新千里東町1-3 せんちゅうパル 2F,34.8083219,135.4951506
746,天風堂,千里中央駅 107m,ラーメン,,3.29,162,1460,"￥1,000～￥1,999","￥1,000～￥1,999",大阪府豊中市新千里東町1-3 せんちゅうパル 2F,34.8083973,135.4949056
747,いきなりステーキ LABI千里店,千里中央駅 503m,ステーキ、ハンバーグ,,3.05,39,330,"￥2,000～￥2,999","￥1,000～￥1,999",大阪府豊中市新千里東町1-2-20 LABI LIFE SELECT 千里 4F,34.8120026,135.4949976
748,アルヘイム 千里中央店,千里中央駅 195m,パン、喫茶店、カフェ,,3.06,45,359,-,～￥999,大阪府豊中市新千里東町1-3-221 せんちゅうパル 2F,34.8092264,135.4951792
749,33 trente-trois,千里中央駅 949m,カフェ,,3.04,2,74,-,-,大阪府豊中市新千里東町3-5-3,34.8130216,135.5031191
750,しゃぶしゃぶ温野菜 LABI千里中央店,千里中央駅 503m,しゃぶしゃぶ、豚しゃぶ、すき焼き,,3.04,27,448,"￥3,000～￥3,999",-,大阪府豊中市新千里東町1-2-20 LABI千里 4F,34.8120026,135.4949976
751,果琳 千里中央店,千里中央駅 53m,カフェ、ケーキ、サンドイッチ,,3.31,82,1128,～￥999,"￥1,000～￥1,999",大阪府豊中市新千里東町1丁目5-3 朝日千里阪急ビル２階,34.8077975,135.4956603
752,LAWSON 豊中新千里東町一丁目店,千里中央駅 395m,コンビニ・スーパー,,3.02,1,2,-,-,大阪府豊中市新千里東町1-4-2,34.8109843,135.4959519
753,モロゾフ 千里阪急店,千里中央駅 257m,洋菓子,,3.03,15,68,-,-,大阪府豊中市新千里東町1-5-1 千里阪急 B1F,34.8097815,135.495467
754,鰻萬 千里阪急店,千里中央駅 270m,うなぎ,,3.01,3,30,-,-,大阪府豊中市新千里東町1-5-1 千里阪急 B1F,34.8100518,135.4959503
755,ロッテリア 千里中央店,千里中央駅 272m,ハンバーガー,,3.05,44,260,～￥999,～￥999,大阪府豊中市新千里東町1丁目3-135,34.8099242,135.4951894
756,千里庵,千里中央駅 372m,そば、ちゃんぽん、うどん,,3.34,120,1664,"￥1,000～￥1,999","￥1,000～￥1,999",大阪府豊中市新千里東町1-3 せんちゅうパル 3F,34.8108297,135.4951914
757,おこわ米八 阪急千里店,千里中央駅 284m,弁当,,3.01,2,19,-,-,大阪府豊中市新千里東町1-5-1 千里阪急 B1,34.809945,135.4960588
758,西利 千里阪急店,千里中央駅 272m,惣菜・デリ、その他,,3,1,19,-,-,大阪府豊中市新千里東町1-5-1 千里阪急 B1F,34.8098072,135.4960947
759,千里阪急ホテル,千里中央駅 236m,ホテル,,3.23,46,247,"￥5,000～￥5,999",-,大阪府豊中市新千里東町2-1,34.8082504,135.4976388
760,神戸風月堂 千里阪急店,千里中央駅 265m,洋菓子,,3,3,15,-,-,大阪府豊中市新千里東町1-5-1 千里阪急 B1F,34.8097815,135.495467
761,淡路屋 千里阪急店,千里中央駅 271m,弁当,,3,3,20,-,-,大阪府豊中市新千里東町1-5-1 千里阪急,34.8098389,135.4959754
762,心亭 阪急千里店,千里中央駅 276m,おにぎり,,3,1,6,-,-,大阪府豊中市新千里東町1-5-1 千里阪急 B1F,34.8098794,135.4960561
763,RF1 阪急千里店,千里中央駅 278m,惣菜・デリ,,3.01,5,48,-,-,大阪府豊中市新千里東町1-5-1 千里阪急 B1F,34.8099249,135.4958536
764,伊藤ハム 千里阪急店,千里中央駅 278m,その他,,3,1,7,-,-,大阪府豊中市新千里東町1-5-1 千里阪急百貨店 B1F,34.8099249,135.4958536
765,アンテノール 千里阪急店,千里中央駅 254m,ケーキ,,3.03,15,102,-,-,大阪府豊中市新千里東町1-5-1 千里阪急 B1F,34.8097522,135.4954224
766,味処 祭,桃山台駅 552m,居酒屋、ふぐ、寿司,【桃山台駅7分】厳選食材で作り上げる料理は200品以上！お好きな品を肴に楽しく飲める居酒屋,3.21,29,744,"￥5,000～￥5,999",-,大阪府豊中市新千里南町3-1-24 桃山台グリーンピア　１Ｆ,34.7960442,135.4931199
767,中国鮮家 響鈴,桃山台駅 552m,中華料理、四川料理、からあげ,,3.37,82,3078,"￥3,000～￥3,999","￥2,000～￥2,999",大阪府豊中市新千里南町3-1-24 桃山台グリーンピア　１Ｆ,34.7960806,135.4931225
768,うどん食堂太鼓亭 豊中千里店,桃山台駅 574m,うどん,,3.02,9,42,-,-,大阪府豊中市新千里南町2-5-3,34.7966276,135.4935489
769,パティスリー ラ フェット 桃山台店,桃山台駅 575m,ケーキ、洋菓子,,3.29,43,831,-,-,大阪府豊中市新千里南町3-1-13 マンションニュー千里 106,34.795342,135.492206
770,喝采 桃山台本店,桃山台駅 561m,串揚げ、ヨーロッパ料理、ワインバー,,3.19,29,1075,"￥6,000～￥7,999",-,大阪府豊中市新千里南町3-1-13 マンションニュー千里　1F,34.7953196,135.492342
771,セブンイレブン 豊中新千里南町2丁目店,桃山台駅 589m,コンビニ・スーパー,,3,3,5,-,-,大阪府豊中市新千里南町2-5-14,34.7964067,135.4929437
772,TS FIVE COFFEE ROASTERS,桃山台駅 565m,カフェ,,,1,13,-,-,大阪府豊中市新千里南町3-1-13 103,34.7953552,135.4922511
773,ビリキーニ,桃山台駅 548m,イタリアン,,3.17,13,863,"￥6,000～￥7,999","￥2,000～￥2,999",大阪府豊中市新千里南町3-1-18,34.7956513,135.4927308
774,ア・ビアント 本店,桃山台駅 554m,パン、サンドイッチ、洋菓子,,3.53,140,5808,-,～￥999,大阪府豊中市新千里南町3-1-14 ナカニシビル　１Ｆ,34.7955113,135.492419
775,あほや 桃山台店,桃山台駅 579m,たこ焼き,,3.01,7,65,-,-,大阪府豊中市新千里南町2-5-16,34.7960251,135.4926552
776,ミニストップ 新千里南町店,桃山台駅 738m,コンビニ・スーパー,,3.03,3,29,-,-,大阪府豊中市新千里南町2-7-5,34.7966457,135.4910375
777,セブンイレブン 豊中新千里南町店,千里中央駅 458m,コンビニ・スーパー,,,3,,-,-,大阪府豊中市新千里南町1-1-1,34.8057207,135.4906968
778,cafe COCONUT,桃山台駅 712m,カフェ,,,,,-,-,大阪府豊中市新千里南町2-7-8,34.796478,135.4912413
779,やきとり 大吉 東豊中店,桃山台駅 713m,焼き鳥,,3.01,5,103,-,-,大阪府豊中市新千里南町2-7-8,34.796475,135.491226
780,ラキュイジーヌフランセーズ カミカワ,桃山台駅 554m,フレンチ,,3.14,17,1034,"￥6,000～￥7,999","￥2,000～￥2,999",大阪府豊中市新千里南町3-1-14 ナカニシビル 1F,34.7954757,135.4924898
781,北陸×土佐 わら炭焼き ごっつ 豊中店,豊中駅 109m,居酒屋,,3.02,2,24,"￥4,000～￥4,999","￥2,000～￥2,999",大阪府豊中市末広町1-1-22,34.7864597,135.4613504
782,The LOAF Cafe,石橋阪大前駅 453m,カフェ、イタリアン、ビストロ,カフェ、ステーキ、ベーカリー、スイーツ全部つまった一軒家レストラン,3.46,275,10620,"￥2,000～￥2,999","￥1,000～￥1,999",大阪府豊中市清風荘2-4-23,34.8043998,135.4477216
783,ナマステ プジャ,石橋阪大前駅 581m,インド料理、インドカレー,石橋阪大前駅9分◆異国情緒あふれる店内で本格カレーとナンを満喫◎,3.04,4,47,"￥1,000～￥1,999","￥1,000～￥1,999",大阪府豊中市清風荘2-6-13,34.803237,135.4479299
784,和風中華 東林,石橋阪大前駅 584m,中華料理,,3.04,5,106,-,-,大阪府豊中市清風荘2-6-12,34.8032023,135.4479012
785,昭,石橋阪大前駅 624m,居酒屋,,3.06,5,22,-,-,大阪府豊中市清風荘1-16-5,34.802828,135.4479573
786,清風倶楽部,蛍池駅 760m,バー,,3.01,2,196,-,-,大阪府豊中市清風荘1-5-5 BLALYS 1F,34.8011912,135.4483326
787,喫茶 ねりね,石橋阪大前駅 486m,喫茶店,,3.22,32,2482,-,"￥1,000～￥1,999",大阪府豊中市清風荘2-4-14 白商店 1F,34.8042497,135.4481363
788,べるで,蛍池駅 716m,喫茶店,,3.02,4,64,-,-,大阪府豊中市清風荘1-5-25 1F,34.800765,135.4487635
789,まほろばてい 蛍池店,蛍池駅 725m,中華料理、ラーメン,,3.29,37,748,～￥999,～￥999,大阪府豊中市清風荘1-3-10,34.8008285,135.4481942
790,ローフ ベーカリー,石橋阪大前駅 449m,パン、ケーキ,,3.17,37,1916,-,-,大阪府豊中市清風荘2-4-23,34.8044377,135.4477193
791,パサティエンポ,石橋阪大前駅 709m,ワインバー,,3.01,2,156,-,-,大阪府豊中市清風荘1-12-7,34.8021066,135.4481695
792,蕎麦割烹 蕎麦藤,蛍池駅 799m,そば、鍋、日本料理,,3.65,110,8759,"￥6,000～￥7,999","￥2,000～￥2,999",大阪府豊中市清風荘1-7-17,34.8016139,135.4496958
793,コテコテあきちゃん,蛍池駅 795m,お好み焼き、ホルモン、鉄板焼き,,3.26,39,1078,～￥999,～￥999,大阪府豊中市清風荘1-7-17 ハーモニー１　１Ｆ,34.8015105,135.4496981
794,ロケットランチャー,神崎川駅 828m,ラーメン,こだわりの醤油・塩ラーメンや油かすやきめしを堪能！昭和レトロな空間で心もお腹もいっぱいに◎,3.05,7,176,-,"￥1,000～￥1,999",大阪府豊中市千成町3-1-7,34.7381832,135.4679251
795,ファミリーマート 豊中千成店,神崎川駅 429m,コンビニ・スーパー,,3,2,7,-,-,大阪府豊中市千成町2-8-16,34.7354213,135.4707777
796,薩摩,神崎川駅 426m,焼肉,,3.07,19,374,"￥3,000～￥3,999",-,大阪府豊中市千成町2-7-10,34.7354302,135.4709313
797,丸天,神崎川駅 436m,焼き鳥,,3.07,9,92,"￥2,000～￥2,999",-,大阪府豊中市千成町2-7-11,34.7355091,135.4708448
798,業務スーパー 千成店,神崎川駅 435m,コンビニ・スーパー,,3.02,2,9,-,-,大阪府豊中市千成町2-7-4,34.7357097,135.4713878
799,Kitchen&Cafe Castor,豊中駅 495m,カフェ、スペイン料理、スイーツ,,3.21,25,715,"￥2,000～￥2,999","￥1,000～￥1,999",大阪府豊中市千里園2-1-93,34.7918137,135.460545
800,バーガー屋SUN,柴原阪大前駅 711m,ハンバーガー,,3.05,4,54,-,～￥999,大阪府豊中市千里園3-15-15,34.7959256,135.464161
801,マクドナルド 176北豊中店,蛍池駅 598m,ハンバーガー,,3.04,22,111,～￥999,～￥999,大阪府豊中市千里園1-1-5,34.790972,135.454334
802,Vona,柴原阪大前駅 722m,パン,,3.06,5,62,-,～￥999,大阪府豊中市千里園3-15-18,34.795784,135.4641356
803,シェノン,豊中駅 492m,カフェ,,3.01,1,51,-,"￥1,000～￥1,999",大阪府豊中市千里園2-1-93 1F,34.7918424,135.4605168
804,鮨はぐれ,曽根駅 146m,寿司,,3.04,5,132,"￥8,000～￥9,999",-,大阪府豊中市曽根西町3-5-33,34.7723495,135.4662916
805,亀は萬年,曽根駅 221m,居酒屋、日本料理、海鮮,【曽根駅から徒歩3分】全てが店内仕込みの創作で一息つける、曽根の縁起が良いほんまもん居酒屋,3.54,152,6866,"￥4,000～￥4,999",-,大阪府豊中市曽根西町3-7-1,34.7722364,135.4653072
806,ツレンノカ,曽根駅 138m,居酒屋,,,1,18,-,-,大阪府豊中市曽根西町3-5-34,34.7723789,135.4662974
807,ちゃたそplus,曽根駅 62m,弁当、惣菜・デリ,,3,4,29,-,-,大阪府豊中市曽根西町3-1-22,34.7720487,135.4672296
808,風流お好み処 末廣,曽根駅 149m,お好み焼き,,,3,39,-,-,大阪府豊中市曽根西町3-5-2,34.7721598,135.466111
809,牛旬三郎 曽根店,曽根駅 97m,焼肉,,3.04,5,210,"￥4,000～￥4,999",-,大阪府豊中市曽根西町3-1-6,34.7720702,135.4667059
810,アジジ,曽根駅 59m,お好み焼き,,3.07,18,226,-,-,大阪府豊中市曽根西町3丁目1-2,34.7719845,135.4671687
811,マホット コーヒー,曽根駅 152m,カフェ,,3.06,15,612,-,～￥999,大阪府豊中市曽根西町2-14-43,34.7708763,135.4661632
812,酒肴一会 ぽん,曽根駅 222m,日本料理,,3.04,3,103,-,-,大阪府豊中市曽根西町3-7-36 トランペットピル 1F,34.772328,135.465347
813,たこ焼き 元,曽根駅 55m,たこ焼き,,3.01,1,31,-,-,大阪府豊中市曽根西町3-1-1,34.7719809,135.4672465
814,SAI.Hamburg,曽根駅 147m,ハンバーグ,,3.18,22,701,"￥1,000～￥1,999","￥1,000～￥1,999",大阪府豊中市曽根西町3-5-33 1F,34.7723789,135.4662974
815,マリブ 曽根店,曽根駅 103m,焼き鳥,,3.01,4,87,-,-,大阪府豊中市曽根西町1-2-5 1F,34.7719475,135.4665336
816,立呑み処 紫,曽根駅 57m,立ち飲み,,3.01,1,59,-,-,大阪府豊中市曽根西町3-1-1,34.771987,135.467218
817,ホットフーズほかほか弁当 曽根店,曽根駅 47m,弁当,,3.04,6,62,-,-,大阪府豊中市曽根西町1-1-14,34.7718904,135.4671996
818,ホットフーズほかほか弁当 曽根店,曽根駅 217m,カフェ,,,6,,-,-,大阪府豊中市曽根西町1-9-3 101西 シャンポールメゾン曽根,34.7718904,135.4671996
819,えんDining,曽根駅 135m,ダイニングバー,,3.02,1,22,-,-,大阪府豊中市曽根西町3-5-34-102,34.772167,135.4663295
820,ナマステ・ポカラ,曽根駅 181m,インドカレー、ネパール料理、インド料理,,3.02,3,60,"￥1,000～￥1,999",～￥999,大阪府豊中市曽根西町2-2-52,34.772072,135.465681
821,小さな豚まん専門店 けさきち,曽根駅 335m,肉まん,,3.29,42,2066,-,～￥999,大阪府豊中市曽根西町1-10-17,34.768703,135.4663594
822,一栄,曽根駅 52m,居酒屋、鍋,,3.04,5,32,-,-,大阪府豊中市曽根西町1-1-13,34.7719076,135.467097
823,鳥栄,曽根駅 221m,焼き鳥,,3.03,5,63,-,-,大阪府豊中市曽根西町3-7-1,34.7722379,135.4652885
824,フラリカフェ,曽根駅 214m,カフェ、ソフトクリーム、パンケーキ,,3.08,12,316,-,～￥999,大阪府豊中市曽根西町1-9-3,34.7696306,135.4677239
825,洒洒楽楽,曽根駅 60m,居酒屋,,3.08,11,275,-,"￥1,000～￥1,999",大阪府豊中市曽根西町1-4-22,34.7710691,135.4673445
826,パティスリー イードットエムズ,曽根駅 185m,ケーキ、洋菓子,,3.12,10,220,-,-,大阪府豊中市曽根西町2-2-52 2F,34.7720704,135.4656368
827,焼肉 臥龍,曽根駅 506m,焼肉、韓国料理、居酒屋,A4・A5ランクの黒毛和牛をリーズナブルに！老若男女問わず大歓迎な日常に寄り添う焼肉屋,,4,95,"￥3,000～￥3,999","￥2,000～￥2,999",大阪府豊中市曽根東町2-12-13 ル・モンド曽根 B1F,34.7735557,135.4725854
828,焼肉 八坪,曽根駅 562m,焼肉、ホルモン,厚切タンやA5ランクの和牛が自慢！貸切可＆キッズサービスありでさまざまなシーンに◎,3.02,1,39,"￥4,000～￥4,999",-,大阪府豊中市曽根東町6-8-7,34.768583,135.4725254
829,釜ー釜ー,曽根駅 506m,弁当,,3.04,4,54,～￥999,～￥999,大阪府豊中市曽根東町6-4-25,34.767848,135.470775
830,エゴカフェ,曽根駅 483m,カフェ,,3.14,12,296,～￥999,～￥999,大阪府豊中市曽根東町2-12-5,34.7737572,135.4721116
831,パティスリー ラ フェット 曽根店,曽根駅 157m,ケーキ、洋菓子,,3.18,28,386,-,-,大阪府豊中市曽根東町1-10-3 曽根イーストテラス B1F,34.7717059,135.4692317
832,彩日 からだよろこぶ家庭料理,曽根駅 290m,日本料理,,3.02,2,55,-,-,大阪府豊中市曽根東町2-2-8 クレール曽根 1F,34.7725263,135.4705027
833,タンネ,曽根駅 78m,カフェ、喫茶店、パン,,3.23,29,457,～￥999,～￥999,大阪府豊中市曽根東町3丁目2-6 102,34.77152,135.468411
834,ポレポレ,曽根駅 133m,バー、カフェ,,3.04,5,73,-,～￥999,大阪府豊中市曽根東町3-4-3,34.7714993,135.469046
835,嘘つき彼氏,曽根駅 401m,ラーメン,,3.38,53,5118,-,"￥1,000～￥1,999",大阪府豊中市曽根東町5-9-26 喫茶初恋,34.7691815,135.4710217
836,ミスタードーナツ 阪急曽根ショップ,曽根駅 131m,カフェ、ドーナツ,,3.04,28,111,～￥999,-,大阪府豊中市曽根東町3-1-1,34.7704391,135.4680175
837,たこ湯,曽根駅 538m,たこ焼き、おでん,,3.08,16,236,～￥999,-,大阪府豊中市曽根東町6-7-15,34.7685455,135.4720664
838,Pau Hana,曽根駅 416m,カフェ,,3,2,38,"￥1,000～￥1,999","￥1,000～￥1,999",大阪府豊中市曽根東町6-3-1,34.7685621,135.4702145
839,喫茶 初恋,曽根駅 413m,喫茶店,,3.07,12,1024,-,-,大阪府豊中市曽根東町5-9-26,34.7691862,135.4710091
840,ウェルかめ,曽根駅 506m,バー,,,8,,-,-,大阪府豊中市曽根東町2-12-13 ル・モンド曽根1階C,34.7735317,135.472543
841,旬菜処岡崎,曽根駅 213m,日本料理、食堂,,3.01,2,125,"￥4,000～￥4,999",-,大阪府豊中市曽根東町3-6-13,34.7710979,135.4698268
842,おうちカフェ 樹林,曽根駅 356m,創作料理,,3.21,37,2090,-,"￥1,000～￥1,999",大阪府豊中市曽根東町2-3-14,34.7730431,135.471
843,ファミリーマート 曽根東町店,曽根駅 135m,コンビニ・スーパー,,,1,4,-,-,大阪府豊中市曽根東町1-2-7,34.7728324,135.4674881
844,ラウンジ アルファ,曽根駅 510m,バー,,,3,,-,-,大阪府豊中市曽根東町2-12-13 ルモンド曽根 2F,34.7735289,135.4725501
845,千鳥屋 曽根店,曽根駅 157m,和菓子,,3.06,4,18,-,-,大阪府豊中市曽根東町1-10-3,34.7717059,135.4692317
846,Platt Torte,曽根駅 56m,ケーキ、洋菓子,,3,2,8,-,-,大阪府豊中市曽根東町1-8-2,34.7719437,135.4679624
847,トルタイシーオ 曽根店,曽根駅 57m,ケーキ,,3,8,133,-,-,大阪府豊中市曽根東町1-8-2,34.7719437,135.4679624
848,パパアンジェロ,曽根駅 168m,イタリアン,,3.15,35,804,"￥3,000～￥3,999","￥1,000～￥1,999",大阪府豊中市曽根東町3-3-22 バイキングビル１Ｆ,34.7705535,135.4689359
849,スタンス ドット,曽根駅 186m,カフェ、弁当,,3.15,17,1257,-,"￥1,000～￥1,999",大阪府豊中市曽根東町1-10-34 曽根グリーンビル 1F,34.7716834,135.4695847
850,らんらん亭,曽根駅 169m,居酒屋,,3.06,8,205,"￥3,000～￥3,999",-,大阪府豊中市曽根東町3-5-3,34.771422,135.4693894
851,かすうどん屋かすとろ,曽根駅 116m,うどん、居酒屋,,3.1,24,430,～￥999,-,大阪府豊中市曽根東町1-2-4,34.7726002,135.4674725
852,あした葉,曽根駅 298m,食堂,,3.02,4,42,-,-,大阪府豊中市曽根東町2-2-8,34.7726365,135.4705217
853,かみかわ珈琲焙煎所,曽根駅 361m,コーヒースタンド,,3.07,11,410,-,～￥999,大阪府豊中市曽根東町5-10-1,34.7687207,135.4695026
854,Bakery Cafe Refrain 曽根本店,曽根駅 61m,パン、カフェ、パスタ,,3.42,128,3493,～￥999,"￥1,000～￥1,999",大阪府豊中市曽根東町3-2-1-104,34.7714103,135.4681567
855,松屋 曽根店,曽根駅 500m,牛丼、カレー、食堂,,3.03,23,89,～￥999,～￥999,大阪府豊中市曽根東町2-12-14,34.7734233,135.4725252
856,讃岐うどん天兎,曽根駅 59m,うどん、カレーうどん,,3.33,72,1066,-,"￥1,000～￥1,999",大阪府豊中市曽根東町3-2-1,34.7715771,135.4681965
857,大阪 黒船屋,曽根駅 397m,スイーツ,,3,3,35,-,-,大阪府豊中市曽根東町6-2-5,34.7685639,135.4700305
858,水野家 阪急曽根店,曽根駅 52m,コロッケ,,3.01,18,187,-,～￥999,大阪府豊中市曽根東町3-1-1 エキスパ曽根店内,34.7705634,135.4679821
859,ロッテリア 阪急曽根駅店,曽根駅 80m,ハンバーガー,,3.02,16,91,～￥999,～￥999,大阪府豊中市曽根東町3-1-1,34.7708733,135.4678406
860,ふるさと広場 曽根店,曽根駅 221m,その他,,,10,,-,-,大阪府豊中市曽根東町1-10-24,34.772164,135.4699583
861,ゴマ団子専門店 Gu～cha 豊中曽根店,曽根駅 59m,スイーツ,,3.14,11,304,-,-,大阪府豊中市曽根東町3-2-1,34.7713603,135.4681647
862,umecaci,曽根駅 288m,洋菓子,,3,2,53,-,～￥999,大阪府豊中市曽根東町2-2-8 クレール曽根 3F,34.7725263,135.4705027
863,お食事処 志の,曽根駅 211m,居酒屋,,3.06,7,72,-,"￥1,000～￥1,999",大阪府豊中市曽根東町1-10-30,34.7720153,135.4697931
864,チカパン堂,曽根駅 403m,パン,,3.1,6,277,-,-,大阪府豊中市曽根東町6-2-5,34.7685798,135.4701223
865,ORION COFFEE,曽根駅 249m,カフェ,,3.21,26,583,～￥999,～￥999,大阪府豊中市曽根東町3-7-2 豊中市立文化芸術センター,34.769974,135.4694918
866,タベルナ ラッポルト,曽根駅 199m,イタリアン,,3.05,3,89,-,-,大阪府豊中市曽根東町3-6-4,34.7712235,135.4696931
867,沖縄Dining bar CHATASO,曽根駅 337m,沖縄料理、バー,,3.06,10,341,"￥3,000～￥3,999",～￥999,大阪府豊中市曽根南町1-5-6,34.7685423,135.468036
868,すき家 豊中曽根店,曽根駅 868m,牛丼、カレー、食堂,,3.03,13,50,-,-,大阪府豊中市曽根南町3-19-24,34.7658512,135.4610124
869,パン工場ホノホノ,曽根駅 354m,パン,,3.11,18,308,-,-,大阪府豊中市曽根南町1-22-3 ハーツアベニュー E3 1F,34.7685512,135.466626
870,立呑処マキノ,曽根駅 362m,立ち飲み,,3,3,53,-,-,大阪府豊中市曽根南町2-1-6,34.7685348,135.4661325
871,ワインショップ アルファ,曽根駅 401m,その他,,3.04,3,86,"￥1,000～￥1,999","￥1,000～￥1,999",大阪府豊中市曽根南町1-20-22 1F,34.7680596,135.4664474
872,なきじん,曽根駅 616m,沖縄料理、弁当,,,2,15,-,～￥999,大阪府豊中市曽根南町3-2-33,34.7684571,135.461943
873,アレサ,曽根駅 355m,その他,,3.01,1,36,-,-,大阪府豊中市曽根南町1-22-3 ハーツアベニュー　２Ｆ,34.7685389,135.4665039
874,ヤマビコホルモン,曽根駅 482m,ホルモン、もつ鍋、鍋,,3.17,20,611,"￥3,000～￥3,999",-,大阪府豊中市曽根南町2-5-55 曽根OMビル 1F,34.7685222,135.463827
875,白馬童子 豊中店,曽根駅 785m,ラーメン,,3.28,128,865,"￥1,000～￥1,999","￥1,000～￥1,999",大阪府豊中市曽根南町3-8-13,34.7677071,135.4602111
876,enaveil,豊中駅 628m,フレンチ、カフェ、スイーツ,,3.06,9,300,"￥6,000～￥7,999","￥3,000～￥3,999",大阪府豊中市立花町2-7-25-1,34.7829431,135.4572746
877,LAWSON 豊中立花町三丁目店,豊中駅 692m,コンビニ・スーパー,,3.04,2,2,-,-,大阪府豊中市立花町3-8-17,34.7826812,135.4564753
878,釋,豊中駅 548m,お好み焼き、鉄板焼き、居酒屋,,3.02,5,267,"￥3,000～￥3,999",-,大阪府豊中市立花町2-1-22,34.7828478,135.4592933
879,はる,岡町駅 565m,天ぷら,,3,1,10,-,-,大阪府豊中市立花町2-2-3,34.7821595,135.4597061
880,杵屋 豊中エトレ店,豊中駅 52m,うどん、そば、居酒屋,熟練職人が製麺する、コシの強い讃岐うどん。生醤油や関西風出汁で気軽に味わう◎,3.06,31,155,-,～￥999,大阪府豊中市玉井町1-1-1 エトレ豊中 4F,34.7869494,135.4613611
881,さかなや道場 豊中駅前店,豊中駅 78m,居酒屋、海鮮,【豊中駅徒歩2分】個室完備！ 2時間飲み放題付きコースも各種ご用意！,3.03,20,420,"￥3,000～￥3,999",～￥999,大阪府豊中市玉井町1-3-2 1F,34.7870493,135.4607673
882,犇屋 豊中店,豊中駅 82m,焼肉,,3.08,24,931,"￥5,000～￥5,999","￥2,000～￥2,999",大阪府豊中市玉井町1-3-26,34.7868645,135.4608344
883,間借りイタリアン Gastoria T,豊中駅 70m,イタリアン、ビストロ、創作料理,駅近にひっそりと佇む、間借りイタリアン◎少人数での貸切可,3.06,8,465,"￥5,000～￥5,999",-,大阪府豊中市玉井町1-2-15,34.787173,135.4607042
884,Steak House GARAGE 豊中本店,豊中駅 79m,ステーキ、ハンバーガー、パスタ,【豊中駅すぐ】最高級和牛ヘレステーキを地域最強コスパで提供♪2階貸切宴会◎,3.21,36,2155,"￥5,000～￥5,999","￥1,000～￥1,999",大阪府豊中市玉井町1-9-19,34.7875888,135.4605957
885,麦酒＆串カツ 豊穣,豊中駅 63m,串揚げ、居酒屋,【豊中駅1分】四季折々の串カツ×大阪限定・樽生クラフトビール。一人飲みから女子会・接待まで,3.07,9,269,"￥4,000～￥4,999",-,大阪府豊中市玉井町1-2-13,34.7871649,135.460821
886,KICHIRI 豊中駅前,豊中駅 45m,居酒屋、海鮮、イタリアン,【豊中駅から徒歩1分】当日予約OK！飲み放題1650円〜ご用意しております！,3.04,41,997,"￥3,000～￥3,999",-,大阪府豊中市玉井町1-2-3 野口商事ビル 5F,34.7873606,135.4609433
887,魚の巣 豊中エトレ店,豊中駅 62m,居酒屋、寿司、鍋,,3.16,64,856,"￥3,000～￥3,999","￥1,000～￥1,999",大阪府豊中市玉井町1-1-1 エトレ豊中 4F,34.7868908,135.4616333
888,くいもの屋わん 豊中駅前店,豊中駅 41m,居酒屋、日本料理、海鮮,【豊中駅徒歩1分】旬の食材と多彩な創作料理を堪能できる個室居酒屋｜宴会個室40名様迄可,3.01,17,546,"￥3,000～￥3,999",-,大阪府豊中市玉井町1-2-3 野口商事ビル 3F,34.7874603,135.4609832
889,津の田ミート -bistro style- 豊中店,豊中駅 75m,肉料理,,,3,,-,-,大阪府豊中市玉井町1-9-4,34.7874602,135.4606035
890,ジャンカラ 豊中駅前店,豊中駅 52m,カラオケ、その他,,3.01,3,6,-,-,大阪府豊中市玉井町1-2-1 豊中駅前ビルディング 6～7F,34.7874749,135.4608611
891,アネッソ クッチーナ カサイ,豊中駅 117m,イタリアン,,3.12,27,1022,-,"￥2,000～￥2,999",大阪府豊中市玉井町1-3-25 ノエルコート B1F,34.7867503,135.4604025
892,モンロワール 豊中店,豊中駅 74m,チョコレート,,3.01,10,85,-,-,大阪府豊中市玉井町1-1-1 エトレ豊中,34.7867307,135.4613775
893,津の田ミート BistroSyle豊中店,豊中駅 84m,ハンバーグ、ステーキ、カフェ,,3.1,37,767,-,-,大阪府豊中市玉井町1-9-4,34.7874602,135.4606035
894,肉のみちかわ,豊中駅 82m,焼肉,,,2,,-,-,大阪府豊中市玉井町1-3-26,34.7868679,135.46082
895,間借りlunch三ツ星,豊中駅 69m,カレー、かき氷,,,1,44,-,"￥1,000～￥1,999",大阪府豊中市玉井町1-2-15,34.7871816,135.4606858
896,たこ焼き・甘味 京こま,豊中駅 56m,たい焼き・大判焼き,,3.05,5,42,-,-,大阪府豊中市玉井町1-1-1 エトレ豊中,34.7868315,135.4615095
897,炭火焙煎珈琲 きりん珈琲 豊中店,豊中駅 70m,喫茶店,,3.11,24,575,-,～￥999,大阪府豊中市玉井町1-2-15,34.7872193,135.4607096
898,らーめん 風光る,豊中駅 66m,ラーメン、油そば・まぜそば,,3.37,63,556,"￥1,000～￥1,999","￥1,000～￥1,999",大阪府豊中市玉井町1-1-1 エトレとよなか 4F,34.7868303,135.4615068
899,鳥貴族 豊中店,豊中駅 82m,焼き鳥、鳥料理、居酒屋,,3.03,21,204,"￥2,000～￥2,999",-,大阪府豊中市玉井町1-3-2,34.7869803,135.4607095
900,ハイボール居酒屋まあさん 豊中駅前店,豊中駅 60m,沖縄料理、居酒屋,,3.04,9,293,"￥4,000～￥4,999",-,大阪府豊中市玉井町1-2-17,34.7873801,135.4607498
901,Happy Present,豊中駅 53m,居酒屋,,,1,79,-,-,大阪府豊中市玉井町1-2-1 豊中駅前ビルディング 1F,34.7874749,135.4608611
902,お好み・鉄板焼き ふく,豊中駅 37m,お好み焼き、鉄板焼き、居酒屋,【豊中駅直結】ふわふわ食感の“関西お好み焼き”を、昼夜問わず気軽に満喫♪テイクアウトOK◎,3.07,8,86,"￥1,000～￥1,999","￥1,000～￥1,999",大阪府豊中市玉井町1-1-1 エトレ豊中 4F,34.7867529,135.461456
903,Saloon Bar 琥珀,豊中駅 97m,バー,,3.07,11,531,"￥3,000～￥3,999",-,大阪府豊中市玉井町1-3-26 2F,34.7868761,135.4606006
904,阪急OASIS 豊中駅前店,豊中駅 58m,コンビニ・スーパー,,3,2,4,-,-,大阪府豊中市玉井町1-1-1-200,34.7869967,135.4612329
905,ぎょうざの満洲 豊中駅前店,豊中駅 82m,餃子,,3.05,40,439,～￥999,-,大阪府豊中市玉井町1-3-2,34.7869703,135.4607109
906,ビアードパパ エトレ豊中店,豊中駅 49m,シュークリーム、洋菓子,,3.03,21,77,-,-,大阪府豊中市玉井町1-1-1 エトレ豊中 1F,34.7869745,135.4614086
907,らーめん彦,豊中駅 54m,ラーメン,,3.12,37,558,～￥999,～￥999,大阪府豊中市玉井町1-2-1 豊中駅前ビルディング 1F,34.7874749,135.4608611
908,せん 寅次郎,豊中駅 52m,居酒屋、海鮮、寿司,,3.14,17,217,"￥4,000～￥4,999",-,大阪府豊中市玉井町1-2-1 豊中駅前ビルディング 1F,34.7874749,135.4608611
909,ザスポット,豊中駅 54m,イタリアン,,,27,,-,-,大阪府豊中市玉井町1-2-1 豊中駅前ビルディング B1F,34.7874568,135.4608393
910,カゼ チャプーター ツー,豊中駅 32m,バー,,,10,,-,-,大阪府豊中市玉井町1-2-1 豊中駅前ビルディング B1F,34.7874409,135.46085
911,珈琲館 エトレ豊中店,豊中駅 56m,喫茶店、サンドイッチ、ケーキ,,3.01,14,110,-,～￥999,大阪府豊中市玉井町1-1-1 エトレ豊中 2F,34.7869229,135.4613491
912,ジュジュ,豊中駅 74m,お好み焼き、焼きそば、居酒屋,,3.08,19,204,"￥2,000～￥2,999",～￥999,大阪府豊中市玉井町1-1-1 エトレ豊中 4F,34.7867554,135.4614585
913,グリーングルメ エトレ豊中店,豊中駅 54m,惣菜・デリ,,3,4,16,-,-,大阪府豊中市玉井町1-1-1 エトレとよなか 1F,34.7869429,135.4615693
914,麺処まつ本,豊中駅 108m,うどん、そば、すき焼き,,3.41,116,3434,"￥1,000～￥1,999","￥1,000～￥1,999",大阪府豊中市玉井町1-3-12,34.7865813,135.4608259
915,スタンドバル amanozyaku,豊中駅 71m,立ち飲み,,3.02,2,95,"￥1,000～￥1,999",-,大阪府豊中市玉井町1-3-2,34.7870063,135.4608382
916,炭火焼鳥 絢鶏,豊中駅 157m,居酒屋、焼き鳥、鳥料理,,3.08,16,567,"￥3,000～￥3,999",-,大阪府豊中市玉井町1-8-22,34.787446,135.459709
917,モスバーガー エトレ豊中店,豊中駅 56m,ハンバーガー,,3.04,23,142,～￥999,～￥999,大阪府豊中市玉井町1-1-1 エトレ豊中 2F,34.7869229,135.4613491
918,焼肉KAZU,豊中駅 114m,焼肉,,3.19,29,634,"￥6,000～￥7,999",-,大阪府豊中市玉井町1-4-26,34.7870903,135.4602508
919,ビストロ ハシ,豊中駅 247m,フレンチ、かき氷,,3.32,46,2709,"￥6,000～￥7,999","￥2,000～￥2,999",大阪府豊中市玉井町2-2-32,34.7883365,135.4589972
920,鳥源 豊中,豊中駅 87m,肉料理,,3.18,12,723,"￥6,000～￥7,999",-,大阪府豊中市玉井町1-3-26,34.7868409,135.460812
921,ファミリーマート 豊中駅西口店,豊中駅 92m,コンビニ・スーパー,,3.02,2,4,-,-,大阪府豊中市玉井町1-10-4,34.7877489,135.4604818
922,てこや 豊中駅前店,豊中駅 80m,たこ焼き,,3,10,38,～￥999,-,大阪府豊中市玉井町1-10-1,34.7877098,135.4606285
923,Refrain 豊中駅前店,豊中駅 37m,パン,,3.05,3,22,-,-,大阪府豊中市玉井町1-1-1 阪急OASIS 豊中エトレ B1F,34.786867,135.461594
924,Cafeいちご,神崎川駅 866m,カフェ,,,4,,-,-,大阪府豊中市大黒町3-20-21,34.7397013,135.4712737
925,三紀,庄内駅 854m,喫茶店,,,5,,-,-,大阪府豊中市大黒町1-21-1,34.7434144,135.4705715
926,サンディ 庄内南店,庄内駅 902m,コンビニ・スーパー,,,1,6,-,-,大阪府豊中市大黒町1-2-3,34.7421755,135.4729194
927,うどん食堂 太鼓亭 豊中大黒店,庄内駅 907m,うどん,,3.08,12,58,-,-,大阪府豊中市大黒町1-20-1,34.7430806,135.4700479
928,関西スーパー 豊中南店,庄内駅 931m,コンビニ・スーパー,,3.02,2,6,-,-,大阪府豊中市大黒町1-20-1,34.7428978,135.4699175
929,ピザーラ 豊中店,豊中市,ピザ,,3.01,5,21,-,-,大阪府豊中市長興寺北3-3-3,34.7801791,135.4707228
930,体験型コーヒー専門店 のんびり,曽根駅 875m,カフェ,,3.13,32,1468,～￥999,～￥999,大阪府豊中市長興寺北1-5-27,34.7756083,135.475724
931,焼肉 三太 長興寺店,曽根駅 989m,焼肉、居酒屋、韓国料理,仙台牛の焼肉をご家族やお仲間とお楽しみください！送迎もしております！ランチタイムもぜひ‼︎,3.12,15,266,"￥5,000～￥5,999","￥1,000～￥1,999",大阪府豊中市長興寺南3-5-11,34.7752005,135.4774135
932,819cafe,豊中市,カフェ,,,30,,-,-,大阪府豊中市長興寺南4-322,34.775714,135.4801838
933,三太,豊中市,日本料理、ヨーロッパ料理,,,1,36,-,-,大阪府豊中市長興寺南4-2-1,34.7754503,135.4787255
934,ブーランジェリトラム,豊中市,パン,,3.15,28,653,～￥999,-,大阪府豊中市長興寺南4-2-1 1F,34.7754428,135.4786813
935,カンティプル,豊中市,インド料理、インドカレー,,3.02,2,13,-,-,大阪府豊中市長興寺南4-3-22,34.7757017,135.4801121
936,両國,豊中市,たこ焼き、ちゃんぽん,,3.02,3,29,-,-,大阪府豊中市長興寺南4-1-22,34.7752165,135.4778604
937,銀のさら 曽根店,曽根駅 740m,寿司,,3.01,3,14,-,-,大阪府豊中市長興寺南1-3-5 1F,34.7750055,135.4744754
938,チャイナダイニング 麻龍,曽根駅 542m,中華料理、ラーメン,,3.08,13,201,"￥3,000～￥3,999",～￥999,大阪府豊中市長興寺南1-1-40 アイコート １Ｆ,34.7736019,135.4729315
939,お好み焼 プラザ 緑地店,豊中市,お好み焼き,,3.04,4,50,"￥1,000～￥1,999",～￥999,大阪府豊中市長興寺南4-2-1,34.7753853,135.4786259
940,パティスリー ヴァンブラン,曽根駅 740m,ケーキ,,3.18,32,427,-,-,大阪府豊中市長興寺南1-3-5-101,34.775003,135.4744707
941,酒楽家　なが江　名古屋の味,豊中市,居酒屋、郷土料理,,3.04,4,78,-,-,大阪府豊中市長興寺南4-3-30 さくらマンション 1F,34.7758493,135.4810567
942,バターフレーク,曽根駅 632m,パン,,3.13,20,285,-,-,大阪府豊中市長興寺南1丁目2-6-101,34.7744442,135.4734772
943,合格,曽根駅 712m,お好み焼き,,3.07,15,219,"￥1,000～￥1,999",-,大阪府豊中市長興寺南1-3-1,34.774833,135.474247
944,華や 緑地公園店,緑地公園駅 170m,中華料理,至高の味と最高のおもてなしを・・・【宴会のご予約承り中♪ご予算等お気軽にご相談ください。】,3.44,206,6316,"￥3,000～￥3,999","￥1,000～￥1,999",大阪府豊中市寺内2-2-26 ロワール緑地 102号,34.7762893,135.4940093
945,OLU BURGER KYOTO RYOKUCHI,緑地公園駅 161m,ハンバーガー、カフェ、バル,京都バーガーランキング1位タイ大阪5位タイ！京都和牛100%使用した肉感たっぷりバーガー！,3.45,163,5281,"￥1,000～￥1,999","￥1,000～￥1,999",大阪府豊中市寺内2-2-26 ロワール緑地 1F,34.776301,135.4941603
946,韓国料理バム,緑地公園駅 225m,韓国料理、焼肉,,3.09,26,572,"￥2,000～￥2,999",-,大阪府豊中市寺内2-10-8 緑地8番館ビル 1F,34.7734313,135.4942446
947,八剣伝 緑地公園店,緑地公園駅 147m,居酒屋、焼き鳥、鳥料理,,3.01,11,135,"￥2,000～￥2,999",-,大阪府豊中市寺内2-2-22 シャトーエデン 106,34.7762662,135.494466
948,和さお,緑地公園駅 145m,居酒屋、ダイニングバー,【緑地公園駅1分】お一人様も歓迎◎厳選食材で仕上げる鉄板料理や熟練の大将によるお刺身を堪能,3.06,9,187,"￥3,000～￥3,999",-,大阪府豊中市寺内2-2-22 シャトーエデン 1F,34.7764031,135.4946097
949,近江焼肉ホルモンすだく 大阪本店,緑地公園駅 174m,焼肉、ホルモン、居酒屋,"【年間400,000人が来店】食肉卸企業直営が成せる鮮度、日本三大和牛・近江牛専門の焼肉店",3.07,70,4385,"￥3,000～￥3,999","￥1,000～￥1,999",大阪府豊中市寺内2-2-26,34.7762792,135.4939877
950,金星,緑地公園駅 140m,ちゃんこ鍋、海鮮、居酒屋,【緑地公園駅2分】駅近で専門店ならではの本格「ちゃんこ鍋」を堪能♪大人数の宴会利用も歓迎◎,3.04,8,330,"￥5,000～￥5,999",-,大阪府豊中市寺内2-8-1,34.7748186,135.4938215
951,プティマルシェドゥーブルヴィ,緑地公園駅 259m,洋菓子、スイーツ,,3.01,1,129,-,-,大阪府豊中市寺内2-3-9 グリーンエクセル,34.7776456,135.4953631
952,澄屋,緑地公園駅 140m,食堂,,3.02,2,51,"￥3,000～￥3,999","￥1,000～￥1,999",大阪府豊中市寺内2-2-22 シャトーエデン 1F,34.7763213,135.4944151
953,みどり寿司,緑地公園駅 346m,寿司,,,4,100,"￥4,000～￥4,999",-,大阪府豊中市寺内1-11-23 ハイネス緑地公園 1F,34.7728443,135.4930408
954,シャルドネ レストラン,緑地公園駅 245m,フレンチ,,3.15,26,734,-,"￥1,000～￥1,999",大阪府豊中市寺内1-1-36,34.7763132,135.4930374
955,IT'S MY THING & Coffee,緑地公園駅 138m,カフェ,,3.06,7,323,"￥1,000～￥1,999","￥1,000～￥1,999",大阪府豊中市寺内2-8-1 1F,34.7748958,135.4939359
956,WineBar Fontaine,緑地公園駅 262m,ワインバー,,3.02,1,13,"￥3,000～￥3,999",-,大阪府豊中市寺内2-3-9 グリーンエクセル 506,34.7776009,135.4953842
957,akkord,緑地公園駅 265m,洋菓子、カフェ,,3.3,30,1842,-,"￥1,000～￥1,999",大阪府豊中市寺内2-3-9 グリーンエクセル 1F,34.7776541,135.4953894
958,本家かまどや 緑地公園駅前店,緑地公園駅 139m,弁当,,3,5,44,-,-,大阪府豊中市寺内2-2-22 シャトーエデン 1F,34.7762952,135.4945794
959,麺房 鶏くらふと,緑地公園駅 218m,ラーメン、つけ麺,,3.62,384,8989,"￥1,000～￥1,999","￥1,000～￥1,999",大阪府豊中市寺内2-2-27,34.7762981,135.4933555
960,むぎパン,緑地公園駅 331m,パン,,3.14,27,457,-,-,大阪府豊中市寺内1-6-8 第2ヒルトンハイツ 1F,34.7731947,135.492721
961,焼鳥と焼野菜 ぎんすけ 緑地公園店,緑地公園駅 175m,居酒屋、焼き鳥,,3.2,26,754,"￥4,000～￥4,999",-,大阪府豊中市寺内2-2-26 ロワール緑地 1F,34.7762787,135.4940075
962,マクドナルド 北急緑地公園駅店,緑地公園駅 58m,ハンバーガー、カフェ,,3.03,25,120,～￥999,～￥999,大阪府豊中市寺内2-4-1,34.7754643,135.4947767
963,一眞,緑地公園駅 232m,ふぐ,,3.75,72,4788,"￥30,000～￥39,999",-,大阪府豊中市寺内2-2-3,34.7766756,135.4935087
964,CoCo壱番屋 豊中緑地公園店,緑地公園駅 204m,カレー,,3.02,15,117,-,～￥999,大阪府豊中市寺内2-2-27 シルフィード緑 １Ｆ,34.77629,135.4936162
965,Standard Café & Gallery 緑地公園店,緑地公園駅 89m,カフェ,,3.24,32,849,"￥1,000～￥1,999","￥1,000～￥1,999",大阪府豊中市寺内2-13-5 1F,34.7745371,135.4949327
966,一福 豊中緑地公園店,緑地公園駅 122m,ラーメン、担々麺,,3.39,111,1633,"￥1,000～￥1,999","￥1,000～￥1,999",大阪府豊中市寺内2-13-7,34.7742022,135.494925
967,串かつ市場 緑地公園店,緑地公園駅 62m,串揚げ、居酒屋、もつ鍋,,3.07,24,940,"￥2,000～￥2,999",～￥999,大阪府豊中市寺内2-13-1 1F,34.7749952,135.4947436
968,サンドッグイン神戸屋 緑地公園駅店,緑地公園駅 59m,パン、カフェ,,3.18,27,443,-,～￥999,大阪府豊中市寺内2-4-1 緑地駅ビル 1F,34.7754643,135.4947767
969,マクドナルド 緑地北店,緑地公園駅 257m,ハンバーガー,,3.03,28,157,～￥999,～￥999,大阪府豊中市寺内2-3-16,34.7775139,135.495596
970,パリワール 緑地公園店,緑地公園駅 255m,インド料理、インドカレー,,3.08,37,453,"￥1,000～￥1,999","￥1,000～￥1,999",大阪府豊中市寺内1-1-36 ライオンズマンション 第２緑地公園　１Ｆ,34.7764805,135.4930097
971,カフェ マグ,緑地公園駅 331m,パン、カフェ,,3.06,5,177,-,"￥1,000～￥1,999",大阪府豊中市寺内1-3-25 シャトーグリーンハイツ 1F,34.7749105,135.491761
972,千鳥屋宗家 緑地公園店,緑地公園駅 46m,和菓子,,3.01,1,16,-,-,大阪府豊中市寺内2-4-1,34.7755362,135.4949978
973,つぶら,緑地公園駅 261m,惣菜・デリ,,3,1,36,-,-,大阪府豊中市寺内2-3-9 グリーンエクセル 501,34.7776009,135.4953842
974,サンブラー,緑地公園駅 321m,バー,,3.07,8,175,"￥1,000～￥1,999","￥1,000～￥1,999",大阪府豊中市寺内2-3-15-101,34.7781462,135.4957779
975,信州そば処 そじ坊,緑地公園駅 58m,そば、うどん,,3.03,15,158,"￥1,000～￥1,999",-,大阪府豊中市寺内2-4-1,34.7754643,135.4947767
976,壺天 緑地店,緑地公園駅 366m,串揚げ,,3.07,12,498,"￥4,000～￥4,999",-,大阪府豊中市寺内1-11-21 第３ヴィラ・ヴェール 1F,34.7727871,135.4926646
977,massitta,緑地公園駅 260m,弁当,,,5,,-,-,大阪府豊中市寺内2-9-8 グリーンエクセル 302,34.7775839,135.4953474
978,ピッツェリア ダ マリオ,緑地公園駅 153m,ピザ、イタリアン,,3.41,79,3783,"￥2,000～￥2,999","￥1,000～￥1,999",大阪府豊中市寺内2-2-22,34.7762712,135.4942636
979,わがまま,緑地公園駅 253m,喫茶店,,,1,10,-,-,大阪府豊中市寺内2-3-8,34.7775109,135.4951866
980,起世,緑地公園駅 283m,焼肉、もつ鍋、にんにく料理,,3.05,7,437,"￥2,000～￥2,999",～￥999,大阪府豊中市寺内2-10-1,34.773486,135.4932333
981,カフェ　ヒラノ,緑地公園駅 46m,カフェ、喫茶店,,3.08,17,202,-,～￥999,大阪府豊中市寺内2-4-1,34.7755362,135.4949978
982,おばんざいとお寿司 こばやし,緑地公園駅 225m,居酒屋、寿司,,,2,30,-,-,大阪府豊中市寺内2-10-8,34.7734317,135.4942316
983,モーガン,緑地公園駅 345m,喫茶店、洋食,,3.1,13,314,-,"￥1,000～￥1,999",大阪府豊中市寺内1-11-23,34.7729043,135.4929283
984,47そば,緑地公園駅 290m,沖縄そば,,3.02,1,39,-,-,大阪府豊中市寺内2-11-8,34.7729668,135.4938378
985,クッカーニャ,緑地公園駅 242m,イタリアン、創作料理、ワインバー,,3.31,63,4545,"￥8,000～￥9,999","￥2,000～￥2,999",大阪府豊中市寺内1-5-7 メゾン緑地 1F,34.7742957,135.4929677
986,砥用,緑地公園駅 193m,日本料理,,3.03,4,131,-,-,大阪府豊中市寺内2-7,34.7748976,135.4932954
987,アドノット,豊中市,カフェ、ケーキ,,3.38,93,3611,-,"￥1,000～￥1,999",大阪府豊中市利倉1-13-20,34.762773,135.4599229
988,亀田珈琲焙煎所,豊中市,カフェ,,3.02,2,39,-,-,大阪府豊中市利倉2-10-6,34.7638355,135.457888
989,リーブ,園田駅 877m,パン,,3.07,15,193,-,-,大阪府豊中市利倉西2-14-14,34.759237,135.451819
990,ビッグボーイ 園田店,園田駅 830m,ファミレス、ハンバーグ、ステーキ,,3.07,52,204,"￥1,000～￥1,999","￥1,000～￥1,999",大阪府豊中市利倉西 2-82,34.7583164,135.452832
991,作州武蔵魍魎亭,服部天神駅 889m,日本料理,,3.04,5,147,-,-,大阪府豊中市利倉東2-1-12,34.7631175,135.4655654
992,リンガーハット 豊中利倉東店,曽根駅 946m,ちゃんぽん,,3.07,51,145,"￥1,000～￥1,999","￥1,000～￥1,999",大阪府豊中市利倉東1-17-12,34.7649404,135.4610272
993,かつや 豊中利倉東店,曽根駅 906m,とんかつ,,3.07,51,146,～￥999,～￥999,大阪府豊中市利倉東1-17-17,34.7653457,135.4611112
994,然の膳 大阪刀根山医療センター店,蛍池駅 347m,薬膳、食堂,,,9,,-,-,大阪府豊中市刀根山5-1-1 大阪刀根山医療センター 1F,34.7933116,135.4531175
995,ステーキのどん 中環柴原店,柴原阪大前駅 83m,ステーキ、ハンバーグ、ファミレス,ステーキ業界の「どん！」圧倒的ボリューム＆コスパでお腹も財布も大満足！,3.06,68,564,"￥1,000～￥1,999",～￥999,大阪府豊中市刀根山元町5-50,34.7997823,135.4585896
996,LAWSON 豊中刀根山元町店,柴原阪大前駅 394m,コンビニ・スーパー,,,1,2,-,-,大阪府豊中市刀根山元町12-57,34.8004232,135.4543652
997,はな,柴原阪大前駅 226m,カフェ,,3.03,6,104,-,-,大阪府豊中市刀根山元町12-1 スリーヴィレッジ 1F,34.8002874,135.4562091
998,慶州館,岡町駅 291m,焼肉、ホルモン、居酒屋,リピーターが絶えない人気店◎特選和牛【万葉牛】で至福のひとときを！,3.63,174,3859,"￥5,000～￥5,999",-,大阪府豊中市中桜塚2-18-8 丸正ビル　２Ｆ,34.7799711,135.4680452
999,炭火焼地鶏料理 きたろう。,岡町駅 346m,焼き鳥、居酒屋、日本料理,≪岡町駅2分≫季節で異なるブランド地鶏使用！紀州備長炭で焼く串焼きと鶏創作料理をご堪能,3.2,42,1529,"￥4,000～￥4,999",-,大阪府豊中市中桜塚2-18-2,34.7801447,135.4686138
1000,串もん,岡町駅 321m,串揚げ、居酒屋、海鮮,,3.06,13,302,"￥3,000～￥3,999",-,大阪府豊中市中桜塚2-25-5,34.779876,135.468399
1001,たこちゃん 岡町中桜塚店,岡町駅 342m,たこ焼き、お好み焼き、居酒屋,阪急岡町駅5分◆ボリュームたっぷりな大玉のたこ焼きが自慢！気軽に入れる空間は昼飲みも可能♪,3,7,62,"￥2,000～￥2,999","￥1,000～￥1,999",大阪府豊中市中桜塚2-18-2,34.780137,135.4685793
1002,Ricco Pianta,岡町駅 437m,イタリアン、バル、パスタ,旬の恵みを活かした創作イタリアンをお楽しみください,3.21,38,825,"￥4,000～￥4,999","￥1,000～￥1,999",大阪府豊中市中桜塚2-20-11 2F,34.7806695,135.4695144
1003,天麩羅くろさわ,岡町駅 863m,天ぷら、居酒屋、日本料理,,3.27,31,1930,"￥10,000～￥14,999","￥4,000～￥4,999",大阪府豊中市中桜塚4-2-1,34.7839083,135.4726542
1004,鮨・居酒屋・割烹　鮨慶,岡町駅 278m,居酒屋、創作料理、海鮮,【岡町駅3分】めぐる季節の旬食材を存分に楽しめる割烹料理屋◆老若男女問わず歓迎,3.18,9,190,"￥5,000～￥5,999",-,大阪府豊中市中桜塚2-18-12 藤本ビル B1F,34.7801118,135.4678612
1005,diritto,岡町駅 375m,イタリアン、パスタ、居酒屋,,3.13,23,1273,"￥3,000～￥3,999","￥1,000～￥1,999",大阪府豊中市中桜塚2-25-12 ループトーワビル 1F,34.7801438,135.4689416
1006,トラットリア オロブリランテ,岡町駅 193m,イタリアン、パスタ,アットホームな店内で気軽に本格イタリアン。手打ちパスタや料理引き立つお酒で華やかなひと時を,3.17,26,989,"￥6,000～￥7,999","￥1,000～￥1,999",大阪府豊中市中桜塚2-1-1,34.7799179,135.4669491
1007,ひふみ・キッチン,岡町駅 486m,野菜料理、オーガニック、カフェ,無農薬野菜や玄米を使った、体が喜ぶお料理をご提供,3.39,99,5063,"￥2,000～￥2,999","￥1,000～￥1,999",大阪府豊中市中桜塚2-31-20,34.7780936,135.4699767
1008,カフェ ローズ,岡町駅 533m,カフェ、喫茶店,,3.01,4,66,"￥1,000～￥1,999",～￥999,大阪府豊中市中桜塚3-5-30 プレール桜塚 1F,34.7815753,135.4701518
1009,焼肉 たか,岡町駅 278m,焼肉、ホルモン、居酒屋,,3.09,15,505,"￥4,000～￥4,999",～￥999,大阪府豊中市中桜塚2-18-12 藤本ビル 1F,34.7801162,135.467852
1010,ニューリトルインディア 岡町駅前店,岡町駅 23m,カレー、インドカレー,,3.09,9,62,-,～￥999,大阪府豊中市中桜塚1丁目2-33,34.7792412,135.4652218
1011,メルク,岡町駅 863m,パン、サンドイッチ、洋菓子,,3.32,69,1630,-,-,大阪府豊中市中桜塚5-16-3,34.781107,135.474147
1012,米田水産 フードネットマート桜塚店,岡町駅 199m,その他,,,3,,-,-,大阪府豊中市中桜塚2-27-8,34.7795508,135.4671018
1013,鳥貴族 岡町店,岡町駅 314m,焼き鳥、鳥料理、居酒屋,,3.02,14,130,"￥2,000～￥2,999",-,大阪府豊中市中桜塚2-18-5 文学館ビル1F,34.7799814,135.4682862
1014,ベジタブル&フルーツストア ポン太青果,岡町駅 49m,その他,,3.02,5,94,-,-,大阪府豊中市中桜塚1-2-1,34.7798721,135.4650831
1015,おにぎりタイガー,岡町駅 161m,おにぎり,,3.04,8,157,-,-,大阪府豊中市中桜塚2-1-5,34.7799422,135.4665764
1016,としまさ214,岡町駅 198m,たこ焼き、たい焼き・大判焼き,,3.02,4,31,-,-,大阪府豊中市中桜塚2-27-8 ショッピングセンター 1F,34.7795556,135.4671731
1017,ネコカフェカルム,岡町駅 485m,その他,,3,1,37,-,-,大阪府豊中市中桜塚2-31-35 アナミ中桜塚 B1F,34.778873,135.4701915
1018,六源 豊中店,岡町駅 468m,焼き鳥,,3.04,9,249,"￥4,000～￥4,999",-,大阪府豊中市中桜塚3-10-35,34.7804137,135.4698831
1019,蜀味川香,岡町駅 535m,四川料理,,3.09,20,261,"￥1,000～￥1,999",～￥999,大阪府豊中市中桜塚3-15-14,34.7783504,135.4706189
1020,ドラン,岡町駅 57m,喫茶店、カフェ,,3.14,21,296,-,"￥1,000～￥1,999",大阪府豊中市中桜塚1-2-3,34.7798921,135.4653354
1021,酒菜 穂のか,岡町駅 415m,居酒屋,,,13,,-,-,大阪府豊中市中桜塚2-20-18 1F,34.7807334,135.4692017
1022,パン de Rainbow,岡町駅 498m,パン,,,1,4,-,-,大阪府豊中市中桜塚3-2-1 1F,34.7825042,135.4689077
1023,惣菜と菓子の持ち帰り専門店 六禾,岡町駅 647m,弁当、洋菓子,,3.21,12,651,-,-,大阪府豊中市中桜塚3-13-12,34.7795893,135.4720546
1024,cafe 桜の庄兵衛+,岡町駅 369m,カフェ,,3.02,1,8,-,-,大阪府豊中市中桜塚2-30-35,34.7786263,135.4690744
1025,よりみち酒場 まちあわせ,岡町駅 514m,居酒屋,,,5,,-,-,大阪府豊中市中桜塚2-31-13 1F,34.7784022,135.4704002
1026,じゅんちゃん,岡町駅 374m,お好み焼き、焼きそば、鉄板焼き,,3.06,5,33,-,-,大阪府豊中市中桜塚2-25-12 ループトーワビル1F,34.780172,135.468906
1027,都そば 岡町駅前店,岡町駅 23m,そば、うどん,,3.07,23,105,-,～￥999,大阪府豊中市中桜塚1-2-36,34.7795389,135.4651323
1028,ごはんとお菓子 none,岡町駅 257m,オーガニック、カフェ,,3.23,23,999,-,"￥1,000～￥1,999",大阪府豊中市中桜塚2-2-1,34.7800424,135.4678612
1029,Resto,岡町駅 477m,カフェ,,3.02,2,46,-,-,大阪府豊中市中桜塚3-10-2 東洋ビル 102,34.7806841,135.4699369
1030,立呑み まえざわ,岡町駅 514m,海鮮、立ち飲み、鳥料理,,3.08,15,565,"￥1,000～￥1,999",-,大阪府豊中市中桜塚2-31-13,34.7784022,135.4704002
1031,なかむら,岡町駅 29m,お好み焼き,,3.05,12,143,"￥1,000～￥1,999",-,大阪府豊中市中桜塚1-2-34,34.7792988,135.4651843
1032,野呂松飯店,岡町駅 61m,ラーメン,,3.49,215,6648,"￥1,000～￥1,999","￥1,000～￥1,999",大阪府豊中市中桜塚1-2-3,34.7798839,135.4653238
1033,ビアサ カフェアンドアジアンボタン,岡町駅 198m,カフェ,,,1,19,-,-,大阪府豊中市中桜塚2-27-8,34.779395,135.466782
1034,ガスト 阪急岡町駅前店,岡町駅 43m,ファミレス,,3.04,25,111,-,"￥1,000～￥1,999",大阪府豊中市中桜塚1-1-1,34.7799962,135.4647624
1035,すずきの鳥中華そば,岡町駅 346m,ラーメン、つけ麺,,3.01,4,336,-,"￥1,000～￥1,999",大阪府豊中市中桜塚2-18-2 炭火焼地鶏料理きたろう,34.7801419,135.4686285
1036,榮右衛門,岡町駅 320m,居酒屋,,3,3,28,-,-,大阪府豊中市中桜塚2-18-18,34.7801403,135.4684567
1037,味彩清川,岡町駅 244m,お好み焼き,,3.02,2,28,"￥3,000～￥3,999",-,大阪府豊中市中桜塚1-9-3 サンシャインセブン 1F,34.77885,135.4675004
1038,亀甲堂,岡町駅 55m,和菓子,,3.06,9,149,-,-,大阪府豊中市中桜塚1-2-2,34.7798823,135.4652307
1039,鉄板居酒屋 とりちゃん,岡町駅 484m,居酒屋,,,1,12,-,-,大阪府豊中市中桜塚2-31-35 プレアール中桜塚 101,34.778866,135.4701738
1040,からあげ金と銀 豊中岡町駅前店,岡町駅 64m,からあげ,,3,1,19,-,-,大阪府豊中市中桜塚1-2-4,34.7798889,135.465437
1041,食彩中華 華蝶,岡町駅 536m,中華料理,,3.21,25,434,-,"￥1,000～￥1,999",大阪府豊中市中桜塚3-5-30 プレール桜塚 103,34.7815673,135.4701955
1042,炭火焼鳥 小鉄 豊中店,岡町駅 488m,焼き鳥,,3.08,10,142,"￥3,000～￥3,999","￥1,000～￥1,999",大阪府豊中市中桜塚3-10-3,34.7807535,135.4700149
1043,かじまやー,岡町駅 436m,沖縄料理、沖縄そば,,3.18,49,962,"￥1,000～￥1,999","￥1,000～￥1,999",大阪府豊中市中桜塚2-20-10 サンリッチビル　１Ｆ,34.7806428,135.4694691
1044,Nico食堂,岡町駅 245m,食堂、弁当,,3.21,16,482,-,～￥999,大阪府豊中市中桜塚2-26-14,34.7792284,135.4675907
1045,来夢来人,岡町駅 64m,中華料理、ラーメン、つけ麺,,3.68,182,6603,"￥1,000～￥1,999",～￥999,大阪府豊中市中桜塚1丁目2-4,34.7798888,135.465437
1046,ブールミッシュ 岡町店,岡町駅 325m,ケーキ、マカロン、洋菓子,,3,4,58,-,-,大阪府豊中市中桜塚2-18-4,34.7800584,135.4684039
1047,森のおはぎ,岡町駅 359m,和菓子,,3.62,359,18070,～￥999,-,大阪府豊中市中桜塚2-25-10,34.7801135,135.4687635
1048,今夜もアイス 豊中岡町店,岡町駅 29m,ジェラート・アイスクリーム,,3.01,3,14,-,-,大阪府豊中市中桜塚1-2-38,34.7796668,135.4651244
1049,ホノルルアサイー 豊中店,岡町駅 30m,ジェラート・アイスクリーム,,3.06,5,81,～￥999,～￥999,大阪府豊中市中桜塚1-2-38,34.7796668,135.4651244
1050,コーヒーハウスパパゲーノ,岡町駅 375m,喫茶店,,,5,,-,-,大阪府豊中市中桜塚2-25-12,34.7801767,135.4689142
1051,ミツヤ,岡町駅 865m,バー,,,1,12,-,-,大阪府豊中市中桜塚4-14-14,34.7798333,135.4743801
1052,さくらコッペ,岡町駅 198m,パン,,3,1,6,-,-,大阪府豊中市中桜塚2-27-8,34.7795383,135.4671195
1053,レストランムース,岡町駅 376m,ダイニングバー、居酒屋、洋食,,3.03,5,88,"￥3,000～￥3,999",-,大阪府豊中市中桜塚2-25-12 ループトーワビル,34.7801802,135.4689202
1054,カフェプラグ,岡町駅 441m,カフェ,,3.16,24,188,-,～￥999,大阪府豊中市中桜塚2-20-10 サンリッチ豊中ビル 1F,34.780671,135.4695172
1055,ボンシンタニ,岡町駅 209m,ケーキ,,3.23,34,2060,-,-,大阪府豊中市中桜塚2-27-8 １Ｆ,34.7797986,135.4671776
1056,コンセルボ 岡町店,岡町駅 43m,パン、サンドイッチ,,3.03,30,111,～￥999,-,大阪府豊中市中桜塚1丁目1-1 阪急岡町駅構内,34.7794243,135.4650105
1057,ワンカヨ,岡町駅 374m,ペルー料理、中南米料理,,3.27,44,1288,～￥999,～￥999,大阪府豊中市中桜塚2-25-12 2F,34.780172,135.468906
1058,キママヤ,豊中市,喫茶店,,3.02,1,17,～￥999,～￥999,大阪府豊中市中桜塚5-11-1,34.7825153,135.4756423
1059,金子厨房店,岡町駅 349m,カフェ,,3,3,106,-,-,大阪府豊中市中桜塚1-11-10 古民家nokisaki+,34.7778926,135.4683003
1060,十八番まんじゅう,岡町駅 23m,たい焼き・大判焼き、和菓子、お好み焼き,,3.08,15,224,-,～￥999,大阪府豊中市中桜塚1-2-36,34.7795389,135.4651323
1061,さち,岡町駅 883m,居酒屋,,,3,,-,-,大阪府豊中市中桜塚5-14-36,34.7823265,135.4738461
1062,フードネットマート 桜塚店,岡町駅 199m,その他,,,1,9,-,-,大阪府豊中市中桜塚2-27-8,34.7795508,135.4671018
1063,しあわせおでん処 おかちゃん,岡町駅 212m,おでん,,3.05,4,157,-,-,大阪府豊中市中桜塚1-8-4,34.7791176,135.4672243
1064,大阪やき三太 豊中店,岡町駅 867m,たこ焼き,,3.01,1,15,-,-,大阪府豊中市中桜塚4-14-17 ヴィルシーナ桜塚 1F,34.7795768,135.474409
1065,かたすみⅡ,岡町駅 318m,喫茶店,,3.04,5,79,-,-,大阪府豊中市中桜塚2-25-5,34.7798801,135.4683698
1066,松屋 岡町店,岡町駅 36m,牛丼、豚丼、カレー,,3.01,9,32,-,-,大阪府豊中市中桜塚1-1-1 ティオ阪急岡町 1F,34.77967,135.464843
1067,森下商店,岡町駅 156m,その他,,,17,,-,-,大阪府豊中市中桜塚2-27-25,34.779499,135.466642
1068,アトリウムサーティーエイト,岡町駅 646m,オーガニック、喫茶店,,3.02,3,103,-,-,大阪府豊中市中桜塚3-13-15 橘高マンション 1F,34.779351,135.47199
1069,いずみカリー 桜塚本店,岡町駅 496m,カレー、ハンバーグ、洋食,,3.49,191,5396,"￥1,000～￥1,999","￥1,000～￥1,999",大阪府豊中市中桜塚2-31-1 中桜塚中央ビル 1F,34.7788474,135.4702979
1070,千鳥屋宗家 岡町店,岡町駅 150m,和菓子,,3,2,10,-,-,大阪府豊中市中桜塚2-1-7,34.7799875,135.4663288
1071,いち凜,岡町駅 212m,居酒屋、日本料理,,3.09,26,1080,"￥4,000～￥4,999",-,大阪府豊中市中桜塚2-27-8-122,34.7793089,135.4672442
1072,あげパン屋るん 豊中店,岡町駅 275m,パン,,,60,,-,-,大阪府豊中市中桜塚2-18-11 2F,34.7800424,135.4678612
1073,チキンショップ 鳥安,岡町駅 202m,その他,,,1,5,-,-,大阪府豊中市中桜塚2-27-8,34.779563,135.467136
1074,BAR ボム,岡町駅 514m,バー、ダイニングバー、居酒屋,,,25,,"￥3,000～￥3,999",-,大阪府豊中市中桜塚2-31-16 シティプラザ 3F,34.778233,135.470344
1075,木香珈琲,岡町駅 80m,カフェ,,3.15,18,164,-,"￥1,000～￥1,999",大阪府豊中市中桜塚1-2-7,34.7798799,135.4657144
1076,タージマハル エベレスト 豊中店,岡町駅 438m,インド料理、ネパール料理、インドカレー,,3.17,31,294,-,～￥999,大阪府豊中市中桜塚2-20-10,34.7807499,135.4694794
1077,吉野家 １７６号線豊中店,岡町駅 484m,牛丼、カレー、食堂,,3.05,38,120,～￥999,～￥999,大阪府豊中市中桜塚3-10-30,34.7799633,135.4701883
1078,小麦のうた,岡町駅 885m,パン,,3.11,15,380,-,-,大阪府豊中市中桜塚5-14-36,34.7823682,135.4738721
1079,フレビコーヒー,岡町駅 302m,その他,,,1,42,-,-,大阪府豊中市中桜塚2-25-3,34.779836,135.4681931
1080,&cera,岡町駅 278m,カレー、居酒屋,,3.04,4,44,-,-,大阪府豊中市中桜塚2-18-12,34.7801229,135.4678376
1081,とんかつ ますもと,岡町駅 507m,とんかつ,,3.27,31,529,"￥1,000～￥1,999",～￥999,大阪府豊中市中桜塚3-10-6,34.7807957,135.4702214
1082,スシロー 桜塚店,岡町駅 345m,回転寿司、揚げ物、うどん,,3.06,38,248,"￥2,000～￥2,999","￥1,000～￥1,999",大阪府豊中市中桜塚2-10-10,34.7821602,135.4667612
1083,中国名菜 さだひろ,岡町駅 471m,中華料理,,3.11,13,844,"￥5,000～￥5,999","￥3,000～￥3,999",大阪府豊中市中桜塚3-2‐30,34.781744,135.4692655
1084,珈琲 サンガ,岡町駅 373m,喫茶店、カフェ,,3.01,4,25,-,～￥999,大阪府豊中市中桜塚2-25-12 1F,34.780157,135.4689191
1085,てこや 岡町店,岡町駅 132m,たこ焼き、お好み焼き,,3.01,5,28,-,-,大阪府豊中市中桜塚2-27-1,34.779841,135.4662946
1086,食パン工房春日 桜塚店,岡町駅 201m,パン,,3.07,14,169,-,-,大阪府豊中市中桜塚2-27-8 桜塚ショッピングセンター 1F,34.7795383,135.4671195
1087,にしき亭,岡町駅 483m,焼き鳥,,3.05,6,142,-,-,大阪府豊中市中桜塚2-23-5,34.7792976,135.4702125
1088,さかな料理 魚甚,岡町駅 433m,海鮮、鍋、居酒屋,,3.05,9,380,"￥6,000～￥7,999",-,大阪府豊中市中桜塚2-20-10 サンリッチ豊中　２Ｆ,34.7806273,135.4694426
1089,餃子の王将 岡町店,岡町駅 340m,餃子、中華料理、ラーメン,,3.04,29,149,"￥1,000～￥1,999",-,大阪府豊中市中桜塚2-25-7,34.7799431,135.4685326
1090,3 o'clock bake,岡町駅 883m,洋菓子,,3,5,136,-,-,大阪府豊中市中桜塚5-14-1,34.7822944,135.473923
1091,一ぶ,岡町駅 165m,惣菜・デリ,,3,2,10,-,-,大阪府豊中市中桜塚2-27-8,34.7793089,135.4672442
1092,DiningBarTOMATO,岡町駅 515m,イタリアン、バー、創作料理,,3.05,9,224,-,～￥999,大阪府豊中市中桜塚2-31-14,34.7783328,135.4704311
1093,富士宮,岡町駅 872m,惣菜・デリ,,3,3,40,-,-,大阪府豊中市中桜塚4-14-17,34.7795563,135.47445
1094,らん,岡町駅 150m,喫茶店,,3.04,8,27,-,-,大阪府豊中市中桜塚2-1-7,34.7799899,135.4663285
1095,よし乃,岡町駅 251m,日本料理,,3.54,31,2893,"￥10,000～￥14,999","￥8,000～￥9,999",大阪府豊中市中桜塚2-28-3,34.7791146,135.4676332
1096,洋食屋グリルCoCCo,岡町駅 278m,洋食、オムライス,,3.41,110,4948,～￥999,～￥999,大阪府豊中市中桜塚2-18-12 藤本ビル 1F,34.7801215,135.4678611
1097,とまと,岡町駅 364m,ピザ、パスタ,,3.13,31,564,-,～￥999,大阪府豊中市中桜塚2丁目16-11,34.7808292,135.4685972
1098,桜亭,岡町駅 533m,洋食、ダイニングバー,,3.16,17,482,"￥4,000～￥4,999",～￥999,大阪府豊中市中桜塚3-5-30 プレール桜塚 B1F,34.781575,135.470152
1099,モントレー,岡町駅 33m,喫茶店、洋食,,3.07,9,162,-,-,大阪府豊中市中桜塚1-2-38,34.7797055,135.4650787
1100,LIFE 岡町店,岡町駅 228m,コンビニ・スーパー,,3.01,1,4,-,-,大阪府豊中市中桜塚2-2-5,34.7800243,135.4673251
1101,かきうち,豊中市,和菓子,,3,5,30,-,-,大阪府豊中市中桜塚5-23-6,34.7824759,135.4759399
1102,鶏匠虎鉄,岡町駅 488m,焼き鳥,,3.04,4,19,-,-,大阪府豊中市中桜塚3-10-3,34.7807352,135.470023
1103,韓国料理　鳳仙花,岡町駅 886m,韓国料理,,3.02,3,123,-,-,大阪府豊中市中桜塚5丁目14-1,34.7824178,135.4738688
1104,珉龍 豊中店,岡町駅 513m,中華料理,,3.06,10,149,-,-,大阪府豊中市中桜塚2-31-16 ジョイプラザビル 1F,34.77823,135.470339
1105,Nakamura座,豊中市,居酒屋,,3.02,1,28,-,-,大阪府豊中市西泉丘1-1-3,34.7875979,135.4826084
1106,ピザハット 豊中西泉丘店,豊中市,ピザ,,3,4,11,-,-,大阪府豊中市西泉丘1-1-1,34.7875602,135.4824994
1107,三田屋本店 豊中店,緑地公園駅 857m,ステーキ,,3.08,65,1204,"￥6,000～￥7,999","￥3,000～￥3,999",大阪府豊中市西泉丘3-8-12,34.781148,135.4891698
1108,七輪 服部緑地店,緑地公園駅 818m,焼肉、肉料理、韓国料理,,3.08,67,1226,"￥3,000～￥3,999",-,大阪府豊中市西泉丘3-10-12,34.7805556,135.4891667
1109,日月家,緑地公園駅 877m,食堂,,,1,8,-,-,大阪府豊中市西泉丘3-10-3,34.7809033,135.4886609
1110,アミューズ,緑地公園駅 973m,カフェ、レストラン、バー,,3.03,4,91,～￥999,～￥999,大阪府豊中市西泉丘3-12-1 緑地グリーンマンション 1F,34.780923,135.487257
1111,黒毛和牛焼肉ビーファーズ 豊中緑丘牧場,豊中市,焼肉、ホルモン、居酒屋,,3.08,39,818,"￥3,000～￥3,999","￥1,000～￥1,999",大阪府豊中市西緑丘3-11-1,34.8133985,135.4749543
1112,肉料理 ARITA 豊中ロマン店,豊中市,焼肉、すき焼き、しゃぶしゃぶ,落ち着いた雰囲気の中、極上の和牛で優雅なひと時をお過ごしくださいませ,3.07,12,444,"￥6,000～￥7,999","￥1,000～￥1,999",大阪府豊中市西緑丘3-13-3,34.8144346,135.4743597
1113,Dining IKINA,豊中市,イタリアン、創作料理,,3.08,28,1307,"￥6,000～￥7,999","￥2,000～￥2,999",大阪府豊中市西緑丘3-13-1 シンミ西緑丘ビル B1F,34.8142458,135.4743471
1114,喜楽,豊中市,和菓子、甘味処,,3.19,25,462,-,～￥999,大阪府豊中市西緑丘3-13-12,34.8148528,135.4745296
1115,Basic珈琲,豊中市,カフェ,,3.06,10,327,-,～￥999,大阪府豊中市西緑丘3-13-1 シンミ西緑丘ビル1階,34.81422,135.4743605
1116,TaKuこーひー。,豊中市,カフェ,,,3,,-,-,大阪府豊中市西緑丘3-13-1 サンキョウ西緑ヶ丘ビル 1F,34.81422,135.4743605
1117,眞瀬別邸,豊中市,焼肉、鉄板焼き,,3.28,38,1009,"￥10,000～￥14,999",-,大阪府豊中市西緑丘3-26-23,34.8142608,135.4777688
1118,gite,豊中市,イタリアン、パスタ、ビストロ,,3.11,19,914,"￥2,000～￥2,999","￥1,000～￥1,999",大阪府豊中市西緑丘3-13-3 ヴェルデ緑丘　１Ｆ,34.814432,135.474308
1119,パン富田屋,豊中市,パン、サンドイッチ,,3.13,21,370,-,-,大阪府豊中市西緑丘3-13-13,34.8148803,135.4746408
1120,マクドナルド 豊中緑丘店,豊中市,ハンバーガー,,3.03,14,53,"￥1,000～￥1,999",～￥999,大阪府豊中市西緑丘3-11-2,34.8133865,135.4744346
1121,ノースランド,豊中市,食堂、お好み焼き、居酒屋,,3,1,6,"￥3,000～￥3,999",～￥999,大阪府豊中市西緑丘3-13-11,34.8148472,135.4745075
1122,セブンイレブン 豊中服部寿町3丁目店,服部天神駅 785m,コンビニ・スーパー,,,3,,-,-,大阪府豊中市服部寿町3-287-1,34.760035,135.467992
1123,和久,服部天神駅 701m,そば、うどん,,3.14,19,282,-,"￥1,000～￥1,999",大阪府豊中市服部寿町3-1-25,34.7598511,135.4690898
1124,サーティワンアイスクリーム 豊中内環ロードサイド店,豊中市,ジェラート・アイスクリーム,,3.04,22,77,-,-,大阪府豊中市服部寿町5-158-1,34.7580896,135.4651511
1125,ラー麺 ずんどう屋 豊中服部店,服部天神駅 787m,ラーメン,,3.05,53,235,"￥1,000～￥1,999","￥1,000～￥1,999",大阪府豊中市服部寿町3-15-3,34.7578515,135.4702745
1126,マクドナルド 内環豊中店,服部天神駅 905m,ハンバーガー,,3.03,14,66,～￥999,～￥999,大阪府豊中市服部寿町3-18-1,34.7579996,135.4681322
1127,スタミナ園,服部天神駅 480m,焼肉,,,1,68,-,-,大阪府豊中市服部寿町1-2-1,34.7593115,135.4749708
1128,大阪難波 焼肉 けいごう,服部天神駅 114m,焼肉、ステーキ、牛タン,す三大和牛のひとつ・近江牛の中でも厳選した雌牛のみを使用。極上の和牛を上質な空間でぜひ。,3.08,13,487,"￥5,000～￥5,999",-,大阪府豊中市服部西町1-2-20 グリーンビル 1F,34.7628916,135.4744497
1129,蕎麦に酒 しろや,服部天神駅 52m,居酒屋、そば,【服部天神駅1分】炭火香る鴨のタタキや旬の創作料理を満喫。〆は手打ち蕎麦を◎一軒目利用にも,3.26,25,1062,"￥4,000～￥4,999","￥1,000～￥1,999",大阪府豊中市服部西町1-1-6,34.7634702,135.4747433
1130,旬菜酒房 まうんと,服部天神駅 359m,居酒屋,,3.03,2,86,"￥4,000～￥4,999",～￥999,大阪府豊中市服部西町2-6-9,34.7628301,135.4714623
1131,インド・ネパール料理 Buddha Bhumi,服部天神駅 328m,インド料理、ネパール料理、インドカレー,,3.12,8,50,"￥1,000～￥1,999",～￥999,大阪府豊中市服部西町2-5-20,34.76294,135.471783
1132,NOUVE,服部天神駅 417m,フレンチ,,3.08,12,817,"￥10,000～￥14,999","￥5,000～￥5,999",大阪府豊中市服部西町2-7-8 あけみマンション東館 1F,34.7636102,135.4707024
1133,間借りでUMAUMAごはんとお酒 アガリ３ハロン,服部天神駅 122m,カフェ,,3.04,2,133,-,"￥1,000～￥1,999",大阪府豊中市服部西町1-4-1,34.7626255,135.4749083
1134,中華上原,服部天神駅 254m,中華料理,,3.41,74,3399,-,～￥999,大阪府豊中市服部西町2-2-21,34.762833,135.4727568
1135,富貴屋,服部天神駅 321m,和菓子,,3.07,7,129,-,～￥999,大阪府豊中市服部西町2-5-23,34.763207,135.471792
1136,福十屋,服部天神駅 33m,弁当,,,2,,-,-,大阪府豊中市服部西町1-1-26,34.7560501,135.4832976
1137,ラヴィアミュゾン,服部天神駅 304m,ビストロ、フレンチ、パスタ,,3.16,25,1260,"￥5,000～￥5,999","￥1,000～￥1,999",大阪府豊中市服部西町2-4-8,34.763281,135.4719559
1138,スタンドグルー,服部天神駅 285m,居酒屋,,3,1,72,"￥2,000～￥2,999",-,大阪府豊中市服部西町2-8-7,34.7626846,135.4723788
1139,串ひろ,服部天神駅 162m,串揚げ,,,11,,-,-,大阪府豊中市服部西町1-3-8,34.7636568,135.4734238
1140,本場インド・ネパール料理店 RARA,服部天神駅 147m,インドカレー、カレー,,3.06,9,108,"￥1,000～￥1,999",～￥999,大阪府豊中市服部西町1-3-5,34.7637206,135.4736459
1141,ヴィスワス,服部天神駅 254m,その他,,,53,,-,-,大阪府豊中市服部西町2-2-21,34.7628328,135.4726712
1142,さとちゃん,服部天神駅 294m,お好み焼き,,3,2,13,-,-,大阪府豊中市服部西町2-2-18 WESTヴィラ 1F,34.7628364,135.472249
1143,キッチン フジヒロサン,服部天神駅 306m,カフェ,,3.1,17,776,-,"￥1,000～￥1,999",大阪府豊中市服部西町2-4-8,34.7632587,135.4719454
1144,麻婆豆腐 熊,服部天神駅 256m,中華料理,,,1,15,-,-,大阪府豊中市服部西町2-2-21,34.7628445,135.4726674
1145,パンダ食堂 晴山閣,服部天神駅 318m,中華料理、四川料理,,3.31,66,4256,"￥2,000～￥2,999",～￥999,大阪府豊中市服部西町2-4-12,34.7628495,135.4718996
1146,ヒラヒラテイ,服部天神駅 133m,居酒屋,,3.02,2,28,-,-,大阪府豊中市服部西町1-3-3,34.7637638,135.4737779
1147,喫茶　幸,服部天神駅 262m,喫茶店,,,9,,-,-,大阪府豊中市服部西町2-3-1,34.7636978,135.4723519
1148,松のや 服部店,豊中市,とんかつ,,3.04,44,149,～￥999,～￥999,大阪府豊中市服部西町5-18-2,34.7605094,135.4620115
1149,博多ラーメン げんこつ 豊中南店,豊中市,ラーメン、つけ麺、餃子,,3.05,69,355,"￥1,000～￥1,999","￥1,000～￥1,999",大阪府豊中市服部西町5-17-24,34.762525,135.4614805
1150,食堂まえざわ,服部天神駅 310m,食堂、居酒屋,,3.26,28,1233,"￥3,000～￥3,999","￥1,000～￥1,999",大阪府豊中市服部西町2-5-28,34.7636084,135.471863
1151,静光園,服部天神駅 392m,居酒屋,,,6,,-,-,大阪府豊中市服部西町2-7-1,34.763701,135.4710176
1152,おたふく 服部店,服部天神駅 218m,お好み焼き、たこ焼き,,3.04,7,53,-,～￥999,大阪府豊中市服部西町2-2-1,34.7637524,135.4728738
1153,焼肉仙家,服部天神駅 312m,焼肉、韓国料理、ホルモン,,3.03,3,145,"￥2,000～￥2,999",-,大阪府豊中市服部西町2-8-9,34.7626504,135.4720717
1154,居楽屋ひのき,服部天神駅 331m,居酒屋,,,7,,-,-,大阪府豊中市服部西町2-5-3,34.7637314,135.4716332
1155,黒まんま×CRISPY CHICKEN n’ TOMATO,服部天神駅 314m,韓国料理、鳥料理,,3.02,3,27,"￥2,000～￥2,999","￥3,000～￥3,999",大阪府豊中市服部西町2-4-11,34.7629833,135.4718794
1156,シフォンケーキのお店 ドルチェ,服部天神駅 387m,ケーキ、洋菓子,,3.08,8,135,-,-,大阪府豊中市服部西町2-7-6,34.763701,135.4710176
1157,Uma Uma Cafe,服部天神駅 307m,ケーキ、カフェ、喫茶店,,3.06,5,275,～￥999,～￥999,大阪府豊中市服部西町2-4-9,34.7631642,135.4719501
1158,吉野家 服部天神店,服部天神駅 109m,牛丼,,3,3,24,-,-,大阪府豊中市服部西町1-3-34,34.7637201,135.474061
1159,鶏幸,服部天神駅 73m,焼き鳥,,3.09,7,331,"￥3,000～￥3,999",-,大阪府豊中市服部西町1-2-29,34.763468,135.474483
1160,酒のたしなみ田矢,服部天神駅 112m,居酒屋,,3.04,7,97,-,-,大阪府豊中市服部西町1-3-33,34.7635329,135.4740343
1161,魚匠 はち六,服部天神駅 312m,海鮮、居酒屋,,3.08,9,455,"￥3,000～￥3,999",-,大阪府豊中市服部西町2-5-25,34.7633823,135.4718585
1162,ヒラオカ食堂,服部天神駅 297m,ダイニングバー,,3.04,3,129,"￥1,000～￥1,999",-,大阪府豊中市服部西町2-4-4,34.7635873,135.4720084
1163,超特選醤油からあげ とり膳 服部天神店,服部天神駅 491m,からあげ,,3.06,6,44,-,～￥999,大阪府豊中市服部西町3-1-2,34.7636733,135.4698628
1164,集い処 さくら,服部天神駅 328m,その他,,,1,2,-,-,大阪府豊中市服部西町2-5-20,34.7629302,135.4717906
1165,成る屋,服部天神駅 298m,居酒屋,,3.06,8,188,"￥3,000～￥3,999",-,大阪府豊中市服部西町2-4-7,34.7634023,135.4720068
1166,力餅食堂 服部店,服部天神駅 460m,食堂,,,3,123,-,-,大阪府豊中市服部西町2-7-19,34.7632979,135.4701863
1167,ごはんやさん,服部天神駅 357m,食堂,,3.01,1,20,-,～￥999,大阪府豊中市服部西町2-6-9,34.7628884,135.4714922
1168,鉄比呂,服部天神駅 372m,お好み焼き,,3.03,4,87,"￥2,000～￥2,999",～￥999,大阪府豊中市服部西町2-7-5,34.763705,135.4711838
1169,さぬき手打ちうどん 銭形,服部天神駅 265m,うどん、カレーうどん、うどんすき,,3.67,468,14087,"￥1,000～￥1,999","￥1,000～￥1,999",大阪府豊中市服部西町2-2-21,34.7628268,135.4725409
1170,一福,服部天神駅 446m,レストラン,,3.08,10,151,-,～￥999,大阪府豊中市服部西町2-14-19,34.7607958,135.4718475
1171,LIFE 服部店,服部天神駅 182m,コンビニ・スーパー,,3,2,6,-,-,大阪府豊中市服部西町1-6-5,34.7624346,135.4739534
1172,小麦の郷 ライフ服部店,服部天神駅 216m,パン、サンドイッチ,,3.01,3,18,-,-,大阪府豊中市服部西町1-6-5 ライフ服部店内,34.7624346,135.4739534
1173,クレープくるる,服部天神駅 403m,クレープ・ガレット,,3,1,19,-,-,大阪府豊中市服部西町2-7-33,34.7627439,135.4709957
1174,居酒屋 寿,服部天神駅 410m,居酒屋,,,8,,-,-,大阪府豊中市服部西町2-7-32,34.7627739,135.4709017
1175,立ち呑み食堂 むしかり,服部天神駅 219m,立ち飲み,,3.09,15,301,"￥1,000～￥1,999",-,大阪府豊中市服部西町2-2-1,34.7637521,135.4728553
1176,餃子の勝 服部天神駅前店,服部天神駅 116m,餃子、居酒屋、中華料理,,3.15,6,106,"￥2,000～￥2,999",-,大阪府豊中市服部西町1-4-1,34.7626823,135.4749045
1177,海鮮うろこ,服部天神駅 310m,海鮮、居酒屋,,3.13,21,616,"￥3,000～￥3,999",-,大阪府豊中市服部西町2-5-27,34.763507,135.471867
1178,天神酒場 木もと,服部天神駅 127m,居酒屋、海鮮、創作料理,,3.08,8,155,"￥2,000～￥2,999",-,大阪府豊中市服部西町1-3-3,34.7637676,135.4738614
1179,龍凰ぎょうざ店 阪急服部店,服部天神駅 472m,その他,,,1,5,-,-,大阪府豊中市服部西町3-1-37,34.7636157,135.4700949
1180,居酒屋ちゃんちゃん,服部天神駅 380m,居酒屋,,,,,-,-,大阪府豊中市服部西町2-7-1,34.7631424,135.4711518
1181,TSUKINOSHIZUKU YUI,服部天神駅 741m,パン、サンドイッチ、カフェ,,3.1,10,99,"￥1,000～￥1,999","￥1,000～￥1,999",大阪府豊中市服部西町4-2-2,34.7625993,135.4672451
1182,テチュアンドサン,服部天神駅 412m,パン、洋菓子,,3.19,32,416,-,-,大阪府豊中市服部西町2-7-9,34.7636956,135.4707724
1183,かおり,服部天神駅 272m,居酒屋,,,1,10,-,-,大阪府豊中市服部西町2-3-2,34.7634461,135.4725333
1184,居酒屋 だんだん,服部天神駅 147m,居酒屋,,,15,,-,-,大阪府豊中市服部西町1,34.7621891,135.4739423
1185,牛旬三郎 別館,服部天神駅 158m,焼肉,,3.09,13,345,-,-,大阪府豊中市服部西町1-3-6,34.7637697,135.4735249
1186,ジョニーのからあげ 豊中服部天神店,服部天神駅 161m,からあげ,,3.01,5,47,-,-,大阪府豊中市服部西町1-3-6,34.7637384,135.4734556
1187,カラオケスナックフレンズ,服部天神駅 420m,バー、喫茶店,,,5,,"￥2,000～￥2,999",-,大阪府豊中市服部西町2-7-8,34.7634258,135.4705061
1188,うめ小町,服部天神駅 132m,居酒屋,,3.07,12,239,"￥1,000～￥1,999",-,大阪府豊中市服部西町1-3-3,34.7637229,135.4737782
1189,ちゃんこ鍋 亀萬,服部天神駅 463m,ちゃんこ鍋、すっぽん,,3.07,14,305,"￥4,000～￥4,999",-,大阪府豊中市服部西町2-7-19,34.7632573,135.470187
1190,晴れ 時々 鳥,服部天神駅 322m,居酒屋,,3.03,2,193,-,-,大阪府豊中市服部西町2-5-21,34.7631121,135.4718017
1191,シュシュ,服部天神駅 251m,バー,,,24,,-,-,大阪府豊中市服部西町2-2-8,34.7633515,135.4725302
1192,炭火焼酒場 彩は,服部天神駅 112m,居酒屋,,3.04,3,53,-,-,大阪府豊中市服部西町1-3-33,34.7636471,135.4740844
1193,ひよこ,服部天神駅 343m,居酒屋、焼き鳥、海鮮,2名から25名までのお座敷完備♪お客様それぞれのご要望に合わせてお任せコースご準備します◎,3.07,15,473,"￥3,000～￥3,999",-,大阪府豊中市服部本町1-5-25 エクセレンス豊中　１Ｆ,34.7634489,135.47898
1194,らんどりぃかふぇlacic,服部天神駅 157m,カフェ、喫茶店,,3,1,74,"￥1,000～￥1,999",～￥999,大阪府豊中市服部本町1-2-2,34.7632323,135.4768655
1195,居酒屋 いさり火 服部天神,服部天神駅 287m,居酒屋,,,1,44,"￥2,000～￥2,999",-,大阪府豊中市服部本町1-4-6,34.7632737,135.4783433
1196,HIRO,服部天神駅 246m,喫茶店,,,1,12,-,-,大阪府豊中市服部本町1-2-12,34.763197,135.477825
1197,京呉服・お茶処 鶴千,服部天神駅 199m,喫茶店,,3.01,1,38,-,～￥999,大阪府豊中市服部本町1-8-5 共栄マンション服部 107,34.7644106,135.4772871
1198,中国料理天座,服部天神駅 143m,中華料理、中華粥,,3.3,45,906,"￥1,000～￥1,999",～￥999,大阪府豊中市服部本町1-7-7,34.7643284,135.476599
1199,うどん屋 山善,服部天神駅 171m,うどん、うどんすき、丼,,3.55,297,7635,"￥1,000～￥1,999","￥1,000～￥1,999",大阪府豊中市服部本町1-6-7,34.763646,135.477111
1200,藍天,服部天神駅 168m,中華料理、担々麺、飲茶・点心,,3.32,87,4852,"￥1,000～￥1,999",～￥999,大阪府豊中市服部本町1-7-11,34.7644489,135.4768454
1201,菊,服部天神駅 327m,喫茶店,,,4,,-,-,大阪府豊中市服部本町1-5-27,34.763448,135.4788242
1202,鮨 春之助,服部天神駅 359m,寿司,,3.05,4,103,"￥6,000～￥7,999",-,大阪府豊中市服部本町4-2-17,34.7667012,135.4766971
1203,ほっかほっか亭 服部店,服部天神駅 182m,弁当,,3,1,17,-,-,大阪府豊中市服部本町2-2-3 申ビル 1F,34.7650697,135.4763211
1204,レストールツルミ,服部天神駅 578m,ケーキ,,3.08,8,85,-,-,大阪府豊中市服部本町4-5-37,34.7686927,135.476976
1205,Inoue,服部天神駅 159m,お好み焼き,,3.01,2,16,-,-,大阪府豊中市服部本町1-7-10,34.7644507,135.4767057
1206,アロハスピリット,服部天神駅 196m,カフェ、ダイニングバー,,3.09,22,427,"￥2,000～￥2,999",～￥999,大阪府豊中市服部本町2-2-7 1F,34.7652792,135.4762278
1207,パティスリーgigi,服部天神駅 178m,ケーキ,,3.09,21,448,-,-,大阪府豊中市服部本町2-2-35,34.7649329,135.4764531
1208,大分からあげ わん 服部天神店,服部天神駅 145m,からあげ,,3.01,2,15,-,-,大阪府豊中市服部本町1-3-11-2,34.7630515,135.4766304
1209,Random,服部天神駅 165m,バー,,,15,,"￥2,000～￥2,999",-,大阪府豊中市服部本町1-2-4,34.7632335,135.4769757
1210,和食しゃぶしゃぶ かごの屋 服部店,服部天神駅 257m,日本料理、しゃぶしゃぶ、ビュッフェ,旬の味覚をとり入れ、出来立ての美味しさを提供する「かごの屋」,3.05,33,403,"￥2,000～￥2,999","￥1,000～￥1,999",大阪府豊中市服部南町1-7-7,34.761654,135.4766036
1211,とり銀,服部天神駅 390m,焼肉、焼き鳥、居酒屋,比内地鶏や国産鶏を焼肉スタイルで♪秘伝のタレと白米と一緒に◎,3.09,20,628,"￥3,000～￥3,999",～￥999,大阪府豊中市服部南町3-4-1,34.7603429,135.4765829
1212,牛閣,服部天神駅 351m,焼肉、居酒屋、韓国料理,◆宴会場完備◆牛一頭買いだからできる安心価格！“国産和牛”の希少部位を上質な炭火焼肉として,3.08,28,954,"￥4,000～￥4,999",-,大阪府豊中市服部南町3丁目3-10,34.760729,135.476636
1213,炭火焼 祝,服部天神駅 390m,牛タン、焼肉,,,2,27,-,-,大阪府豊中市服部南町3-4-1,34.7603429,135.4765829
1214,錦ちやん,服部天神駅 550m,ちゃんこ鍋,,,7,,-,-,大阪府豊中市服部南町3-9-5,34.758765,135.4753523
1215,サンモリッツ,服部天神駅 145m,喫茶店,,3.01,5,60,-,-,大阪府豊中市服部南町1-3-33,34.76267,135.4762504
1216,ちりめん山椒 おく忠,服部天神駅 280m,その他,,,1,15,-,～￥999,大阪府豊中市服部南町1-5-12,34.7611937,135.4758031
1217,串かつ麿,服部天神駅 256m,串揚げ,,,1,7,-,-,大阪府豊中市服部南町1-7-26,34.761432,135.4759615
1218,日本茶カフェ&ショップ 茶ら咲,服部天神駅 218m,カフェ,,3.05,6,108,"￥1,000～￥1,999","￥1,000～￥1,999",大阪府豊中市服部南町1-5-4 サザンハイツ 1F,34.761801,135.4755403
1219,服部天神bakery,服部天神駅 333m,サンドイッチ,,3.06,6,113,-,-,大阪府豊中市服部南町3-3-7,34.7607326,135.4762424
1220,肉魚地酒 やすおか,服部天神駅 221m,海鮮、牛料理、日本料理,,3.12,18,629,"￥5,000～￥5,999",-,大阪府豊中市服部南町1-5-6 クレセント南町 1F,34.7617147,135.4757066
1221,カフェ マジシャン,服部天神駅 277m,カフェ,,,7,,～￥999,～￥999,大阪府豊中市服部南町1-5-12,34.7612265,135.4757974
1222,由喜,服部天神駅 310m,和菓子,,3.03,4,55,-,-,大阪府豊中市服部南町1-5-19,34.7609309,135.4758598
1223,美食倶楽部 豊中 ささ木,服部天神駅 179m,日本料理,,3.03,4,170,"￥20,000～￥29,999","￥20,000～￥29,999",大阪府豊中市服部南町1-3-9 3Ｆ （笹庵はなれ）,34.7625188,135.4766199
1224,純喫茶ルヴァン,服部天神駅 609m,喫茶店,,,2,90,-,～￥999,大阪府豊中市服部南町3-9-12,34.7581882,135.4753835
1225,Tsurumi Confect,服部天神駅 311m,ケーキ,,3.09,16,166,～￥999,-,大阪府豊中市服部南町2-3-1,34.7632928,135.4786062
1226,81CURRY,服部天神駅 265m,カレー,,3.03,2,71,-,-,大阪府豊中市服部南町1-5-11,34.7613387,135.4757808
1227,ネイロカフェ,服部天神駅 219m,カフェ,,,1,15,-,-,大阪府豊中市服部南町1-4-12,34.7617799,135.4758321
1228,石見食堂,服部天神駅 489m,食堂、居酒屋,,,1,39,"￥1,000～￥1,999",～￥999,大阪府豊中市服部南町3-8,34.7592738,135.4752403
1229,モスバーガー 服部店,服部天神駅 169m,ハンバーガー,,3.01,7,44,-,-,大阪府豊中市服部南町1-3-6,34.7627007,135.4766708
1230,大衆酒場 呑,服部天神駅 277m,居酒屋,,3.02,3,38,"￥2,000～￥2,999",-,大阪府豊中市服部南町1-5-12,34.7612253,135.475798
1231,美味旬菜　釈,服部天神駅 279m,居酒屋、創作料理,,3.02,2,78,"￥3,000～￥3,999",～￥999,大阪府豊中市服部南町1-7-8,34.7614365,135.4766586
1232,鎌倉パスタ 豊中服部店,服部天神駅 341m,パスタ,,3.08,77,402,"￥1,000～￥1,999","￥1,000～￥1,999",大阪府豊中市服部南町2-8-28,34.7609558,135.4769852
1233,RESTAURANT&BAR cafe de TEQUILA,服部天神駅 379m,バー,,3.07,4,53,-,-,大阪府豊中市服部南町3-2-1,34.7602867,135.4754776
1234,ローソンストア100 豊中服部南店,服部天神駅 182m,コンビニ・スーパー,,,5,,-,-,大阪府豊中市服部南町1-3-9,34.7625372,135.4766788
1235,家庭料理 えのん,服部天神駅 264m,居酒屋、日本料理,,3.02,1,38,-,-,大阪府豊中市服部南町1-5-11,34.7613387,135.4757808
1236,メイメイ（美梅）,服部天神駅 304m,中華料理,,3.04,6,73,-,-,大阪府豊中市服部南町1-5-19,34.7609831,135.4758469
1237,俐庵,服部天神駅 132m,日本料理、海鮮、居酒屋,,3.07,11,457,"￥6,000～￥7,999",-,大阪府豊中市服部南町1-2-17,34.7625431,135.4756613
1238,鉄板はうすたなぼた,服部天神駅 88m,居酒屋、お好み焼き、鉄板焼き,服部天神駅1分◆部位が選べるA5黒毛和牛の鉄板焼きや50種以上の焼酎をお手頃価格で。貸切可,3.08,24,493,"￥2,000～￥2,999",-,大阪府豊中市服部元町1-6-9,34.7636752,135.4761548
1239,プルコギ食堂ふくみみ,服部天神駅 55m,韓国料理、居酒屋、焼肉,＼阪急宝塚線服部天神駅 徒歩1分／とことん新鮮！特製ダレと焼き鍋で楽しむ韓国オムニの味◎,3.32,61,2055,"￥3,000～￥3,999","￥1,000～￥1,999",大阪府豊中市服部元町1-9-2,34.7639971,135.4757073
1240,焼肉 桜,服部天神駅 117m,焼肉、ホルモン、居酒屋,選りすぐりの黒毛和牛取扱店！！ 『安心 安全 安定』の美味しい焼き肉をいつでもどうぞ！！,3.16,17,620,"￥4,000～￥4,999","￥1,000～￥1,999",大阪府豊中市服部元町1-4-4,34.7636387,135.4765241
1241,つどい,服部天神駅 160m,居酒屋,服部天神駅3分◆新鮮な海鮮料理や多彩な日替わりメニューが自慢◎気さくな雰囲気が魅力の居酒屋,,2,49,"￥2,000～￥2,999",-,大阪府豊中市服部元町1-13-4,34.76511,135.4751402
1242,コンチェルト,服部天神駅 175m,喫茶店,,,6,,-,-,大阪府豊中市服部元町1-13-6,34.7652882,135.4751044
1243,フルーツ オクダ,服部天神駅 85m,その他,,3,3,35,-,-,大阪府豊中市服部元町1-6-8,34.7637187,135.4761765
1244,大蔵 服部店,服部天神駅 208m,居酒屋,,3,3,23,-,-,大阪府豊中市服部元町2-2-19,34.7654989,135.4757867
1245,and 服部天神店,服部天神駅 130m,パン,,3.05,15,359,-,-,大阪府豊中市服部元町1-4-10,34.7633785,135.4766279
1246,赤春園,服部天神駅 124m,中華料理、餃子、ラーメン,,3.3,86,5260,"￥1,000～￥1,999",-,大阪府豊中市服部元町1-4-6,34.7636452,135.4765931
1247,焼肉居酒屋 ハンちゃん,服部天神駅 136m,焼肉、居酒屋,,,7,,-,-,大阪府豊中市服部元町1-3-11 B1F,34.7630874,135.4764927
1248,やきとり酒場 弁慶 服部天神店,服部天神駅 143m,焼き鳥、居酒屋,,3.03,4,85,"￥3,000～￥3,999",-,大阪府豊中市服部元町1-3-12,34.7630315,135.4765996
1249,勇麻衣屋 服部店,服部天神駅 160m,焼肉,,3.08,12,306,"￥1,000～￥1,999",～￥999,大阪府豊中市服部元町1-13-4,34.7651098,135.4751395
1250,麺屋 7.5Hz 豊中服部店,服部天神駅 59m,ラーメン,,3.42,90,1369,～￥999,～￥999,大阪府豊中市服部元町1-6-6,34.7637184,135.4758922
1251,三太,服部天神駅 71m,居酒屋、鉄板焼き,,3.02,2,52,-,-,大阪府豊中市服部元町1-2-8 1F,34.7632783,135.4758536
1252,とりのねぐら 阪急服部駅前店,服部天神駅 66m,居酒屋、鳥料理,,3.05,5,104,-,-,大阪府豊中市服部元町1-9-19 更科ビル　１Ｆ,34.7638516,135.4759298
1253,焼き鳥のヒナタ 阪急服部天神駅前店,服部天神駅 60m,焼き鳥、居酒屋、弁当,,3.26,47,537,"￥3,000～￥3,999",～￥999,大阪府豊中市服部元町1-6-5,34.7637184,135.4758993
1254,福十実弁当 服部店,服部天神駅 25m,弁当,,,2,14,-,-,大阪府豊中市服部元町1-7-5,34.7637337,135.4755129
1255,服部一貫楼,服部天神駅 272m,中華料理、洋食,,3.11,20,580,"￥1,000～￥1,999",～￥999,大阪府豊中市服部元町2-6-1,34.7660231,135.4744082
1256,酒処 ひなた,服部天神駅 134m,居酒屋、馬肉料理、海鮮,,3.07,9,320,"￥3,000～￥3,999",-,大阪府豊中市服部元町1-3-2,34.7630479,135.4764975
1257,やきとり大吉 服部元町店,服部天神駅 261m,焼き鳥,,,2,49,-,-,大阪府豊中市服部元町2-2-13,34.7660323,135.4755584
1258,re:moo,服部天神駅 109m,カフェ、バー,,,1,7,-,-,大阪府豊中市服部元町1-6-11 中西ビル 1F,34.7637096,135.4764388
1259,韓国料理 ゴヒャン,服部天神駅 90m,韓国料理、居酒屋、食堂,,3.07,7,126,-,～￥999,大阪府豊中市服部元町1-9-14 ゆたか3号館 1F,34.7640884,135.4760991
1260,焼鳥 本陣,服部天神駅 158m,焼き鳥,,3.15,6,111,-,-,大阪府豊中市服部元町1-13-4,34.765035,135.4751775
1261,クックデリ御膳 服部元町店,服部天神駅 77m,惣菜・デリ,,3,1,2,-,-,大阪府豊中市服部元町1-9-18,34.7638516,135.4760041
1262,カフェスタイル居酒屋 朝寝坊,服部天神駅 82m,洋食,,3.01,1,15,-,-,大阪府豊中市服部元町1-2-9,34.7632598,135.4759167
1263,塩井,服部天神駅 123m,日本料理,,3.05,6,192,"￥4,000～￥4,999",-,大阪府豊中市服部元町1-2-16,34.7631108,135.4763955
1264,タカラ カレー＆カフェ,服部天神駅 69m,カレー、カフェ,,3.04,3,202,-,-,大阪府豊中市服部元町1-2-6,34.7632303,135.4757164
1265,ファミリーマート 服部駅前店,服部天神駅 117m,コンビニ・スーパー,,,1,3,-,-,大阪府豊中市服部元町1-10-25-101,34.7638769,135.4764946
1266,小料理屋 琴,服部天神駅 83m,日本料理、居酒屋,,3.03,6,79,-,-,大阪府豊中市服部元町1-9-15 2F,34.7640256,135.4760463
1267,Cafe カレン,服部天神駅 137m,カフェ,,,4,,-,-,大阪府豊中市服部元町1-3-11 ロイヤルスペースビル 6F,34.7630932,135.476564
1268,すき焼き・鉄板専門店 モォ。,服部天神駅 109m,すき焼き、ハンバーグ、鉄板焼き,,3.06,5,87,"￥3,000～￥3,999",～￥999,大阪府豊中市服部元町1-6-11,34.7637096,135.4764388
1269,たこ焼き 居酒屋 しきや 服部天神本店,服部天神駅 140m,居酒屋、たこ焼き,,3.05,4,43,-,-,大阪府豊中市服部元町1-3-10,34.76315,135.4766398
1270,四国うどん,服部天神駅 71m,うどん,,3.21,38,467,～￥999,～￥999,大阪府豊中市服部元町1丁目2-5,34.7631831,135.4757042
1271,かたすみ,服部天神駅 71m,喫茶店,,3.05,6,85,-,-,大阪府豊中市服部元町1-9-20,34.7638516,135.4759317
1272,立ち寿司かめや,服部天神駅 38m,寿司,,3.09,15,244,-,-,大阪府豊中市服部元町1-1-6,34.7633338,135.4752059
1273,美由起鮨,服部天神駅 95m,寿司,,3.03,5,64,-,-,大阪府豊中市服部元町1-2-10,34.7632584,135.4761485
1274,㐂 にく松,服部天神駅 89m,肉料理,,,33,,"￥10,000～￥14,999",-,大阪府豊中市服部元町1-9-14 ゆたか3号館 102,34.7640789,135.4761044
1275,珈琲店 果琳,服部天神駅 125m,喫茶店,,3.27,53,930,～￥999,"￥1,000～￥1,999",大阪府豊中市服部元町1-3-7,34.7632704,135.4765013
1276,L'aise coffee,服部天神駅 126m,カフェ,,3,1,42,"￥1,000～￥1,999","￥1,000～￥1,999",大阪府豊中市服部元町1-4-11,34.7633464,135.4766212
1277,ピーコック,服部天神駅 39m,喫茶店,,3.13,24,297,-,～￥999,大阪府豊中市服部元町1-1-6,34.7633271,135.4752603
1278,LAWSON 豊中服部元町一丁目,服部天神駅 172m,コンビニ・スーパー,,,3,,-,-,大阪府豊中市服部元町1-13-6 田代ビル 1F,34.7652111,135.4750939
1279,手打ちうどん・鍋 はな太鼓,服部天神駅 128m,うどん、もつ鍋,,3.08,14,191,"￥1,000～￥1,999",～￥999,大阪府豊中市服部元町1-4-9,34.7634666,135.476616
1280,居酒屋一番,服部天神駅 88m,居酒屋,,,1,27,-,-,大阪府豊中市服部元町 1-9-14 1F,34.7641597,135.4760927
1281,チプレッソ,服部天神駅 18m,その他,,,2,,-,"￥1,000～￥1,999",大阪府豊中市服部元町1-7-3,34.7636189,135.4754215
1282,カジュアルスナックRei,服部天神駅 118m,バー,,,1,2,-,-,大阪府豊中市服部元町1-10-21,34.7642153,135.4764337
1283,源樹や 服部店,服部天神駅 45m,居酒屋、海鮮,,3.06,12,214,"￥3,000～￥3,999",-,大阪府豊中市服部豊町1-1-2,34.7638648,135.4748724
1284,肉匠豊乃,服部天神駅 61m,焼肉、居酒屋、韓国料理,【服部天神駅スグ】肉質4等級以上の霜降り和牛を堪能◆大分県産食材にこだわる古民家風焼肉店,3.14,31,1146,"￥5,000～￥5,999",-,大阪府豊中市服部豊町1-1-17,34.7641731,135.4749665
1285,ブラックプール ハンバーガー カフェ,服部天神駅 365m,ハンバーガー、カフェ、パン,,3.25,23,545,"￥1,000～￥1,999","￥1,000～￥1,999",大阪府豊中市服部豊町2-1-7,34.7639447,135.4712778
1286,四季 おがさわら,服部天神駅 247m,日本料理、寿司、天ぷら,,3.06,13,620,"￥5,000～￥5,999",-,大阪府豊中市服部豊町1-3-8,34.7638347,135.4725495
1287,味処ようちゃん,服部天神駅 269m,居酒屋,,3.02,5,130,"￥1,000～￥1,999",-,大阪府豊中市服部豊町1-10-1,34.7653909,135.4731897
1288,おかだや,服部天神駅 281m,食堂,,3.18,29,357,～￥999,～￥999,大阪府豊中市服部豊町1-3-14 3F,34.7638369,135.472187
1289,グリルいけだ,服部天神駅 61m,食堂,,3.09,29,483,～￥999,～￥999,大阪府豊中市服部豊町1-1-4,34.7638694,135.4746455
1290,ぶぶ漬け・おばんざい　一穂,服部天神駅 302m,お茶漬け、居酒屋,,3.06,5,124,"￥2,000～￥2,999","￥1,000～￥1,999",大阪府豊中市服部豊町2-1-24 豊マンション 1F,34.7640263,135.471978
1291,餃子の王将 服部店,服部天神駅 231m,餃子、中華料理,,3.03,22,150,"￥1,000～￥1,999",～￥999,大阪府豊中市服部豊町1-3-5,34.7638394,135.4727368
1292,ジャンボ酒場 服部天神駅前店,服部天神駅 40m,居酒屋,,3.01,9,58,-,-,大阪府豊中市服部豊町1-1-1,34.7638919,135.4750052
1293,立呑み処 はちはち,服部天神駅 175m,立ち飲み、餃子、おでん,,3.02,3,76,-,-,大阪府豊中市服部豊町1-2-12,34.7640069,135.4733767
1294,ばんばそば,服部天神駅 98m,そば,,3.17,20,764,"￥2,000～￥2,999","￥1,000～￥1,999",大阪府豊中市服部豊町1-6-16 1F,34.7645242,135.4749344
1295,初酉,服部天神駅 101m,焼き鳥,,3.06,7,115,"￥2,000～￥2,999",-,大阪府豊中市服部豊町1-6-7,34.7643678,135.4744347
1296,ごえん,服部天神駅 105m,居酒屋、日本料理、海鮮,,3.13,17,509,"￥5,000～￥5,999",-,大阪府豊中市服部豊町1-6-16-108,34.764629,135.4749451
1297,Lian,服部天神駅 105m,バー,,,2,,-,-,大阪府豊中市服部豊町1-6-1 リップル服部天神ビル 2F,34.7642693,135.4748834
1298,おでん居酒屋 よひごと,服部天神駅 105m,おでん、居酒屋,,3.06,9,128,"￥2,000～￥2,999",-,大阪府豊中市服部豊町1-6-16 冨士メイトマンション　１Ｆ,34.7645782,135.4749304
1299,ALBAR 服部店,服部天神駅 54m,パスタ、イタリアン、ピザ,,3.13,63,1252,"￥2,000～￥2,999","￥1,000～￥1,999",大阪府豊中市服部豊町1-1-18,34.7640926,135.4749387
1300,北川水産 海風,服部天神駅 235m,居酒屋、海鮮,,3.05,8,299,-,-,大阪府豊中市服部豊町1-3-6,34.7638352,135.4726916
1301,酒処 仙人掌,服部天神駅 369m,居酒屋,,,1,5,-,-,大阪府豊中市服部豊町2-1-7,34.7637958,135.4712343
1302,服部珈琲,服部天神駅 100m,喫茶店,,3.14,20,204,-,-,大阪府豊中市服部豊町1-2-2,34.7638562,135.4742098
1303,やきとり育郎,服部天神駅 295m,焼き鳥,,3.03,4,63,-,-,大阪府豊中市服部豊町1-3-15,34.7641508,135.4720773
1304,Imo Shop Tom,服部天神駅 93m,スイーツ,,3.05,3,47,-,-,大阪府豊中市服部豊町1-2-2,34.7638535,135.4742541
1305,豊麺 服部店,服部天神駅 54m,ラーメン、油そば・まぜそば,,3.04,9,92,"￥1,000～￥1,999","￥1,000～￥1,999",大阪府豊中市服部豊町1-1-3,34.7638783,135.4747163
1306,マリブ,服部天神駅 69m,焼き鳥、鳥料理、串焼き,,3.03,7,105,-,-,大阪府豊中市服部豊町1-6-1,34.7642503,135.4749534
1307,ショットバー・リー,服部天神駅 656m,バー,,3.07,11,277,-,-,大阪府豊中市服部豊町2-20-12,34.7639041,135.4680732
1308,Bowl me,服部天神駅 724m,スイーツ,,,8,,-,-,大阪府豊中市服部豊町2-22-15,34.7638993,135.4673482
1309,ひょうたん寿司,服部天神駅 150m,寿司,,3.57,76,3790,"￥10,000～￥14,999",-,大阪府豊中市服部豊町1-2-6,34.7638806,135.4736296
1310,居酒屋 あさねぼう,服部天神駅 100m,居酒屋,,3.03,3,21,-,-,大阪府豊中市服部豊町1-6-16 冨士メイトマンション 1F,34.7645301,135.474935
1311,欧風バル Lazo,服部天神駅 93m,バル,,,1,58,-,-,大阪府豊中市服部豊町1-6-16-105,34.7644739,135.474938
1312,B-ambitious,服部天神駅 97m,ステーキ、ハンバーグ,,3.15,10,636,"￥10,000～￥14,999",-,大阪府豊中市服部豊町1-6-7,34.7643238,135.4744327
1313,牛旬三郎,服部天神駅 94m,焼肉、ホルモン,,3.09,20,825,"￥4,000～￥4,999",-,大阪府豊中市服部豊町1-2-1,34.7638535,135.4742578
1314,丸十寿司 西店,服部天神駅 96m,寿司,,3.04,9,176,-,-,大阪府豊中市服部豊町1-2-1,34.7639504,135.4742567
1315,2910,服部天神駅 179m,その他,,,1,13,-,-,大阪府豊中市服部豊町1-2-12,34.7640257,135.4734359
1316,笑いや 服部天神店,服部天神駅 100m,居酒屋,,,5,,-,-,大阪府豊中市服部豊町1-2-2,34.7640317,135.4742235
1317,たこいち,服部天神駅 320m,居酒屋,,,9,,-,-,大阪府豊中市服部豊町2-1-3,34.7638244,135.4717575
1318,鶏JUU 服部天神店,服部天神駅 54m,鳥料理,,3.05,5,30,-,-,大阪府豊中市服部豊町1-1-3,34.7638654,135.4747095
1319,どんぶり名人 豊中店,服部天神駅 219m,その他,,3.01,2,9,-,-,大阪府豊中市服部豊町1-4-25 ソフィア服部 1F,34.7646161,135.4731366
1320,つづみ団子 大阪 服部天神店,服部天神駅 454m,和菓子,,3.01,6,88,-,-,大阪府豊中市服部豊町2-13-16,34.7638077,135.4703185
1321,のせや,服部天神駅 316m,そば、うどん、天丼,,3.2,22,253,-,-,大阪府豊中市服部豊町2-1-2,34.7638248,135.4718048
1322,TORIDASHI島田製麺食堂,服部天神駅 655m,ラーメン,,3.2,46,983,～￥999,～￥999,大阪府豊中市服部豊町2-20-12,34.7638354,135.468096
1323,田河,服部天神駅 266m,ちゃんこ鍋,,,1,14,-,-,大阪府豊中市服部豊町1-10-1,34.7653381,135.47319
1324,こだわり料理 なおちゃん,服部天神駅 232m,居酒屋,,,1,39,"￥2,000～￥2,999",-,大阪府豊中市服部豊町1-3-5,34.7638391,135.4727295
1325,千房 阪急服部店,服部天神駅 144m,お好み焼き,,3.02,18,142,"￥1,000～￥1,999",-,大阪府豊中市服部豊町1-2-6,34.7639479,135.473708
1326,じゃんぼ総本店 服部天神店,服部天神駅 59m,たこ焼き、お好み焼き、焼きそば,,3.02,2,25,-,-,大阪府豊中市服部豊町1-1-4,34.7638919,135.4750052
1327,中秀,服部天神駅 453m,串揚げ,,3.06,9,411,"￥2,000～￥2,999",-,大阪府豊中市服部豊町2-13-6,34.7638072,135.4702943
1328,九州郷土料理・炭火やきとり かしわ舎 服部店,服部天神駅 143m,居酒屋、鳥料理、焼き鳥,,3.05,7,270,"￥2,000～￥2,999",-,大阪府豊中市服部豊町1-2-6,34.7639398,135.4737123
1329,はちはち,服部天神駅 170m,ラーメン、居酒屋,,3.01,1,12,-,-,大阪府豊中市服部豊町1-2-12,34.7640069,135.4733767
1330,あわや,服部天神駅 254m,弁当、惣菜・デリ,,,6,,-,-,大阪府豊中市服部豊町1-3-8,34.7638499,135.4724894
1331,業務スーパー タケノコ 豊中店,服部天神駅 609m,コンビニ・スーパー,,3,2,17,-,-,大阪府豊中市服部豊町2-19-3,34.7653546,135.4683834
1332,煮干しラーメン専門店 うしお,服部天神駅 96m,ラーメン,,3.21,49,744,～￥999,～￥999,大阪府豊中市服部豊町1-6-7,34.7643114,135.4744322
1333,sasa,豊中市,イタリアン、洋食、パスタ,★2024年７月OPEN★大阪の地食材を薪火×イタリアンで。,3.09,19,2833,"￥8,000～￥9,999","￥4,000～￥4,999",大阪府豊中市服部緑地1-8,34.7725242,135.4834092
1334,スターバックスコーヒー 服部緑地店,豊中市,カフェ,,3.05,22,106,-,～￥999,大阪府豊中市服部緑地1-150,34.776248,135.483835
1335,バーベックマルシェ,緑地公園駅 979m,バーベキュー,,3.05,6,85,-,"￥2,000～￥2,999",大阪府豊中市服部緑地1-1,34.7774355,135.4849948
1336,服部緑地レストハウス,緑地公園駅 683m,その他,,3,3,14,-,～￥999,大阪府豊中市服部緑地1-1,34.7753432,135.4878312
1337,喫茶 エスメラルダ,緑地公園駅 755m,カフェ,,3.02,1,5,-,～￥999,大阪府豊中市服部緑地1-1,34.7774291,135.4875398
1338,もつ鍋 宝来,服部天神駅 872m,もつ鍋、居酒屋,江坂の隠れ家で味わう、絶品九州黒毛和牛もつ鍋と新鮮ホルモン料理。グループ利用や宴会にも最適,3.19,24,689,"￥4,000～￥4,999",-,大阪府豊中市浜2-16-1,34.7600008,135.4836636
1339,エイト,服部天神駅 756m,喫茶店,,,3,,-,-,大阪府豊中市浜2-13,34.7586431,135.4812683
1340,呑み処 まる,服部天神駅 748m,焼き鳥、串焼き,,3,3,32,-,-,大阪府豊中市浜1-26-16,34.763439,135.4834559
1341,ヒマラヤンカフェ,服部天神駅 716m,インドカレー、ネパール料理,,3.03,2,32,-,-,大阪府豊中市浜1-25-43,34.7641405,135.4830505
1342,喫茶ルポ,服部天神駅 662m,喫茶店,,3.02,1,10,-,-,大阪府豊中市浜1-24-4,34.7636954,135.4825129
1343,すき家 豊中浜店,庄内駅 875m,牛丼、カレー、食堂,,3.03,26,46,～￥999,-,大阪府豊中市浜4-3-7-2,34.754428,135.4831079
1344,京屋和菓子,服部天神駅 675m,和菓子,,3.03,2,58,-,-,大阪府豊中市浜1丁目25-11,34.76386,135.4826169
1345,弁当屋 りあん 豊中店,服部天神駅 691m,弁当,,3,1,2,-,-,大阪府豊中市浜1-26-1,34.7637454,135.4828027
1346,貴船寿司,服部天神駅 726m,寿司,,3.03,5,166,-,-,大阪府豊中市浜1-26-10,34.7637828,135.4831741
1347,福十実弁当 小曽根店,庄内駅 999m,弁当,,3,1,14,-,-,大阪府豊中市浜3-22-4,34.7560501,135.4832976
1348,味楽園,服部天神駅 955m,焼肉,,3.04,8,207,"￥5,000～￥5,999",-,大阪府豊中市浜2-20-52,34.7578695,135.4829464
1349,Sante,服部天神駅 674m,スープ、ジューススタンド,,,4,,-,-,大阪府豊中市浜1-25-32,34.7640919,135.4824808
1350,あほや 小曽根店,服部天神駅 749m,たこ焼き,,3.01,5,66,-,-,大阪府豊中市浜1-26-13,34.7636167,135.4834258
1351,ほっかほっか亭 豊中浜店,服部天神駅 830m,弁当,,3.01,5,11,-,～￥999,大阪府豊中市浜1-30-1 リザービル 1F,34.7609892,135.4837113
1352,大阪 黒船屋 豊中浜店,服部天神駅 748m,スイーツ,,,1,11,～￥999,～￥999,大阪府豊中市浜1-26-13,34.7637752,135.4834156
1353,ほかほか弁当 原田店,曽根駅 801m,弁当,,3,7,53,-,-,大阪府豊中市原田中1-9-10,34.7712927,135.4588278
1354,あ 豊中店,曽根駅 876m,ラーメン,,3.45,248,2499,"￥1,000～￥1,999",～￥999,大阪府豊中市原田南1-13-11,34.7668559,135.459931
1355,LAWSON 豊中原田南一丁目店,曽根駅 856m,コンビニ・スーパー,,,1,1,～￥999,～￥999,大阪府豊中市原田南1-13-7,34.7671728,135.459858
1356,ファミリーマート 豊中原田南店,豊中市,コンビニ・スーパー,,,1,2,-,-,大阪府豊中市原田南1-7-22,34.7682058,135.4556338
1357,日替り屋本舗,豊中市,弁当、カレー,,3.03,2,41,-,～￥999,大阪府豊中市原田南1-8-15,34.7672363,135.4555021
1358,Mahek,曽根駅 694m,インド料理、インドカレー,,3.17,44,503,"￥1,000～￥1,999",-,大阪府豊中市原田元町3-9-6,34.7686766,135.4608263
1359,ナマステ タージマハル,桃山台駅 893m,インド料理、インドカレー,,3.08,13,71,"￥1,000～￥1,999","￥1,000～￥1,999",大阪府豊中市東泉丘2-6-19,34.7919688,135.4877338
1360,セブンイレブン 豊中東泉丘店,桃山台駅 950m,コンビニ・スーパー,,3.03,6,17,-,-,大阪府豊中市東泉丘4-6-20,34.7858603,135.4910095
1361,手包み餃子と中華キッチン ひげ,桃山台駅 850m,中華料理、餃子,,3.1,13,410,"￥1,000～￥1,999",～￥999,大阪府豊中市東泉丘2-6-26,34.7924924,135.4881767
1362,焼鳥 本陣,桃山台駅 851m,焼き鳥,,3.29,40,1526,"￥4,000～￥4,999",-,大阪府豊中市東泉丘2-6-26,34.792444,135.4881314
1363,呑み処 昌太,桃山台駅 860m,居酒屋,,3.14,10,328,"￥3,000～￥3,999",-,大阪府豊中市東泉丘2-6-24,34.792231,135.488057
1364,武遊田,緑地公園駅 108m,居酒屋、寿司、海鮮,【緑地公園駅より徒歩２分】旬の鮮魚と銘酒に舌鼓。リラックスして過ごせる、大人の隠れ家。,3.23,28,1151,"￥5,000～￥5,999",-,大阪府豊中市東寺内町13-23 ラ・メゾン　１Ｆ,34.7756423,135.4963954
1365,和酒 ひなた,緑地公園駅 107m,日本酒バー、食堂,,3.02,3,66,"￥3,000～￥3,999",-,大阪府豊中市東寺内町13-23 ラ・メゾン 1F,34.7757347,135.4965092
1366,スターバックスコーヒー 豊中緑地公園店,緑地公園駅 54m,カフェ,,3.08,71,406,～￥999,～￥999,大阪府豊中市東寺内町12-38,34.7755322,135.4958186
1367,たこたまや,緑地公園駅 174m,たこ焼き,,3,4,81,-,-,大阪府豊中市東寺内町5-28 加藤マンション 1F,34.7745006,135.4970315
1368,阪急OASIS 服部緑地店,緑地公園駅 59m,コンビニ・スーパー,,,2,8,-,-,大阪府豊中市東寺内町11-23,34.7749671,135.4958076
1369,ほっかほっか亭 緑地公園駅前店,緑地公園駅 147m,弁当,,,11,,-,-,大阪府豊中市東寺内町13-10,34.7750156,135.4969306
1370,晴レル夜Curry,緑地公園駅 220m,カレー,,3.04,5,137,-,-,大阪府豊中市東寺内町 14-28-101,34.7756278,135.4976863
1371,Hoppe Thai Kitchen,緑地公園駅 108m,タイ料理,,3.29,39,1202,-,"￥1,000～￥1,999",大阪府豊中市東寺内町13-23 ラ・メゾン 2F,34.7756297,135.4964323
1372,MASAKI COFFEE ROASTERY,緑地公園駅 112m,コーヒースタンド,,3.1,21,1511,～￥999,～￥999,大阪府豊中市東寺内町13-23 ラ・メゾン 1F,34.7756645,135.4964667
1373,ぶたぶたベーカリー,緑地公園駅 159m,パン、カフェ、スイーツ,,3.11,22,932,-,"￥1,000～￥1,999",大阪府豊中市東寺内町11-7 若竹マンション 101,34.7738721,135.4959129
1374,イレブン,緑地公園駅 133m,喫茶店,,3.06,10,154,-,～￥999,大阪府豊中市東寺内町13-10,34.7751447,135.4967892
1375,ピッツェリア カーロ,緑地公園駅 107m,ピザ、イタリアン,,3.12,16,605,"￥3,000～￥3,999","￥2,000～￥2,999",大阪府豊中市東寺内町13-23 ラメゾン 1F,34.7756085,135.4964292
1376,ナチュラル・フロウ,緑地公園駅 336m,カフェ、バー,,,11,,-,-,大阪府豊中市東寺内町10-36,34.7722316,135.4957908
1377,ベイクドQ 服部緑地店,緑地公園駅 58m,パン、サンドイッチ,,3.02,2,45,-,-,大阪府豊中市東寺内町11-23 阪急オアシス服部緑地店 1F,34.7749671,135.4958076
1378,ファミリーマート 緑地公園駅東店,緑地公園駅 36m,コンビニ・スーパー,,3.01,4,12,-,-,大阪府豊中市東寺内町12-39,34.7753665,135.4957185
1379,きん太 東豊中店,豊中市,お好み焼き、鉄板焼き、焼きそば,こだわり素材と職人技！快適空間で、アツアツの絶品お好み焼き・鉄板焼きを味わい尽くす◎ご宴会,3.05,42,366,"￥1,000～￥1,999",～￥999,大阪府豊中市東豊中町6-16-8,34.7929636,135.4835723
1380,八剣伝 東豊中店,桃山台駅 797m,居酒屋,本格炭火焼鳥など自慢の料理を昭和レトロな店内で。グループでもお一人様でもお気軽に♪,3,2,59,-,-,大阪府豊中市東豊中町5-31-12,34.7933036,135.4887187
1381,ささべ,少路（大阪モノレール）駅 972m,洋食、喫茶店,,3.01,1,15,-,-,大阪府豊中市東豊中町4-3-8,34.7974455,135.4820025
1382,Nick&Renée 豊中本店,豊中市,ハンバーガー,,3.66,541,24316,"￥2,000～￥2,999","￥2,000～￥2,999",大阪府豊中市東豊中町6-1-11 たかみビル 1F,34.7937211,135.4786023
1383,カラオケcafe トコ夏,豊中市,カフェ,,,,,"￥3,000～￥3,999",-,大阪府豊中市東豊中町6-20-18,34.792732,135.4810855
1384,良青,豊中市,そば、うどん、うどんすき,,3.37,85,1887,"￥1,000～￥1,999","￥1,000～￥1,999",大阪府豊中市東豊中町4丁目11-4,34.7982547,135.4872214
1385,ラ・フルネ,桃山台駅 865m,パン、ケーキ,,3.37,41,3176,-,-,大阪府豊中市東豊中町5-39-8,34.7970534,135.4896865
1386,LAWSON 東豊中町五丁目店,桃山台駅 836m,コンビニ・スーパー,,,2,2,-,-,大阪府豊中市東豊中町5-31-8,34.7931256,135.488349
1387,ナチュラルスタイル,豊中市,バー,,3.04,5,106,"￥2,000～￥2,999",-,大阪府豊中市東豊中町5-12-1,34.7929495,135.4845505
1388,おばんざい Cafe un,豊中市,その他、日本料理,,3.03,9,71,-,-,大阪府豊中市東豊中町6-15-44,34.7933466,135.4839832
1389,キリン堂 東豊中店,少路（大阪モノレール）駅 920m,その他,,3.02,1,2,-,-,大阪府豊中市東豊中町6-3-25,34.7964903,135.4788003
1390,ボン・マリアージュ,豊中市,ケーキ,,3.06,7,142,-,-,大阪府豊中市東豊中町6丁目16 - 15 ヴィラウッドランド 1F,34.7928498,135.4830504
1391,盛飯店,豊中市,中華料理,,3.13,18,462,"￥3,000～￥3,999","￥1,000～￥1,999",大阪府豊中市東豊中町5-4-21,34.7942598,135.4840779
1392,コープこうべ コープ東豊中,少路（大阪モノレール）駅 950m,その他,,,1,4,～￥999,～￥999,大阪府豊中市東豊中町4-3-13,34.797369,135.481477
1393,パティスリー・リスボン 東豊中店,豊中市,ケーキ,,3.15,25,359,-,-,大阪府豊中市東豊中町6-15-45,34.7930617,135.4838681
1394,かつアンドかつ 二ノ切公園店,桃山台駅 758m,とんかつ,,3.13,83,600,"￥1,000～￥1,999","￥1,000～￥1,999",大阪府豊中市東豊中町5-36-20,34.7937698,135.4892901
1395,LAWSON 東豊中町二丁目店,少路（大阪モノレール）駅 887m,コンビニ・スーパー,,3.02,1,10,-,-,大阪府豊中市東豊中町2-7-4,34.8055716,135.4849285
1396,重寿司,豊中市,寿司,,3.07,13,598,"￥10,000～￥14,999",-,大阪府豊中市東豊中町6-1-21,34.7946584,135.4787414
1397,キュイ　ラルドワーズ,桃山台駅 955m,ビストロ,,3.57,88,5325,"￥6,000～￥7,999","￥2,000～￥2,999",大阪府豊中市東豊中町5-30-25 ハイツ宮由１F,34.7924288,135.487014
1398,サード セッションズ,豊中市,バー,,,2,57,"￥3,000～￥3,999",-,大阪府豊中市東豊中町5-12-1 西谷ハイツ 1F,34.7929056,135.4846351
1399,とんがらし,豊中市,居酒屋,,3.03,7,115,-,-,大阪府豊中市東豊中町5-12-1,34.7929168,135.4845122
1400,やきとり大吉 東豊中六丁目店,豊中市,焼き鳥,,3,1,21,-,-,大阪府豊中市東豊中町6-15-45,34.7928813,135.4838013
1401,マルヤス 東豊中店,少路（大阪モノレール）駅 986m,コンビニ・スーパー,,3.05,3,9,-,-,大阪府豊中市東豊中町4-4-15,34.7976701,135.4826716
1402,とりあん 豊中店,少路（大阪モノレール）駅 953m,からあげ,,3.03,16,386,～￥999,～￥999,大阪府豊中市東豊中町4-1-5 1F,34.7970128,135.4809544
1403,しらすや,豊中市,その他,,3.02,5,132,-,-,大阪府豊中市東豊中町5-1-15,34.798033,135.4847329
1404,松葉亭,豊中市,かに,,3.51,18,1473,"￥20,000～￥29,999",-,大阪府豊中市東豊中町4-16-10,34.7995974,135.4853714
1405,丸源ラーメン 豊中千里店,少路（大阪モノレール）駅 914m,ラーメン、つけ麺,,3.12,196,954,～￥999,～￥999,大阪府豊中市東豊中町2-7-1,34.8055168,135.4852369
1406,クラインゲベック,豊中市,パン,,3.41,72,2357,～￥999,-,大阪府豊中市東豊中町5-4-21 １０５,34.7942573,135.4840782
1407,小麦とだし 五風,豊中市,餃子,,,10,372,-,-,大阪府豊中市東豊中町6-1-11,34.7937682,135.4786169
1408,カリースタイル,豊中市,カレー、バー,,3.01,6,137,-,-,大阪府豊中市東豊中町5-12-1,34.7929495,135.4845505
1409,味平,少路（大阪モノレール）駅 873m,日本料理、寿司,,3.07,14,421,"￥10,000～￥14,999",-,大阪府豊中市東豊中町4丁目1-29,34.7972887,135.479798
1410,鮨・仕出し　札幌,豊中市,寿司、日本料理,,3.03,4,41,-,-,大阪府豊中市東豊中町6-12-20-1,34.797028,135.48251
1411,鮨 みなみ川,豊中市,寿司,,3.01,4,225,"￥20,000～￥29,999",-,大阪府豊中市東豊中町6-17-1 第1ユーロハイツ 1F,34.7928167,135.4826528
1412,蕎麦屋 木田,桃山台駅 957m,そば,,3.61,371,13280,"￥1,000～￥1,999","￥2,000～￥2,999",大阪府豊中市東豊中町5-30-25,34.7925122,135.486978
1413,きんのすず,豊中市,居酒屋,,3.09,9,485,-,-,大阪府豊中市東豊中町6-15-40,34.7934825,135.4839565
1414,五大力 東豊中本店,桃山台駅 952m,ラーメン,,3.55,342,7290,"￥2,000～￥2,999","￥1,000～￥1,999",大阪府豊中市東豊中町5-30-25,34.7924599,135.4870653
1415,831cafe&marché,豊中市,カフェ,,,3,,-,-,大阪府豊中市東豊中町6-12-20-2,34.7970628,135.4826436
1416,ライフ 三国橋店,三国駅 577m,コンビニ・スーパー,,3.01,3,15,-,-,大阪府豊中市日出町2-2-18,34.7410993,135.4789875
1417,スピールカフェ 豊中,庄内駅 759m,カフェ,,3.09,14,206,-,～￥999,大阪府豊中市日出町1-3-3,34.7434253,135.47675
1418,小麦の郷 ライフ三国橋店,三国駅 577m,パン、サンドイッチ,,3.01,5,17,-,-,大阪府豊中市日出町2-2-18,34.7410993,135.4789875
1419,ごはん 新新,三国駅 716m,居酒屋,,3.02,1,5,-,-,大阪府豊中市日出町2-1,34.741195,135.4783796
1420,ホリーズカフェ エディオン豊中店,三国駅 596m,カフェ,,3.01,11,33,-,-,大阪府豊中市日出町2-2-18,34.7414907,135.4792496
1421,どうとんぼり神座 豊中庄内店,庄内駅 595m,ラーメン,,3.06,61,256,"￥1,000～￥1,999",-,大阪府豊中市日出町1-2-5,34.7448983,135.4764042
1422,キッチン 篁月,三国駅 631m,イタリアン,,3.02,5,81,-,-,大阪府豊中市日出町2-1-25,34.7412652,135.47833
1423,味喜園,三国駅 626m,中華料理、肉まん、餃子,,3,7,101,-,-,大阪府豊中市日出町2-1-26,34.7412171,135.4783448
1424,暖炉と石窯のある 森のテラスカフェ,豊中市,カフェ,,3.15,17,506,-,～￥999,大阪府豊中市二葉町2-6-45 2F,34.7365326,135.4613154
1425,Tayu cafe,神崎川駅 993m,カフェ、甘味処,,3.02,2,38,-,～￥999,大阪府豊中市二葉町1-3-16 1F,34.7388841,135.4660968
1426,島田製麺食堂,岡町駅 736m,ラーメン、つけ麺、餃子,,3.49,260,9641,～￥999,～￥999,大阪府豊中市宝山町23-13,34.7762212,135.4579093
1427,酒蔵こっこ,岡町駅 582m,焼き鳥,,3.02,1,26,"￥3,000～￥3,999","￥1,000～￥1,999",大阪府豊中市宝山町2-34,34.7819056,135.4593159
1428,泡家系ラーメン 薩摩家 2号店,岡町駅 726m,ラーメン,,3.12,54,1481,～￥999,～￥999,大阪府豊中市宝山町23-11,34.7762536,135.4580072
1429,酒蔵,岡町駅 582m,居酒屋,,,15,,-,-,大阪府豊中市宝山町2-34,34.7819237,135.4592312
1430,串豊,岡町駅 708m,居酒屋,,,9,,-,-,大阪府豊中市宝山町23-13,34.7762716,135.4579002
1431,ぱんや ジル,岡町駅 717m,パン,,3.09,14,280,-,～￥999,大阪府豊中市宝山町23-10 淀川ビル 1F,34.7763413,135.4580559
1432,喫茶ジュピック,庄内駅 737m,喫茶店,,,1,8,-,-,大阪府豊中市豊南町西3-13-10,34.7513538,135.4829657
1433,どんぐり,庄内駅 663m,居酒屋,,,5,,-,-,大阪府豊中市豊南町西1-8-3,34.7530547,135.4813424
1434,SACHIKO-KANAMORI パイ菓子研究所,庄内駅 514m,洋菓子,,,2,69,-,-,大阪府豊中市豊南町西2-10-14,34.7491499,135.480555
1435,キムチの豊年 豊中店,庄内駅 579m,その他,,,135,,-,～￥999,大阪府豊中市豊南町西4-3-16 Abbie淀川 1F,34.7489034,135.4811928
1436,カンティプル,庄内駅 737m,インド料理、ネパール料理,,,1,,-,-,大阪府豊中市豊南町西3-13-10,34.7513391,135.4830037
1437,無添くら寿司 豊中豊南町店,庄内駅 823m,回転寿司,,3.05,35,155,"￥1,000～￥1,999","￥1,000～￥1,999",大阪府豊中市豊南町西3-1-13,34.753676,135.4829515
1438,麺屋 一輝,庄内駅 740m,ラーメン,,3.07,26,528,～￥999,～￥999,大阪府豊中市豊南町西3-12-12,34.7514694,135.4829654
1439,ふじ,庄内駅 780m,焼肉、ホルモン,,3.03,5,190,"￥2,000～￥2,999",-,大阪府豊中市豊南町西3-6-9,34.7527311,135.4829421
1440,お好み焼き 味幸,庄内駅 740m,お好み焼き、焼きそば,,3.08,15,270,-,～￥999,大阪府豊中市豊南町西3-12-12,34.7514456,135.4829768
1441,炭焼やきとり 鳥屋,庄内駅 726m,焼き鳥,,3.03,3,62,-,-,大阪府豊中市豊南町西3-20-22,34.7492851,135.4829186
1442,大阪 たこ焼き ちとせ,庄内駅 673m,たこ焼き、お好み焼き、焼きそば,,3.02,4,45,-,～￥999,大阪府豊中市豊南町西1-7-15,34.7530577,135.4815389
1443,Cafe Mikoto,庄内駅 778m,カフェ、バー,,3.02,1,9,-,-,大阪府豊中市豊南町西3-6-9 1F,34.7527311,135.4829381
1444,Sweetsbox Trepo,庄内駅 712m,ケーキ,,3.04,4,46,-,-,大阪府豊中市豊南町西1-6-2,34.7530122,135.4820114
1445,フリーアンドイージー,庄内駅 761m,バー、もつ鍋,,3.01,3,119,"￥2,000～￥2,999",-,大阪府豊中市豊南町東4-1-1,34.7490732,135.4832605
1446,六道,庄内駅 851m,ホルモン,,,8,,-,-,大阪府豊中市豊南町東1-1-3,34.7533876,135.4833481
1447,ほっと,庄内駅 952m,喫茶店,,,4,,-,-,大阪府豊中市豊南町東3-12-1,34.75022,135.4854915
1448,万代 豊中豊南店,庄内駅 810m,コンビニ・スーパー,,3.01,4,24,-,-,大阪府豊中市豊南町東3-1-20,34.7506889,135.4838771
1449,カラオケ喫茶沢,庄内駅 840m,カフェ、その他,,,2,,-,-,大阪府豊中市豊南町東4-2-7,34.7483633,135.4840322
1450,とんから亭 豊中南店,庄内駅 748m,とんかつ,,3.04,21,159,-,"￥1,000～￥1,999",大阪府豊中市豊南町東3-1-12,34.7502258,135.4832203
1451,焼肉 かっぱ梶岡,庄内駅 867m,焼肉,,3.73,261,24111,"￥8,000～￥9,999",-,大阪府豊中市豊南町東3-5-23,34.7494785,135.4844853
1452,マリンフード株式会社,庄内駅 890m,その他,,3.03,6,103,-,-,大阪府豊中市豊南町東4-5-1,34.7488521,135.484648
1453,豊宝,庄内駅 853m,中華料理,,3.04,7,107,-,-,大阪府豊中市豊南町東1丁目1-3,34.753625,135.483352
1454,スシロー 豊南店,庄内駅 770m,回転寿司,,3.05,33,138,"￥1,000～￥1,999","￥1,000～￥1,999",大阪府豊中市豊南町東4-1-37,34.7485891,135.4832439
1455,浪漫亭,庄内駅 951m,お好み焼き,,,3,,-,-,大阪府豊中市豊南町東3-13-54,34.7507493,135.467873
1456,ラーメン まこと屋 豊中豊南町店,庄内駅 780m,ラーメン,,3.05,57,220,"￥1,000～￥1,999","￥1,000～￥1,999",大阪府豊中市豊南町東4-1-30,34.7481431,135.4832032
1457,ガスト 豊中南店,庄内駅 761m,ファミレス,,3.05,30,98,～￥999,～￥999,大阪府豊中市豊南町東3-1-8,34.7499871,135.4833876
1458,たこ昭,庄内駅 788m,たこ焼き,,3.02,1,14,-,-,大阪府豊中市豊南町南3-2-5,34.7463934,135.4824181
1459,鳥周 庄内店,三国駅 833m,焼き鳥、鳥料理、手羽先,,3.03,31,1643,-,-,大阪府豊中市豊南町南3-8-9,34.7445088,135.4812942
1460,きりん,三国駅 687m,喫茶店,,3.02,3,36,-,～￥999,大阪府豊中市豊南町南4-5-2,34.7429953,135.4806017
1461,TENMEN,蛍池駅 348m,ラーメン、油そば・まぜそば、汁なし担々麺,,3.06,10,200,"￥1,000～￥1,999","￥1,000～￥1,999",大阪府豊中市蛍池北町1-4-12,34.7967628,135.4468232
1462,たかみ,蛍池駅 482m,焼肉、ホルモン,,3.38,74,2360,"￥5,000～￥5,999",-,大阪府豊中市蛍池北町3-2-8 美登ビル 2F,34.7958654,135.4443385
1463,ビュー ドｳ パリ,蛍池駅 342m,ケーキ、カフェ,,3.1,15,227,～￥999,～￥999,大阪府豊中市蛍池北町1-2-4,34.7969528,135.4472354
1464,あいうえお,蛍池駅 346m,喫茶店、ハンバーグ,,,14,,-,-,大阪府豊中市蛍池北町1-2-10,34.7967833,135.4468841
1465,Mr.FREEDOMs,蛍池駅 390m,居酒屋、しゃぶしゃぶ,,,8,,-,-,大阪府豊中市蛍池北町2-1-5 アーバンライフ 1F,34.7963587,135.4457449
1466,焼肉ホルモン ざくろ 豊中蛍池店,蛍池駅 456m,焼肉,,3.1,66,2966,"￥4,000～￥4,999",-,大阪府豊中市蛍池北町3-2-3,34.7962638,135.4448386
1467,菴,蛍池駅 121m,イタリアン,,3.07,12,730,"￥10,000～￥14,999","￥10,000～￥14,999",大阪府豊中市蛍池中町2-4-2 KEY'S蛍池 101,34.793292,135.448948
1468,餃子専門店 龍の餃子,蛍池駅 71m,餃子、居酒屋,【蛍池駅1分】ヘルシーな薄皮手作り餃子をランチ＆ちょい飲みで◆近くにお勤めの方もお気軽に！,3.06,5,51,"￥1,000～￥1,999",～￥999,大阪府豊中市蛍池中町2-3-1 ルシオーレ南館 1F,34.7937261,135.4490209
1469,ナナカマドール,蛍池駅 158m,カフェ,,3.12,13,478,-,-,大阪府豊中市蛍池中町2-7-16,34.7931208,135.4486579
1470,バー コイノボリ,蛍池駅 113m,バー,,3.01,1,104,-,-,大阪府豊中市蛍池中町2-3-1 ルシオーレ南館　１Ｆ,34.7932961,135.4496648
1471,LAWSON 豊中蛍池町三丁目店,蛍池駅 83m,コンビニ・スーパー,,3,5,20,-,-,大阪府豊中市蛍池中町3-4-12,34.7948934,135.4485306
1472,小麦の森 蛍池店,蛍池駅 39m,パン,,3.01,7,35,-,-,大阪府豊中市蛍池中町3-2-1 コープ蛍池,34.7941481,135.4489037
1473,牛鍋と一品 京都 綿屋徳兵衛,蛍池駅 112m,鍋、居酒屋,,,26,,-,-,大阪府豊中市蛍池中町2-3-1 ルシオーレ 南館 1F,34.7934993,135.4492916
1474,中華料理 みんみん,蛍池駅 312m,中華料理、餃子,,3.07,11,291,-,"￥1,000～￥1,999",大阪府豊中市蛍池中町4-3-14,34.7965684,135.4470568
1475,喫茶ビーン,蛍池駅 40m,喫茶店,,3.09,11,118,-,～￥999,大阪府豊中市蛍池中町3-2-1 ルシオーレ南館 3F,34.7941224,135.4489289
1476,つぐの庭,蛍池駅 323m,カフェ,,3,3,295,-,-,大阪府豊中市蛍池中町4-5-23,34.7952357,135.4458927
1477,まんまる,蛍池駅 40m,たこ焼き,,3.07,12,94,～￥999,～￥999,大阪府豊中市蛍池中町3-2-1 ルシオーレ北 1F,34.7938608,135.4489162
1478,カマカ,蛍池駅 101m,お好み焼き、焼きそば,,3.02,2,195,"￥2,000～￥2,999",-,大阪府豊中市蛍池中町3-9-22,34.7937582,135.4482842
1479,酒とイタリアン SOJO,蛍池駅 124m,イタリアン,,3.12,19,737,"￥4,000～￥4,999","￥1,000～￥1,999",大阪府豊中市蛍池中町2-3-1 ルシオーレ B棟 1F,34.7932961,135.4496648
1480,ザ ローストラボ オオサカ,蛍池駅 76m,カフェ,,,25,,-,-,大阪府豊中市蛍池中町3-8-14,34.7942572,135.4484515
1481,そこここ,蛍池駅 77m,立ち飲み、日本酒バー,,3.06,6,291,-,-,大阪府豊中市蛍池中町2-3-1 ルシオーレ 南館 1F,34.7936891,135.4490213
1482,愛菜 蛍池店,蛍池駅 39m,弁当,,3,2,10,-,-,大阪府豊中市蛍池中町3-2-1 コープ蛍池店,34.7941481,135.4489037
1483,BAR お酒の美術館 大阪モノレール蛍池駅店,蛍池駅 17m,バー,,3.01,2,10,-,-,大阪府豊中市蛍池中町3-1,34.7942004,135.4492585
1484,王様印 蛍池店,蛍池駅 39m,スイーツ、たい焼き・大判焼き、和菓子,,3.02,3,112,～￥999,～￥999,大阪府豊中市蛍池中町3-1 大阪モノレール蛍池駅,34.7940086,135.4493354
1485,NOIRE,蛍池駅 111m,カフェ,,3.09,19,262,-,"￥1,000～￥1,999",大阪府豊中市蛍池中町2-3-1 ルシオーレ 1F,34.7933363,135.4494757
1486,美酒立呑処 かもしか,蛍池駅 75m,日本酒バー、立ち飲み、居酒屋,,3.01,3,269,"￥1,000～￥1,999",-,大阪府豊中市蛍池中町2-3-1 ルシオ-レ南館 1F,34.7936891,135.4490213
1487,CICCIA,蛍池駅 112m,イタリアン,,3.07,7,243,"￥4,000～￥4,999","￥1,000～￥1,999",大阪府豊中市蛍池中町2-4-18,34.7933752,135.4489865
1488,鮮魚 魚浅,蛍池駅 39m,その他,,3.01,2,59,-,-,大阪府豊中市蛍池中町3-2-1 ルシオーレ 北館 1F,34.7941481,135.4489037
1489,COOP 蛍池店,蛍池駅 24m,その他,,3.02,2,10,-,-,大阪府豊中市蛍池中町3-2-1,34.7942136,135.4490437
1490,鳥芳,蛍池駅 103m,焼き鳥、からあげ、惣菜・デリ,,3.03,4,205,-,-,大阪府豊中市蛍池中町3-9-30 ハイツ蛍池第二前田ビル,34.7936383,135.4485139
1491,鈴虫 蛍池店,蛍池駅 143m,カフェ,,,2,,-,-,大阪府豊中市蛍池中町2-3-1 ルシオーレ 南館1F,34.7935716,135.449271
1492,ムッシュプリン 豊中蛍池店,蛍池駅 94m,プリン,,3,3,17,-,-,大阪府豊中市蛍池中町2-4-16 佐藤ビル 1F,34.7935821,135.448857
1493,照月堂,蛍池駅 88m,和菓子,,,2,23,-,-,大阪府豊中市蛍池中町3-9-22,34.7938072,135.4485494
1494,PANDESS,蛍池駅 78m,パン,,3.1,8,118,-,-,大阪府豊中市蛍池中町3-9-1,34.7937563,135.4488074
1495,壱番館,蛍池駅 366m,居酒屋,,3.04,3,45,"￥3,000～￥3,999",-,大阪府豊中市蛍池中町4-4-9,34.7961111,135.4458392
1496,スシマス 蛍池店,蛍池駅 39m,寿司,,3.01,9,39,-,～￥999,大阪府豊中市蛍池中町3-2-1 ルシオーレ 108,34.7941481,135.4489037
1497,まぐろ屋ゑびす 伊丹空港店,大阪空港駅 139m,海鮮,【伊丹空港】 こだわりのマグロを是非ご賞味ください！,3.47,402,4288,"￥1,000～￥1,999","￥1,000～￥1,999",大阪府豊中市蛍池西町3-555 大阪国際空港 3F,34.7893225,135.4425115
1498,ル・パン神戸北野 伊丹空港店,大阪空港駅 128m,カフェ、パン、スイーツ,【伊丹空港内】ラ・スイート直営◆手作りスイーツや、ホテルレストラン自慢の料理をゆったり堪能,3.48,550,5641,"￥1,000～￥1,999","￥1,000～￥1,999",大阪府豊中市蛍池西町3-555 大阪国際空港 中央ブロック 2F,34.7902543,135.4417159
1499,大阪エアポートワイナリー,大阪空港駅 112m,バル、ワインバー、イタリアン,世界初！大阪国際(伊丹)空港内のワイン醸造所＆併設ワインバル!!,3.47,319,3314,"￥2,000～￥2,999","￥1,000～￥1,999",大阪府豊中市蛍池西町3-555 大阪国際空港(伊丹空港)中央ターミナル 3F,34.7906498,135.4411299
1500,ラウンジ&バー グラン・ブルー 伊丹空港店,大阪空港駅 158m,バー、カフェ,伊丹空港内のオーセンティックバー◆気軽な朝食やランチ、ソムリエ厳選の一杯を優雅な空間で,3.4,82,703,"￥1,000～￥1,999","￥1,000～￥1,999",大阪府豊中市蛍池西町3-555 大阪国際空港 北ターミナルビル 2F,34.7914754,135.440244
1501,ノースショア 伊丹空港店,大阪空港駅 107m,カフェ、パンケーキ,野菜と果物をふんだんに使ったメニューが楽しめる、フォトジェニックなリラックスCafe♪,3.16,210,3551,-,"￥1,000～￥1,999",大阪府豊中市蛍池西町3-555 伊丹空港 4F・5F,34.7906323,135.4411355
1502,祇園辻利 大阪国際空港 旅・SORA店,大阪空港駅 200m,ティースタンド、ソフトクリーム,,3.08,29,145,-,-,大阪府豊中市蛍池西町3-555 大阪国際空港 北ターミナル2F 旅・SORA,34.7914754,135.440244
1503,JAL PLAZA 大阪空港,大阪空港駅 182m,その他,,3.05,16,75,-,-,大阪府豊中市蛍池西町3-555 大阪国際空港 北ターミナルビル 2F 搭乗待合エリア,34.7917197,135.4400238
1504,関西旅日記,大阪空港駅 119m,その他,,3.07,62,158,-,-,大阪府豊中市蛍池西町5-333 大阪国際空港ターミナルビル 2F,34.7908681,135.4408267
1505,淡麺,大阪空港駅 202m,パスタ,,3.28,54,374,"￥1,000～￥1,999","￥1,000～￥1,999",大阪府豊中市蛍池西町3-555 大阪国際空港 南ターミナル 2F,34.7896739,135.4427374
1506,ソラデリ,大阪空港駅 190m,その他,,3.05,26,63,-,-,大阪府豊中市蛍池西町3-555 大阪国際空港 北ターミナルビル 2F 搭乗待合エリア,34.7914754,135.440244
1507,ANA スイートラウンジ 伊丹空港 国内線,大阪空港駅 184m,その他,,3.15,52,178,-,-,大阪府豊中市蛍池西町3-555 大阪国際空港（伊丹空港） 南ターミナル 4F,34.7897865,135.4418088
1508,空港専門大店 大阪国際空港 １号店,大阪空港駅 158m,その他、たこ焼き,,3,7,38,-,-,大阪府豊中市蛍池西町3-555 大阪国際空港 ターミナルビル 北ターミナル(JAL出発ロビー)2F,34.7929788,135.4426318
1509,サクララウンジ 大阪国際（伊丹）空港 国内線,大阪空港駅 188m,その他,,3.19,126,394,～￥999,-,大阪府豊中市蛍池西町3-555 大阪国際空港 ターミナルビル 2F,34.7915228,135.4399222
1510,いっぴんさん。,大阪空港駅 237m,その他,,3.01,10,41,-,-,大阪府豊中市蛍池西町3-555 大阪国際空港 南ターミナル 2F 搭乗待合エリア,34.7892833,135.4424501
1511,スターバックスコーヒー 大阪国際空港国内線南ゲートエリア店,大阪空港駅 234m,カフェ,,3.1,74,280,～￥999,～￥999,大阪府豊中市蛍池西町3-555 大阪国際空港 ターミナルビル 2F,34.7893225,135.4425115
1512,京出汁おいなり 釣狐,大阪空港駅 224m,いなり寿司、日本料理,,3.48,237,2053,"￥1,000～￥1,999","￥1,000～￥1,999",大阪府豊中市蛍池西町3-555,34.7918623,135.4398152
1513,伊丹空街,大阪空港駅 121m,その他,,3.04,9,52,-,-,大阪府豊中市蛍池西町3-555 大阪国際空港 ターミナルビル 南 3F,34.7899719,135.4425126
1514,よしもとエンタメショップ 大阪空港店,大阪空港駅 140m,その他,,3.01,4,19,-,-,大阪府豊中市蛍池西町3-555 北ターミナル 4F,34.7914754,135.440244
1515,喜八洲総本舗 伊丹空港店,大阪空港駅 149m,和菓子,,3.23,163,2237,～￥999,-,大阪府豊中市蛍池西町3-555 大阪国際空港ターミナルビル 北ターミナル 2F,34.7914796,135.4403436
1516,カルビープラス 伊丹空港店,大阪空港駅 107m,その他,,3.04,8,77,-,-,大阪府豊中市蛍池西町3-555 大阪国際空港 南ターミナル 2F 搭乗待合エリア,34.7897868,135.4425977
1517,& コーヒー メゾンカイザー,大阪空港駅 107m,カフェ、パン,,3.19,136,749,～￥999,"￥1,000～￥1,999",大阪府豊中市蛍池西町3-555 大阪国際空港北ターミナル 2F,34.791683,135.4399483
1518,黒船 伊丹空港店,大阪空港駅 140m,和菓子、スイーツ,,3.03,19,96,-,-,大阪府豊中市蛍池西町3-555,34.7906631,135.4412115
1519,鶏日和,蛍池駅 408m,焼き鳥、居酒屋,,3.06,9,526,"￥3,000～￥3,999",-,大阪府豊中市蛍池西町1-26-2,34.7958037,135.4451562
1520,立喰寿司 魚がし日本一 伊丹空港店,大阪空港駅 184m,立ち食い寿司、寿司、おにぎり,,3.21,208,985,"￥1,000～￥1,999",～￥999,大阪府豊中市蛍池西町3-555 大阪国際空港 2F セキュリティチェック後,34.7898283,135.4426795
1521,大分からあげ わん 蛍池店,蛍池駅 422m,からあげ,,3.01,6,32,-,-,大阪府豊中市蛍池西町1-25-12,34.7957781,135.4449475
1522,アンリ・シャルパンティエ 大阪国際空港店,大阪空港駅 107m,洋菓子,,3,13,64,-,-,大阪府豊中市蛍池西町3-555 大阪空港 南ターミナル 2F 搭乗待合エリア,34.7897596,135.4425161
1523,りくろーおじさんの店 大阪伊丹空港店,大阪空港駅 158m,カフェ、ケーキ,,3.36,281,1769,～￥999,～￥999,大阪府豊中市蛍池西町3-555 大阪国際空港 北ターミナル 2F 保安検査場内,34.7914754,135.440244
1524,トリーゴ,蛍池駅 397m,パン、サンドイッチ,,3.22,32,556,-,-,大阪府豊中市蛍池西町1-26-5,34.7959421,135.4453711
1525,インド料理 MAITA,大阪空港駅 219m,カレー、インドカレー、アジア・エスニック,,3.01,1,80,"￥1,000～￥1,999",～￥999,大阪府豊中市蛍池西町2-7-26,34.7918341,135.4443142
1526,LAWSON 大阪国際空港店,大阪空港駅 85m,コンビニ・スーパー,,3.03,17,47,-,-,大阪府豊中市蛍池西町3-555 中央ターミナル 1階,34.7912871,135.4410521
1527,京都ヴェネト,大阪空港駅 140m,洋菓子、和菓子,,3.15,25,279,-,-,大阪府豊中市蛍池西町3-555 大阪空港 北ターミナルビル 2F 空港専門大店2号店,34.7914754,135.440244
1528,おたべ 大阪国際空港店,大阪空港駅 107m,和菓子,,3.03,12,41,-,-,大阪府豊中市蛍池西町3-555 大阪国際空港 2F,34.7899719,135.4425126
1529,諸國屋 伊丹空港店,大阪空港駅 137m,その他,,3.04,15,65,-,-,大阪府豊中市蛍池西町3-555 大阪国際空港 北ターミナル 2F,34.7914614,135.4404807
1530,ダイヤモンド・プレミアラウンジ 大阪国際(伊丹)空港,大阪空港駅 171m,その他,,3.17,97,284,～￥999,-,大阪府豊中市蛍池西町3-555 大阪国際空港 ターミナルビル 3F,34.7914179,135.4399597
1531,浪芳庵 大阪国際空港(伊丹空港)店,大阪空港駅 171m,和菓子、どら焼き,,3.2,73,2297,-,-,大阪府豊中市蛍池西町3-555 大阪国際空港 南ターミナルビル 2F,34.7899327,135.4426397
1532,道頓堀 今井 伊丹空港ゲート店,大阪空港駅 195m,うどん、親子丼,,3.36,350,1984,-,～￥999,大阪府豊中市蛍池西町3-555,34.7897922,135.4428897
1533,ホテルＡ．Ｐ,大阪空港駅 167m,ホテル,,3,3,19,-,-,大阪府豊中市蛍池西町2-12-27,34.7926432,135.4429663
1534,中川政七商店 分店 旅,大阪空港駅 184m,その他,,,4,27,-,-,大阪府豊中市蛍池西町3-555 大阪国際空港 北ターミナル 2F,34.7916917,135.4401099
1535,旅・SORA,大阪空港駅 200m,その他,,3.05,15,40,-,-,大阪府豊中市蛍池西町3-555 大阪国際空港 北ターミナル 2F 搭乗待合エリア,34.7920243,135.4399339
1536,LAWSON S大阪空港北ターミナルビル店,大阪空港駅 188m,コンビニ・スーパー,,3.02,2,15,-,-,大阪府豊中市蛍池西町3-555 大阪国際空港 ターミナルビル,34.7913327,135.4399133
1537,いっぴんさん。マルシェ,大阪空港駅 247m,その他,,3.02,11,33,-,-,大阪府豊中市蛍池西町3-555 大阪国際空港 ターミナルビル 2F,34.7892093,135.4425836
1538,ANAラウンジ 伊丹空港 国内線,大阪空港駅 177m,その他,,3.19,116,414,～￥999,-,大阪府豊中市蛍池西町3-555 伊丹空港 南ターミナル 4F,34.7897865,135.4418088
1539,堺 銀シャリ げこ亭 大阪国際空港店,大阪空港駅 186m,食堂,,3.44,205,3286,"￥1,000～￥1,999","￥1,000～￥1,999",大阪府豊中市蛍池西町3-555 大阪国際空港 2F 南ターミナル,34.7897868,135.4425977
1540,薬膳麻辣湯STAND yuge,大阪空港駅 104m,薬膳,,,4,,-,-,大阪府豊中市蛍池西町3-555 伊丹空港展望デッキ 4F,34.7897713,135.4416844
1541,ポンポン×クリスピー 大阪国際空港店,大阪空港駅 107m,和菓子、スイーツ,,3.05,11,62,-,-,大阪府豊中市蛍池西町3-555 大阪国際空港 中央ブロック 2F,34.7909728,135.4409102
1542,たこぼん,大阪空港駅 107m,たこ焼き,,3.48,293,1600,"￥1,000～￥1,999",-,大阪府豊中市蛍池西町3-555 大阪国際空港 北ターミナル 2F,34.7918851,135.4400714
1543,鶴橋 白雲台 伊丹空港店,大阪空港駅 107m,韓国料理,,3.4,187,1230,"￥1,000～￥1,999",-,大阪府豊中市蛍池西町3-555 大阪国際空港 南ターミナル 2F 搭乗待合エリア,34.7906631,135.4412115
1544,なか卯 大阪空港前店,大阪空港駅 262m,牛丼、親子丼、うどん,,3.05,40,163,～￥999,～￥999,大阪府豊中市蛍池西町2丁目11-35,34.7931276,135.443935
1545,美々卯 空味,大阪空港駅 189m,うどん、カレーうどん、天丼,,3.19,107,538,～￥999,～￥999,大阪府豊中市蛍池西町3-555 大阪国際空港 北ターミナル 2F,34.7917757,135.439962
1546,肉が旨いカフェ NICK STOCK 伊丹空港店,大阪空港駅 102m,カフェ、ステーキ、パンケーキ,,3.23,235,1516,"￥1,000～￥1,999","￥1,000～￥1,999",大阪府豊中市蛍池西町3-555 中央ブロック 2F,34.7907728,135.4411266
1547,スカイコンビニ,大阪空港駅 140m,その他,,3.03,6,28,-,-,大阪府豊中市蛍池西町3-555 大阪国際空港ターミナルビル 北ターミナル 2F,34.7913327,135.4399133
1548,吉野家 大阪空港前店,大阪空港駅 292m,牛丼,,3.04,30,156,～￥999,～￥999,大阪府豊中市蛍池西町2-141-6,34.7941405,135.4434961
1549,ラウンジオーサカ,大阪空港駅 116m,その他,,3.18,150,603,"￥1,000～￥1,999","￥1,000～￥1,999",大阪府豊中市蛍池西町3-555 大阪国際空港 ターミナルビル 中央ブロック 3F,34.7909393,135.4408217
1550,大阪空港ホテル,大阪空港駅 83m,ホテル,,3,4,38,-,-,大阪府豊中市蛍池西町3-555 大阪空港ターミナルビル,34.7907244,135.4415369
1551,タリーズコーヒー 伊丹空港店,大阪空港駅 158m,カフェ,,3.04,22,98,-,-,大阪府豊中市蛍池西町3-555 伊丹空港 北ターミナル4F,34.7914754,135.440244
1552,ディーン アンド デルーカ 伊丹空港,大阪空港駅 113m,カフェ,,3.44,122,931,～￥999,～￥999,大阪府豊中市蛍池西町3-555 大阪国際空港 中央ブロック 3F,34.790701,135.441047
1553,551蓬莱 大阪空港南ターミナル店（伊丹）,大阪空港駅 132m,中華料理、飲茶・点心、肉まん,,3.4,648,2741,"￥1,000～￥1,999","￥1,000～￥1,999",大阪府豊中市蛍池西町3-555 大阪国際空港 ターミナルビル 2F 南ターミナル,34.7901907,135.4419774
1554,ダイヤモンドカリー 大阪国際空港,大阪空港駅 102m,カレー、パスタ,,3.49,644,3872,～￥999,～￥999,大阪府豊中市蛍池西町3-555 中央ブロック 2F,34.7907728,135.4411266
1555,鶏処 暖,蛍池駅 423m,鳥料理、焼き鳥、串焼き,,3.19,29,1408,"￥3,000～￥3,999",-,大阪府豊中市蛍池西町1-25-12 アライビル 1F,34.7957405,135.4449461
1556,ペッパーミル,大阪空港駅 291m,フレンチ、イタリアン、創作料理,,3.38,105,2072,"￥5,000～￥5,999","￥2,000～￥2,999",大阪府豊中市蛍池西町3-555 大阪国際空港 ターミナルビル 北ターミナル4F JAL側,34.7918066,135.4397511
1557,大阪お好み焼き 清十郎 大阪国際空港店,大阪空港駅 102m,お好み焼き、焼きそば,,3.49,439,3744,"￥1,000～￥1,999","￥3,000～￥3,999",大阪府豊中市蛍池西町3-555 大阪国際空港 中央ブロック 3F,34.7907728,135.4411266
1558,どうとんぼり 神座 大阪国際空港店,大阪空港駅 158m,ラーメン,,3.31,385,1395,"￥1,000～￥1,999","￥1,000～￥1,999",大阪府豊中市蛍池西町3-555 大阪国際空港 北ターミナル 2F,34.7914754,135.440244
1559,蓮天,蛍池駅 135m,居酒屋、バー、立ち飲み,,3.02,1,17,"￥1,000～￥1,999",-,大阪府豊中市蛍池東町2-6-27,34.795514,135.449669
1560,海鮮網焼き 海ほたる 蛍池店,蛍池駅 309m,海鮮、居酒屋,北海道〜沖縄まで日本中の選りすぐりの海鮮を海ほたるで！1月は空くじなしの抽選会実施中！,3.18,15,370,"￥4,000～￥4,999",-,大阪府豊中市蛍池東町2-4-5 ワイエムビル 1F,34.7971145,135.4484982
1561,Oyster house Kai 阪急蛍池店,蛍池駅 122m,オイスターバー、イタリアン、海鮮,蛍池駅1分◆新鮮な生牡蠣を一年中ご提供！新年会のご予約承っております,3.36,95,2936,"￥4,000～￥4,999","￥1,000～￥1,999",大阪府豊中市蛍池東町1-6-8 リバーサイドビルⅡ,34.7954009,135.4496488
1562,あみや 蛍池店,蛍池駅 145m,焼き鳥、鳥料理、居酒屋,,3.09,54,1526,"￥3,000～￥3,999",-,大阪府豊中市蛍池東町2-1-13,34.7956864,135.4492168
1563,ほたる翔,蛍池駅 203m,焼肉、ホルモン、韓国料理,自家製タレでいただくこだわりの黒毛和牛◎上質な空間で贅沢なひとときを…,3.14,22,364,"￥6,000～￥7,999",-,大阪府豊中市蛍池東町2-5-1 MASUMIビル 1F,34.7961951,135.4493835
1564,心芽,蛍池駅 109m,居酒屋、海鮮、天ぷら,,3.2,24,674,"￥3,000～￥3,999",-,大阪府豊中市蛍池東町1-3-1 101,34.7936571,135.4501223
1565,なかの食鶏 蛍池店,蛍池駅 220m,焼き鳥、居酒屋、鍋,,3.05,24,751,"￥3,000～￥3,999",-,大阪府豊中市蛍池東町2-5-3,34.7963334,135.4492559
1566,Bar PROHIBITION,蛍池駅 134m,バー,,3.02,1,1,-,-,大阪府豊中市蛍池東町1-2-9 ビジネスホテルつじ井 2F,34.7934975,135.4502607
1567,じゃっかす,蛍池駅 178m,クレープ・ガレット、バー、鉄板焼き,,,29,,-,-,大阪府豊中市蛍池東町2-6-6 蛍池サンビル 1Ｆ,34.7963556,135.4483861
1568,地鶏専門おちば屋 HANARE 蛍池店,蛍池駅 132m,焼き鳥、鳥料理,,3.05,4,294,-,-,大阪府豊中市蛍池東町1-2-9 ビジネスホテルつじ井 1F,34.7935603,135.4503257
1569,麺や ぼんち,蛍池駅 91m,ラーメン,,3.03,3,66,-,-,大阪府豊中市蛍池東町1-6-5 空港センタービル 2F,34.7951789,135.4495491
1570,阪急OASIS 蛍ヶ池店,蛍池駅 183m,コンビニ・スーパー,,3.01,3,10,-,-,大阪府豊中市蛍池東町2-6-10,34.7959435,135.4494019
1571,Ore beate,蛍池駅 90m,イタリアン,《 イタリア料理と自然派イタリアワインのお店 》,3.23,32,1959,"￥8,000～￥9,999","￥4,000～￥4,999",大阪府豊中市蛍池東町1-6-21 メゾンドグリ 1F,34.7948926,135.4499257
1572,コンテンタ,蛍池駅 167m,スペイン料理、バル、ワインバー,,3.03,2,224,"￥3,000～￥3,999",-,大阪府豊中市蛍池東町2-7-2 101,34.7956068,135.4502565
1573,バー スマイル,蛍池駅 129m,バー,,,1,,-,-,大阪府豊中市蛍池東町1-2-9,34.7935118,135.4502138
1574,かんらん,蛍池駅 205m,お好み焼き、おでん,,3.02,1,18,"￥1,000～￥1,999",-,大阪府豊中市蛍池東町2-2-14 1F,34.7961803,135.4486135
1575,クエルポ,蛍池駅 210m,ワインバー、バル,,3,1,167,"￥1,000～￥1,999",-,大阪府豊中市蛍池東町2-2-14 1F,34.7961696,135.4486808
1576,鮮魚鮨処 かまや,蛍池駅 131m,寿司,,3.03,9,252,-,～￥999,大阪府豊中市蛍池東町1-2-9 ビジネスホテルつじ井 1F,34.7935114,135.4502455
1577,肉うどんの丸十,蛍池駅 109m,うどん、おでん、カレーうどん,,3.44,130,2453,"￥1,000～￥1,999",～￥999,大阪府豊中市蛍池東町1-6-6,34.7952909,135.4494704
1578,焼とり 吉鳥 蛍池駅前店,蛍池駅 53m,焼き鳥,,3.07,9,92,-,-,大阪府豊中市蛍池東町1-4-6 1F,34.7946891,135.4496484
1579,和風スナック やさ,蛍池駅 134m,喫茶店、日本料理、バー,,3.06,5,63,-,"￥1,000～￥1,999",大阪府豊中市蛍池東町1-2-9 ビジネスホテルつじ井 1F,34.7935261,135.4503147
1580,みつか坊主,蛍池駅 96m,ラーメン、つけ麺,,3.46,144,4661,"￥1,000～￥1,999","￥1,000～￥1,999",大阪府豊中市蛍池東町1-6-5 空港センタービル 2F,34.7951789,135.4495491
1581,あほや 蛍池,蛍池駅 261m,たこ焼き,,3.03,20,235,～￥999,～￥999,大阪府豊中市蛍池東町2-5-15,34.796705,135.4492155
1582,呑み処ねこまる,蛍池駅 131m,居酒屋,,3.02,4,144,"￥2,000～￥2,999",-,大阪府豊中市蛍池東町2-1-3,34.7955157,135.4489261
1583,バー ファンファン,蛍池駅 123m,バー,,3.01,1,93,"￥1,000～￥1,999",-,大阪府豊中市蛍池東町1-2-9 ビジネスホテルつじ井 1F,34.7935718,135.4502051
1584,ふう,蛍池駅 287m,居酒屋、食堂,,3.02,3,62,-,-,大阪府豊中市蛍池東町2-4-18,34.7969544,135.4487306
1585,ホルモン天国,蛍池駅 100m,ホルモン、居酒屋、韓国料理,,3.19,43,1427,"￥4,000～￥4,999",-,大阪府豊中市蛍池東町1丁目3-2,34.7937383,135.4500134
1586,パティスリー コエリ,蛍池駅 295m,ケーキ,,3.07,8,402,-,-,大阪府豊中市蛍池東町2-5-25,34.7969527,135.4499365
1587,和ZEN 蛍池,蛍池駅 134m,日本料理、中華料理,,3.05,5,112,"￥4,000～￥4,999",-,大阪府豊中市蛍池東町1-2-9,34.7935066,135.4502847
1588,麺屋 ほぃ,蛍池駅 341m,ラーメン,,3.59,630,12751,"￥1,000～￥1,999","￥1,000～￥1,999",大阪府豊中市蛍池東町3-1-3,34.7971947,135.4480997
1589,マルヨシ製麺所,蛍池駅 107m,うどん、天ぷら、日本酒バー,,3.57,513,18503,"￥1,000～￥1,999","￥1,000～￥1,999",大阪府豊中市蛍池東町1-5-12,34.79531,135.449111
1590,ジョイズ カフェ,蛍池駅 131m,カフェ,,3.12,19,568,-,"￥1,000～￥1,999",大阪府豊中市蛍池東町2-1-3 武岡ビル１F,34.7950958,135.4495433
1591,ハワイキ,蛍池駅 248m,ハワイ料理、居酒屋,,3.06,5,272,-,-,大阪府豊中市蛍池東町2-3-9,34.7964782,135.4483996
1592,ほっかほっか亭 蛍池駅前店,蛍池駅 140m,弁当,,3.01,2,5,-,-,大阪府豊中市蛍池東町2-6-2,34.795606,135.449483
1593,WAN CAFE,蛍池駅 431m,カフェ、かき氷、スイーツ,,3.1,13,428,-,"￥1,000～￥1,999",大阪府豊中市蛍池東町3-2-13 メゾンタカノ 1F,34.7980254,135.4476843
1594,バーガーキング 蛍池駅前店,蛍池駅 94m,ハンバーガー,,3.03,10,61,-,～￥999,大阪府豊中市蛍池東町1-6-5 空港センタービル2F,34.7951855,135.44952
1595,ネパールキッチン Kathmandu 蛍池店,蛍池駅 318m,ネパール料理、インド料理、インドカレー,,3.37,92,2140,"￥2,000～￥2,999","￥1,000～￥1,999",大阪府豊中市蛍池東町2-4-8 ハイライフ蛍池　１０３,34.7972006,135.4489221
1596,秀泉,蛍池駅 409m,バー,,,55,,-,-,大阪府豊中市蛍池東町3-3-43,34.7980151,135.4487481
1597,吉岡マグロ節センター,蛍池駅 241m,ラーメン、からあげ、つけ麺,,3.53,475,9021,～￥999,～￥999,大阪府豊中市蛍池東町2-3-24,34.7965238,135.4490386
1598,千鳥屋宗家 蛍池駅店,蛍池駅 57m,和菓子,,3.05,3,20,-,-,大阪府豊中市蛍池東町1-5,34.7943544,135.4491618
1599,しんみね屋,蛍池駅 181m,居酒屋、食堂,,3.08,10,102,"￥3,000～￥3,999",～￥999,大阪府豊中市蛍池東町2-6-6 蛍池サンビル 1F,34.7960398,135.4493196
1600,さくらんぼ,蛍池駅 553m,喫茶店,,3.02,1,12,-,-,大阪府豊中市蛍池南町3-8-16,34.7895458,135.4476826
1601,とんとん,蛍池駅 591m,とんかつ、丼、カレー,,3.35,55,2831,"￥8,000～￥9,999","￥2,000～￥2,999",大阪府豊中市蛍池南町3-9-13 第八ヤマビル 1F,34.789123,135.4480152
1602,リボン,服部天神駅 798m,喫茶店,,,13,,-,-,大阪府豊中市穂積1-7-1,34.7575998,135.470595
1603,やぐら,服部天神駅 795m,食堂,,3.01,1,35,-,～￥999,大阪府豊中市穂積1-7-1,34.7576039,135.4706372
1604,モルト・ボーノ 豊中稲荷神社前店,豊中駅 451m,パスタ、ピザ、イタリアン,【豊中駅約6分】もちもちの生パスタや丁寧に焼き上げるピザを堪能！お酒に合う一品も充実◎,3.21,65,1442,"￥2,000～￥2,999","￥1,000～￥1,999",大阪府豊中市本町5-2-3 ハイムラポールPartX 1F,34.7895887,135.4655811
1605,焼肉 とよなか流,豊中駅 434m,焼肉、ホルモン,あの完全予約制で住所非公開の豊中の有名焼肉店がついにオープンスタイルに！！,3.59,171,10223,"￥6,000～￥7,999",-,大阪府豊中市本町3-7-75,34.7913141,135.4609014
1606,裕,豊中駅 554m,焼き鳥、居酒屋、日本酒バー,アットホームな隠れ家◎備長炭で焼いた焼鳥や旬のおばんざいを、豊富な日本酒やウイスキーと嗜む,3.07,9,607,"￥5,000～￥5,999",-,大阪府豊中市本町6-1-3 195STREETビル B1F,34.790052,135.466601
1607,餃子の勝 豊中本店,豊中駅 234m,餃子、居酒屋、中華料理,メディア出演多数の絶品餃子を是非食べてみてください❗️一品メニューも豊富な町中華酒場✨,3.41,162,7357,"￥2,000～￥2,999",～￥999,大阪府豊中市本町1-4-3,34.7866864,135.4638331
1608,ビストロ×バル Marcy,豊中駅 285m,ビストロ、フレンチ、イタリアン,,3.23,27,1341,"￥6,000～￥7,999","￥3,000～￥3,999",大阪府豊中市本町3-15-27 宮本マンション 1F,34.7893578,135.4634938
1609,郷土料理　ちかっぱ,豊中駅 141m,居酒屋、海鮮、とんかつ,食べログ3.5以上を何軒も輩出してきた凄腕料理人。九州の旨いもんが堪能できる創作和食居酒屋,3.21,18,731,"￥5,000～￥5,999","￥2,000～￥2,999",大阪府豊中市本町1-12-3,34.7882722,135.4625903
1610,鼓道,豊中駅 437m,そば、鳥料理、親子丼,昼は蕎麦と発酵料理、夜は合鴨と発酵料理のお店です。,3.61,752,36895,"￥6,000～￥7,999","￥1,000～￥1,999",大阪府豊中市本町5-2-2 フォレストパーク 1F,34.7895322,135.4654562
1611,Wine Shop & Bar Le Repos,豊中駅 286m,ワインバー、ビストロ,,3.09,6,329,"￥3,000～￥3,999",-,大阪府豊中市本町3-15-27 宮本マンション 1E,34.7894004,135.4634217
1612,CALMEX 豊中店,豊中駅 57m,メキシコ料理,【豊中駅1分】本場のスパイスで作る本格メキシコ料理◎女子会から貸切イベントまで大歓迎♪,3.04,4,145,"￥2,000～￥2,999","￥1,000～￥1,999",大阪府豊中市本町1-10-5 B1F,34.7878109,135.4617617
1613,肉屋の創作串揚げ Garage 豊中駅前店,豊中駅 197m,串揚げ、居酒屋、創作料理,【豊中駅すぐ路地裏】ホテル出身フレンチシェフによる華やかな創作串揚げのお店,3.26,37,1185,"￥5,000～￥5,999",-,大阪府豊中市本町1-2-23,34.786444,135.4631729
1614,KOZMIC長屋バー,豊中駅 108m,バー、オムライス,【阪急豊中駅3分】ランチはふわとろオムライスを、夜はバーで落ち着くひと時を豊富なお酒と満喫,3.39,36,1268,"￥2,000～￥2,999",～￥999,大阪府豊中市本町1-11-24 2F,34.7882976,135.4620438
1615,創作イタリアン久保田,豊中駅 319m,ダイニングバー、イタリアン、創作料理,イタリアンを中心とした創作料理の数々、ご家族でのご利用もゆったり過ごして頂けます。,3.09,20,1057,"￥3,000～￥3,999","￥2,000～￥2,999",大阪府豊中市本町3-5-45,34.7902958,135.4615156
1616,鉄板焼 お好み焼 川福,豊中駅 85m,居酒屋、お好み焼き、鉄板焼き,【豊中駅徒歩3分】サク飲みにも◎自慢のお好み焼きからもんじゃ、お酒にぴったりの一品まで♪,3.18,14,412,"￥2,000～￥2,999","￥1,000～￥1,999",大阪府豊中市本町1-10-1 ボーゼム豊中第一ビル 3F,34.7877993,135.4622272
1617,ラ ターブル ド クラージュ,豊中駅 394m,フレンチ,旬の食材を使った本格フレンチを厳選ワインと共に堪能♦落ち着きのある空間で寛ぎのひと時を,3.4,57,5597,"￥10,000～￥14,999","￥3,000～￥3,999",大阪府豊中市本町7-1-28 B1,34.7895011,135.464907
1618,シュシュノサカバル,豊中駅 178m,からあげ、居酒屋、鳥料理,,3.12,11,277,"￥1,000～￥1,999",～￥999,大阪府豊中市本町3-14-3,34.7889001,135.4622104
1619,HAASA KITCHEN,豊中駅 449m,アジア・エスニック,,3.04,2,79,"￥1,000～￥1,999",～￥999,大阪府豊中市本町3-8-2,34.7913936,135.4610755
1620,Y38,豊中駅 125m,居酒屋、焼肉、もつ鍋,,3.11,25,999,"￥2,000～￥2,999",-,大阪府豊中市本町1-11-22,34.7884649,135.4620055
1621,アカンベー,豊中駅 184m,居酒屋、串焼き、焼き鳥,豊中駅5分◆食材にこだわった串焼きと味の組み合わせが豊富な創作料理をリーズナブルに楽しむ！,3.19,16,458,"￥3,000～￥3,999",～￥999,大阪府豊中市本町3-14-1,34.788944,135.4623318
1622,atebu,豊中駅 154m,フレンチ,【お誕生日など御祝事や会食に最適！】一手間も二手間もかけたパイ包み焼きを是非！,3.58,17,1236,"￥20,000～￥29,999","￥20,000～￥29,999",大阪府豊中市本町1-2-45,34.7867219,135.4628885
1623,SugarRay,豊中駅 250m,お好み焼き、居酒屋、鉄板焼き,,3.04,4,178,"￥2,000～￥2,999","￥1,000～￥1,999",大阪府豊中市本町3-4-28,34.7896486,135.4618716
1624,醤油らーめん ピース 豊中店,豊中駅 118m,ラーメン、油そば・まぜそば、台湾まぜそば,【阪急豊中駅スグ】産地にこだわった厳選素材で織り成す醬油ラーメン専門店。和モダンな店内,3.48,221,2795,"￥1,000～￥1,999",～￥999,大阪府豊中市本町3-1-22,34.7882306,135.4606034
1625,鴇,豊中駅 221m,日本料理、居酒屋、創作料理,－30年以上の実績－豊中で愛される素材を活かした手作り料理をご提供いたします。,3.19,19,1013,"￥3,000～￥3,999",-,大阪府豊中市本町3-14-8,34.7893344,135.4620683
1626,新免館,豊中駅 140m,日本料理、鍋,【本格的な創作和食をご堪能ください♪貸切も最大240名様で歓迎会・送別会承っております！】,3.14,29,975,"￥2,000～￥2,999","￥2,000～￥2,999",大阪府豊中市本町3-1-16,34.7886818,135.4617836
1627,バスマティキッチン,豊中駅 465m,アジア・エスニック,,,8,,-,-,大阪府豊中市本町3-8-4,34.7916015,135.4610082
1628,alcove GALA,豊中駅 159m,カフェ、バー,,,1,26,"￥2,000～￥2,999","￥1,000～￥1,999",大阪府豊中市本町1-9-19 2F,34.7879697,135.4630605
1629,日本料理 四幸,豊中駅 214m,日本料理,,3.13,10,479,"￥5,000～￥5,999","￥1,000～￥1,999",大阪府豊中市本町3-14-7 ギャラクシ豊中本町 B1F,34.789259,135.462139
1630,たかさこ,豊中駅 248m,ダイニングバー、居酒屋,,3.02,1,17,-,-,大阪府豊中市本町1-3-19 長尾第一ビル 1F,34.7862303,135.4637726
1631,からあげ 金と銀 豊中駅前店,豊中駅 229m,からあげ、弁当,,3,3,30,～￥999,～￥999,大阪府豊中市本町1-9-28,34.7885972,135.4634668
1632,グーナカリー,豊中駅 465m,カレー,,,3,,-,-,大阪府豊中市本町3-8-4,34.7916048,135.4609674
1633,二代目平成麺業,豊中駅 352m,うどん、カレーうどん,,3.43,94,1930,-,～￥999,大阪府豊中市本町3-13-16,34.7905923,135.4615963
1634,ワイサンパチタチノミ,豊中駅 178m,立ち飲み,,3.02,1,10,-,-,大阪府豊中市本町1-12-13,34.7887913,135.4624339
1635,BUN,豊中駅 861m,洋菓子,,3.05,8,215,-,-,大阪府豊中市本町6-8-5,34.791678,135.469286
1636,うを喜,豊中駅 604m,寿司,,3.1,20,491,-,-,大阪府豊中市本町9-1-10,34.7919451,135.46514
1637,ぎょうざ ろん 本店,豊中駅 129m,餃子、中華料理、居酒屋,,3.06,12,338,"￥2,000～￥2,999",-,大阪府豊中市本町1-11-17 柴切ビル,34.7884031,135.462162
1638,PIZZERIA GETTEN,豊中駅 291m,ピザ,,3.06,12,671,-,"￥1,000～￥1,999",大阪府豊中市本町4-1-28 成光ビル 1F,34.7893385,135.4635873
1639,マラサダドーナツのお店 豊中駅前店,豊中駅 192m,ドーナツ、カフェ、サンドイッチ,,3.11,75,2073,-,～￥999,大阪府豊中市本町1-9-34 藤慶ビル 1F,34.7881522,135.4633369
1640,我巣灯,豊中駅 308m,バー,,3,2,181,-,-,大阪府豊中市本町4-2-57,34.7895811,135.4634477
1641,ベルウッド,豊中駅 170m,カフェ、バー,,3,1,72,"￥3,000～￥3,999","￥1,000～￥1,999",大阪府豊中市本町1-12-12,34.7887384,135.4623787
1642,ヤキガシヤ ルッカ,豊中駅 138m,洋菓子,,3.37,54,3125,-,-,大阪府豊中市本町1-2-46,34.7868346,135.4627336
1643,らっきー,豊中駅 161m,天ぷら、うどん、そば,,3.17,24,461,～￥999,～￥999,大阪府豊中市本町1-9-19,34.7879737,135.4630547
1644,すしはせ川,豊中駅 289m,寿司,,3.17,11,354,"￥6,000～￥7,999",-,大阪府豊中市本町3-15-22,34.7894694,135.4633038
1645,大分唐揚げ かち鳥,豊中駅 287m,からあげ,,3,7,85,-,～￥999,大阪府豊中市本町3-13-4,34.789996,135.461805
1646,来夢来人,豊中駅 138m,バー,,,81,,-,-,大阪府豊中市本町1-2-49,34.7798888,135.465437
1647,Taverna Notte,豊中駅 257m,イタリアン,,3.23,17,415,"￥3,000～￥3,999",-,大阪府豊中市本町1-13-27,34.7889781,135.4635398
1648,ケンタッキーフライドチキン 豊中駅前店,豊中駅 87m,ハンバーガー,,3.03,18,99,-,-,大阪府豊中市本町1-10-1,34.7878345,135.4622473
1649,蝶六,豊中駅 183m,食堂,,3.05,5,33,-,-,大阪府豊中市本町1-7-3 岸本ビル1Ｆ,34.7875722,135.4634228
1650,居酒屋　舞,豊中駅 190m,居酒屋、馬肉料理,,3.08,10,311,"￥4,000～￥4,999",-,大阪府豊中市本町3-1-52,34.7890729,135.4619556
1651,ウエダ,豊中駅 670m,ステーキ,,3.06,6,353,"￥6,000～￥7,999",-,大阪府豊中市本町7-7-16,34.7909524,135.4673814
1652,魚まち,豊中駅 674m,その他,,,1,37,-,"￥1,000～￥1,999",大阪府豊中市本町7-7-15,34.7910114,135.4673683
1653,ポルタブル,豊中駅 537m,イタリアン,,3.16,21,1091,"￥6,000～￥7,999","￥2,000～￥2,999",大阪府豊中市本町6-1-1 ヒルズワンビル 203,34.7899671,135.4664169
1654,京料理 木村,豊中駅 216m,日本料理,,3.11,21,896,"￥10,000～￥14,999","￥3,000～￥3,999",大阪府豊中市本町1-13-17,34.7888802,135.4629614
1655,MIOR 豊中,豊中駅 143m,カフェ、ケーキ,,3.19,35,678,-,～￥999,大阪府豊中市本町1丁目11-1 豊中本町ビル１０１号,34.788551,135.462164
1656,敦煌 豊中店,豊中駅 90m,中華料理,,3.22,43,644,"￥3,000～￥3,999",～￥999,大阪府豊中市本町1-10-1 ボーゼム豊中第1ビル 5F,34.7878189,135.4622802
1657,ホリーズ カフェ 豊中駅前店,豊中駅 146m,カフェ,,3.03,18,125,-,～￥999,大阪府豊中市本町1-11-1 豊中本町ビル 1F,34.7885288,135.4622756
1658,Shot Bar N,豊中駅 214m,バー,,,21,,"￥1,000～￥1,999",-,大阪府豊中市本町3-14-7 ギャラクシー豊中本町ビル 3F,34.7892657,135.462143
1659,ふわこっぺ 豊中本町店,豊中駅 198m,パン,,3,8,61,-,-,大阪府豊中市本町3-1-52,34.7890803,135.4619889
1660,炭火焼き鳥門屋,豊中駅 163m,ラーメン、焼き鳥、肉料理,,3.03,11,250,-,-,大阪府豊中市本町1-12-12 藤井ビル １Ｆ,34.7886648,135.4623954
1661,天ぷら 好日,豊中駅 277m,天ぷら,,3.54,18,845,"￥15,000～￥19,999",-,大阪府豊中市本町3-15-27 宮本マンション 1F,34.789276,135.4635125
1662,アドットヌック,豊中駅 138m,カフェ、バー,,3.02,1,53,-,-,大阪府豊中市本町1-2-49,34.7869086,135.4627946
1663,洋食屋 CO..ZARA,豊中駅 249m,洋食、オムライス,,3.33,52,1811,-,～￥999,大阪府豊中市本町1-3-19,34.7862374,135.4637313
1664,酒処赤ちょうちん,豊中駅 286m,焼き鳥、居酒屋、海鮮,,3.06,6,177,-,-,大阪府豊中市本町4-1-28,34.7892482,135.4636111
1665,薔薇園,豊中駅 847m,喫茶店,,,,,～￥999,～￥999,大阪府豊中市本町8-3-57,34.7917894,135.468984
1666,八本足,豊中駅 234m,たこ焼き,,,1,11,-,-,大阪府豊中市本町1-13-29,34.7888064,135.4633538
1667,anela,豊中駅 326m,その他,,3.02,1,63,-,-,大阪府豊中市本町4-1-24,34.7894418,135.4640086
1668,ぶらり,豊中駅 138m,バル、ダイニングバー,,3.02,3,167,"￥2,000～￥2,999",-,大阪府豊中市本町1-2-49,34.786868,135.462778
1669,銀や 豊中店,豊中駅 181m,居酒屋,,3.34,51,1619,"￥4,000～￥4,999",-,大阪府豊中市本町2-3,34.7885977,135.4600954
1670,BEARD＆GLAMOUR,豊中駅 862m,バー,,,6,,-,-,大阪府豊中市本町6-8-5 セレスアート豊中 B1F,34.7916847,135.4692963
1671,ファミリーマート 豊中本町店,豊中駅 213m,コンビニ・スーパー,,,2,3,-,-,大阪府豊中市本町3-1-47,34.7893837,135.4616711
1672,焼肉 grandma,豊中駅 551m,焼肉、ホルモン、韓国料理,,3.17,10,327,"￥5,000～￥5,999",-,大阪府豊中市本町6-1-3 195ストリートビル 1F,34.7900625,135.4665209
1673,ミスタードーナツ 阪急豊中ショップ,豊中駅 37m,ドーナツ、カフェ,,3.03,20,103,-,～￥999,大阪府豊中市本町1-1-1,34.787174,135.461694
1674,リストランテ・チェレスティーナ,豊中駅 907m,イタリアン,,3.04,10,539,"￥5,000～￥5,999","￥2,000～￥2,999",大阪府豊中市本町6丁目8-9,34.7919879,135.4696512
1675,創作鉄板焼　とん平 本店,豊中駅 252m,お好み焼き、居酒屋、鉄板焼き,,3.07,13,515,"￥2,000～￥2,999",-,大阪府豊中市本町3-4-1,34.7896737,135.4618641
1676,ワインバー ラボラトワ,豊中駅 133m,ワインバー,,3.05,2,150,"￥4,000～￥4,999",-,大阪府豊中市本町1-11-5,34.7883557,135.4623262
1677,豊中 京冨,豊中駅 136m,和菓子,,3.06,4,36,-,～￥999,大阪府豊中市本町1-11-4,34.788412,135.462289
1678,はる久,豊中駅 189m,居酒屋,,3.04,6,175,-,-,大阪府豊中市本町3-1-52,34.7890804,135.4619889
1679,ニュー リトルインディア,豊中駅 201m,インド料理、ネパール料理、インドカレー,,3.2,45,684,"￥1,000～￥1,999",～￥999,大阪府豊中市本町1-13-34 103,34.788513,135.4631799
1680,太陽のしずく 豊中本店,豊中駅 679m,弁当,,,8,,-,-,大阪府豊中市本町7-7-14,34.7910023,135.467449
1681,エル・シャンティ,豊中駅 570m,カフェ、オーガニック、薬膳,,3.04,6,386,"￥1,000～￥1,999","￥1,000～￥1,999",大阪府豊中市本町7-4-26,34.7903184,135.4665685
1682,喫茶 サントス,豊中駅 135m,喫茶店,,3.04,2,33,-,-,大阪府豊中市本町1-12,34.7880617,135.4626794
1683,和旬菜 せつだ,豊中駅 257m,創作料理、居酒屋、日本料理,,3.44,50,3458,"￥4,000～￥4,999",-,大阪府豊中市本町1-5-10 フクジュビル 1F,34.7867507,135.4641049
1684,マッシモフェラーリ,豊中駅 184m,イタリアン,,3.15,8,539,"￥10,000～￥14,999",-,大阪府豊中市本町3-3-2,34.7890449,135.4609151
1685,よりみちイタリアン食堂 フィッチェ,豊中駅 222m,イタリアン、パスタ、バル,,3.22,27,837,"￥2,000～￥2,999","￥1,000～￥1,999",大阪府豊中市本町1-2-17,34.7864386,135.4635729
1686,Shot Bar J,豊中駅 245m,バー,,,32,,"￥3,000～￥3,999",-,大阪府豊中市本町1-3-19,34.7862045,135.4636627
1687,酒とめしらっきぃ,豊中駅 88m,食堂,,,24,,-,-,大阪府豊中市本町1-10-1,34.787834,135.462242
1688,六花,豊中駅 385m,食堂,,3.07,6,175,-,"￥1,000～￥1,999",大阪府豊中市本町5-1-6,34.7893443,135.4649721
1689,POCA,豊中駅 475m,カフェ,,,6,,-,-,大阪府豊中市本町1-13-34 チュリオビル191号,34.7887066,135.4631535
1690,徳三郎本舗 米人キッチン 豊中店,豊中駅 85m,おにぎり、弁当、惣菜・デリ,,,1,2,～￥999,～￥999,大阪府豊中市本町1-10-1 ボーゼム豊中第一ビル,34.7877993,135.4622272
1691,music cafe wolverine,豊中駅 214m,カフェ,,3.04,2,51,-,-,大阪府豊中市本町3-14-7 ギャラクシー豊中本町ビル 1F,34.7892659,135.462112
1692,鰻の成瀬 豊中店,豊中駅 138m,うなぎ,,3.03,14,529,-,-,大阪府豊中市本町1-2-49,34.7869086,135.4627946
1693,天津甘栗専門店 テンシン,豊中駅 963m,スイーツ,,,1,42,-,-,大阪府豊中市本町8-7-23,34.792408,135.4700039
1694,小田茂信の店,豊中駅 536m,郷土料理、居酒屋、焼酎バー,,3.18,20,1263,"￥6,000～￥7,999",-,大阪府豊中市本町6-1-1,34.789962,135.4663999
1695,酒菜鮮房にし家,豊中駅 207m,居酒屋,,3.09,7,167,-,-,大阪府豊中市本町1-3-3,34.7860695,135.4629858
1696,肉のマルトヨ数磨,豊中駅 784m,惣菜・デリ,,3.04,3,56,-,-,大阪府豊中市本町6-7-8,34.7913239,135.4685756
1697,バー チェット,豊中駅 136m,バー,,,37,,"￥2,000～￥2,999",-,大阪府豊中市本町1-12-30 丸本ビル 3F,34.7880539,135.4626716
1698,ディアローゴ,豊中駅 109m,カフェ,,3.12,33,919,-,～￥999,大阪府豊中市本町1-11-48,34.7883622,135.4616431
1699,謙信,豊中駅 184m,ラーメン、餃子,,3.52,343,8093,"￥1,000～￥1,999",～￥999,大阪府豊中市本町1-7-1 蝶六ビル 1F,34.7873788,135.4634365
1700,cafe blue,豊中駅 607m,カフェ,,3,1,85,-,～￥999,大阪府豊中市本町5-13-46,34.7874006,135.4679992
1701,LIFE 豊中店,豊中駅 496m,コンビニ・スーパー,,,1,2,-,-,大阪府豊中市本町5-2-7,34.7898231,135.4659898
1702,獅子道らーめん,豊中駅 290m,ラーメン,,3.19,75,825,～￥999,"￥1,000～￥1,999",大阪府豊中市本町1-4-9,34.7863414,135.4643457
1703,キリヤ,豊中駅 132m,洋菓子,,3.2,24,448,-,-,大阪府豊中市本町1-11-5,34.788362,135.462311
1704,豊中牧場,豊中駅 130m,ホルモン、焼肉,,3.08,20,546,"￥3,000～￥3,999",-,大阪府豊中市本町1-12-1 木村ビル １F,34.7880979,135.4625915
1705,コーヒーハウスぽえむ 豊中本町店,豊中駅 278m,喫茶店,,3.09,25,442,～￥999,～￥999,大阪府豊中市本町3-15-27,34.7892977,135.4635073
1706,お好み幸房 和楽,豊中駅 258m,お好み焼き,,3.09,27,370,"￥2,000～￥2,999","￥1,000～￥1,999",大阪府豊中市本町3-13-1,34.7896811,135.4619777
1707,スモークアンドスミビ 102,豊中駅 449m,居酒屋,,3.1,21,1449,"￥2,000～￥2,999",-,大阪府豊中市本町3-8-2,34.791442,135.4610471
1708,あ。,豊中駅 58m,立ち飲み,,3.04,2,101,"￥2,000～￥2,999","￥2,000～￥2,999",大阪府豊中市本町1-10-9 小林ビル 1F,34.7879602,135.461347
1709,やきとり串紀行,豊中駅 222m,居酒屋,,3.03,5,154,"￥2,000～￥2,999",-,大阪府豊中市本町1-9-27 2F,34.7885489,135.4634146
1710,ほっかほっか亭 豊中駅前店,豊中駅 234m,弁当,,3.01,2,18,-,-,大阪府豊中市本町1-4-3,34.7867145,135.4638092
1711,シュシュ ビアパーティー,豊中駅 208m,ダイニングバー、ビアバー,,,29,,-,-,大阪府豊中市本町1-13-34,34.7886291,135.4631586
1712,NANDA KIMBAB 豊中店,豊中駅 156m,韓国料理,,3.06,7,280,"￥2,000～￥2,999","￥1,000～￥1,999",大阪府豊中市本町3-1-1,34.788725,135.4620468
1713,ダイエー 豊中駅前店,豊中駅 102m,コンビニ・スーパー,,3,2,6,-,-,大阪府豊中市本町3-1-15,34.7882699,135.4609659
1714,あかしゃ亭,豊中駅 214m,居酒屋,,,1,29,-,-,大阪府豊中市本町3-14-7,34.7892659,135.462112
1715,ハチゴサンコーヒー,豊中駅 537m,カフェ、サンドイッチ,,3.12,14,806,-,～￥999,大阪府豊中市本町6-1-1,34.7899867,135.4663953
1716,酒と蕎麦　こなから,豊中駅 247m,そば、居酒屋、日本酒バー,,3.62,62,4811,"￥5,000～￥5,999",-,大阪府豊中市本町1-3-19 長尾第一ビル1-G号,34.7862656,135.4637309
1717,プチ パントリー,豊中駅 115m,ヨーロッパ料理、カフェ,,3.03,3,20,-,-,大阪府豊中市本町3-1-16 ホテルアイボリー 1F,34.7884028,135.4613483
1718,こえな,豊中駅 143m,居酒屋,,3.06,8,300,"￥2,000～￥2,999",-,大阪府豊中市本町1丁目11-1,34.788551,135.462164
1719,やきとり とり琉 豊中本町店,柴原阪大前駅 791m,焼き鳥,,3.06,7,67,-,-,大阪府豊中市本町9-10-6,34.7951991,135.464514
1720,スターバックスコーヒー 阪急豊中駅前店,豊中駅 126m,カフェ,,3.06,36,125,～￥999,～￥999,大阪府豊中市本町1-1-3 ティオ阪急豊中 1F,34.7866399,135.4624311
1721,コッテジ,豊中駅 134m,韓国料理、焼肉,,3.09,18,404,-,-,大阪府豊中市本町1-12-2,34.7880845,135.4625929
1722,カレーハウス CoCo壱番屋 阪急豊中駅前店,豊中駅 308m,カレー、洋食,,3.04,26,113,～￥999,～￥999,大阪府豊中市本町一丁目5-1-1,34.7864228,135.4645493
1723,ミスタードーナツ 豊中駅前ショップ,豊中駅 89m,ドーナツ,,3.07,43,127,～￥999,-,大阪府豊中市本町1-10-1 ボゼム豊中 1F,34.7878505,135.4622402
1724,若竹鮓,豊中駅 445m,寿司,,,5,,-,-,大阪府豊中市本町3-8-2,34.7914664,135.4610813
1725,らーめん大宝軒,豊中駅 250m,ラーメン、つけ麺,,3.19,57,839,～￥999,～￥999,大阪府豊中市本町1-13-28,34.7889266,135.4635164
1726,シュシュ ワインスタンド,豊中駅 319m,ビストロ、ワインバー,,3.15,20,677,"￥2,000～￥2,999",-,大阪府豊中市本町7-1-7,34.7892688,135.4640887
1727,うなぎの一心屋,豊中駅 88m,うなぎ、海鮮、食堂,,3.32,60,2250,-,"￥1,000～￥1,999",大阪府豊中市本町1-10-1 （豊中第一ビル）ボーゼム,34.7878317,135.462242
1728,地鶏地酒の店 くいくい,豊中駅 236m,居酒屋,,3.02,1,18,-,-,大阪府豊中市本町1-2-15,34.7864763,135.4637322
1729,ねんねこしゃん,豊中駅 339m,日本料理,,,30,,-,-,大阪府豊中市本町7-1-8,34.7893907,135.4642348
1730,千鳥屋 豊中店,豊中駅 89m,和菓子,,3.03,3,20,-,-,大阪府豊中市本町1-10-1,34.787832,135.462253
1731,とり友,豊中駅 186m,その他,,,2,43,-,-,大阪府豊中市本町1-7-5,34.787733,135.4634156
1732,エラン ママン,豊中駅 113m,バー,,,14,,-,-,大阪府豊中市本町1-11-24,34.788295,135.462061
1733,ヘルスショップ豊中,豊中駅 276m,オーガニック,,,8,,-,-,大阪府豊中市本町3-15-27,34.7892691,135.4634733
1734,鮮魚こばやし,豊中駅 543m,その他,,,3,52,-,-,大阪府豊中市本町9-1-1,34.791267,135.465094
1735,ファンタジーマーケット,豊中駅 398m,その他,,,10,,-,-,大阪府豊中市本町5-1-9,34.7893858,135.4650636
1736,おばんざいきむら,豊中駅 184m,レストラン,,3.03,4,142,-,-,大阪府豊中市本町3-14-1,34.7889176,135.4623153
1737,輝,豊中駅 218m,日本料理、釜飯,,3.03,6,163,-,-,大阪府豊中市本町1-2-12,34.7866922,135.4635508
1738,彩菜,豊中駅 555m,四川料理,,3.56,44,2883,"￥6,000～￥7,999",-,大阪府豊中市本町6-1-3 １９５ストリートビル　１Ｆ,34.790109,135.4665837
1739,Bar one penny,豊中駅 259m,バー,,,11,,"￥3,000～￥3,999","￥2,000～￥2,999",大阪府豊中市本町1-3-19,34.7862807,135.4638398
1740,彩鶏,豊中駅 446m,焼き鳥、居酒屋,,3.05,4,112,-,-,大阪府豊中市本町3-8-2,34.7914309,135.4610536
1741,サパナ,豊中駅 181m,アジア・エスニック、カフェ、東南アジア料理,,3.01,6,321,-,～￥999,大阪府豊中市本町3-3-3 1F,34.7889992,135.4608927
1742,百八,豊中駅 248m,居酒屋,,3,1,58,-,-,大阪府豊中市本町1-3-19,34.7862374,135.4637313
1743,やき鳥 とり庄,豊中駅 125m,焼き鳥、串焼き、鳥料理,,3.17,37,1715,"￥3,000～￥3,999",-,大阪府豊中市本町1丁目11-22,34.7884651,135.4620055
1744,cafe&dining bar mof,豊中駅 275m,ダイニングバー、カフェ,,,2,,-,-,大阪府豊中市本町3-13-3,34.789833,135.46192
1745,huit,豊中駅 212m,カフェ、ケーキ,,,2,90,-,-,大阪府豊中市本町1-13-34 チェリオビル 105,34.7886913,135.4631606
1746,ナチュラルワインショップ&バル イストワ,豊中駅 172m,ワインバー、バル,,3.11,20,1310,"￥3,000～￥3,999","￥3,000～￥3,999",大阪府豊中市本町3-2-3 東洋ビル 1F,34.7887962,135.4605667
1747,菓匠 浪花堂,豊中駅 341m,和菓子,,3.06,7,92,-,-,大阪府豊中市本町3-5-41,34.7905365,135.4614643
1748,アリーさんのタンドール・キッチン,豊中駅 138m,インド料理,,3.12,17,139,-,-,大阪府豊中市本町1-9-10 3F,34.7878445,135.4628425
1749,ONE.IX_ART,豊中駅 859m,カフェ,,,2,,-,-,大阪府豊中市本町6-8-5 セレスアート豊中 103,34.7916718,135.4692871
1750,鳥周,豊中駅 214m,鳥料理,,,1,24,-,-,大阪府豊中市本町1-13-32,34.7885749,135.4632402
1751,COPPA豊中,豊中駅 248m,イタリアン、居酒屋、ダイニングバー,,3.1,8,210,"￥2,000～￥2,999",-,大阪府豊中市本町1-3-19 長尾第一ビル 1F,34.7862411,135.4637264
1752,味処 かくれ家,豊中駅 275m,海鮮,,3.02,3,20,-,-,大阪府豊中市本町3-13-3,34.7898715,135.4619214
1753,チッポグラフィア,豊中駅 775m,カフェ,,3.22,36,743,-,～￥999,大阪府豊中市本町6-7-7,34.7912705,135.4684889
1754,ピアレス,豊中駅 116m,喫茶店,,,1,10,-,-,大阪府豊中市本町1-2-55,34.78701,135.462595
1755,喫茶 軽食 SUN,豊中駅 161m,喫茶店,,3.02,3,67,"￥1,000～￥1,999","￥1,000～￥1,999",大阪府豊中市本町3-1-38 キャロル豊中駅前 1F,34.7888937,135.4609534
1756,LAWSON 阪急豊中駅南店,豊中駅 157m,コンビニ・スーパー,,,1,3,-,-,大阪府豊中市本町1-2-35,34.786635,135.4627902
1757,バー ラビリンス,豊中駅 214m,バー、スポーツバー,,,17,,-,-,大阪府豊中市本町3-14-7 ギャラクシービル 3F,34.7892659,135.462112
1758,ガスト 豊中本町店,豊中駅 390m,ファミレス,,3.04,24,102,"￥1,000～￥1,999","￥1,000～￥1,999",大阪府豊中市本町2-4-80,34.789131,135.457698
1759,ラ ピッツェリア ダ ニーノ,豊中駅 56m,ピザ,,3.57,144,9753,"￥1,000～￥1,999","￥1,000～￥1,999",大阪府豊中市本町1-10-6 松村ビル 1F,34.7878901,135.4616503
1760,ホテルアイボリー,豊中駅 109m,ホテル,,3.08,3,72,-,-,大阪府豊中市本町3-1-16,34.7884028,135.4613483
1761,立呑み 如月,豊中駅 285m,立ち飲み,,3,1,24,-,-,大阪府豊中市本町1-4-9,34.7863561,135.4643571
1762,ゾーヴィー・バー,豊中駅 144m,バー,,,24,,-,-,大阪府豊中市本町1-2-37,34.786682,135.462722
1763,一品香,豊中駅 135m,中華料理、火鍋、しゃぶしゃぶ,,3.06,8,181,～￥999,-,大阪府豊中市本町1-9-10 マストモール 1F,34.7879474,135.4629412
1764,居酒屋さとう,豊中駅 195m,居酒屋、中華料理、創作料理,,3.08,13,456,-,-,大阪府豊中市本町1-13-2,34.7889692,135.4624749
1765,コーヒーレストイーグル,豊中駅 954m,喫茶店,,3.04,2,25,～￥999,～￥999,大阪府豊中市本町6-9-3,34.7922878,135.4700314
1766,韓国料理チングネ,豊中駅 236m,韓国料理,,3.02,2,9,-,-,大阪府豊中市本町3-14-10 佐々木ビル 1F,34.7894988,135.4620372
1767,魚炉笑,豊中駅 202m,海鮮、居酒屋,,3.55,40,1262,"￥6,000～￥7,999",-,大阪府豊中市本町3-14-5 大屋ビル 1F,34.7891066,135.4621779
1768,碧 BENTO,豊中駅 178m,弁当,,3,1,3,-,-,大阪府豊中市本町3-14-3,34.7889001,135.4622104
1769,おいどん,豊中駅 162m,居酒屋、うどん,,3.08,7,135,"￥1,000～￥1,999",-,大阪府豊中市本町1-12-11,34.7886245,135.4624296
1770,J・J,豊中駅 644m,バー,,,2,,-,-,大阪府豊中市本町9-2-3 メゾンクリエ豊中,34.7923786,135.4650754
1771,ヨシヒロ イケダ,豊中駅 800m,パン,,3.35,61,2417,-,-,大阪府豊中市本町6-7-9,34.7913452,135.4687525
1772,寿司処 味喜,豊中駅 235m,寿司,,3.15,14,631,"￥4,000～￥4,999",-,大阪府豊中市本町3-14-10,34.7894648,135.4620364
1773,デリカショップ浜田,豊中駅 189m,弁当,,3.09,6,96,-,-,大阪府豊中市本町1-9-24,34.7883165,135.4631649
1774,カリトロ 豊中店,豊中駅 213m,たこ焼き、からあげ,,3.04,13,243,～￥999,～￥999,大阪府豊中市本町1-4-1,34.78671,135.4635663
1775,アッシュ・テ・エス,豊中駅 155m,ワインバー,,3.04,3,328,-,-,大阪府豊中市本町1-2-45,34.7867374,135.4628975
1776,カフェ ヴァジ,豊中駅 465m,カフェ,,3.03,2,73,-,～￥999,大阪府豊中市本町3-8-4,34.791595,135.46102
1777,ドミノ・ピザ 豊中店,豊中駅 242m,ピザ,,,2,14,-,-,大阪府豊中市本町1-3-15 マンション津浦 1F,34.7863933,135.4637608
1778,SPICECURRY&BAL FANFARE,豊中駅 202m,カレー、バー,,3.5,136,4859,"￥1,000～￥1,999","￥1,000～￥1,999",大阪府豊中市本町1-9-33 1F,34.788252,135.4633679
1779,豊月,豊中駅 126m,和菓子,,3.14,12,102,-,-,大阪府豊中市本町1-2-55,34.7869123,135.4626536
1780,三邑,豊中駅 336m,日本料理,,3.05,3,64,-,-,大阪府豊中市本町7-1-8,34.7893789,135.4642235
1781,しゅはり 石橋阪大前店,石橋阪大前駅 215m,ラーメン、つけ麺、油そば・まぜそば,ラーメンEXPO2022グランプリ受賞、Yahooランキング1位！,3.47,298,1426,～￥999,～￥999,大阪府豊中市待兼山町22-2,34.8070448,135.4477552
1782,学生交流棟 カフェテリア かさね,石橋阪大前駅 695m,学生食堂,,3.01,1,37,-,～￥999,大阪府豊中市待兼山町1-5 大阪大学豊中キャンパス 学生交流棟 1F,34.8047569,135.4541471
1783,きりん寺 大阪大学前店,石橋阪大前駅 247m,油そば・まぜそば,,3.03,68,825,～￥999,～￥999,大阪府豊中市待兼山町21-5,34.8067531,135.4479123
1784,ミュージアムカフェ坂,石橋阪大前駅 324m,カフェ,,3.04,13,148,-,～￥999,大阪府豊中市待兼山町1-2,34.8073051,135.449118
1785,クシクシ,石橋阪大前駅 257m,インド料理,,3.04,3,68,"￥1,000～￥1,999",～￥999,大阪府豊中市待兼山町21-6,34.806756,135.4480502
1786,崖っぷちカレー万福屋,石橋阪大前駅 268m,カレー,,3.03,2,95,-,～￥999,大阪府豊中市待兼山町21-8,34.8067719,135.4481973
1787,らふぉれ,柴原阪大前駅 547m,学生食堂、食堂、カレー,,3.05,9,93,-,～￥999,大阪府豊中市待兼山町1-19 大阪大学内,34.8034347,135.4539366
1788,Pane Volare,柴原阪大前駅 521m,パン,,3.47,106,6277,～￥999,～￥999,大阪府豊中市待兼山町1-21,34.8050896,135.457616
1789,ラーメンゆれる,石橋阪大前駅 251m,ラーメン、油そば・まぜそば,,3.42,81,1767,-,～￥999,大阪府豊中市待兼山町21-3,34.806684,135.4478644
1790,大阪大学 生協3階 カフェテリア食堂,柴原阪大前駅 691m,学生食堂,,3.03,4,58,-,～￥999,大阪府豊中市待兼山町1-9 大阪大学生協福利会館 3F,34.8045024,135.4529027
1791,割烹cob,石橋阪大前駅 243m,日本料理、おでん、居酒屋,,3.11,18,1526,"￥5,000～￥5,999",-,大阪府豊中市待兼山町21-5,34.8067654,135.4478648
1792,麺屋 一得 横浜家系ラーメン,石橋阪大前駅 269m,ラーメン、つけ麺、台湾まぜそば,,3.14,44,947,"￥2,000～￥2,999","￥1,000～￥1,999",大阪府豊中市待兼山町21-8,34.8067501,135.4482065
1793,リブレ,石橋阪大前駅 671m,カレー,,3.05,7,97,-,～￥999,大阪府豊中市待兼山町1-15 大阪大学待兼山会館内,34.8050545,135.4521093
1794,図書館下食堂,柴原阪大前駅 596m,学生食堂、丼,,3.09,26,261,～￥999,～￥999,大阪府豊中市待兼山町1-32 大阪大学　豊中キャンパス内,34.805178,135.4552983
1795,大阪大学生協4階バイキング食堂,柴原阪大前駅 702m,学生食堂,,3.01,1,63,-,-,大阪府豊中市待兼山町 大阪大学生活協同組合 4F,34.8044235,135.4528228
1796,ニュータージマハルエベレスト,三国駅 384m,インド料理、ネパール料理、インドカレー,,,2,3,-,-,大阪府豊中市三国1-11-5,34.7404424,135.4818109
1797,一二三,三国駅 436m,お好み焼き,,3.02,3,62,-,-,大阪府豊中市三国2丁目2-9,34.7405763,135.4807361
1798,ゴリラベイク,三国駅 390m,ドーナツ、洋菓子,,3.26,33,850,～￥999,～￥999,大阪府豊中市三国1-11-5,34.740487,135.4817449
1799,リコホテル三国,三国駅 525m,ホテル,,,1,4,-,-,大阪府豊中市三国2-2-62,34.741188,135.4800544
1800,錦わらい イオンタウン豊中緑丘店,少路（大阪モノレール）駅 914m,お好み焼き、鉄板焼き、焼きそば,,3.06,46,359,"￥1,000～￥1,999",～￥999,大阪府豊中市緑丘4-1 イオンタウン豊中緑丘 1F,34.8120762,135.4786487
1801,パン工場 マックスバリュ豊中緑丘店,少路（大阪モノレール）駅 993m,パン,,,5,,-,-,大阪府豊中市緑丘4-1 マックスバリュ豊中緑丘店,34.8126081,135.4793681
1802,ホリーズカフェ イオンタウン豊中緑丘店,少路（大阪モノレール）駅 955m,カフェ,,3.01,11,41,～￥999,-,大阪府豊中市緑丘4-1-3 イオンタウン豊中緑丘店1F,34.8125575,135.4782328
1803,KOHYO 豊中緑丘店,少路（大阪モノレール）駅 998m,コンビニ・スーパー,,3.01,2,4,-,-,大阪府豊中市緑丘4-1,34.812717,135.4792114
1804,サイゼリヤ イオンタウン豊中緑丘店,少路（大阪モノレール）駅 912m,ファミレス、イタリアン、パスタ,,3.03,16,66,-,～￥999,大阪府豊中市緑丘4-1,34.812178,135.478114
1805,キッパーズ,少路（大阪モノレール）駅 263m,バー,,3.07,11,420,"￥3,000～￥3,999",-,大阪府豊中市緑丘1-27-11,34.7896486,135.4618715
1806,カフェ・ド・エジリオ,少路（大阪モノレール）駅 271m,洋食、カフェ,,3.03,3,88,-,-,大阪府豊中市緑丘1-27-10 オステリア・カポ・エジリオ,34.8054551,135.4779056
1807,シャトレーゼ イオンタウン豊中緑丘店,少路（大阪モノレール）駅 980m,ケーキ、スイーツ,,3.01,9,36,-,-,大阪府豊中市緑丘4-1,34.8127009,135.4786147
1808,オステリア・カポ・エジリオ,少路（大阪モノレール）駅 260m,イタリアン,,3.31,39,2133,"￥5,000～￥5,999","￥3,000～￥3,999",大阪府豊中市緑丘1-27-10 1F,34.8054551,135.4779056
1809,KALDI COFFEE FARM 豊中緑丘店,少路（大阪モノレール）駅 961m,その他,,3.02,3,9,-,-,大阪府豊中市緑丘4-1 イオンタウン豊中緑丘 1F,34.8125895,135.478341
1810,パン工房,少路（大阪モノレール）駅 992m,パン,,3.04,5,37,-,-,大阪府豊中市緑丘4-1-2 マックスバリュー豊中緑丘　１Ｆ,34.8126081,135.4793681
1811,ikari 豊中緑丘店,少路（大阪モノレール）駅 972m,コンビニ・スーパー,,3.07,2,14,-,-,大阪府豊中市緑丘4-12-10,34.8113774,135.481598
1812,セブンイレブン 豊中緑丘2丁目店,少路（大阪モノレール）駅 661m,コンビニ・スーパー,,3.02,4,5,-,-,大阪府豊中市緑丘2-21-10,34.8062195,135.4821889
1813,豊麺,曽根駅 566m,ラーメン、油そば・まぜそば、麺類,名古屋コーチンの中華そば・しじみベースの貝出汁そばを満喫！アットホームな空間は日常使いに◎,3.38,110,1472,"￥1,000～￥1,999",～￥999,大阪府豊中市南桜塚1-4-3 スタジオ桜塚 102,34.7758606,135.4709934
1814,カレー&ナン Tandoor 南桜塚店,曽根駅 413m,インドカレー,,3.09,16,255,"￥1,000～￥1,999",-,大阪府豊中市南桜塚1-22-5 GARE南桜塚 1F,34.7735754,135.4713582
1815,餃子酒場 リャン,岡町駅 964m,餃子、居酒屋、中華料理,名物“羽根つき餃子”と本格中華を単品でも食べ飲み放題でも。半個室座敷あり、家族連れも◎,3.15,16,359,"￥2,000～￥2,999",～￥999,大阪府豊中市南桜塚4-5-23,34.7780897,135.4753316
1816,YAKISOPAN串カツ部,曽根駅 394m,居酒屋,,3.04,10,324,-,-,大阪府豊中市南桜塚1-22-7,34.7734649,135.4711827
1817,SHOT BAR BINKS,岡町駅 908m,バー、イタリアン、パスタ,,,7,,"￥3,000～￥3,999",-,大阪府豊中市南桜塚4-1-34 2F,34.7792378,135.474809
1818,魚政,曽根駅 492m,日本料理、寿司,,3.07,11,295,-,"￥1,000～￥1,999",大阪府豊中市南桜塚1-21-18,34.773961,135.4720651
1819,Kitchen FukuFuku,岡町駅 803m,レストラン、カフェ,,3.05,3,207,-,"￥1,000～￥1,999",大阪府豊中市南桜塚3-8-5,34.7771591,135.4732191
1820,LAWSON 桜塚店,岡町駅 931m,コンビニ・スーパー,,,3,24,～￥999,～￥999,大阪府豊中市南桜塚4-3-36,34.7788327,135.4751282
1821,居酒屋割烹つる輔,曽根駅 368m,居酒屋、海鮮、日本酒バー,,3.05,7,290,"￥3,000～￥3,999",-,大阪府豊中市南桜塚町1-22-7 ルオール曽根 101号,34.7733434,135.4709464
1822,杵屋末廣,曽根駅 574m,和菓子、ケーキ,,3.11,16,247,-,-,大阪府豊中市南桜塚1丁目4番2号,34.7759885,135.4709326
1823,焼酎楽膳だんだん,曽根駅 388m,居酒屋,,3.09,9,213,"￥4,000～￥4,999",-,大阪府豊中市南桜塚1-22-7,34.7734466,135.4711162
1824,勇麻衣屋,岡町駅 889m,焼肉,,3.21,17,455,"￥6,000～￥7,999",-,大阪府豊中市南桜塚3-2-16,34.7790227,135.4746179
1825,イルプルチーナ,曽根駅 378m,イタリアン、パスタ,,3.22,34,891,"￥2,000～￥2,999","￥1,000～￥1,999",大阪府豊中市南桜塚1-22-7,34.773417,135.4710122
1826,ちぇら,岡町駅 964m,カフェ,,3.02,2,57,-,-,大阪府豊中市南桜塚4-5-23,34.7780897,135.4753316
1827,たこ焼 ぺちゃ焼 あほや 曽根店,曽根駅 517m,たこ焼き,,3.03,22,181,～￥999,-,大阪府豊中市南桜塚1-21-15,34.7740839,135.4723003
1828,小鳥遊,曽根駅 486m,焼き鳥,,3.04,5,104,-,-,大阪府豊中市南桜塚1-21-18,34.7739147,135.4720256
1829,こまめ,曽根駅 775m,洋食、ハンバーグ、パスタ,,3.07,12,215,-,-,大阪府豊中市南桜塚3-15-24 エルム曽根 1F,34.7753495,135.4746596
1830,楼蘭,岡町駅 551m,中華料理,,3.06,9,114,-,-,大阪府豊中市南桜塚1-1-6,34.7776077,135.4705203
1831,倉式珈琲店 豊中桜塚店,曽根駅 566m,喫茶店,,3.1,98,745,-,～￥999,大阪府豊中市南桜塚2-12-1,34.7751154,135.4718363
1832,haneul,岡町駅 904m,焼き芋・大学芋,,,1,12,-,-,大阪府豊中市南桜塚4-1-34,34.7792378,135.474809
1833,ロイヤルホスト 豊中桜塚店,曽根駅 541m,ファミレス,,3.08,67,258,"￥1,000～￥1,999","￥1,000～￥1,999",大阪府豊中市南桜塚1-4-8,34.775426,135.471152
1834,小麦の森 桜塚店,岡町駅 578m,パン、サンドイッチ,,3.01,6,34,-,-,大阪府豊中市南桜塚2-1-10 大阪北生協　コープ桜塚内,34.7777754,135.4707108
1835,沖縄せんべろ居酒屋 よんな～よんな～,岡町駅 963m,沖縄料理、居酒屋,,3.02,1,38,"￥2,000～￥2,999",-,大阪府豊中市南桜塚4-5-23 1F,34.7780799,135.4752992
1836,ナカコーヒー,曽根駅 410m,カフェ,,3.09,9,300,-,-,大阪府豊中市南桜塚1-22-5 GARE南桜坂,34.7735573,135.4713231
1837,コープ 桜塚,岡町駅 575m,その他,,3.01,1,7,-,-,大阪府豊中市南桜塚2-1-10,34.7778024,135.4709246
1838,MIMOSA,岡町駅 869m,パン,,3.09,9,371,-,-,大阪府豊中市南桜塚3-6-6 スマイルハイツ 101,34.7779714,135.4742035
1839,ホテルファインガーデン 豊中(伊丹空港),蛍池駅 859m,ホテル,,3.07,1,,"￥8,000～￥9,999",-,大阪府豊中市箕輪3-2-5,34.7864532,135.4491148
1840,のほ,豊中駅 724m,カフェ,,3,1,124,-,-,大阪府豊中市箕輪1-15-7,34.7854035,135.4539282
1841,grandma,柴原阪大前駅 668m,居酒屋、食堂,,,1,3,-,-,大阪府豊中市宮山町1-1-45,34.8045012,135.4641234
1842,海膳,桜井駅 958m,寿司,,,4,,-,-,大阪府豊中市宮山町4-3-7,34.8090565,135.4654467
1843,タータンナディ,豊中市,インドカレー、インド料理、タイ料理,,3.42,166,5427,"￥3,000～￥3,999","￥1,000～￥1,999",大阪府豊中市向丘3-11-45 ローザ向丘　１Ｆ,34.8144575,135.4740834
1844,アランチーノ OSAKA,少路（大阪モノレール）駅 545m,イタリアン、パスタ、ダイニングバー,▪️「新年会」受付中 ハワイ屈指のイタリアンの名店が日本初上陸。著名人も愛するイタリア料理,3.56,451,25834,"￥6,000～￥7,999","￥4,000～￥4,999",大阪府豊中市向丘1-7-5,34.8085403,135.4724818
1845,ムッシュ マキノ 向丘本店,少路（大阪モノレール）駅 631m,ケーキ,,3.5,190,4132,-,-,大阪府豊中市向丘2-10-20,34.8095122,135.4728043
1846,あほや 豊中緑丘店,少路（大阪モノレール）駅 711m,たこ焼き,,3.03,10,86,-,～￥999,大阪府豊中市向丘2-10-10,34.8104628,135.4733136
1847,大分からあげ わん 豊中緑丘店,豊中市,からあげ,,3.18,8,42,-,"￥1,000～￥1,999",大阪府豊中市向丘3-11-49,34.8140496,135.4740343
1848,ブロンコビリー 豊中向丘店,少路（大阪モノレール）駅 988m,ステーキ、ハンバーグ、ファミレス,,3.1,90,1067,-,"￥1,000～￥1,999",大阪府豊中市向丘3-10-8,34.8131193,135.4739921
1849,ガスト 豊中向丘店,豊中市,ファミレス,,3.04,21,93,～￥999,～￥999,大阪府豊中市向丘3-10-15,34.8136963,135.4740958
1850,スプーンフル,豊中市,ダイニングバー、サンドイッチ,,3.03,2,144,-,-,大阪府豊中市向丘3-11-49,34.814051,135.4740357
1851,スターバックスコーヒー 豊中ロマンチック街道店,少路（大阪モノレール）駅 607m,カフェ,,3.07,58,388,～￥999,～￥999,大阪府豊中市向丘2-10-22,34.8092753,135.4728241
1852,チャールスとん,少路（大阪モノレール）駅 705m,とんかつ,,3.48,299,7901,"￥1,000～￥1,999","￥1,000～￥1,999",大阪府豊中市向丘2-10-10 リ・ライフビル　2F,34.810376,135.4731686
1853,ヒロコーヒー 豊中緑ヶ丘店,少路（大阪モノレール）駅 556m,カフェ,,3.07,59,636,"￥1,000～￥1,999",～￥999,大阪府豊中市向丘1-7-1,34.8087022,135.4724931
1854,牛でん 豊中店,豊中市,焼肉、牛タン、ホルモン,,3,9,136,"￥2,000～￥2,999","￥2,000～￥2,999",大阪府豊中市名神口1-2-7,34.757349,135.463979
1855,ピザハット 豊中名神口店,豊中市,ピザ、パスタ,,3,2,11,"￥2,000～￥2,999","￥2,000～￥2,999",大阪府豊中市名神口1-2-11,34.7576385,135.4644949
1856,モスバーガー 豊中名神口店,豊中市,ハンバーガー,,3.04,22,76,-,～￥999,大阪府豊中市名神口1-1-1,34.7575611,135.4654137
1857,めしや食堂 豊中名神口店,豊中市,食堂,,3.03,20,131,-,～￥999,大阪府豊中市名神口1-2-6,34.757629,135.4639284
1858,山系無双 烈火 名神口店,豊中市,ラーメン、つけ麺、油そば・まぜそば,,3.07,12,129,-,-,大阪府豊中市名神口1-2-6,34.7575811,135.4640061
1859,アイスクレープクロッカンテ 名神口店,豊中市,クレープ・ガレット、ジェラート・アイスクリーム,,,17,,～￥999,～￥999,大阪府豊中市名神口1-2-3,34.7572953,135.463799
1860,グッド・ホテル 大阪,豊中市,ホテル,,3.07,1,18,"￥4,000～￥4,999","￥1,000～￥1,999",大阪府豊中市名神口1-2-3,34.7575961,135.463815
1861,餃子の王将 空港線豊中店,豊中駅 892m,餃子、中華料理、ラーメン,,3.31,405,2825,～￥999,～￥999,大阪府豊中市山ノ上町9-15,34.7819518,135.4543082
1862,cafe うくっぴ,岡町駅 733m,カフェ,,3.05,3,79,-,"￥1,000～￥1,999",大阪府豊中市山ノ上町4-19,34.7811971,135.4572015
1863,マクドナルド 空港線走井店,豊中駅 933m,ハンバーガー,,3.04,20,77,-,～￥999,大阪府豊中市山ノ上町10-44,34.780973,135.454791
1864,若水,豊中市,寿司,,3.03,4,155,"￥2,000～￥2,999",～￥999,大阪府豊中市夕日丘1-9-20,34.7831359,135.4763804
1865,来来亭 豊中夕日丘店,豊中市,ラーメン、冷麺、中華料理,,3.07,97,516,"￥1,000～￥1,999","￥1,000～￥1,999",大阪府豊中市夕日丘2丁目15番7号,34.7819544,135.4783446
1866,阪急OASIS 夕日丘店,豊中市,コンビニ・スーパー,,3,3,6,-,-,大阪府豊中市夕日丘1-1-5,34.7853642,135.4769965
1867,ほっともっと 豊中夕日丘店,豊中市,弁当,,3.01,3,27,-,-,大阪府豊中市夕日丘1-2-24,34.7840469,135.4778458
1868,キッチンタク,豊中市,イタリアン,,3.13,23,610,-,"￥1,000～￥1,999",大阪府豊中市夕日丘2-10-1,34.7826187,135.4765332
1869,オズモンド,豊中市,喫茶店,,3.01,1,8,-,-,大阪府豊中市夕日丘1-1-1,34.785676,135.476208
1870,あほや 夕日丘店,豊中市,たこ焼き、お好み焼き,,3.01,4,51,-,～￥999,大阪府豊中市夕日丘2-10-1,34.7826639,135.476516
1871,ラーメン 虎と龍 豊中　夕日丘店,豊中市,ラーメン,,3.06,70,825,"￥1,000～￥1,999","￥1,000～￥1,999",大阪府豊中市夕日丘2-4-3,34.7806518,135.4773198
1872,サンドイッチショップ サカワキ,豊中市,サンドイッチ,,3.05,3,59,-,-,大阪府豊中市夕日丘1-1-7,34.7860474,135.4769741
1873,ファミリーマート 豊中夕日丘店,豊中市,コンビニ・スーパー,,3.02,1,2,-,-,大阪府豊中市夕日丘3-6-30,34.780545,135.4797014
1874,かさねや 豊中店,豊中市,とんかつ,,,6,,-,-,大阪府豊中市夕日丘2-17-17,34.7819027,135.4789247
1875,讃岐製麺 豊中夕日丘店,豊中市,うどん、天丼,,3.06,34,185,～￥999,～￥999,大阪府豊中市夕日丘1-2-17,34.7844687,135.4776932
1876,ブロシェット,豊中市,串揚げ,,3.51,40,3549,"￥10,000～￥14,999",-,大阪府豊中市夕日丘3-11-17,34.7795446,135.4795715
1877,ワンカルビ 豊中夕日丘店,豊中市,焼肉,,3.04,20,348,"￥4,000～￥4,999",-,大阪府豊中市夕日丘3-6-2,34.7809729,135.4789606
1878,太鼓亭 服部緑地店,豊中市,そば、うどん,,3.09,61,335,"￥1,000～￥1,999",～￥999,大阪府豊中市夕日丘3-6-15,34.7808662,135.4793226
1879,スーベニア,豊中市,洋菓子,,3.06,9,173,～￥999,～￥999,大阪府豊中市夕日丘1-1-1,34.785714,135.4762862
1880,八剣伝 蛍池駅前店,蛍池駅 135m,焼き鳥,本格炭火焼鳥など自慢の料理を昭和レトロな店内で。グループでもお一人様でもお気軽に♪,3.03,11,102,-,-,大阪府豊中市螢池中町2-3-1,34.7932024,135.4497325
1881,BAR SANGO,蛍池駅 315m,バー,,,16,,"￥3,000～￥3,999",-,大阪府豊中市螢池東町2-4-8 ハイライフ 1F,34.7971822,135.4489256
1882,バルスタンド わだち,蛍池駅 175m,居酒屋,,3.02,2,72,"￥2,000～￥2,999",-,大阪府豊中市螢池東町2-6-6 蛍池サンビル 1F,34.7959353,135.4493981
1883,宮崎地鶏炭火焼 車 蛍池店,蛍池駅 355m,焼き鳥、鳥料理、居酒屋,,3.08,59,1324,"￥4,000～￥4,999",-,大阪府豊中市螢池中町4-4-11 エアーセンタービル　１Ｆ,34.796156,135.4460512
1884,炭焼処 四季匠,豊中市,鳥料理、居酒屋、焼肉,【炭火鶏焼肉】 極上部位を紀州備長炭の香りがまとう。 地鶏のお刺身やタタキなど豊富な品揃え。,3.08,34,957,"￥4,000～￥4,999",-,大阪府豊中市緑ヶ丘4-39-7,34.8137502,135.4780318
1885,りきちゃん 大阪豊中店,蛍池駅 319m,焼肉,奈良の名店【きみや】一番弟子の店 黒毛和牛ヘレ肉専門店りきちゃん大阪豊中店,3.69,159,17187,"￥15,000～￥19,999",-,大阪府豊中市螢池中町4-3-13,34.7964603,135.4469135
1886,美々卯 伊丹空港店,大阪空港駅 92m,うどん、うどんすき、そば,日本料理の伝統と旬菜の持ち味を活かした、うどん専門店。,3.4,411,2295,"￥1,000～￥1,999","￥1,000～￥1,999",大阪府豊中市螢池西町3-555 大阪国際空港(伊丹空港) 2F,34.7906403,135.4415114
1887,とさ,蛍池駅 379m,焼き鳥,,,43,,-,-,大阪府豊中市螢池東町3-4-1,34.7977363,135.4490247
1888,551蓬莱 大阪空港到着ロビー店,大阪空港駅 104m,肉まん,,3.38,387,2408,"￥1,000～￥1,999","￥1,000～￥1,999",大阪府豊中市螢池西町3-555 大阪国際空港中央ブロック 2F,34.7905645,135.441402
1889,家系ラーメン 薩摩家,大阪空港駅 503m,ラーメン,,3.55,244,6156,～￥999,～￥999,大阪府豊中市蛍池北3-3-11,34.7956091,135.4439479
1890,ありそ鮨し 伊丹空港店,大阪空港駅 228m,寿司,,3.47,183,2413,-,"￥3,000～￥3,999",大阪府豊中市螢池西町3-555 大阪国際空港北ターミナル 2F,34.7916951,135.4395041
1891,おうちごはんむすびtete,岡町駅 354m,食堂,,3.02,2,152,-,-,大阪府豊中市桜塚1-11-10,34.7778093,135.4684533
1892,風月庵南坊 千里阪急店,千里中央駅 268m,和菓子,,3.06,7,42,-,-,大阪府豊中市新千里東1-5-1 千里阪急 B1F,34.8099066,135.4955314
1893,飛車角行,蛍池駅 298m,日本料理、海鮮、居酒屋,【きっとまた来たくなる☆リピーター率90％のお店！】鮮度抜群の魚料理が自慢★,3.36,52,2939,"￥5,000～￥5,999",-,大阪府豊中市螢池東町3-5-2,34.7970368,135.4491939
1894,電撃酒場GORI,庄内駅 178m,立ち飲み,,3.07,17,381,"￥1,000～￥1,999",-,大阪府豊中市庄内東2-3-7,34.7488015,135.4760942
1895,Cafe Bee,岡町駅 494m,カフェ,,,12,,-,-,大阪府豊中市岡の上町3-7-10,34.7856437,135.4646833
1896,やきとり 大吉 蛍池店,蛍池駅 94m,焼き鳥,,3.01,6,51,-,-,大阪府豊中市螢池東町1-3-2,34.7937765,135.4499927
1897,ekimaeホルモン天国,蛍池駅 107m,居酒屋、ホルモン,,3.11,20,556,"￥2,000～￥2,999",-,大阪府豊中市螢池東町1-5-12,34.7952897,135.4490363
1898,丸福珈琲店 伊丹空港店,大阪空港駅 103m,喫茶店、カフェ,,3.17,167,747,"￥1,000～￥1,999","￥1,000～￥1,999",大阪府豊中市螢池西町3-555 大阪国際空港 中央ブロック 2F,34.7907728,135.4411266
1899,讃岐,服部天神駅 759m,そば,,3.07,11,192,"￥1,000～￥1,999",-,大阪府豊中市稲津町2-3-5,34.7569395,135.4766807
1900,ます,蛍池駅 157m,中華料理,,3.29,28,706,～￥999,-,大阪府豊中市螢池中町3-10-4,34.7935249,135.4478618
1901,さち福やCAFE 大阪国際空港店,大阪空港駅 137m,食堂、カフェ,,3.14,188,868,"￥1,000～￥1,999",-,大阪府豊中市螢池西町3-555 大阪国際空港(伊丹空港) 2F,34.7902692,135.4413269
1902,ラ カーサヒデ,曽根駅 76m,イタリアン,,3.37,73,3730,"￥4,000～￥4,999","￥1,000～￥1,999",大阪府豊中市曾根西町1-2-8,34.7719291,135.466852
1903,湯葉と豆腐の店 梅の花 千里阪急店,千里中央駅 265m,その他,,3.03,4,50,-,-,大阪府豊中市新千里東1-5-1 千里阪急 B1F,34.8098302,135.4959857
1904,Natural food Deli Riz,蛍池駅 51m,カフェ、惣菜・デリ,,3,1,71,-,-,大阪府豊中市螢池中町3-2-1 ルシオーレ南館 1F,34.7929618,135.4498978
1905,吉野家 阪急蛍池駅前店,蛍池駅 114m,牛丼、カレー、からあげ,,3,3,16,-,-,大阪府豊中市螢池東町1-6-6,34.7953948,135.4494958
1906,Dior,庄内駅 920m,その他,,3.01,1,4,"￥3,000～￥3,999",-,大阪府豊中市庄内栄町5-4-1,34.7439196,135.4683947
1907,カンダヌードル,曽根駅 171m,ラーメン、つけ麺,,3.3,76,927,"￥1,000～￥1,999","￥1,000～￥1,999",大阪府豊中市曽根東3-5-3,34.7714203,135.469414
1908,靖,蛍池駅 465m,喫茶店,,,8,,-,-,大阪府豊中市螢池北町1-8-1,34.7981943,135.4471864
1909,バルカフェ Massa,大阪空港駅 99m,バル、カフェ,,3.34,175,1003,"￥2,000～￥2,999","￥1,000～￥1,999",大阪府豊中市螢池西町3-555 伊丹空港 1F,34.7904886,135.4419073
1910,ガラム,蛍池駅 66m,カレー,,3.29,66,749,～￥999,-,大阪府豊中市螢池中町2-3-1 ルシオーレ 3F,34.7937647,135.4491679
1911,蛮酌,蛍池駅 392m,日本料理,,,70,,-,-,大阪府豊中市螢池東町3-3-45,34.7978627,135.448778
1912,たる谷酒店,蛍池駅 73m,立ち飲み,,3.05,9,158,"￥1,000～￥1,999",-,大阪府豊中市螢池中町3-9-22,34.7938603,135.4487382
1913,Lei can ting 大阪国際空港店,大阪空港駅 107m,四川料理、担々麺、中華料理,,3.42,137,825,"￥1,000～￥1,999","￥1,000～￥1,999",大阪府豊中市螢池西町3-555 大阪国際空港 中央棟 3F 3C-1,34.7906488,135.4413067
1914,錦寿し,蛍池駅 624m,寿司,,3.05,5,86,-,-,大阪府豊中市螢池南町3-2-4,34.788825,135.4504406
1915,アジアンレストラン8848,蛍池駅 402m,アジア・エスニック,,3,1,4,"￥2,000～￥2,999","￥1,000～￥1,999",大阪府豊中市螢池西町1-26-3,34.7958638,135.4452609
1916,たこ家道頓堀くくる 大阪国際空港店,大阪空港駅 186m,たこ焼き,,3.29,343,1258,～￥999,～￥999,大阪府豊中市螢池西町3-555 大阪国際空港 南ターミナル 2F 搭乗待合エリア,34.7897868,135.4425977
1917,コミュニティカフェ ココカラ,蛍池駅 171m,カフェ、喫茶店,,3.01,1,11,-,～￥999,大阪府豊中市螢池東町2-7-2 プレステージ蛍池 1F,34.795641,135.4502708
1918,カフェロジ,蛍池駅 247m,カフェ,,3.02,1,77,-,-,大阪府豊中市螢池東町2-3-9 2F,34.796478,135.4484043
1919,スターバックスコーヒー 蛍池ルシオーレ店,蛍池駅 35m,カフェ,,3.08,51,222,～￥999,-,大阪府豊中市螢池中町3-2-1,34.7942411,135.4488849
1920,和saiの国 千里阪急店,千里中央駅 267m,弁当、惣菜・デリ,,3.03,3,18,-,-,大阪府豊中市新千里町1-5-1 千里阪急 B1F,34.8098297,135.4958352
1921,おいしか弁当,庄内駅 800m,弁当,,3.02,5,70,～￥999,～￥999,大阪府豊中市豊南町3-4-5,34.7460438,135.4822508
1922,ノスタルジア デッリタリア,豊中市,イタリアン、カフェ,,,83,,-,-,大阪府豊中市向ヶ丘3-11-49,34.7885881,135.4445101
1923,春奈,蛍池駅 116m,焼き鳥,,,6,,-,-,大阪府豊中市螢池中町2-3-1,34.793334,135.449526
1924,セブンイレブン 豊中千成町店,神崎川駅 781m,コンビニ・スーパー,,3,1,4,-,-,大阪府豊中市千成町3-2-11,34.7377482,135.4681313
1925,お好み焼き 妙ちゃん,桃山台駅 558m,お好み焼き,,,51,,-,-,大阪府豊中市千里南町3-1-18 ローリエ千里 104,34.7956513,135.4927308
1926,中西怪奇菓子工房。,大阪空港駅 3m,洋菓子,,3,3,72,-,-,大阪府豊中市蛍池3-569-3 モノレール大阪空港駅,34.7916293,135.4416227
1927,ヴィジェイジャムナ,蛍池駅 79m,インド料理,,3.1,26,403,"￥1,000～￥1,999","￥1,000～￥1,999",大阪府豊中市螢池東町1-6 -2,34.7950035,135.4495704
1928,二葉すし,蛍池駅 246m,寿司,,3.26,45,1067,"￥4,000～￥4,999","￥1,000～￥1,999",大阪府豊中市螢池中町1-3-16,34.7923213,135.4503068
1929,上島珈琲店 大阪国際空港店,大阪空港駅 158m,喫茶店,,3.16,115,354,-,"￥1,000～￥1,999",大阪府豊中市螢池西町3-555,34.791385,135.440246
